"module_name","gate_counts","area_math","total_area","delay_math","total_delay","static_power_math","total_static_power"
"pipelined_addsub","1 a21o_1, 3 a21oi_1, 5 a31oi_1, 3 and2_0, 1 and3_1, 6 and4_1, 167 clkinv_1, 162 dfrtp_1, 27 nand2_1, 2 nand2b_1, 6 nand3_1, 8 nand4_1, 16 nor2_1, 5 nor3_1, 6 nor4_1, 5 o21a_1, 10 o21ai_0, 8 o31ai_1, 1 o41ai_1, 1 or2_0, 1 or3_1, 6 or4_1, 76 xnor2_1, 37 xor2_1","1*7.51 + 3*5.0 + 5*6.26 + 3*6.26 + 1*6.26 + 6*8.76 + 167*3.75 + 162*25.02 + 27*3.75 + 2*6.26 + 6*5.0 + 8*6.26 + 16*3.75 + 5*5.0 + 6*6.26 + 5*7.51 + 10*5.0 + 8*7.51 + 1*8.76 + 1*6.26 + 1*6.26 + 6*7.51 + 76*8.76 + 37*8.76",6331.16,"0.36 + 0.27 + 0.21 + 0.55 + 0.26 + 0.57 + 0.26 + 0.49 + 0.24 + 0.48 + 0.24 + 0.43 + 0.11 + 0.14",4.61,"1*5.9 + 3*1.65 + 5*1.48 + 3*1.92 + 1*5.59 + 6*3.4 + 167*1.57 + 162*11.65 + 27*2.12 + 2*2.25 + 6*1.03 + 8*0.53 + 16*1.97 + 5*0.93 + 6*0.5 + 5*2.21 + 10*1.04 + 8*1.7 + 1*1.39 + 1*1.26 + 1*1.28 + 6*0.85 + 76*2.07 + 37*4.28",2670.58
"adc_data_fifo","1 a211oi_1, 3 a21boi_0, 5 a21oi_1, 4 a221oi_1, 36 a222oi_1, 4 a22o_1, 27 a22oi_1, 4 a31oi_1, 1 a41oi_1, 2 and4_1, 4 and4b_1, 20 clkinv_1, 20 dfrtp_1, 192 dfxtp_1, 192 mux2_1, 25 nand2_1, 3 nand2b_1, 17 nand3_1, 1 nand3b_1, 9 nand4_1, 26 nor2_1, 4 nor3_1, 2 nor4_1, 5 nor4b_1, 6 nor4bb_1, 4 o22a_1, 1 or3_1, 1 or4_1, 11 xnor2_1, 2 xor2_1","1*7.51 + 3*7.51 + 5*5.0 + 4*8.76 + 36*10.01 + 4*8.76 + 27*7.51 + 4*6.26 + 1*8.76 + 2*8.76 + 4*10.01 + 20*3.75 + 20*25.02 + 192*20.02 + 192*11.26 + 25*3.75 + 3*6.26 + 17*5.0 + 1*7.51 + 9*6.26 + 26*3.75 + 4*5.0 + 2*6.26 + 5*8.76 + 6*10.01 + 4*8.76 + 1*6.26 + 1*7.51 + 11*8.76 + 2*8.76",8018.72,"0.56 + 0.16 + 1.27 + 0.22 + 0.18",2.39,"1*0.98 + 3*2.48 + 5*1.65 + 4*1.78 + 36*2.43 + 4*4.06 + 27*2.58 + 4*1.48 + 1*1.36 + 2*3.4 + 4*5.99 + 20*1.57 + 20*11.65 + 192*8.44 + 192*4.03 + 25*2.12 + 3*2.25 + 17*1.03 + 1*1.4 + 9*0.53 + 26*1.97 + 4*0.93 + 2*0.5 + 5*0.91 + 6*3.2 + 4*2.76 + 1*1.28 + 1*0.85 + 11*2.07 + 2*4.28",3101.47
"reverse_byte_order","1 conb_1, 4 maj3_1, 6 xnor2_1, 1 xor3_1","1*3.75 + 4*10.01 + 6*8.76 + 1*23.77",120.12,"0.37 + 0.39 + 0.39 + 0.33",1.48,"1*3.24 + 4*2.09 + 6*2.07 + 1*15.22",39.24
"up_counter","2 a21oi_1, 1 a41oi_1, 1 and3_1, 4 dfxtp_1, 1 nor2_1, 1 nor3_1, 1 o21a_1, 1 o21bai_1","2*5.0 + 1*8.76 + 1*6.26 + 4*20.02 + 1*3.75 + 1*5.0 + 1*7.51 + 1*7.51",128.87,"0.31 + 0.17 + 0.15",0.63,"2*1.65 + 1*1.36 + 1*5.59 + 4*8.44 + 1*1.97 + 1*0.93 + 1*2.21 + 1*2.87",51.99
"sirv_spigpioport_1","4 clkinv_1, 2 conb_1","4*3.75 + 2*3.75",22.5,"0.02",0.02,"4*1.57 + 2*3.24",12.76
"sky130_fd_sc_hd__nand4b","1 nand4b_1","1*8.76",8.76,"0.11",0.11,"1*1.03",1.03
"pipelined_xor_gate","3 dfxtp_1, 2 xor2_1","3*20.02 + 2*8.76",77.58,"0.28 + 0.14",0.42,"3*8.44 + 2*4.28",33.88
"up_drp_cntrl","1 a21oi_1, 28 and2_0, 1 clkinv_1, 23 dfrtp_1, 51 dfxtp_1, 32 mux2_1, 5 nor2b_1, 1 xnor2_1, 3 xor2_1","1*5.0 + 28*6.26 + 1*3.75 + 23*25.02 + 51*20.02 + 32*11.26 + 5*6.26 + 1*8.76 + 3*8.76",2207.17,"0.27 + 0.84 + 0.38",1.49,"1*1.65 + 28*1.92 + 1*1.57 + 23*11.65 + 51*8.44 + 32*4.03 + 5*2.18 + 1*2.07 + 3*4.28",910.14
"top_module","1 a21boi_0, 2 o211a_1","1*7.51 + 2*10.01",27.53,"0.19 + 0.09",0.28,"1*2.48 + 2*10.66",23.8
"RAM1","1 a211o_1, 17 a21oi_1, 1 a22o_1, 4 a22oi_1, 1 a31oi_1, 1 a32oi_1, 2 and2_0, 1 and3_1, 1 and4_1, 1 and4b_1, 6 clkinv_1, 2067 dfxtp_1, 2051 mux2_1, 26 mux2i_1, 524 mux4_2, 30 nand2_1, 3 nand2b_1, 5 nand3_1, 1 nand3b_1, 2 nand4b_1, 1 nand4bb_1, 234 nor2_1, 4 nor2b_1, 11 nor3_1, 2 nor3b_1, 2 nor4_1, 2 o211a_1, 59 o21a_1, 207 o21ai_0, 1 o221a_1, 58 o221ai_1, 50 o22ai_1, 1 o32ai_1, 1 or2_0, 1 or3_1","1*8.76 + 17*5.0 + 1*8.76 + 4*7.51 + 1*6.26 + 1*8.76 + 2*6.26 + 1*6.26 + 1*8.76 + 1*10.01 + 6*3.75 + 2067*20.02 + 2051*11.26 + 26*10.01 + 524*22.52 + 30*3.75 + 3*6.26 + 5*5.0 + 1*7.51 + 2*8.76 + 1*11.26 + 234*3.75 + 4*6.26 + 11*5.0 + 2*7.51 + 2*6.26 + 2*10.01 + 59*7.51 + 207*5.0 + 1*11.26 + 58*8.76 + 50*6.26 + 1*8.76 + 1*6.26 + 1*6.26",80273.35,"19.27 + 2.56 + 0.14 + 0.25 + 0.17",22.39,"1*3.14 + 17*1.65 + 1*4.06 + 4*2.58 + 1*1.48 + 1*1.25 + 2*1.92 + 1*5.59 + 1*3.4 + 1*5.99 + 6*1.57 + 2067*8.44 + 2051*4.03 + 26*5.89 + 524*6.37 + 30*2.12 + 3*2.25 + 5*1.03 + 1*1.4 + 2*1.03 + 1*1.9 + 234*1.97 + 4*2.18 + 11*0.93 + 2*1.3 + 2*0.5 + 2*10.66 + 59*2.21 + 207*1.04 + 1*2.73 + 58*1.09 + 50*1.31 + 1*1.09 + 1*1.26 + 1*1.28",30345.03
"var25_multi","4 a211oi_1, 6 a21o_1, 18 a21oi_1, 2 a221oi_1, 2 a2bb2oi_1, 4 a31oi_1, 1 a32o_1, 1 a41oi_1, 10 and2_0, 4 and3_1, 16 clkinv_1, 98 maj3_1, 4 mux2i_1, 44 nand2_1, 4 nand2b_1, 9 nand3_1, 1 nand4_1, 1 nand4bb_1, 35 nor2_1, 11 nor2b_1, 1 nor3_1, 2 nor4_1, 1 nor4b_1, 2 o211ai_1, 2 o21a_1, 13 o21ai_0, 1 o21bai_1, 1 o22a_1, 5 o22ai_1, 1 o2bb2ai_1, 1 o31ai_1, 5 or2_0, 3 or3_1, 83 xnor2_1, 45 xnor3_1, 66 xor2_1, 33 xor3_1","4*7.51 + 6*7.51 + 18*5.0 + 2*8.76 + 2*8.76 + 4*6.26 + 1*10.01 + 1*8.76 + 10*6.26 + 4*6.26 + 16*3.75 + 98*10.01 + 4*10.01 + 44*3.75 + 4*6.26 + 9*5.0 + 1*6.26 + 1*11.26 + 35*3.75 + 11*6.26 + 1*5.0 + 2*6.26 + 1*8.76 + 2*7.51 + 2*7.51 + 13*5.0 + 1*7.51 + 1*8.76 + 5*6.26 + 1*8.76 + 1*7.51 + 5*6.26 + 3*6.26 + 83*8.76 + 45*22.52 + 66*8.76 + 33*23.77",5203.57,"0.37 + 0.43 + 0.38 + 0.41 + 0.42 + 0.16 + 0.2 + 0.25 + 0.18 + 0.07 + 0.25 + 0.21",3.33,"4*0.98 + 6*5.9 + 18*1.65 + 2*1.78 + 2*3.38 + 4*1.48 + 1*2.3 + 1*1.36 + 10*1.92 + 4*5.59 + 16*1.57 + 98*2.09 + 4*5.89 + 44*2.12 + 4*2.25 + 9*1.03 + 1*0.53 + 1*1.9 + 35*1.97 + 11*2.18 + 1*0.93 + 2*0.5 + 1*0.91 + 2*0.7 + 2*2.21 + 13*1.04 + 1*2.87 + 1*2.76 + 5*1.31 + 1*1.85 + 1*1.7 + 5*1.26 + 3*1.28 + 83*2.07 + 45*15.62 + 66*4.28 + 33*15.22",2298.39
"data_forwarding_unit","2 a2111oi_0, 2 a211oi_1, 33 a21oi_1, 2 a221o_1, 30 a22oi_1, 1 and2_0, 1 and3_1, 2 and4_1, 6 clkinv_1, 2 mux2_1, 89 mux2i_1, 2 nand2_1, 8 nand2b_1, 5 nand3_1, 2 nand4_1, 5 nor2_1, 7 nor2b_1, 36 nor3_1, 1 nor4_1, 2 o221ai_1, 62 o22a_1, 1 o22ai_1, 2 o2bb2ai_1, 1 o32a_1, 4 or2_0, 2 or3_1, 9 xnor2_1, 11 xor2_1","2*8.76 + 2*7.51 + 33*5.0 + 2*10.01 + 30*7.51 + 1*6.26 + 1*6.26 + 2*8.76 + 6*3.75 + 2*11.26 + 89*10.01 + 2*3.75 + 8*6.26 + 5*5.0 + 2*6.26 + 5*3.75 + 7*6.26 + 36*5.0 + 1*6.26 + 2*8.76 + 62*8.76 + 1*6.26 + 2*8.76 + 1*10.01 + 4*6.26 + 2*6.26 + 9*8.76 + 11*8.76",2559.93,"0.13 + 1.71 + 0.17 + 1.92 + 0.24",4.17,"2*0.42 + 2*0.98 + 33*1.65 + 2*2.66 + 30*2.58 + 1*1.92 + 1*5.59 + 2*3.4 + 6*1.57 + 2*4.03 + 89*5.89 + 2*2.12 + 8*2.25 + 5*1.03 + 2*0.53 + 5*1.97 + 7*2.18 + 36*0.93 + 1*0.5 + 2*1.09 + 62*2.76 + 1*1.31 + 2*1.85 + 1*1.66 + 4*1.26 + 2*1.28 + 9*2.07 + 11*4.28",1036.79
"fsm","1 buf_1, 2 dfxtp_1, 1 mux4_2","1*3.75 + 2*20.02 + 1*22.52",66.31,"0.32 + 0.48",0.8,"1*1.18 + 2*8.44 + 1*6.37",24.43
"calculator","1 a2111o_1, 1 a2111oi_0, 3 a211o_1, 2 a211oi_1, 5 a21o_1, 18 a21oi_1, 1 a221oi_1, 1 a22o_1, 7 a22oi_1, 1 a2bb2oi_1, 1 a311oi_1, 1 a31o_1, 5 a31oi_1, 1 a32oi_1, 4 and2_0, 4 and3_1, 1 and3b_1, 14 clkinv_1, 8 dfxtp_1, 16 maj3_1, 2 mux2_1, 5 mux2i_1, 45 nand2_1, 9 nand2b_1, 10 nand3_1, 3 nand4_1, 1 nand4b_1, 38 nor2_1, 7 nor2b_1, 8 nor3_1, 1 nor3b_1, 2 nor4_1, 1 nor4b_1, 7 o211ai_1, 10 o21a_1, 21 o21ai_0, 1 o21ba_1, 1 o21bai_1, 1 o221a_1, 1 o221ai_1, 2 o22a_1, 4 o22ai_1, 3 o31ai_1, 2 o32ai_1, 2 o41ai_1, 4 or2_0, 4 or3_1, 1 or3b_1, 1 or4_1, 61 xnor2_1, 2 xnor3_1, 23 xor2_1","1*11.26 + 1*8.76 + 3*8.76 + 2*7.51 + 5*7.51 + 18*5.0 + 1*8.76 + 1*8.76 + 7*7.51 + 1*8.76 + 1*8.76 + 1*8.76 + 5*6.26 + 1*8.76 + 4*6.26 + 4*6.26 + 1*8.76 + 14*3.75 + 8*20.02 + 16*10.01 + 2*11.26 + 5*10.01 + 45*3.75 + 9*6.26 + 10*5.0 + 3*6.26 + 1*8.76 + 38*3.75 + 7*6.26 + 8*5.0 + 1*7.51 + 2*6.26 + 1*8.76 + 7*7.51 + 10*7.51 + 21*5.0 + 1*10.01 + 1*7.51 + 1*11.26 + 1*8.76 + 2*8.76 + 4*6.26 + 3*7.51 + 2*8.76 + 2*8.76 + 4*6.26 + 4*6.26 + 1*8.76 + 1*7.51 + 61*8.76 + 2*22.52 + 23*8.76",2604.84,"0.6 + 0.28 + 0.38 + 0.27 + 0.15 + 0.19 + 0.43 + 0.4 + 0.47 + 0.34 + 0.18 + 0.11 + 0.3 + 0.27 + 0.23 + 0.37 + 0.39 + 0.4 + 0.29 + 0.24 + 0.29 + 0.21 + 0.14 + 0.39 + 0.41 + 0.45 + 0.14 + 0.21 + 0.32 + 0.11 + 0.16 + 0.08 + 0.17",9.37,"1*1.68 + 1*0.42 + 3*3.14 + 2*0.98 + 5*5.9 + 18*1.65 + 1*1.78 + 1*4.06 + 7*2.58 + 1*3.38 + 1*0.97 + 1*2.37 + 5*1.48 + 1*1.25 + 4*1.92 + 4*5.59 + 1*7.06 + 14*1.57 + 8*8.44 + 16*2.09 + 2*4.03 + 5*5.89 + 45*2.12 + 9*2.25 + 10*1.03 + 3*0.53 + 1*1.03 + 38*1.97 + 7*2.18 + 8*0.93 + 1*1.3 + 2*0.5 + 1*0.91 + 7*0.7 + 10*2.21 + 21*1.04 + 1*7.27 + 1*2.87 + 1*2.73 + 1*1.09 + 2*2.76 + 4*1.31 + 3*1.7 + 2*1.09 + 2*1.39 + 4*1.26 + 4*1.28 + 1*2.59 + 1*0.85 + 61*2.07 + 2*15.62 + 23*4.28",892.01
"seq_detector","1 and4b_1, 5 dfxtp_1","1*10.01 + 5*20.02",110.11,"0.29 + 0.17",0.46,"1*5.99 + 5*8.44",48.19
"synchronizer","3 and2_0, 4 dfxtp_1, 1 nand2_1, 1 nand3_1, 2 nor2_1","3*6.26 + 4*20.02 + 1*3.75 + 1*5.0 + 2*3.75",115.11,"0.27 + 0.11",0.38,"3*1.92 + 4*8.44 + 1*2.12 + 1*1.03 + 2*1.97",46.61
"dff_set","1 dfstp_2","1*26.28",26.28,"0.47",0.47,"1*10.52",10.52
"omsp_sync_cell","2 clkinv_1, 2 dfrtp_1","2*3.75 + 2*25.02",57.54,"0.33",0.33,"2*1.57 + 2*11.65",26.44
"ram","40 a211o_1, 113 a211oi_1, 6 a21boi_0, 45 a21o_1, 2358 a21oi_1, 99 a221o_1, 401 a221oi_1, 35 a22o_1, 181 a22oi_1, 11 a2bb2oi_1, 65 a311o_1, 174 a311oi_1, 30 a31o_1, 351 a31oi_1, 24 a32o_1, 66 a32oi_1, 14 and2_0, 72 and3_1, 2 and3b_1, 197 clkinv_1, 65568 dfxtp_1, 65429 mux2_1, 1508 mux2i_1, 15939 mux4_2, 2188 nand2_1, 91 nand2b_1, 644 nand3_1, 6 nand3b_1, 8040 nor2_1, 132 nor2b_1, 101 nor3_1, 3 nor3b_1, 49 o211a_1, 398 o211ai_1, 97 o21a_1, 6728 o21ai_0, 29 o21bai_1, 151 o221a_1, 2479 o221ai_1, 19 o22a_1, 550 o22ai_1, 8 o2bb2ai_1, 58 o311a_1, 121 o311ai_0, 17 o31a_1, 114 o31ai_1, 9 o32a_1, 47 o32ai_1, 66 or2_0, 17 or3_1, 4 or3b_1","40*8.76 + 113*7.51 + 6*7.51 + 45*7.51 + 2358*5.0 + 99*10.01 + 401*8.76 + 35*8.76 + 181*7.51 + 11*8.76 + 65*10.01 + 174*8.76 + 30*8.76 + 351*6.26 + 24*10.01 + 66*8.76 + 14*6.26 + 72*6.26 + 2*8.76 + 197*3.75 + 65568*20.02 + 65429*11.26 + 1508*10.01 + 15939*22.52 + 2188*3.75 + 91*6.26 + 644*5.0 + 6*7.51 + 8040*3.75 + 132*6.26 + 101*5.0 + 3*7.51 + 49*10.01 + 398*7.51 + 97*7.51 + 6728*5.0 + 29*7.51 + 151*11.26 + 2479*8.76 + 19*8.76 + 550*6.26 + 8*8.76 + 58*10.01 + 121*8.76 + 17*8.76 + 114*7.51 + 9*10.01 + 47*8.76 + 66*6.26 + 17*6.26 + 4*8.76",2562236.45,"79.71 + 41.69 + 0.97 + 0.91 + 1.13 + 0.21 + 0.06 + 0.48 + 0.29",125.45,"40*3.14 + 113*0.98 + 6*2.48 + 45*5.9 + 2358*1.65 + 99*2.66 + 401*1.78 + 35*4.06 + 181*2.58 + 11*3.38 + 65*1.57 + 174*0.97 + 30*2.37 + 351*1.48 + 24*2.3 + 66*1.25 + 14*1.92 + 72*5.59 + 2*7.06 + 197*1.57 + 65568*8.44 + 65429*4.03 + 1508*5.89 + 15939*6.37 + 2188*2.12 + 91*2.25 + 644*1.03 + 6*1.4 + 8040*1.97 + 132*2.18 + 101*0.93 + 3*1.3 + 49*10.66 + 398*0.7 + 97*2.21 + 6728*1.04 + 29*2.87 + 151*2.73 + 2479*1.09 + 19*2.76 + 550*1.31 + 8*1.85 + 58*3.77 + 121*0.64 + 17*2.07 + 114*1.7 + 9*1.66 + 47*1.09 + 66*1.26 + 17*1.28 + 4*2.59",969712.72
"sky130_fd_sc_ms__o311ai","1 o311ai_0","1*8.76",8.76,"0.2",0.2,"1*0.64",0.64
"L_sel","1 and2_0, 1 buf_1, 2 clkinv_1, 2 conb_1, 1 nor2b_1","1*6.26 + 1*3.75 + 2*3.75 + 2*3.75 + 1*6.26",31.27,"0.1",0.1,"1*1.92 + 1*1.18 + 2*1.57 + 2*3.24 + 1*2.18",14.9
"sync_gray","4 and2_0, 4 dfxtp_1","4*6.26 + 4*20.02",105.12,"0.12",0.12,"4*1.92 + 4*8.44",41.44
"addition_module","1 nand2_1, 1 xnor2_1, 2 xor2_1","1*3.75 + 1*8.76 + 2*8.76",30.03,"0.15 + 0.11",0.26,"1*2.12 + 1*2.07 + 2*4.28",12.75
"ir_rcv","1 a21boi_0, 78 a21oi_1, 1 a221o_1, 1 a221oi_1, 16 a22o_1, 2 a22oi_1, 1 a311oi_1, 5 a31oi_1, 2 a41oi_1, 9 and2_0, 26 and3_1, 13 and4_1, 1 and4b_1, 10 clkinv_1, 141 dfrtp_1, 1 mux2i_1, 27 nand2_1, 4 nand2b_1, 8 nand3_1, 9 nand4_1, 2 nand4b_1, 101 nor2_1, 1 nor2b_1, 47 nor3_1, 1 nor3b_1, 17 nor4_1, 1 nor4b_1, 1 nor4bb_1, 1 o2111a_1, 1 o211ai_1, 7 o21a_1, 36 o21ai_0, 1 o22ai_1, 3 o31a_1, 1 o31ai_1, 1 o32ai_1, 1 o41a_1, 1 o41ai_1, 3 or3_1, 5 or4_1, 14 xnor2_1, 10 xor2_1","1*7.51 + 78*5.0 + 1*10.01 + 1*8.76 + 16*8.76 + 2*7.51 + 1*8.76 + 5*6.26 + 2*8.76 + 9*6.26 + 26*6.26 + 13*8.76 + 1*10.01 + 10*3.75 + 141*25.02 + 1*10.01 + 27*3.75 + 4*6.26 + 8*5.0 + 9*6.26 + 2*8.76 + 101*3.75 + 1*6.26 + 47*5.0 + 1*7.51 + 17*6.26 + 1*8.76 + 1*10.01 + 1*11.26 + 1*7.51 + 7*7.51 + 36*5.0 + 1*6.26 + 3*8.76 + 1*7.51 + 1*8.76 + 1*11.26 + 1*8.76 + 3*6.26 + 5*7.51 + 14*8.76 + 10*8.76",6126.96,"0.37 + 0.12 + 0.25 + 0.07 + 1.43 + 0.53 + 0.32",3.09,"1*2.48 + 78*1.65 + 1*2.66 + 1*1.78 + 16*4.06 + 2*2.58 + 1*0.97 + 5*1.48 + 2*1.36 + 9*1.92 + 26*5.59 + 13*3.4 + 1*5.99 + 10*1.57 + 141*11.65 + 1*5.89 + 27*2.12 + 4*2.25 + 8*1.03 + 9*0.53 + 2*1.03 + 101*1.97 + 1*2.18 + 47*0.93 + 1*1.3 + 17*0.5 + 1*0.91 + 1*3.2 + 1*3.75 + 1*0.7 + 7*2.21 + 36*1.04 + 1*1.31 + 3*2.07 + 1*1.7 + 1*1.09 + 1*1.37 + 1*1.39 + 3*1.28 + 5*0.85 + 14*2.07 + 10*4.28",2584.26
"var11_multi","1 a2111oi_0, 3 a211o_1, 1 a211oi_1, 1 a21boi_0, 4 a21o_1, 16 a21oi_1, 1 a311oi_1, 2 a31oi_1, 1 a32o_1, 5 and2_0, 4 and3_1, 1 and3b_1, 9 clkinv_1, 4 maj3_1, 5 mux2i_1, 23 nand2_1, 4 nand2b_1, 4 nand3_1, 1 nand3b_1, 15 nor2_1, 2 nor2b_1, 3 nor3_1, 1 nor4_1, 1 nor4b_1, 1 o2111a_1, 1 o211a_1, 3 o211ai_1, 1 o21a_1, 11 o21ai_0, 1 o21bai_1, 1 o22a_1, 3 o22ai_1, 1 o31a_1, 1 o31ai_1, 4 or2_0, 2 or3_1, 29 xnor2_1, 8 xnor3_1, 13 xor2_1, 1 xor3_1","1*8.76 + 3*8.76 + 1*7.51 + 1*7.51 + 4*7.51 + 16*5.0 + 1*8.76 + 2*6.26 + 1*10.01 + 5*6.26 + 4*6.26 + 1*8.76 + 9*3.75 + 4*10.01 + 5*10.01 + 23*3.75 + 4*6.26 + 4*5.0 + 1*7.51 + 15*3.75 + 2*6.26 + 3*5.0 + 1*6.26 + 1*8.76 + 1*11.26 + 1*10.01 + 3*7.51 + 1*7.51 + 11*5.0 + 1*7.51 + 1*8.76 + 3*6.26 + 1*8.76 + 1*7.51 + 4*6.26 + 2*6.26 + 29*8.76 + 8*22.52 + 13*8.76 + 1*23.77",1384.96,"0.38 + 0.16 + 0.35 + 0.33 + 0.15 + 0.2 + 0.25 + 0.24 + 0.11 + 0.38 + 0.08",2.63,"1*0.42 + 3*3.14 + 1*0.98 + 1*2.48 + 4*5.9 + 16*1.65 + 1*0.97 + 2*1.48 + 1*2.3 + 5*1.92 + 4*5.59 + 1*7.06 + 9*1.57 + 4*2.09 + 5*5.89 + 23*2.12 + 4*2.25 + 4*1.03 + 1*1.4 + 15*1.97 + 2*2.18 + 3*0.93 + 1*0.5 + 1*0.91 + 1*3.75 + 1*10.66 + 3*0.7 + 1*2.21 + 11*1.04 + 1*2.87 + 1*2.76 + 3*1.31 + 1*2.07 + 1*1.7 + 4*1.26 + 2*1.28 + 29*2.07 + 8*15.62 + 13*4.28 + 1*15.22",568.82
"sky130_fd_sc_hd__lpflow_clkinvkapwr","1 clkinv_1","1*3.75",3.75,"0.02",0.02,"1*1.57",1.57
"mkRouterOutputArbitersStatic","5 nand2b_1, 5 nor2b_1, 5 nor3b_1, 5 nor4_1, 5 nor4b_1","5*6.26 + 5*6.26 + 5*7.51 + 5*6.26 + 5*8.76",175.25,"0.11 + 0.08",0.19,"5*2.25 + 5*2.18 + 5*1.3 + 5*0.5 + 5*0.91",35.7
"top_module","1 a21oi_1, 8 and2_0, 1 and3b_1, 3 clkinv_1, 1 conb_1, 1 dfxtp_1, 16 dlxtp_1, 4 mux4_2, 1 nor2_1, 1 nor3b_1, 1 nor4_1, 1 nor4b_1, 1 o21ai_0, 1 o31a_1","1*5.0 + 8*6.26 + 1*8.76 + 3*3.75 + 1*3.75 + 1*20.02 + 16*15.01 + 4*22.52 + 1*3.75 + 1*7.51 + 1*6.26 + 1*8.76 + 1*5.0 + 1*8.76",469.14,"0.45 + 0.18 + 0.24",0.87,"1*1.65 + 8*1.92 + 1*7.06 + 3*1.57 + 1*3.24 + 1*8.44 + 16*7.93 + 4*6.37 + 1*1.97 + 1*1.3 + 1*0.5 + 1*0.91 + 1*1.04 + 1*2.07",200.61
"full_adder","1 maj3_1, 1 xor3_1","1*10.01 + 1*23.77",33.78,"0.33",0.33,"1*2.09 + 1*15.22",17.31
"LFSR","16 dfxtp_1, 16 mux2_1, 2 xnor2_1, 1 xor2_1","16*20.02 + 16*11.26 + 2*8.76 + 1*8.76",526.76,"0.29 + 0.16 + 0.11 + 0.27",0.83,"16*8.44 + 16*4.03 + 2*2.07 + 1*4.28",207.94
"calculator","2 a21boi_0, 5 a21oi_1, 1 a22oi_1, 2 a31oi_1, 1 a32o_1, 1 a41oi_1, 3 clkinv_1, 4 dfxtp_1, 4 maj3_1, 13 nand2_1, 5 nand2b_1, 2 nand4_1, 7 nor2_1, 1 nor2b_1, 3 nor3_1, 1 nor3b_1, 1 o21a_1, 3 o21ai_0, 2 o21bai_1, 1 o221ai_1, 2 o22ai_1, 1 o31a_1, 1 o31ai_1, 1 o32a_1, 2 or3_1, 14 xnor2_1, 6 xor2_1","2*7.51 + 5*5.0 + 1*7.51 + 2*6.26 + 1*10.01 + 1*8.76 + 3*3.75 + 4*20.02 + 4*10.01 + 13*3.75 + 5*6.26 + 2*6.26 + 7*3.75 + 1*6.26 + 3*5.0 + 1*7.51 + 1*7.51 + 3*5.0 + 2*7.51 + 1*8.76 + 2*6.26 + 1*8.76 + 1*7.51 + 1*10.01 + 2*6.26 + 14*8.76 + 6*8.76",630.59,"0.11 + 0.24 + 0.19 + 0.39 + 0.43 + 0.36 + 0.24 + 0.1 + 0.08 + 0.1",2.24,"2*2.48 + 5*1.65 + 1*2.58 + 2*1.48 + 1*2.3 + 1*1.36 + 3*1.57 + 4*8.44 + 4*2.09 + 13*2.12 + 5*2.25 + 2*0.53 + 7*1.97 + 1*2.18 + 3*0.93 + 1*1.3 + 1*2.21 + 3*1.04 + 2*2.87 + 1*1.09 + 2*1.31 + 1*2.07 + 1*1.7 + 1*1.66 + 2*1.28 + 14*2.07 + 6*4.28",206.6
"synchronous_block_ram","8 a211o_1, 17 a211oi_1, 4 a21boi_0, 8 a21o_1, 606 a21oi_1, 21 a221o_1, 96 a221oi_1, 9 a22o_1, 48 a22oi_1, 5 a2bb2oi_1, 5 a311o_1, 29 a311oi_1, 8 a31o_1, 104 a31oi_1, 8 a32o_1, 14 a32oi_1, 7 and2_0, 21 and3_1, 2 and3b_1, 93 clkinv_1, 16402 dfxtp_1, 16348 mux2_1, 385 mux2i_1, 3930 mux4_2, 700 nand2_1, 24 nand2b_1, 212 nand3_1, 1944 nor2_1, 30 nor2b_1, 19 nor3_1, 2 nor3b_1, 1 nor4_1, 14 o211a_1, 82 o211ai_1, 16 o21a_1, 1831 o21ai_0, 4 o21bai_1, 60 o221a_1, 661 o221ai_1, 5 o22a_1, 123 o22ai_1, 4 o2bb2ai_1, 13 o311a_1, 27 o311ai_0, 5 o31a_1, 18 o31ai_1, 4 o32a_1, 17 o32ai_1, 11 or2_0, 4 or3_1, 2 or3b_1","8*8.76 + 17*7.51 + 4*7.51 + 8*7.51 + 606*5.0 + 21*10.01 + 96*8.76 + 9*8.76 + 48*7.51 + 5*8.76 + 5*10.01 + 29*8.76 + 8*8.76 + 104*6.26 + 8*10.01 + 14*8.76 + 7*6.26 + 21*6.26 + 2*8.76 + 93*3.75 + 16402*20.02 + 16348*11.26 + 385*10.01 + 3930*22.52 + 700*3.75 + 24*6.26 + 212*5.0 + 1944*3.75 + 30*6.26 + 19*5.0 + 2*7.51 + 1*6.26 + 14*10.01 + 82*7.51 + 16*7.51 + 1831*5.0 + 4*7.51 + 60*11.26 + 661*8.76 + 5*8.76 + 123*6.26 + 4*8.76 + 13*10.01 + 27*8.76 + 5*8.76 + 18*7.51 + 4*10.01 + 17*8.76 + 11*6.26 + 4*6.26 + 2*8.76",641076.88,"146.26 + 88.29 + 0.08 + 0.48 + 3.02 + 0.06 + 0.78 + 0.13 + 0.58",239.68,"8*3.14 + 17*0.98 + 4*2.48 + 8*5.9 + 606*1.65 + 21*2.66 + 96*1.78 + 9*4.06 + 48*2.58 + 5*3.38 + 5*1.57 + 29*0.97 + 8*2.37 + 104*1.48 + 8*2.3 + 14*1.25 + 7*1.92 + 21*5.59 + 2*7.06 + 93*1.57 + 16402*8.44 + 16348*4.03 + 385*5.89 + 3930*6.37 + 700*2.12 + 24*2.25 + 212*1.03 + 1944*1.97 + 30*2.18 + 19*0.93 + 2*1.3 + 1*0.5 + 14*10.66 + 82*0.7 + 16*2.21 + 1831*1.04 + 4*2.87 + 60*2.73 + 661*1.09 + 5*2.76 + 123*1.31 + 4*1.85 + 13*3.77 + 27*0.64 + 5*2.07 + 18*1.7 + 4*1.66 + 17*1.09 + 11*1.26 + 4*1.28 + 2*2.59",242708.73
"pg_to_PG","8 a21oi_1, 8 nand2_1, 4 nor2_1, 4 o21ai_0","8*5.0 + 8*3.75 + 4*3.75 + 4*5.0",105.0,"0.1 + 0.05",0.15,"8*1.65 + 8*2.12 + 4*1.97 + 4*1.04",42.2
"shift_register","1 conb_1, 8 dfxtp_1, 6 mux2i_1, 9 nand2_1, 1 nand2b_1, 8 o21ai_0","1*3.75 + 8*20.02 + 6*10.01 + 9*3.75 + 1*6.26 + 8*5.0",303.98,"0.28 + 0.11 + 0.07",0.46,"1*3.24 + 8*8.44 + 6*5.89 + 9*2.12 + 1*2.25 + 8*1.04",135.75
"mig_7series_v4_0_fi_xor","72 dfxtp_1, 72 mux2i_1, 72 nor2_1, 72 xor2_1","72*20.02 + 72*10.01 + 72*3.75 + 72*8.76",3062.88,"0.29 + 0.11 + 0.04",0.44,"72*8.44 + 72*5.89 + 72*1.97 + 72*4.28",1481.76
"rotator","1 a21o_1, 2 a21oi_1, 57 a221o_1, 57 a221oi_1, 10 a22oi_1, 58 a2bb2oi_1, 12 a31oi_1, 1 a32oi_1, 30 and2_0, 30 clkinv_1, 100 dfxtp_1, 123 nand2_1, 1 nand2b_1, 2 nand3_1, 11 nor2_1, 1 nor2b_1, 58 nor3b_1, 58 o21a_1, 30 o21ai_0, 2 o22ai_1, 58 o31ai_1, 1 or2_0","1*7.51 + 2*5.0 + 57*10.01 + 57*8.76 + 10*7.51 + 58*8.76 + 12*6.26 + 1*8.76 + 30*6.26 + 30*3.75 + 100*20.02 + 123*3.75 + 1*6.26 + 2*5.0 + 11*3.75 + 1*6.26 + 58*7.51 + 58*7.51 + 30*5.0 + 2*6.26 + 58*7.51 + 1*6.26",6057.3,"4.36 + 0.49 + 0.31",5.16,"1*5.9 + 2*1.65 + 57*2.66 + 57*1.78 + 10*2.58 + 58*3.38 + 12*1.48 + 1*1.25 + 30*1.92 + 30*1.57 + 100*8.44 + 123*2.12 + 1*2.25 + 2*1.03 + 11*1.97 + 1*2.18 + 58*1.3 + 58*2.21 + 30*1.04 + 2*1.31 + 58*1.7 + 1*1.26",2078.01
"pipeline_control_idt_read","1 a211oi_1, 1 a21o_1, 13 a21oi_1, 1 a221o_1, 6 a22o_1, 1 a311oi_1, 5 a31oi_1, 8 and2_0, 4 and3_1, 14 clkinv_1, 2 conb_1, 21 dfrtp_1, 18 nand2_1, 3 nand2b_1, 3 nand3_1, 3 nand4_1, 30 nor2_1, 1 nor2b_1, 4 nor3_1, 5 nor4_1, 1 o2111ai_1, 1 o211ai_1, 3 o21a_1, 7 o21ai_0, 2 o22ai_1, 4 or2_0, 24 xnor2_1, 7 xor2_1","1*7.51 + 1*7.51 + 13*5.0 + 1*10.01 + 6*8.76 + 1*8.76 + 5*6.26 + 8*6.26 + 4*6.26 + 14*3.75 + 2*3.75 + 21*25.02 + 18*3.75 + 3*6.26 + 3*5.0 + 3*6.26 + 30*3.75 + 1*6.26 + 4*5.0 + 5*6.26 + 1*8.76 + 1*7.51 + 3*7.51 + 7*5.0 + 2*6.26 + 4*6.26 + 24*8.76 + 7*8.76",1516.23,"0.05 + 0.31 + 0.21 + 0.1 + 0.32 + 0.21 + 0.37 + 0.21 + 0.32 + 0.2 + 0.51 + 0.19 + 0.14",3.14,"1*0.98 + 1*5.9 + 13*1.65 + 1*2.66 + 6*4.06 + 1*0.97 + 5*1.48 + 8*1.92 + 4*5.59 + 14*1.57 + 2*3.24 + 21*11.65 + 18*2.12 + 3*2.25 + 3*1.03 + 3*0.53 + 30*1.97 + 1*2.18 + 4*0.93 + 5*0.5 + 1*0.58 + 1*0.7 + 3*2.21 + 7*1.04 + 2*1.31 + 4*1.26 + 24*2.07 + 7*4.28",594.13
"jt12_dac2","1 a2111oi_0, 1 a211oi_1, 4 a21o_1, 8 a21oi_1, 2 a311o_1, 1 a311oi_1, 1 a31oi_1, 8 and2_0, 2 and3_1, 7 clkinv_1, 34 dfxtp_1, 1 maj3_1, 24 nand2_1, 8 nand2b_1, 5 nand3_1, 31 nor2_1, 23 nor2b_1, 5 nor3_1, 1 nor3b_1, 2 o211ai_1, 1 o21a_1, 11 o21ai_0, 1 o21bai_1, 2 o311a_1, 1 o311ai_0, 1 o31ai_1, 4 or3_1, 25 xnor2_1, 1 xnor3_1, 10 xor2_1","1*8.76 + 1*7.51 + 4*7.51 + 8*5.0 + 2*10.01 + 1*8.76 + 1*6.26 + 8*6.26 + 2*6.26 + 7*3.75 + 34*20.02 + 1*10.01 + 24*3.75 + 8*6.26 + 5*5.0 + 31*3.75 + 23*6.26 + 5*5.0 + 1*7.51 + 2*7.51 + 1*7.51 + 11*5.0 + 1*7.51 + 2*10.01 + 1*8.76 + 1*7.51 + 4*6.26 + 25*8.76 + 1*22.52 + 10*8.76",1834.2,"0.31 + 0.2 + 0.4 + 0.25 + 0.16 + 0.33 + 0.33 + 0.44 + 0.28 + 0.22 + 0.09",3.01,"1*0.42 + 1*0.98 + 4*5.9 + 8*1.65 + 2*1.57 + 1*0.97 + 1*1.48 + 8*1.92 + 2*5.59 + 7*1.57 + 34*8.44 + 1*2.09 + 24*2.12 + 8*2.25 + 5*1.03 + 31*1.97 + 23*2.18 + 5*0.93 + 1*1.3 + 2*0.7 + 1*2.21 + 11*1.04 + 1*2.87 + 2*3.77 + 1*0.64 + 1*1.7 + 4*1.28 + 25*2.07 + 1*15.62 + 10*4.28",704.65
"mux_2to1","1 mux2_1","1*11.26",11.26,"0.26",0.26,"1*4.03",4.03
"top_module","4 clkinv_1, 4 dfxtp_1, 4 mux2i_1, 4 nor2b_1","4*3.75 + 4*20.02 + 4*10.01 + 4*6.26",160.16,"0.28 + 0.12 + 0.05",0.45,"4*1.57 + 4*8.44 + 4*5.89 + 4*2.18",72.32
"sky130_fd_sc_hdll__and4bb","1 nor4bb_1","1*10.01",10.01,"0.17",0.17,"1*3.2",3.2
"mi_nios_cpu_nios2_oci_td_mode","1 a21boi_0, 1 and2_0, 1 clkinv_1","1*7.51 + 1*6.26 + 1*3.75",17.52,"0.03 + 0.09",0.12,"1*2.48 + 1*1.92 + 1*1.57",5.97
"traffic_light_controller","1 a2111oi_0, 1 a211o_1, 11 a21oi_1, 2 a31oi_1, 2 and3_1, 1 and3b_1, 1 and4b_1, 1 clkinv_1, 17 dfxtp_1, 1 nand2_1, 3 nand2b_1, 2 nand4b_1, 4 nor2_1, 2 nor2b_1, 5 nor3_1, 1 nor3b_1, 2 nor4bb_1, 5 o21ai_0, 4 o21bai_1, 2 or2_0, 1 or3_1, 1 or4b_1","1*8.76 + 1*8.76 + 11*5.0 + 2*6.26 + 2*6.26 + 1*8.76 + 1*10.01 + 1*3.75 + 17*20.02 + 1*3.75 + 3*6.26 + 2*8.76 + 4*3.75 + 2*6.26 + 5*5.0 + 1*7.51 + 2*10.01 + 5*5.0 + 4*7.51 + 2*6.26 + 1*6.26 + 1*10.01",664.35,"0.33 + 0.52 + 0.12 + 0.3",1.27,"1*0.42 + 1*3.14 + 11*1.65 + 2*1.48 + 2*5.59 + 1*7.06 + 1*5.99 + 1*1.57 + 17*8.44 + 1*2.12 + 3*2.25 + 2*1.03 + 4*1.97 + 2*2.18 + 5*0.93 + 1*1.3 + 2*3.2 + 5*1.04 + 4*2.87 + 2*1.26 + 1*1.28 + 1*2.14",252.09
"top_module","32 dfxtp_1","32*20.02",640.64,"0.27",0.27,"32*8.44",270.08
"gated_clk","1 dfxtp_1","1*20.02",20.02,"0.26",0.26,"1*8.44",8.44
"shift_register","1 a22oi_1, 1 a31oi_1, 4 dfxtp_1, 2 mux2i_1, 3 nand2_1, 1 nand2b_1, 2 nand3b_1, 4 nor2_1, 3 nor3_1, 2 o211a_1, 1 or3_1","1*7.51 + 1*6.26 + 4*20.02 + 2*10.01 + 3*3.75 + 1*6.26 + 2*7.51 + 4*3.75 + 3*5.0 + 2*10.01 + 1*6.26",202.68,"0.31 + 0.07 + 0.19 + 0.14",0.71,"1*2.58 + 1*1.48 + 4*8.44 + 2*5.89 + 3*2.12 + 1*2.25 + 2*1.4 + 4*1.97 + 3*0.93 + 2*10.66 + 1*1.28",94.28
"sky130_fd_sc_ms__o21ai","1 nand2_1, 1 nand3_1, 1 nand4_1","1*3.75 + 1*5.0 + 1*6.26",15.01,"0.07 + 0.04",0.11,"1*2.12 + 1*1.03 + 1*0.53",3.68
"math_module","1 a211o_1, 5 a21boi_0, 1 a21o_1, 20 a21oi_1, 6 a22o_1, 10 a22oi_1, 1 a2bb2oi_1, 1 a31o_1, 5 a31oi_1, 1 a32o_1, 1 a32oi_1, 15 and2_0, 7 and3_1, 16 clkinv_1, 1 conb_1, 88 maj3_1, 190 nand2_1, 17 nand2b_1, 12 nand3_1, 1 nand3b_1, 4 nand4_1, 40 nor2_1, 29 nor2b_1, 1 o211a_1, 2 o211ai_1, 5 o21a_1, 20 o21ai_0, 3 o22a_1, 4 o22ai_1, 1 o31ai_1, 4 or2_0, 1 or3_1, 141 xnor2_1, 28 xnor3_1, 85 xor2_1, 19 xor3_1","1*8.76 + 5*7.51 + 1*7.51 + 20*5.0 + 6*8.76 + 10*7.51 + 1*8.76 + 1*8.76 + 5*6.26 + 1*10.01 + 1*8.76 + 15*6.26 + 7*6.26 + 16*3.75 + 1*3.75 + 88*10.01 + 190*3.75 + 17*6.26 + 12*5.0 + 1*7.51 + 4*6.26 + 40*3.75 + 29*6.26 + 1*10.01 + 2*7.51 + 5*7.51 + 20*5.0 + 3*8.76 + 4*6.26 + 1*7.51 + 4*6.26 + 1*6.26 + 141*8.76 + 28*22.52 + 85*8.76 + 19*23.77",5989.09,"0.06 + 0.43 + 0.38 + 0.39 + 0.19 + 0.39 + 0.36 + 0.26 + 0.07 + 0.1 + 0.09 + 0.39 + 0.4 + 0.27 + 0.04",3.82,"1*3.14 + 5*2.48 + 1*5.9 + 20*1.65 + 6*4.06 + 10*2.58 + 1*3.38 + 1*2.37 + 5*1.48 + 1*2.3 + 1*1.25 + 15*1.92 + 7*5.59 + 16*1.57 + 1*3.24 + 88*2.09 + 190*2.12 + 17*2.25 + 12*1.03 + 1*1.4 + 4*0.53 + 40*1.97 + 29*2.18 + 1*10.66 + 2*0.7 + 5*2.21 + 20*1.04 + 3*2.76 + 4*1.31 + 1*1.7 + 4*1.26 + 1*1.28 + 141*2.07 + 28*15.62 + 85*4.28 + 19*15.22",2448.12
"tv80_reg","14 a222oi_1, 43 a22oi_1, 17 and3_1, 3 and3b_1, 128 dfxtp_1, 160 mux2_1, 64 mux4_2, 7 nand3_1, 9 nand4_1, 1 nor3_1, 3 nor3b_1","14*10.01 + 43*7.51 + 17*6.26 + 3*8.76 + 128*20.02 + 160*11.26 + 64*22.52 + 7*5.0 + 9*6.26 + 1*5.0 + 3*7.51",6520.08,"1.0 + 0.46 + 0.34",1.8,"14*2.43 + 43*2.58 + 17*5.59 + 3*7.06 + 128*8.44 + 160*4.03 + 64*6.37 + 7*1.03 + 9*0.53 + 1*0.93 + 3*1.3",2410.78
"gpio_interface","1 dfxtp_1","1*20.02",20.02,"0.26",0.26,"1*8.44",8.44
"sky130_fd_sc_hdll__nor4b","1 nor4b_1","1*8.76",8.76,"0.19",0.19,"1*0.91",0.91
"umult8","1 a211oi_1, 1 a21boi_0, 8 a21oi_1, 5 a22oi_1, 2 a31oi_1, 1 a41o_1, 2 and2_0, 8 clkinv_1, 26 maj3_1, 68 nand2_1, 8 nand2b_1, 2 nand3_1, 3 nand4_1, 15 nor2_1, 12 nor2b_1, 2 nor3_1, 1 nor3b_1, 1 o21a_1, 5 o21ai_0, 1 o21ba_1, 1 o21bai_1, 2 o22ai_1, 1 o31ai_1, 38 xnor2_1, 12 xnor3_1, 23 xor2_1, 9 xor3_1","1*7.51 + 1*7.51 + 8*5.0 + 5*7.51 + 2*6.26 + 1*10.01 + 2*6.26 + 8*3.75 + 26*10.01 + 68*3.75 + 8*6.26 + 2*5.0 + 3*6.26 + 15*3.75 + 12*6.26 + 2*5.0 + 1*7.51 + 1*7.51 + 5*5.0 + 1*10.01 + 1*7.51 + 2*6.26 + 1*7.51 + 38*8.76 + 12*22.52 + 23*8.76 + 9*23.77",1989.21,"0.06 + 0.42 + 0.39 + 0.18 + 0.27 + 0.18 + 0.36 + 0.3 + 0.15 + 0.3 + 0.14 + 0.27 + 0.13 + 0.16",3.31,"1*0.98 + 1*2.48 + 8*1.65 + 5*2.58 + 2*1.48 + 1*6.61 + 2*1.92 + 8*1.57 + 26*2.09 + 68*2.12 + 8*2.25 + 2*1.03 + 3*0.53 + 15*1.97 + 12*2.18 + 2*0.93 + 1*1.3 + 1*2.21 + 5*1.04 + 1*7.27 + 1*2.87 + 2*1.31 + 1*1.7 + 38*2.07 + 12*15.62 + 23*4.28 + 9*15.22",857.94
"k580wm80a","6 a2111oi_0, 4 a211o_1, 18 a211oi_1, 6 a21boi_0, 17 a21o_1, 247 a21oi_1, 4 a221o_1, 19 a221oi_1, 24 a222oi_1, 7 a22o_1, 19 a22oi_1, 2 a311o_1, 4 a311oi_1, 2 a31o_1, 41 a31oi_1, 4 a32o_1, 9 a32oi_1, 2 a41o_1, 7 a41oi_1, 24 and2_0, 24 and3_1, 2 and4_1, 139 clkinv_1, 78 dfrtp_1, 2 dfstp_2, 103 dfxtp_1, 7 maj3_1, 36 mux2_1, 28 mux2i_1, 8 mux4_2, 323 nand2_1, 41 nand2b_1, 59 nand3_1, 3 nand3b_1, 20 nand4_1, 2 nand4b_1, 267 nor2_1, 33 nor2b_1, 43 nor3_1, 1 nor3b_1, 15 nor4_1, 1 nor4b_1, 5 o2111ai_1, 20 o211ai_1, 10 o21a_1, 218 o21ai_0, 1 o21bai_1, 1 o221a_1, 14 o221ai_1, 5 o22a_1, 32 o22ai_1, 1 o2bb2ai_1, 2 o311a_1, 4 o311ai_0, 1 o31a_1, 29 o31ai_1, 6 o32a_1, 1 o32ai_1, 5 o41ai_1, 23 or2_0, 8 or3_1, 7 or4_1, 68 xnor2_1, 1 xnor3_1, 43 xor2_1","6*8.76 + 4*8.76 + 18*7.51 + 6*7.51 + 17*7.51 + 247*5.0 + 4*10.01 + 19*8.76 + 24*10.01 + 7*8.76 + 19*7.51 + 2*10.01 + 4*8.76 + 2*8.76 + 41*6.26 + 4*10.01 + 9*8.76 + 2*10.01 + 7*8.76 + 24*6.26 + 24*6.26 + 2*8.76 + 139*3.75 + 78*25.02 + 2*26.28 + 103*20.02 + 7*10.01 + 36*11.26 + 28*10.01 + 8*22.52 + 323*3.75 + 41*6.26 + 59*5.0 + 3*7.51 + 20*6.26 + 2*8.76 + 267*3.75 + 33*6.26 + 43*5.0 + 1*7.51 + 15*6.26 + 1*8.76 + 5*8.76 + 20*7.51 + 10*7.51 + 218*5.0 + 1*7.51 + 1*11.26 + 14*8.76 + 5*8.76 + 32*6.26 + 1*8.76 + 2*10.01 + 4*8.76 + 1*8.76 + 29*7.51 + 6*10.01 + 1*8.76 + 5*8.76 + 23*6.26 + 8*6.26 + 7*7.51 + 68*8.76 + 1*22.52 + 43*8.76",15502.29,"0.78 + 0.33 + 0.23 + 3.09 + 0.59 + 0.54 + 1.17 + 0.21 + 0.43",7.37,"6*0.42 + 4*3.14 + 18*0.98 + 6*2.48 + 17*5.9 + 247*1.65 + 4*2.66 + 19*1.78 + 24*2.43 + 7*4.06 + 19*2.58 + 2*1.57 + 4*0.97 + 2*2.37 + 41*1.48 + 4*2.3 + 9*1.25 + 2*6.61 + 7*1.36 + 24*1.92 + 24*5.59 + 2*3.4 + 139*1.57 + 78*11.65 + 2*10.52 + 103*8.44 + 7*2.09 + 36*4.03 + 28*5.89 + 8*6.37 + 323*2.12 + 41*2.25 + 59*1.03 + 3*1.4 + 20*0.53 + 2*1.03 + 267*1.97 + 33*2.18 + 43*0.93 + 1*1.3 + 15*0.5 + 1*0.91 + 5*0.58 + 20*0.7 + 10*2.21 + 218*1.04 + 1*2.87 + 1*2.73 + 14*1.09 + 5*2.76 + 32*1.31 + 1*1.85 + 2*3.77 + 4*0.64 + 1*2.07 + 29*1.7 + 6*1.66 + 1*1.09 + 5*1.39 + 23*1.26 + 8*1.28 + 7*0.85 + 68*2.07 + 1*15.62 + 43*4.28",5742.7
"alu","2 a2111oi_0, 10 a211o_1, 43 a211oi_1, 3 a21boi_0, 12 a21o_1, 389 a21oi_1, 4 a221o_1, 16 a221oi_1, 20 a22o_1, 23 a22oi_1, 1 a2bb2oi_1, 2 a311o_1, 6 a311oi_1, 2 a31o_1, 21 a31oi_1, 17 a32o_1, 1 a32oi_1, 36 and2_0, 4 and3_1, 1 and3b_1, 71 clkinv_1, 11 maj3_1, 45 mux2_1, 88 mux2i_1, 5 mux4_2, 329 nand2_1, 44 nand2b_1, 26 nand3_1, 1 nand3b_1, 5 nand4_1, 2 nand4b_1, 1 nand4bb_1, 258 nor2_1, 52 nor2b_1, 32 nor3_1, 3 nor3b_1, 14 nor4_1, 2 nor4b_1, 1 nor4bb_1, 2 o2111ai_1, 1 o211a_1, 13 o211ai_1, 11 o21a_1, 281 o21ai_0, 2 o21ba_1, 3 o21bai_1, 3 o221ai_1, 14 o22ai_1, 6 o2bb2ai_1, 2 o311a_1, 11 o311ai_0, 1 o31a_1, 5 o31ai_1, 1 o32a_1, 4 o32ai_1, 1 o41ai_1, 26 or2_0, 16 or3_1, 9 or4_1, 1 or4b_1, 43 xnor2_1, 1 xnor3_1, 90 xor2_1","2*8.76 + 10*8.76 + 43*7.51 + 3*7.51 + 12*7.51 + 389*5.0 + 4*10.01 + 16*8.76 + 20*8.76 + 23*7.51 + 1*8.76 + 2*10.01 + 6*8.76 + 2*8.76 + 21*6.26 + 17*10.01 + 1*8.76 + 36*6.26 + 4*6.26 + 1*8.76 + 71*3.75 + 11*10.01 + 45*11.26 + 88*10.01 + 5*22.52 + 329*3.75 + 44*6.26 + 26*5.0 + 1*7.51 + 5*6.26 + 2*8.76 + 1*11.26 + 258*3.75 + 52*6.26 + 32*5.0 + 3*7.51 + 14*6.26 + 2*8.76 + 1*10.01 + 2*8.76 + 1*10.01 + 13*7.51 + 11*7.51 + 281*5.0 + 2*10.01 + 3*7.51 + 3*8.76 + 14*6.26 + 6*8.76 + 2*10.01 + 11*8.76 + 1*8.76 + 5*7.51 + 1*10.01 + 4*8.76 + 1*8.76 + 26*6.26 + 16*6.26 + 9*7.51 + 1*10.01 + 43*8.76 + 1*22.52 + 90*8.76",12422.7,"0.38 + 0.23 + 0.22 + 0.2 + 0.22 + 0.13 + 0.16 + 0.12 + 0.3 + 0.43 + 0.26 + 0.1 + 0.44 + 0.18 + 0.45 + 0.18 + 0.45 + 0.19 + 0.33 + 0.33 + 0.17 + 0.32 + 0.17 + 0.29 + 0.14 + 0.31 + 0.15 + 0.22 + 0.11 + 0.19 + 0.23 + 0.33 + 0.14",8.07,"2*0.42 + 10*3.14 + 43*0.98 + 3*2.48 + 12*5.9 + 389*1.65 + 4*2.66 + 16*1.78 + 20*4.06 + 23*2.58 + 1*3.38 + 2*1.57 + 6*0.97 + 2*2.37 + 21*1.48 + 17*2.3 + 1*1.25 + 36*1.92 + 4*5.59 + 1*7.06 + 71*1.57 + 11*2.09 + 45*4.03 + 88*5.89 + 5*6.37 + 329*2.12 + 44*2.25 + 26*1.03 + 1*1.4 + 5*0.53 + 2*1.03 + 1*1.9 + 258*1.97 + 52*2.18 + 32*0.93 + 3*1.3 + 14*0.5 + 2*0.91 + 1*3.2 + 2*0.58 + 1*10.66 + 13*0.7 + 11*2.21 + 281*1.04 + 2*7.27 + 3*2.87 + 3*1.09 + 14*1.31 + 6*1.85 + 2*3.77 + 11*0.64 + 1*2.07 + 5*1.7 + 1*1.66 + 4*1.09 + 1*1.39 + 26*1.26 + 16*1.28 + 9*0.85 + 1*2.14 + 43*2.07 + 1*15.62 + 90*4.28",4504.48
"simple_pic","1 a211oi_1, 1 a21boi_0, 7 a21oi_1, 1 a311oi_1, 3 a31oi_1, 1 a41oi_1, 1 and4b_1, 8 clkinv_1, 20 dfxtp_1, 4 nand2_1, 3 nand2b_1, 3 nand3_1, 2 nand3b_1, 1 nand4_1, 1 nand4b_1, 21 nor2_1, 1 nor3_1, 2 nor4_1, 1 o21a_1, 6 o21ai_0, 1 o21ba_1, 1 o22ai_1, 2 o31ai_1, 1 or2_0, 1 or4_1, 1 xor2_1","1*7.51 + 1*7.51 + 7*5.0 + 1*8.76 + 3*6.26 + 1*8.76 + 1*10.01 + 8*3.75 + 20*20.02 + 4*3.75 + 3*6.26 + 3*5.0 + 2*7.51 + 1*6.26 + 1*8.76 + 21*3.75 + 1*5.0 + 2*6.26 + 1*7.51 + 6*5.0 + 1*10.01 + 1*6.26 + 2*7.51 + 1*6.26 + 1*7.51 + 1*8.76",793.15,"0.31 + 0.59 + 0.18 + 0.17 + 0.32 + 0.16 + 0.13",1.86,"1*0.98 + 1*2.48 + 7*1.65 + 1*0.97 + 3*1.48 + 1*1.36 + 1*5.99 + 8*1.57 + 20*8.44 + 4*2.12 + 3*2.25 + 3*1.03 + 2*1.4 + 1*0.53 + 1*1.03 + 21*1.97 + 1*0.93 + 2*0.5 + 1*2.21 + 6*1.04 + 1*7.27 + 1*1.31 + 2*1.7 + 1*1.26 + 1*0.85 + 1*4.28",301.93
"b2d","2 a21oi_1, 3 a22oi_1, 8 a31oi_1, 1 a32oi_1, 2 clkinv_1, 10 nand2_1, 2 nand2b_1, 3 nand3_1, 4 nand3b_1, 8 nor2_1, 9 nor2b_1, 8 nor3_1, 7 o21ai_0, 1 o22ai_1, 1 o311ai_0, 1 or2_0, 2 or4b_1","2*5.0 + 3*7.51 + 8*6.26 + 1*8.76 + 2*3.75 + 10*3.75 + 2*6.26 + 3*5.0 + 4*7.51 + 8*3.75 + 9*6.26 + 8*5.0 + 7*5.0 + 1*6.26 + 1*8.76 + 1*6.26 + 2*10.01",396.57,"0.46",0.46,"2*1.65 + 3*2.58 + 8*1.48 + 1*1.25 + 2*1.57 + 10*2.12 + 2*2.25 + 3*1.03 + 4*1.4 + 8*1.97 + 9*2.18 + 8*0.93 + 7*1.04 + 1*1.31 + 1*0.64 + 1*1.26 + 2*2.14",119.25
"vid_timer16","1 a2111oi_0, 1 a211oi_1, 1 a21boi_0, 2 a21o_1, 32 a21oi_1, 1 a22oi_1, 4 a311oi_1, 2 a31o_1, 5 a31oi_1, 2 a32oi_1, 15 and2_0, 9 and3_1, 1 and3b_1, 7 and4_1, 2 and4b_1, 7 clkinv_1, 73 dfxtp_1, 24 nand2_1, 1 nand2b_1, 10 nand3_1, 1 nand3b_1, 10 nand4_1, 40 nor2_1, 2 nor2b_1, 26 nor3_1, 6 nor3b_1, 10 nor4_1, 4 nor4b_1, 2 nor4bb_1, 2 o211ai_1, 4 o21a_1, 15 o21ai_0, 1 o21bai_1, 3 o31ai_1, 1 o32ai_1, 1 or2_0, 2 or3_1, 2 or4_1, 9 xnor2_1, 5 xor2_1","1*8.76 + 1*7.51 + 1*7.51 + 2*7.51 + 32*5.0 + 1*7.51 + 4*8.76 + 2*8.76 + 5*6.26 + 2*8.76 + 15*6.26 + 9*6.26 + 1*8.76 + 7*8.76 + 2*10.01 + 7*3.75 + 73*20.02 + 24*3.75 + 1*6.26 + 10*5.0 + 1*7.51 + 10*6.26 + 40*3.75 + 2*6.26 + 26*5.0 + 6*7.51 + 10*6.26 + 4*8.76 + 2*10.01 + 2*7.51 + 4*7.51 + 15*5.0 + 1*7.51 + 3*7.51 + 1*8.76 + 1*6.26 + 2*6.26 + 2*7.51 + 9*8.76 + 5*8.76",3022.65,"0.3 + 0.6 + 0.3 + 0.37 + 0.1 + 0.16 + 0.12",1.95,"1*0.42 + 1*0.98 + 1*2.48 + 2*5.9 + 32*1.65 + 1*2.58 + 4*0.97 + 2*2.37 + 5*1.48 + 2*1.25 + 15*1.92 + 9*5.59 + 1*7.06 + 7*3.4 + 2*5.99 + 7*1.57 + 73*8.44 + 24*2.12 + 1*2.25 + 10*1.03 + 1*1.4 + 10*0.53 + 40*1.97 + 2*2.18 + 26*0.93 + 6*1.3 + 10*0.5 + 4*0.91 + 2*3.2 + 2*0.7 + 4*2.21 + 15*1.04 + 1*2.87 + 3*1.7 + 1*1.09 + 1*1.26 + 2*1.28 + 2*0.85 + 9*2.07 + 5*4.28",1119.4
"Final_Result_IEEE","32 clkinv_1, 96 dfxtp_1, 64 mux2_1, 32 mux2i_1, 33 nand2_1, 1 nor2b_1, 32 o21ai_0","32*3.75 + 96*20.02 + 64*11.26 + 32*10.01 + 33*3.75 + 1*6.26 + 32*5.0",3372.89,"1.5 + 0.39",1.89,"32*1.57 + 96*8.44 + 64*4.03 + 32*5.89 + 33*2.12 + 1*2.18 + 32*1.04",1412.3
"mux_2to1","1 mux2_1","1*11.26",11.26,"0.26",0.26,"1*4.03",4.03
"audio_fifo","1 a2111oi_0, 14 a211oi_1, 3 a21o_1, 20 a21oi_1, 4 a22oi_1, 7 a2bb2oi_1, 1 a311o_1, 2 and2_0, 1 and3_1, 2 clkinv_1, 193 dfxtp_1, 170 mux2_1, 10 mux2i_1, 40 mux4_2, 8 nand2_1, 7 nand2b_1, 2 nand3_1, 2 nand3b_1, 26 nor2_1, 3 nor2b_1, 3 nor3_1, 2 nor3b_1, 1 nor4_1, 1 o21a_1, 5 o21ai_0, 1 o21bai_1, 4 o221a_1, 2 o22a_1, 2 o22ai_1, 3 o2bb2ai_1, 3 o311a_1, 1 xnor2_1, 3 xor2_1","1*8.76 + 14*7.51 + 3*7.51 + 20*5.0 + 4*7.51 + 7*8.76 + 1*10.01 + 2*6.26 + 1*6.26 + 2*3.75 + 193*20.02 + 170*11.26 + 10*10.01 + 40*22.52 + 8*3.75 + 7*6.26 + 2*5.0 + 2*7.51 + 26*3.75 + 3*6.26 + 3*5.0 + 2*7.51 + 1*6.26 + 1*7.51 + 5*5.0 + 1*7.51 + 4*11.26 + 2*8.76 + 2*6.26 + 3*8.76 + 3*10.01 + 1*8.76 + 3*8.76",7600.89,"1.75 + 0.65 + 0.33 + 0.18 + 0.19",3.1,"1*0.42 + 14*0.98 + 3*5.9 + 20*1.65 + 4*2.58 + 7*3.38 + 1*1.57 + 2*1.92 + 1*5.59 + 2*1.57 + 193*8.44 + 170*4.03 + 10*5.89 + 40*6.37 + 8*2.12 + 7*2.25 + 2*1.03 + 2*1.4 + 26*1.97 + 3*2.18 + 3*0.93 + 2*1.3 + 1*0.5 + 1*2.21 + 5*1.04 + 1*2.87 + 4*2.73 + 2*2.76 + 2*1.31 + 3*1.85 + 3*3.77 + 1*2.07 + 3*4.28",2903.01
"up_counter","2 a21oi_1, 1 a41oi_1, 1 and3_1, 4 dfxtp_1, 1 nor2_1, 1 nor3_1, 1 o21a_1, 1 o21bai_1","2*5.0 + 1*8.76 + 1*6.26 + 4*20.02 + 1*3.75 + 1*5.0 + 1*7.51 + 1*7.51",128.87,"0.31 + 0.17 + 0.15",0.63,"2*1.65 + 1*1.36 + 1*5.59 + 4*8.44 + 1*1.97 + 1*0.93 + 1*2.21 + 1*2.87",51.99
"num_7","5 nor2_1, 2 xor2_1","5*3.75 + 2*8.76",36.27,"0.13 + 0.04",0.17,"5*1.97 + 2*4.28",18.41
"mux_4to1_enable","4 and2_0, 4 mux4_2","4*6.26 + 4*22.52",115.12,"0.45 + 0.14",0.59,"4*1.92 + 4*6.37",33.16
"bin2bcd","1 conb_1, 4 dfxtp_1","1*3.75 + 4*20.02",83.83,"0.26",0.26,"1*3.24 + 4*8.44",37.0
"multiplier_block","1 a211o_1, 2 a211oi_1, 2 a21boi_0, 2 a21o_1, 5 a21oi_1, 1 a31oi_1, 9 and2_0, 9 clkinv_1, 1 conb_1, 39 maj3_1, 18 nand2_1, 1 nand2b_1, 28 nor2_1, 7 nor2b_1, 4 nor3_1, 7 o21a_1, 5 o21ai_0, 1 o311ai_0, 2 o31ai_1, 1 o32ai_1, 5 or2_0, 73 xnor2_1, 4 xnor3_1, 33 xor2_1, 3 xor3_1","1*8.76 + 2*7.51 + 2*7.51 + 2*7.51 + 5*5.0 + 1*6.26 + 9*6.26 + 9*3.75 + 1*3.75 + 39*10.01 + 18*3.75 + 1*6.26 + 28*3.75 + 7*6.26 + 4*5.0 + 7*7.51 + 5*5.0 + 1*8.76 + 2*7.51 + 1*8.76 + 5*6.26 + 73*8.76 + 4*22.52 + 33*8.76 + 3*23.77",2043.25,"0.13 + 0.38 + 0.39 + 0.18 + 0.37 + 0.38 + 0.38 + 0.38 + 0.39 + 0.38 + 0.39 + 0.39 + 0.4 + 0.17 + 0.39 + 0.39 + 0.39 + 0.39 + 0.39 + 0.39 + 0.39 + 0.37 + 0.11",7.92,"1*3.14 + 2*0.98 + 2*2.48 + 2*5.9 + 5*1.65 + 1*1.48 + 9*1.92 + 9*1.57 + 1*3.24 + 39*2.09 + 18*2.12 + 1*2.25 + 28*1.97 + 7*2.18 + 4*0.93 + 7*2.21 + 5*1.04 + 1*0.64 + 2*1.7 + 1*1.09 + 5*1.26 + 73*2.07 + 4*15.62 + 33*4.28 + 3*15.22",694.89
"multiplier","5 a21boi_0, 44 a21oi_1, 6 a22o_1, 4 a22oi_1, 1 a2bb2oi_1, 2 a311oi_1, 2 a31o_1, 8 a31oi_1, 24 and2_0, 5 and3_1, 16 clkinv_1, 126 maj3_1, 294 nand2_1, 27 nand2b_1, 7 nand3_1, 10 nand4_1, 77 nor2_1, 31 nor2b_1, 5 nor3_1, 1 o211a_1, 2 o211ai_1, 6 o21a_1, 22 o21ai_0, 1 o21ba_1, 1 o221a_1, 6 o22a_1, 1 o22ai_1, 1 o311ai_0, 1 o41ai_1, 2 or2_0, 2 or3_1, 1 or3b_1, 212 xnor2_1, 29 xnor3_1, 137 xor2_1, 26 xor3_1","5*7.51 + 44*5.0 + 6*8.76 + 4*7.51 + 1*8.76 + 2*8.76 + 2*8.76 + 8*6.26 + 24*6.26 + 5*6.26 + 16*3.75 + 126*10.01 + 294*3.75 + 27*6.26 + 7*5.0 + 10*6.26 + 77*3.75 + 31*6.26 + 5*5.0 + 1*10.01 + 2*7.51 + 6*7.51 + 22*5.0 + 1*10.01 + 1*11.26 + 6*8.76 + 1*6.26 + 1*8.76 + 1*8.76 + 2*6.26 + 2*6.26 + 1*8.76 + 212*8.76 + 29*22.52 + 137*8.76 + 26*23.77",8453.6,"0.13 + 0.41 + 0.39 + 0.38 + 0.37 + 0.21 + 0.21 + 0.21 + 0.14 + 0.31 + 0.13 + 0.21 + 0.16 + 0.24 + 0.17 + 0.14 + 0.09 + 0.14 + 0.49 + 0.22 + 0.24 + 0.13 + 0.26 + 0.14 + 0.38 + 0.15",6.05,"5*2.48 + 44*1.65 + 6*4.06 + 4*2.58 + 1*3.38 + 2*0.97 + 2*2.37 + 8*1.48 + 24*1.92 + 5*5.59 + 16*1.57 + 126*2.09 + 294*2.12 + 27*2.25 + 7*1.03 + 10*0.53 + 77*1.97 + 31*2.18 + 5*0.93 + 1*10.66 + 2*0.7 + 6*2.21 + 22*1.04 + 1*7.27 + 1*2.73 + 6*2.76 + 1*1.31 + 1*0.64 + 1*1.39 + 2*1.26 + 2*1.28 + 1*2.59 + 212*2.07 + 29*15.62 + 137*4.28 + 26*15.22",3384.2
"credit_manager","2 a2111oi_0, 1 a211o_1, 19 a211oi_1, 3 a21o_1, 18 a21oi_1, 2 a221oi_1, 1 a22o_1, 3 a22oi_1, 1 a311o_1, 1 a311oi_1, 1 a31o_1, 2 a31oi_1, 4 and2_0, 1 and3_1, 25 clkinv_1, 1 conb_1, 21 dfxtp_1, 18 maj3_1, 4 mux2_1, 9 mux2i_1, 16 nand2_1, 6 nand2b_1, 3 nand3_1, 32 nor2_1, 6 nor2b_1, 11 nor3_1, 5 o211ai_1, 3 o21a_1, 16 o21ai_0, 1 o21bai_1, 1 o221ai_1, 1 o22a_1, 1 o22ai_1, 2 o31ai_1, 1 or2_0, 2 or3_1, 1 or4_1, 43 xnor2_1, 21 xor2_1","2*8.76 + 1*8.76 + 19*7.51 + 3*7.51 + 18*5.0 + 2*8.76 + 1*8.76 + 3*7.51 + 1*10.01 + 1*8.76 + 1*8.76 + 2*6.26 + 4*6.26 + 1*6.26 + 25*3.75 + 1*3.75 + 21*20.02 + 18*10.01 + 4*11.26 + 9*10.01 + 16*3.75 + 6*6.26 + 3*5.0 + 32*3.75 + 6*6.26 + 11*5.0 + 5*7.51 + 3*7.51 + 16*5.0 + 1*7.51 + 1*8.76 + 1*8.76 + 1*6.26 + 2*7.51 + 1*6.26 + 2*6.26 + 1*7.51 + 43*8.76 + 21*8.76",2333.33,"0.31 + 0.16 + 0.38 + 0.39 + 0.39 + 0.39 + 0.39 + 0.39 + 0.09 + 0.06 + 0.22 + 0.08 + 0.32 + 0.09",3.66,"2*0.42 + 1*3.14 + 19*0.98 + 3*5.9 + 18*1.65 + 2*1.78 + 1*4.06 + 3*2.58 + 1*1.57 + 1*0.97 + 1*2.37 + 2*1.48 + 4*1.92 + 1*5.59 + 25*1.57 + 1*3.24 + 21*8.44 + 18*2.09 + 4*4.03 + 9*5.89 + 16*2.12 + 6*2.25 + 3*1.03 + 32*1.97 + 6*2.18 + 11*0.93 + 5*0.7 + 3*2.21 + 16*1.04 + 1*2.87 + 1*1.09 + 1*2.76 + 1*1.31 + 2*1.7 + 1*1.26 + 2*1.28 + 1*0.85 + 43*2.07 + 21*4.28",791.6
"SoundDriver","2 a21oi_1, 1 a31o_1, 18 a31oi_1, 2 and4_1, 2 clkinv_1, 1 conb_1, 59 dfxtp_1, 47 mux2_1, 1 mux2i_1, 7 nand2_1, 2 nand3_1, 18 nand4_1, 16 nor2_1, 1 o21ai_0, 15 o31ai_1, 5 xnor2_1, 1 xor2_1","2*5.0 + 1*8.76 + 18*6.26 + 2*8.76 + 2*3.75 + 1*3.75 + 59*20.02 + 47*11.26 + 1*10.01 + 7*3.75 + 2*5.0 + 18*6.26 + 16*3.75 + 1*5.0 + 15*7.51 + 5*8.76 + 1*8.76",2259.76,"0.37 + 0.79 + 0.23 + 0.18",1.57,"2*1.65 + 1*2.37 + 18*1.48 + 2*3.4 + 2*1.57 + 1*3.24 + 59*8.44 + 47*4.03 + 1*5.89 + 7*2.12 + 2*1.03 + 18*0.53 + 16*1.97 + 1*1.04 + 15*1.7 + 5*2.07 + 1*4.28",837.88
"poly1305_mulacc","1 a211oi_1, 2 a21bo_1, 41 a21boi_0, 43 a21o_1, 336 a21oi_1, 16 a22o_1, 62 a22oi_1, 3 a2bb2oi_1, 2 a311oi_1, 35 a31oi_1, 1 a41o_1, 88 and2_0, 39 and3_1, 1 and3b_1, 2 and4_1, 204 clkinv_1, 64 dfxtp_1, 758 maj3_1, 1762 nand2_1, 96 nand2b_1, 112 nand3_1, 1 nand3b_1, 28 nand4_1, 371 nor2_1, 315 nor2b_1, 11 nor3_1, 2 nor3b_1, 3 o211a_1, 42 o21a_1, 346 o21ai_0, 1 o21ba_1, 27 o21bai_1, 1 o221ai_1, 46 o22a_1, 11 o22ai_1, 3 o311a_1, 1 o311ai_0, 4 o31a_1, 3 o31ai_1, 48 or2_0, 42 or3_1, 1 or3b_1, 2 or4_1, 1495 xnor2_1, 102 xnor3_1, 969 xor2_1, 57 xor3_1","1*7.51 + 2*10.01 + 41*7.51 + 43*7.51 + 336*5.0 + 16*8.76 + 62*7.51 + 3*8.76 + 2*8.76 + 35*6.26 + 1*10.01 + 88*6.26 + 39*6.26 + 1*8.76 + 2*8.76 + 204*3.75 + 64*20.02 + 758*10.01 + 1762*3.75 + 96*6.26 + 112*5.0 + 1*7.51 + 28*6.26 + 371*3.75 + 315*6.26 + 11*5.0 + 2*7.51 + 3*10.01 + 42*7.51 + 346*5.0 + 1*10.01 + 27*7.51 + 1*8.76 + 46*8.76 + 11*6.26 + 3*10.01 + 1*8.76 + 4*8.76 + 3*7.51 + 48*6.26 + 42*6.26 + 1*8.76 + 2*7.51 + 1495*8.76 + 102*22.52 + 969*8.76 + 57*23.77",53745.56,"0.28 + 0.13 + 0.38 + 0.37 + 0.37 + 0.38 + 0.32 + 0.13 + 0.36 + 0.17 + 0.18 + 0.19 + 0.09 + 0.25 + 0.15 + 0.19 + 0.21 + 0.13 + 0.1 + 0.4 + 0.24 + 0.31 + 0.29 + 0.34 + 0.21 + 0.36 + 0.3 + 0.18 + 0.33 + 0.18 + 0.33 + 0.2 + 0.41 + 0.19 + 0.41 + 0.19 + 0.36 + 0.14 + 0.27 + 0.13 + 0.26 + 0.13 + 0.26 + 0.11 + 0.22 + 0.1",11.23,"1*0.98 + 2*7.27 + 41*2.48 + 43*5.9 + 336*1.65 + 16*4.06 + 62*2.58 + 3*3.38 + 2*0.97 + 35*1.48 + 1*6.61 + 88*1.92 + 39*5.59 + 1*7.06 + 2*3.4 + 204*1.57 + 64*8.44 + 758*2.09 + 1762*2.12 + 96*2.25 + 112*1.03 + 1*1.4 + 28*0.53 + 371*1.97 + 315*2.18 + 11*0.93 + 2*1.3 + 3*10.66 + 42*2.21 + 346*1.04 + 1*7.27 + 27*2.87 + 1*1.09 + 46*2.76 + 11*1.31 + 3*3.77 + 1*0.64 + 4*2.07 + 3*1.7 + 48*1.26 + 42*1.28 + 1*2.59 + 2*0.85 + 1495*2.07 + 102*15.62 + 969*4.28 + 57*15.22",20138.11
"SendChars","1 a2111oi_0, 3 a211oi_1, 8 a21oi_1, 1 a222oi_1, 1 a311oi_1, 1 and2_0, 3 and3_1, 10 dfxtp_1, 9 nand2_1, 1 nand2b_1, 2 nand3_1, 1 nand3b_1, 8 nor2_1, 1 nor2b_1, 6 nor3_1, 1 o211ai_1, 1 o21a_1, 1 o21ai_0, 1 o32a_1, 1 or2_0, 3 or3_1, 3 xnor2_1, 2 xor2_1","1*8.76 + 3*7.51 + 8*5.0 + 1*10.01 + 1*8.76 + 1*6.26 + 3*6.26 + 10*20.02 + 9*3.75 + 1*6.26 + 2*5.0 + 1*7.51 + 8*3.75 + 1*6.26 + 6*5.0 + 1*7.51 + 1*7.51 + 1*5.0 + 1*10.01 + 1*6.26 + 3*6.26 + 3*8.76 + 2*8.76",537.95,"0.41 + 0.28 + 0.15 + 0.17 + 0.08 + 0.34 + 0.13 + 0.32",1.88,"1*0.42 + 3*0.98 + 8*1.65 + 1*2.43 + 1*0.97 + 1*1.92 + 3*5.59 + 10*8.44 + 9*2.12 + 1*2.25 + 2*1.03 + 1*1.4 + 8*1.97 + 1*2.18 + 6*0.93 + 1*0.7 + 1*2.21 + 1*1.04 + 1*1.66 + 1*1.26 + 3*1.28 + 3*2.07 + 2*4.28",196.84
"my_module","1 o221ai_1","1*8.76",8.76,"0.12",0.12,"1*1.09",1.09
"csrbrg","1 a211o_1, 1 a41oi_1, 83 dfxtp_1, 1 nand2_1, 1 nand3_1, 1 nor2_1, 1 nor2b_1, 1 nor4_1, 1 nor4b_1","1*8.76 + 1*8.76 + 83*20.02 + 1*3.75 + 1*5.0 + 1*3.75 + 1*6.26 + 1*6.26 + 1*8.76",1712.96,"0.28 + 0.25",0.53,"1*3.14 + 1*1.36 + 83*8.44 + 1*2.12 + 1*1.03 + 1*1.97 + 1*2.18 + 1*0.5 + 1*0.91",713.73
"adder","1 a21o_1, 4 a21oi_1, 1 a31oi_1, 4 and2_0, 1 and4_1, 3 clkinv_1, 4 maj3_1, 3 nand2_1, 7 nor2_1, 1 nor2b_1, 2 nor3_1, 1 o211ai_1, 2 o21a_1, 6 o21ai_0, 1 o21bai_1, 1 o32ai_1, 1 or2_0, 1 or3_1, 1 or4b_1, 8 xnor2_1, 1 xnor3_1, 2 xor2_1","1*7.51 + 4*5.0 + 1*6.26 + 4*6.26 + 1*8.76 + 3*3.75 + 4*10.01 + 3*3.75 + 7*3.75 + 1*6.26 + 2*5.0 + 1*7.51 + 2*7.51 + 6*5.0 + 1*7.51 + 1*8.76 + 1*6.26 + 1*6.26 + 1*10.01 + 8*8.76 + 1*22.52 + 2*8.76",374.07,"0.22 + 0.1 + 0.38 + 0.18 + 0.28 + 0.5 + 0.15 + 0.09",1.9,"1*5.9 + 4*1.65 + 1*1.48 + 4*1.92 + 1*3.4 + 3*1.57 + 4*2.09 + 3*2.12 + 7*1.97 + 1*2.18 + 2*0.93 + 1*0.7 + 2*2.21 + 6*1.04 + 1*2.87 + 1*1.09 + 1*1.26 + 1*1.28 + 1*2.14 + 8*2.07 + 1*15.62 + 2*4.28",123.06
"barrel_shifter","3 a211o_1, 1 a211oi_1, 7 a21oi_1, 3 a22oi_1, 48 dfxtp_1, 5 mux2_1, 22 mux2i_1, 4 mux4_2, 3 nand2b_1, 10 nor2_1, 3 nor2b_1, 1 o21a_1, 4 o21ai_0, 2 or3_1","3*8.76 + 1*7.51 + 7*5.0 + 3*7.51 + 48*20.02 + 5*11.26 + 22*10.01 + 4*22.52 + 3*6.26 + 10*3.75 + 3*6.26 + 1*7.51 + 4*5.0 + 2*6.26",1533.97,"0.29 + 0.3 + 0.45 + 0.09 + 0.04",1.17,"3*3.14 + 1*0.98 + 7*1.65 + 3*2.58 + 48*8.44 + 5*4.03 + 22*5.89 + 4*6.37 + 3*2.25 + 10*1.97 + 3*2.18 + 1*2.21 + 4*1.04 + 2*1.28",651.94
"ads62p44_spi","2 a211oi_1, 2 a21o_1, 17 a21oi_1, 2 a221oi_1, 5 a22o_1, 1 a22oi_1, 1 a31o_1, 8 a31oi_1, 2 a32oi_1, 3 and2_0, 2 and3_1, 1 and3b_1, 1 and4b_1, 2 clkinv_1, 37 dfrtp_1, 3 dfstp_2, 3 mux2_1, 11 nand2_1, 1 nand2b_1, 4 nand3_1, 1 nand4_1, 21 nor2_1, 1 nor2b_1, 7 nor3_1, 1 nor4_1, 2 nor4b_1, 2 o21a_1, 9 o21ai_0, 2 o22a_1, 2 or2_0, 1 or3_1, 4 xnor2_1","2*7.51 + 2*7.51 + 17*5.0 + 2*8.76 + 5*8.76 + 1*7.51 + 1*8.76 + 8*6.26 + 2*8.76 + 3*6.26 + 2*6.26 + 1*8.76 + 1*10.01 + 2*3.75 + 37*25.02 + 3*26.28 + 3*11.26 + 11*3.75 + 1*6.26 + 4*5.0 + 1*6.26 + 21*3.75 + 1*6.26 + 7*5.0 + 1*6.26 + 2*8.76 + 2*7.51 + 9*5.0 + 2*8.76 + 2*6.26 + 1*6.26 + 4*8.76",1705.08,"0.41 + 0.44 + 0.8 + 0.1 + 0.2",1.95,"2*0.98 + 2*5.9 + 17*1.65 + 2*1.78 + 5*4.06 + 1*2.58 + 1*2.37 + 8*1.48 + 2*1.25 + 3*1.92 + 2*5.59 + 1*7.06 + 1*5.99 + 2*1.57 + 37*11.65 + 3*10.52 + 3*4.03 + 11*2.12 + 1*2.25 + 4*1.03 + 1*0.53 + 21*1.97 + 1*2.18 + 7*0.93 + 1*0.5 + 2*0.91 + 2*2.21 + 9*1.04 + 2*2.76 + 2*1.26 + 1*1.28 + 4*2.07",706.77
"jtag_uart_interface","18 a211oi_1, 1 a21boi_0, 18 a21oi_1, 1 a221oi_1, 8 a22oi_1, 1 a2bb2oi_1, 2 a31o_1, 3 a31oi_1, 1 a41o_1, 2 a41oi_1, 2 and3_1, 8 clkinv_1, 40 dfxtp_1, 7 maj3_1, 19 nand2_1, 4 nand2b_1, 3 nand4_1, 56 nor2_1, 2 nor2b_1, 4 nor3_1, 9 nor4_1, 1 nor4b_1, 2 o211ai_1, 1 o21a_1, 9 o21ai_0, 1 o22ai_1, 1 o31a_1, 1 o32a_1, 1 o41a_1, 4 or2_0, 30 xnor2_1, 19 xor2_1","18*7.51 + 1*7.51 + 18*5.0 + 1*8.76 + 8*7.51 + 1*8.76 + 2*8.76 + 3*6.26 + 1*10.01 + 2*8.76 + 2*6.26 + 8*3.75 + 40*20.02 + 7*10.01 + 19*3.75 + 4*6.26 + 3*6.26 + 56*3.75 + 2*6.26 + 4*5.0 + 9*6.26 + 1*8.76 + 2*7.51 + 1*7.51 + 9*5.0 + 1*6.26 + 1*8.76 + 1*10.01 + 1*11.26 + 4*6.26 + 30*8.76 + 19*8.76",2268.3,"0.36 + 0.21 + 0.21 + 0.14 + 0.39 + 0.46 + 0.33 + 0.31 + 0.15 + 0.29 + 0.2 + 0.43 + 0.26 + 0.18 + 0.1",4.02,"18*0.98 + 1*2.48 + 18*1.65 + 1*1.78 + 8*2.58 + 1*3.38 + 2*2.37 + 3*1.48 + 1*6.61 + 2*1.36 + 2*5.59 + 8*1.57 + 40*8.44 + 7*2.09 + 19*2.12 + 4*2.25 + 3*0.53 + 56*1.97 + 2*2.18 + 4*0.93 + 9*0.5 + 1*0.91 + 2*0.7 + 1*2.21 + 9*1.04 + 1*1.31 + 1*2.07 + 1*1.66 + 1*1.37 + 4*1.26 + 30*2.07 + 19*4.28",812.62
"adder4","1 a222oi_1, 3 a22oi_1, 3 nand2_1, 1 nand3_1, 7 xnor2_1, 1 xor2_1","1*10.01 + 3*7.51 + 3*3.75 + 1*5.0 + 7*8.76 + 1*8.76",118.87,"0.34 + 0.11 + 0.11",0.56,"1*2.43 + 3*2.58 + 3*2.12 + 1*1.03 + 7*2.07 + 1*4.28",36.33
"compute_input_tm_cnt","1 maj3_1, 1 xor3_1","1*10.01 + 1*23.77",33.78,"0.33",0.33,"1*2.09 + 1*15.22",17.31
"branch","1 a21oi_1, 1 a221oi_1, 2 a31oi_1, 1 and2_0, 1 clkinv_1, 1 dlxtn_1, 1 mux2i_1, 1 nand2_1, 2 nand2b_1, 1 nand3_1, 3 nand3b_1, 1 nand4_1, 3 nor2_1, 2 nor2b_1, 1 nor3b_1, 1 o2111a_1, 1 o22ai_1, 1 o31ai_1, 1 or2_0, 1 or3b_1, 1 xnor2_1, 1 xor2_1","1*5.0 + 1*8.76 + 2*6.26 + 1*6.26 + 1*3.75 + 1*15.01 + 1*10.01 + 1*3.75 + 2*6.26 + 1*5.0 + 3*7.51 + 1*6.26 + 3*3.75 + 2*6.26 + 1*7.51 + 1*11.26 + 1*6.26 + 1*7.51 + 1*6.26 + 1*8.76 + 1*8.76 + 1*8.76",200.22,"0.09",0.09,"1*1.65 + 1*1.78 + 2*1.48 + 1*1.92 + 1*1.57 + 1*8.12 + 1*5.89 + 1*2.12 + 2*2.25 + 1*1.03 + 3*1.4 + 1*0.53 + 3*1.97 + 2*2.18 + 1*1.3 + 1*3.75 + 1*1.31 + 1*1.7 + 1*1.26 + 1*2.59 + 1*2.07 + 1*4.28",64.8
"delay_module","4 dfxtp_1, 1 nand2b_1, 1 nor2b_1, 1 o211a_1","4*20.02 + 1*6.26 + 1*6.26 + 1*10.01",102.61,"0.27 + 0.11 + 0.19",0.57,"4*8.44 + 1*2.25 + 1*2.18 + 1*10.66",48.85
"adder_tree_top","3 a2111oi_0, 2 a211oi_1, 3 a21boi_0, 23 a21o_1, 64 a21oi_1, 1 a221oi_1, 1 a311o_1, 6 a311oi_1, 2 a31o_1, 10 a31oi_1, 17 and2_0, 38 and3_1, 48 clkinv_1, 481 dfxtp_1, 149 maj3_1, 176 nand2_1, 20 nand2b_1, 22 nand3_1, 2 nand4_1, 68 nor2_1, 12 nor2b_1, 1 nor3_1, 1 nor4b_1, 1 nor4bb_1, 4 o2111ai_1, 1 o211ai_1, 18 o21ai_0, 4 o21ba_1, 2 o21bai_1, 5 o311ai_0, 5 o31ai_1, 1 o41ai_1, 9 or2_0, 1 or3_1, 359 xnor2_1, 5 xnor3_1, 139 xor2_1, 5 xor3_1","3*8.76 + 2*7.51 + 3*7.51 + 23*7.51 + 64*5.0 + 1*8.76 + 1*10.01 + 6*8.76 + 2*8.76 + 10*6.26 + 17*6.26 + 38*6.26 + 48*3.75 + 481*20.02 + 149*10.01 + 176*3.75 + 20*6.26 + 22*5.0 + 2*6.26 + 68*3.75 + 12*6.26 + 1*5.0 + 1*8.76 + 1*10.01 + 4*8.76 + 1*7.51 + 18*5.0 + 4*10.01 + 2*7.51 + 5*8.76 + 5*7.51 + 1*8.76 + 9*6.26 + 1*6.26 + 359*8.76 + 5*22.52 + 139*8.76 + 5*23.77",18549.28,"0.3 + 0.42 + 0.38 + 0.25 + 0.12 + 0.3 + 0.25 + 0.2 + 0.21 + 0.09 + 0.33 + 0.15 + 0.33 + 0.15 + 0.44 + 0.2 + 0.45 + 0.16 + 0.45 + 0.18 + 0.35 + 0.19 + 0.36 + 0.12 + 0.58 + 0.22 + 0.32 + 0.28 + 0.17 + 0.3 + 0.38 + 0.19 + 0.35 + 0.12 + 0.39 + 0.13 + 0.14",9.95,"3*0.42 + 2*0.98 + 3*2.48 + 23*5.9 + 64*1.65 + 1*1.78 + 1*1.57 + 6*0.97 + 2*2.37 + 10*1.48 + 17*1.92 + 38*5.59 + 48*1.57 + 481*8.44 + 149*2.09 + 176*2.12 + 20*2.25 + 22*1.03 + 2*0.53 + 68*1.97 + 12*2.18 + 1*0.93 + 1*0.91 + 1*3.2 + 4*0.58 + 1*0.7 + 18*1.04 + 4*7.27 + 2*2.87 + 5*0.64 + 5*1.7 + 1*1.39 + 9*1.26 + 1*1.28 + 359*2.07 + 5*15.62 + 139*4.28 + 5*15.22",7153.66
"booth_multiplier","1 a2111oi_0, 3 a211oi_1, 4 a21o_1, 19 a21oi_1, 2 a22oi_1, 1 a31oi_1, 1 and2_0, 1 and3_1, 2 clkinv_1, 16 dfxtp_1, 2 maj3_1, 1 mux2_1, 3 mux2i_1, 15 nand2_1, 3 nand2b_1, 3 nand3_1, 1 nand3b_1, 19 nor2_1, 4 nor2b_1, 4 nor3_1, 1 o21a_1, 3 o21ai_0, 3 o22ai_1, 1 o311a_1, 1 o31ai_1, 1 or2_0, 1 or3_1, 6 xnor2_1, 4 xor2_1","1*8.76 + 3*7.51 + 4*7.51 + 19*5.0 + 2*7.51 + 1*6.26 + 1*6.26 + 1*6.26 + 2*3.75 + 16*20.02 + 2*10.01 + 1*11.26 + 3*10.01 + 15*3.75 + 3*6.26 + 3*5.0 + 1*7.51 + 19*3.75 + 4*6.26 + 4*5.0 + 1*7.51 + 3*5.0 + 3*6.26 + 1*10.01 + 1*7.51 + 1*6.26 + 1*6.26 + 6*8.76 + 4*8.76",952.02,"0.46 + 0.41 + 0.14 + 0.12 + 0.37 + 0.38 + 0.32 + 0.13 + 0.39 + 0.13 + 0.12",2.97,"1*0.42 + 3*0.98 + 4*5.9 + 19*1.65 + 2*2.58 + 1*1.48 + 1*1.92 + 1*5.59 + 2*1.57 + 16*8.44 + 2*2.09 + 1*4.03 + 3*5.89 + 15*2.12 + 3*2.25 + 3*1.03 + 1*1.4 + 19*1.97 + 4*2.18 + 4*0.93 + 1*2.21 + 3*1.04 + 3*1.31 + 1*3.77 + 1*1.7 + 1*1.26 + 1*1.28 + 6*2.07 + 4*4.28",376.24
"sseg_driver","2 a21oi_1, 1 a221oi_1, 2 and2_0, 1 clkinv_1, 3 nand2_1, 6 nand2b_1, 1 nand3_1, 1 nand3b_1, 1 nor2b_1, 2 o21a_1, 3 o21ai_0, 1 o21bai_1, 1 o2bb2ai_1, 2 o32ai_1, 1 or2_0, 1 xnor2_1, 1 xor2_1","2*5.0 + 1*8.76 + 2*6.26 + 1*3.75 + 3*3.75 + 6*6.26 + 1*5.0 + 1*7.51 + 1*6.26 + 2*7.51 + 3*5.0 + 1*7.51 + 1*8.76 + 2*8.76 + 1*6.26 + 1*8.76 + 1*8.76",190.2,"0.12 + 0.14 + 0.14",0.4,"2*1.65 + 1*1.78 + 2*1.92 + 1*1.57 + 3*2.12 + 6*2.25 + 1*1.03 + 1*1.4 + 1*2.18 + 2*2.21 + 3*1.04 + 1*2.87 + 1*1.85 + 2*1.09 + 1*1.26 + 1*2.07 + 1*4.28",57.01
"prcfg_adc","1 a2111oi_0, 16 a21oi_1, 1 and2_0, 1 clkinv_1, 2 conb_1, 62 dfxtp_1, 16 mux2i_1, 17 nand2_1, 2 nand2b_1, 3 nand4_1, 19 nor2_1, 1 nor3_1, 4 nor4_1, 1 nor4b_1, 1 o211a_1, 1 o22a_1, 1 o31a_1, 1 or4_1, 34 xnor2_1, 12 xor2_1","1*8.76 + 16*5.0 + 1*6.26 + 1*3.75 + 2*3.75 + 62*20.02 + 16*10.01 + 17*3.75 + 2*6.26 + 3*6.26 + 19*3.75 + 1*5.0 + 4*6.26 + 1*8.76 + 1*10.01 + 1*8.76 + 1*8.76 + 1*7.51 + 34*8.76 + 12*8.76",2150.77,"1.24 + 0.16 + 0.24",1.64,"1*0.42 + 16*1.65 + 1*1.92 + 1*1.57 + 2*3.24 + 62*8.44 + 16*5.89 + 17*2.12 + 2*2.25 + 3*0.53 + 19*1.97 + 1*0.93 + 4*0.5 + 1*0.91 + 1*10.66 + 1*2.76 + 1*2.07 + 1*0.85 + 34*2.07 + 12*4.28",875.79
"fixed_point_arithmetic","1 a211o_1, 1 a211oi_1, 2 a21boi_0, 10 a21o_1, 29 a21oi_1, 1 a221oi_1, 3 a22o_1, 4 a22oi_1, 6 a31oi_1, 1 a32o_1, 2 a32oi_1, 2 a41oi_1, 8 and2_0, 1 and3_1, 14 clkinv_1, 17 maj3_1, 3 mux2_1, 5 mux2i_1, 58 nand2_1, 5 nand2b_1, 15 nand3_1, 5 nand4_1, 37 nor2_1, 9 nor2b_1, 4 nor3_1, 1 nor3b_1, 3 nor4_1, 1 o2111a_1, 1 o2111ai_1, 3 o211ai_1, 7 o21a_1, 19 o21ai_0, 1 o22a_1, 4 o22ai_1, 1 o31a_1, 8 o31ai_1, 1 o41ai_1, 2 or2_0, 6 or3_1, 3 or4_1, 57 xnor2_1, 22 xor2_1","1*8.76 + 1*7.51 + 2*7.51 + 10*7.51 + 29*5.0 + 1*8.76 + 3*8.76 + 4*7.51 + 6*6.26 + 1*10.01 + 2*8.76 + 2*8.76 + 8*6.26 + 1*6.26 + 14*3.75 + 17*10.01 + 3*11.26 + 5*10.01 + 58*3.75 + 5*6.26 + 15*5.0 + 5*6.26 + 37*3.75 + 9*6.26 + 4*5.0 + 1*7.51 + 3*6.26 + 1*11.26 + 1*8.76 + 3*7.51 + 7*7.51 + 19*5.0 + 1*8.76 + 4*6.26 + 1*8.76 + 8*7.51 + 1*8.76 + 2*6.26 + 6*6.26 + 3*7.51 + 57*8.76 + 22*8.76",2424.57,"0.6 + 0.45 + 0.38 + 0.28 + 0.37 + 0.29 + 0.21 + 0.22 + 0.16 + 0.09 + 0.18 + 0.34 + 0.38 + 0.27 + 0.18 + 0.4 + 0.36 + 0.37 + 0.29 + 0.23 + 0.4 + 0.37 + 0.36 + 0.36 + 0.2 + 0.36 + 0.23 + 0.09 + 0.18 + 0.1 + 0.17 + 0.51 + 0.39 + 0.19 + 0.06 + 0.09 + 0.26 + 0.21 + 0.4 + 0.15 + 0.05",11.18,"1*3.14 + 1*0.98 + 2*2.48 + 10*5.9 + 29*1.65 + 1*1.78 + 3*4.06 + 4*2.58 + 6*1.48 + 1*2.3 + 2*1.25 + 2*1.36 + 8*1.92 + 1*5.59 + 14*1.57 + 17*2.09 + 3*4.03 + 5*5.89 + 58*2.12 + 5*2.25 + 15*1.03 + 5*0.53 + 37*1.97 + 9*2.18 + 4*0.93 + 1*1.3 + 3*0.5 + 1*3.75 + 1*0.58 + 3*0.7 + 7*2.21 + 19*1.04 + 1*2.76 + 4*1.31 + 1*2.07 + 8*1.7 + 1*1.39 + 2*1.26 + 6*1.28 + 3*0.85 + 57*2.07 + 22*4.28",819.57
"up_down_counter","1 a21o_1, 1 a221oi_1, 1 a311oi_1, 3 dfxtp_1, 2 nand2b_1, 2 nor2_1, 1 nor2b_1, 2 xnor2_1","1*7.51 + 1*8.76 + 1*8.76 + 3*20.02 + 2*6.26 + 2*3.75 + 1*6.26 + 2*8.76",128.89,"0.29 + 0.24 + 0.13 + 0.22",0.88,"1*5.9 + 1*1.78 + 1*0.97 + 3*8.44 + 2*2.25 + 2*1.97 + 1*2.18 + 2*2.07",48.73
"program_counter2a","9 a21oi_1, 8 and2_0, 6 and3_1, 9 and4_1, 1 clkinv_1, 1 conb_1, 30 dfxtp_1, 1 nand4_1, 22 nor2_1, 24 nor3_1, 1 o21a_1, 1 o21ai_0, 3 o21bai_1, 1 or3_1","9*5.0 + 8*6.26 + 6*6.26 + 9*8.76 + 1*3.75 + 1*3.75 + 30*20.02 + 1*6.26 + 22*3.75 + 24*5.0 + 1*7.51 + 1*5.0 + 3*7.51 + 1*6.26",1069.64,"0.35 + 0.23 + 0.25 + 0.25 + 0.25 + 0.25 + 0.25 + 0.24 + 0.26 + 0.13 + 0.31 + 0.13",2.9,"9*1.65 + 8*1.92 + 6*5.59 + 9*3.4 + 1*1.57 + 1*3.24 + 30*8.44 + 1*0.53 + 22*1.97 + 24*0.93 + 1*2.21 + 1*1.04 + 3*2.87 + 1*1.28",431.69
"fsm","3 a21oi_1, 1 a311oi_1, 1 a41oi_1, 1 and4_1, 6 dfxtp_1, 1 mux2i_1, 5 nand2_1, 3 nand2b_1, 3 nor2_1, 2 nor2b_1, 1 o21ai_0, 1 o22a_1, 1 o2bb2ai_1, 1 or3_1, 1 or3b_1","3*5.0 + 1*8.76 + 1*8.76 + 1*8.76 + 6*20.02 + 1*10.01 + 5*3.75 + 3*6.26 + 3*3.75 + 2*6.26 + 1*5.0 + 1*8.76 + 1*8.76 + 1*6.26 + 1*8.76",270.25,"0.34 + 0.38 + 0.18 + 0.18",1.08,"3*1.65 + 1*0.97 + 1*1.36 + 1*3.4 + 6*8.44 + 1*5.89 + 5*2.12 + 3*2.25 + 3*1.97 + 2*2.18 + 1*1.04 + 1*2.76 + 1*1.85 + 1*1.28 + 1*2.59",104.35
"selector_module","2 a2111oi_0, 5 a211o_1, 7 a21o_1, 24 a21oi_1, 1 a221o_1, 2 a22o_1, 7 a22oi_1, 2 a2bb2oi_1, 5 a31oi_1, 5 and2_0, 2 and3_1, 14 clkinv_1, 14 maj3_1, 2 mux2_1, 4 mux2i_1, 51 nand2_1, 11 nand2b_1, 14 nand3_1, 4 nand4_1, 40 nor2_1, 4 nor2b_1, 5 nor3_1, 1 nor4b_1, 6 o211ai_1, 7 o21a_1, 23 o21ai_0, 3 o21bai_1, 1 o221a_1, 2 o221ai_1, 2 o22a_1, 2 o22ai_1, 3 o31ai_1, 1 o41ai_1, 4 or2_0, 4 or3_1, 1 or4_1, 62 xnor2_1, 1 xnor3_1, 22 xor2_1","2*8.76 + 5*8.76 + 7*7.51 + 24*5.0 + 1*10.01 + 2*8.76 + 7*7.51 + 2*8.76 + 5*6.26 + 5*6.26 + 2*6.26 + 14*3.75 + 14*10.01 + 2*11.26 + 4*10.01 + 51*3.75 + 11*6.26 + 14*5.0 + 4*6.26 + 40*3.75 + 4*6.26 + 5*5.0 + 1*8.76 + 6*7.51 + 7*7.51 + 23*5.0 + 3*7.51 + 1*11.26 + 2*8.76 + 2*8.76 + 2*6.26 + 3*7.51 + 1*8.76 + 4*6.26 + 4*6.26 + 1*7.51 + 62*8.76 + 1*22.52 + 22*8.76",2367.0,"0.62 + 0.28 + 0.38 + 0.23 + 0.18 + 0.2 + 0.43 + 0.23 + 0.32 + 0.16 + 0.35 + 0.27 + 0.24 + 0.38 + 0.16 + 0.22 + 0.38 + 0.39 + 0.24 + 0.24 + 0.35 + 0.11 + 0.14 + 0.21 + 0.37 + 0.24 + 0.37 + 0.29 + 0.16 + 0.1 + 0.25 + 0.15 + 0.15 + 0.07",8.86,"2*0.42 + 5*3.14 + 7*5.9 + 24*1.65 + 1*2.66 + 2*4.06 + 7*2.58 + 2*3.38 + 5*1.48 + 5*1.92 + 2*5.59 + 14*1.57 + 14*2.09 + 2*4.03 + 4*5.89 + 51*2.12 + 11*2.25 + 14*1.03 + 4*0.53 + 40*1.97 + 4*2.18 + 5*0.93 + 1*0.91 + 6*0.7 + 7*2.21 + 23*1.04 + 3*2.87 + 1*2.73 + 2*1.09 + 2*2.76 + 2*1.31 + 3*1.7 + 1*1.39 + 4*1.26 + 4*1.28 + 1*0.85 + 62*2.07 + 1*15.62 + 22*4.28",807.44
"shift_register","1 a21oi_1, 1 a2bb2oi_1, 2 clkinv_1, 3 dfxtp_1, 1 maj3_1, 3 nand2_1, 1 nand4_1, 2 nor2_1, 4 nor2b_1, 2 nor3_1, 2 nor4_1, 1 o21a_1, 1 o21ai_0, 1 or2_0, 4 xnor2_1, 2 xor2_1","1*5.0 + 1*8.76 + 2*3.75 + 3*20.02 + 1*10.01 + 3*3.75 + 1*6.26 + 2*3.75 + 4*6.26 + 2*5.0 + 2*6.26 + 1*7.51 + 1*5.0 + 1*6.26 + 4*8.76 + 2*8.76",235.23,"0.29 + 0.06 + 0.26 + 0.38 + 0.21 + 0.12 + 0.29 + 0.16",1.77,"1*1.65 + 1*3.38 + 2*1.57 + 3*8.44 + 1*2.09 + 3*2.12 + 1*0.53 + 2*1.97 + 4*2.18 + 2*0.93 + 2*0.5 + 1*2.21 + 1*1.04 + 1*1.26 + 4*2.07 + 2*4.28",79.34
"bin_to_gray","3 xor2_1","3*8.76",26.28,"0.12",0.12,"3*4.28",12.84
"counter","5 a21oi_1, 1 clkinv_1, 4 dfxtp_1, 1 mux2i_1, 1 nand2_1, 1 nand3b_1, 1 nand4b_1, 1 nor3b_1, 1 o21a_1, 2 o21bai_1, 1 or4b_1, 2 xor2_1","5*5.0 + 1*3.75 + 4*20.02 + 1*10.01 + 1*3.75 + 1*7.51 + 1*8.76 + 1*7.51 + 1*7.51 + 2*7.51 + 1*10.01 + 2*8.76",196.43,"0.3 + 0.53 + 0.17 + 0.07 + 0.09",1.16,"5*1.65 + 1*1.57 + 4*8.44 + 1*5.89 + 1*2.12 + 1*1.4 + 1*1.03 + 1*1.3 + 1*2.21 + 2*2.87 + 1*2.14 + 2*4.28",73.97
"functional_module","1 nor2_1","1*3.75",3.75,"0.04",0.04,"1*1.97",1.97
"constant_module","4 and2_0","4*6.26",25.04,"0.1",0.1,"4*1.92",7.68
"RLE_BlobMerging","3 a2111o_1, 63 a2111oi_0, 32 a211o_1, 119 a211oi_1, 2 a21bo_1, 61 a21boi_0, 82 a21o_1, 1755 a21oi_1, 14 a221o_1, 141 a221oi_1, 189 a222oi_1, 86 a22o_1, 181 a22oi_1, 13 a2bb2oi_1, 2 a311o_1, 10 a311oi_1, 16 a31o_1, 191 a31oi_1, 23 a32o_1, 13 a32oi_1, 1 a41o_1, 21 a41oi_1, 105 and2_0, 71 and3_1, 15 and4_1, 2 and4b_1, 373 clkinv_1, 1 conb_1, 575 dfxtp_1, 291 maj3_1, 20 mux2_1, 74 mux2i_1, 2152 nand2_1, 371 nand2b_1, 343 nand3_1, 27 nand3b_1, 115 nand4_1, 16 nand4b_1, 2 nand4bb_1, 2589 nor2_1, 331 nor2b_1, 293 nor3_1, 25 nor3b_1, 99 nor4_1, 24 nor4b_1, 1 nor4bb_1, 3 o2111a_1, 60 o2111ai_1, 9 o211a_1, 112 o211ai_1, 64 o21a_1, 1626 o21ai_0, 1 o21ba_1, 83 o21bai_1, 1 o221a_1, 53 o221ai_1, 15 o22a_1, 216 o22ai_1, 10 o2bb2ai_1, 4 o311a_1, 19 o311ai_0, 24 o31a_1, 66 o31ai_1, 8 o32a_1, 23 o32ai_1, 13 o41ai_1, 106 or2_0, 82 or3_1, 5 or3b_1, 21 or4_1, 6 or4b_1, 1084 xnor2_1, 1 xnor3_1, 754 xor2_1","3*11.26 + 63*8.76 + 32*8.76 + 119*7.51 + 2*10.01 + 61*7.51 + 82*7.51 + 1755*5.0 + 14*10.01 + 141*8.76 + 189*10.01 + 86*8.76 + 181*7.51 + 13*8.76 + 2*10.01 + 10*8.76 + 16*8.76 + 191*6.26 + 23*10.01 + 13*8.76 + 1*10.01 + 21*8.76 + 105*6.26 + 71*6.26 + 15*8.76 + 2*10.01 + 373*3.75 + 1*3.75 + 575*20.02 + 291*10.01 + 20*11.26 + 74*10.01 + 2152*3.75 + 371*6.26 + 343*5.0 + 27*7.51 + 115*6.26 + 16*8.76 + 2*11.26 + 2589*3.75 + 331*6.26 + 293*5.0 + 25*7.51 + 99*6.26 + 24*8.76 + 1*10.01 + 3*11.26 + 60*8.76 + 9*10.01 + 112*7.51 + 64*7.51 + 1626*5.0 + 1*10.01 + 83*7.51 + 1*11.26 + 53*8.76 + 15*8.76 + 216*6.26 + 10*8.76 + 4*10.01 + 19*8.76 + 24*8.76 + 66*7.51 + 8*10.01 + 23*8.76 + 13*8.76 + 106*6.26 + 82*6.26 + 5*8.76 + 21*7.51 + 6*10.01 + 1084*8.76 + 1*22.52 + 754*8.76",96267.21,"0.75 + 0.53 + 0.5 + 0.37 + 0.36 + 0.09 + 0.17 + 0.37 + 0.39 + 0.37 + 0.34 + 0.19 + 0.38 + 0.21 + 0.19 + 0.24 + 0.22 + 0.37 + 0.39 + 0.22 + 0.19 + 0.2 + 0.38 + 0.39 + 0.44 + 0.43 + 0.28 + 0.2 + 0.13 + 0.46 + 0.13 + 0.27 + 0.26 + 0.11 + 0.58 + 0.32 + 0.34 + 0.11 + 0.14 + 0.07",12.08,"3*1.68 + 63*0.42 + 32*3.14 + 119*0.98 + 2*7.27 + 61*2.48 + 82*5.9 + 1755*1.65 + 14*2.66 + 141*1.78 + 189*2.43 + 86*4.06 + 181*2.58 + 13*3.38 + 2*1.57 + 10*0.97 + 16*2.37 + 191*1.48 + 23*2.3 + 13*1.25 + 1*6.61 + 21*1.36 + 105*1.92 + 71*5.59 + 15*3.4 + 2*5.99 + 373*1.57 + 1*3.24 + 575*8.44 + 291*2.09 + 20*4.03 + 74*5.89 + 2152*2.12 + 371*2.25 + 343*1.03 + 27*1.4 + 115*0.53 + 16*1.03 + 2*1.9 + 2589*1.97 + 331*2.18 + 293*0.93 + 25*1.3 + 99*0.5 + 24*0.91 + 1*3.2 + 3*3.75 + 60*0.58 + 9*10.66 + 112*0.7 + 64*2.21 + 1626*1.04 + 1*7.27 + 83*2.87 + 1*2.73 + 53*1.09 + 15*2.76 + 216*1.31 + 10*1.85 + 4*3.77 + 19*0.64 + 24*2.07 + 66*1.7 + 8*1.66 + 23*1.09 + 13*1.39 + 106*1.26 + 82*1.28 + 5*2.59 + 21*0.85 + 6*2.14 + 1084*2.07 + 1*15.62 + 754*4.28",33854.05
"SensorFSM","1 a21boi_0, 4 a21o_1, 13 a21oi_1, 1 a221o_1, 5 a22o_1, 4 a22oi_1, 3 a31oi_1, 1 a41oi_1, 4 and2_0, 2 and3_1, 5 clkinv_1, 34 dfrtp_1, 4 maj3_1, 16 mux2_1, 8 mux2i_1, 48 nand2_1, 19 nand2b_1, 3 nand3_1, 4 nand3b_1, 27 nor2_1, 19 nor2b_1, 2 nor3_1, 2 nor4_1, 1 o2111ai_1, 4 o211ai_1, 5 o21a_1, 45 o21ai_0, 2 o221a_1, 2 o221ai_1, 5 o22ai_1, 2 o31a_1, 4 o31ai_1, 1 or2_0, 3 or3_1, 2 or4_1, 17 xnor2_1, 5 xor2_1","1*7.51 + 4*7.51 + 13*5.0 + 1*10.01 + 5*8.76 + 4*7.51 + 3*6.26 + 1*8.76 + 4*6.26 + 2*6.26 + 5*3.75 + 34*25.02 + 4*10.01 + 16*11.26 + 8*10.01 + 48*3.75 + 19*6.26 + 3*5.0 + 4*7.51 + 27*3.75 + 19*6.26 + 2*5.0 + 2*6.26 + 1*8.76 + 4*7.51 + 5*7.51 + 45*5.0 + 2*11.26 + 2*8.76 + 5*6.26 + 2*8.76 + 4*7.51 + 1*6.26 + 3*6.26 + 2*7.51 + 17*8.76 + 5*8.76",2660.93,"0.15 + 0.17",0.32,"1*2.48 + 4*5.9 + 13*1.65 + 1*2.66 + 5*4.06 + 4*2.58 + 3*1.48 + 1*1.36 + 4*1.92 + 2*5.59 + 5*1.57 + 34*11.65 + 4*2.09 + 16*4.03 + 8*5.89 + 48*2.12 + 19*2.25 + 3*1.03 + 4*1.4 + 27*1.97 + 19*2.18 + 2*0.93 + 2*0.5 + 1*0.58 + 4*0.7 + 5*2.21 + 45*1.04 + 2*2.73 + 2*1.09 + 5*1.31 + 2*2.07 + 4*1.7 + 1*1.26 + 3*1.28 + 2*0.85 + 17*2.07 + 5*4.28",1029.8
"binary_adder","2 a21o_1, 1 a221o_1, 2 a311oi_1, 1 a31oi_1, 5 and2_0, 2 clkinv_1, 18 dfrtp_1, 2 maj3_1, 16 nand2_1, 1 nand2b_1, 10 nor2_1, 3 nor2b_1, 1 nor3_1, 4 o21ai_0, 2 o311a_1, 1 o311ai_0, 1 o31a_1, 2 o31ai_1, 4 or2_0, 20 xnor2_1, 2 xor2_1","2*7.51 + 1*10.01 + 2*8.76 + 1*6.26 + 5*6.26 + 2*3.75 + 18*25.02 + 2*10.01 + 16*3.75 + 1*6.26 + 10*3.75 + 3*6.26 + 1*5.0 + 4*5.0 + 2*10.01 + 1*8.76 + 1*8.76 + 2*7.51 + 4*6.26 + 20*8.76 + 2*8.76",975.85,"0.37 + 0.4 + 0.31 + 0.25 + 0.21 + 0.16 + 0.41 + 0.21 + 0.14 + 0.08",2.54,"2*5.9 + 1*2.66 + 2*0.97 + 1*1.48 + 5*1.92 + 2*1.57 + 18*11.65 + 2*2.09 + 16*2.12 + 1*2.25 + 10*1.97 + 3*2.18 + 1*0.93 + 4*1.04 + 2*3.77 + 1*0.64 + 1*2.07 + 2*1.7 + 4*1.26 + 20*2.07 + 2*4.28",380.65
"ad_csc_1_add","1 a211o_1, 3 a211oi_1, 1 a21boi_0, 10 a21o_1, 20 a21oi_1, 4 a221oi_1, 1 a22o_1, 3 a22oi_1, 2 a311o_1, 6 a311oi_1, 3 a31oi_1, 25 and2_0, 1 and3_1, 4 clkinv_1, 235 dfxtp_1, 4 maj3_1, 87 nand2_1, 9 nand2b_1, 56 nor2_1, 9 nor2b_1, 4 nor3_1, 4 nor4_1, 4 o211ai_1, 41 o21ai_0, 4 o22ai_1, 7 o311ai_0, 37 o31ai_1, 16 or2_0, 21 or4_1, 152 xnor2_1, 26 xor2_1","1*8.76 + 3*7.51 + 1*7.51 + 10*7.51 + 20*5.0 + 4*8.76 + 1*8.76 + 3*7.51 + 2*10.01 + 6*8.76 + 3*6.26 + 25*6.26 + 1*6.26 + 4*3.75 + 235*20.02 + 4*10.01 + 87*3.75 + 9*6.26 + 56*3.75 + 9*6.26 + 4*5.0 + 4*6.26 + 4*7.51 + 41*5.0 + 4*6.26 + 7*8.76 + 37*7.51 + 16*6.26 + 21*7.51 + 152*8.76 + 26*8.76",8404.48,"0.29 + 0.16 + 0.08 + 0.31 + 0.14 + 0.4 + 0.38 + 0.18 + 0.36 + 0.17 + 0.42 + 0.21 + 0.3 + 0.12 + 0.4 + 0.16 + 0.14",4.22,"1*3.14 + 3*0.98 + 1*2.48 + 10*5.9 + 20*1.65 + 4*1.78 + 1*4.06 + 3*2.58 + 2*1.57 + 6*0.97 + 3*1.48 + 25*1.92 + 1*5.59 + 4*1.57 + 235*8.44 + 4*2.09 + 87*2.12 + 9*2.25 + 56*1.97 + 9*2.18 + 4*0.93 + 4*0.5 + 4*0.7 + 41*1.04 + 4*1.31 + 7*0.64 + 37*1.7 + 16*1.26 + 21*0.85 + 152*2.07 + 26*4.28",3106.85
"abs_calc","1 a21o_1, 1 clkinv_1, 13 nand2_1, 7 nand2b_1, 4 nor4_1, 11 o21ai_0, 3 o31ai_1, 4 or2_0, 3 or4_1, 3 or4b_1, 29 xnor2_1","1*7.51 + 1*3.75 + 13*3.75 + 7*6.26 + 4*6.26 + 11*5.0 + 3*7.51 + 4*6.26 + 3*7.51 + 3*10.01 + 29*8.76",538.04,"0.56 + 0.26 + 0.49 + 0.25 + 0.49 + 0.43 + 0.44 + 0.25 + 0.52 + 0.25 + 0.12",4.06,"1*5.9 + 1*1.57 + 13*2.12 + 7*2.25 + 4*0.5 + 11*1.04 + 3*1.7 + 4*1.26 + 3*0.85 + 3*2.14 + 29*2.07",143.36
"top_module","1 a211oi_1, 9 a21oi_1, 8 and2_0, 1 conb_1, 4 mux2i_1, 4 nand2_1, 1 nand3b_1, 8 nor2_1, 1 nor3_1, 2 nor3b_1, 3 o21a_1, 4 o21ai_0, 1 o22ai_1, 1 or3_1, 1 or3b_1","1*7.51 + 9*5.0 + 8*6.26 + 1*3.75 + 4*10.01 + 4*3.75 + 1*7.51 + 8*3.75 + 1*5.0 + 2*7.51 + 3*7.51 + 4*5.0 + 1*6.26 + 1*6.26 + 1*8.76",282.72,"0.51 + 0.15 + 0.24 + 0.1 + 0.08",1.08,"1*0.98 + 9*1.65 + 8*1.92 + 1*3.24 + 4*5.89 + 4*2.12 + 1*1.4 + 8*1.97 + 1*0.93 + 2*1.3 + 3*2.21 + 4*1.04 + 1*1.31 + 1*1.28 + 1*2.59",103.13
"clock_gen","7 a211oi_1, 1 a21o_1, 6 a21oi_1, 1 a22o_1, 2 and2_0, 2 and3_1, 2 and4_1, 8 clkinv_1, 20 dfxtp_1, 7 mux2i_1, 4 nand2_1, 2 nand3_1, 13 nor2_1, 3 nor3_1, 1 nor3b_1, 1 nor4_1, 1 nor4b_1, 2 o21a_1, 2 o21ai_0, 1 o21bai_1, 1 o2bb2ai_1, 1 o41ai_1, 1 xnor2_1","7*7.51 + 1*7.51 + 6*5.0 + 1*8.76 + 2*6.26 + 2*6.26 + 2*8.76 + 8*3.75 + 20*20.02 + 7*10.01 + 4*3.75 + 2*5.0 + 13*3.75 + 3*5.0 + 1*7.51 + 1*6.26 + 1*8.76 + 2*7.51 + 2*5.0 + 1*7.51 + 1*8.76 + 1*8.76 + 1*8.76",811.96,"0.34 + 0.29 + 0.56 + 0.14 + 0.25",1.58,"7*0.98 + 1*5.9 + 6*1.65 + 1*4.06 + 2*1.92 + 2*5.59 + 2*3.4 + 8*1.57 + 20*8.44 + 7*5.89 + 4*2.12 + 2*1.03 + 13*1.97 + 3*0.93 + 1*1.3 + 1*0.5 + 1*0.91 + 2*2.21 + 2*1.04 + 1*2.87 + 1*1.85 + 1*1.39 + 1*2.07",327.46
"opModule","4 dfxtp_1, 4 maj3_1","4*20.02 + 4*10.01",120.12,"0.33",0.33,"4*8.44 + 4*2.09",42.12
"exercise_8_10","1 a21bo_1, 1 a21oi_1, 2 dfxtp_1, 1 nand2b_1, 1 nor3b_1, 1 o2bb2a_1","1*10.01 + 1*5.0 + 2*20.02 + 1*6.26 + 1*7.51 + 1*10.01",78.83,"0.29 + 0.17 + 0.19",0.65,"1*7.27 + 1*1.65 + 2*8.44 + 1*2.25 + 1*1.3 + 1*3.41",32.76
"data_gen_submodule","1 a21o_1, 4 a21oi_1, 2 a31oi_1, 4 and2_0, 1 and3_1, 3 and4_1, 1 and4b_1, 11 clkinv_1, 1 conb_1, 12 dfrtp_1, 2 nand2_1, 4 nand3_1, 5 nand4_1, 14 nor2_1, 1 nor2b_1, 1 nor3_1, 1 nor4_1, 1 o21a_1, 1 o32ai_1, 2 or2_0, 2 or4b_1, 17 xnor2_1, 3 xor2_1, 1 xor3_1","1*7.51 + 4*5.0 + 2*6.26 + 4*6.26 + 1*6.26 + 3*8.76 + 1*10.01 + 11*3.75 + 1*3.75 + 12*25.02 + 2*3.75 + 4*5.0 + 5*6.26 + 14*3.75 + 1*6.26 + 1*5.0 + 1*6.26 + 1*7.51 + 1*8.76 + 2*6.26 + 2*10.01 + 17*8.76 + 3*8.76 + 1*23.77",829.46,"0.43 + 0.29 + 0.23 + 0.6 + 0.44 + 0.22 + 0.19 + 0.14",2.54,"1*5.9 + 4*1.65 + 2*1.48 + 4*1.92 + 1*5.59 + 3*3.4 + 1*5.99 + 11*1.57 + 1*3.24 + 12*11.65 + 2*2.12 + 4*1.03 + 5*0.53 + 14*1.97 + 1*2.18 + 1*0.93 + 1*0.5 + 1*2.21 + 1*1.09 + 2*1.26 + 2*2.14 + 17*2.07 + 3*4.28 + 1*15.22",320.78
"complex_multiplier","1 a2111oi_0, 1 a211o_1, 11 a211oi_1, 4 a21bo_1, 62 a21boi_0, 54 a21o_1, 683 a21oi_1, 5 a221oi_1, 38 a22o_1, 72 a22oi_1, 32 a2bb2oi_1, 9 a311oi_1, 8 a31o_1, 50 a31oi_1, 3 a32o_1, 13 a32oi_1, 3 a41oi_1, 352 and2_0, 100 and3_1, 2 and3b_1, 4 and4_1, 334 clkinv_1, 300 dfxtp_1, 1707 maj3_1, 1 mux2_1, 8 mux2i_1, 2777 nand2_1, 355 nand2b_1, 190 nand3_1, 7 nand3b_1, 33 nand4_1, 2 nand4b_1, 967 nor2_1, 533 nor2b_1, 59 nor3_1, 6 nor3b_1, 4 nor4_1, 1 nor4b_1, 1 nor4bb_1, 1 o2111a_1, 2 o211a_1, 18 o211ai_1, 136 o21a_1, 662 o21ai_0, 12 o21ba_1, 28 o21bai_1, 2 o221ai_1, 30 o22a_1, 26 o22ai_1, 16 o2bb2ai_1, 7 o311a_1, 7 o311ai_0, 2 o31a_1, 10 o31ai_1, 1 o32ai_1, 2 o41ai_1, 99 or2_0, 55 or3_1, 1 or3b_1, 3050 xnor2_1, 368 xnor3_1, 1736 xor2_1, 288 xor3_1","1*8.76 + 1*8.76 + 11*7.51 + 4*10.01 + 62*7.51 + 54*7.51 + 683*5.0 + 5*8.76 + 38*8.76 + 72*7.51 + 32*8.76 + 9*8.76 + 8*8.76 + 50*6.26 + 3*10.01 + 13*8.76 + 3*8.76 + 352*6.26 + 100*6.26 + 2*8.76 + 4*8.76 + 334*3.75 + 300*20.02 + 1707*10.01 + 1*11.26 + 8*10.01 + 2777*3.75 + 355*6.26 + 190*5.0 + 7*7.51 + 33*6.26 + 2*8.76 + 967*3.75 + 533*6.26 + 59*5.0 + 6*7.51 + 4*6.26 + 1*8.76 + 1*10.01 + 1*11.26 + 2*10.01 + 18*7.51 + 136*7.51 + 662*5.0 + 12*10.01 + 28*7.51 + 2*8.76 + 30*8.76 + 26*6.26 + 16*8.76 + 7*10.01 + 7*8.76 + 2*8.76 + 10*7.51 + 1*8.76 + 2*8.76 + 99*6.26 + 55*6.26 + 1*8.76 + 3050*8.76 + 368*22.52 + 1736*8.76 + 288*23.77",118477.6,"3.05 + 0.9 + 0.64 + 0.37 + 0.4 + 0.23 + 0.36 + 0.39 + 0.16 + 0.2 + 0.22 + 0.17 + 0.22 + 0.13 + 0.27 + 0.13 + 0.25 + 0.14 + 0.21 + 0.11 + 0.35 + 0.17 + 0.24 + 0.16 + 0.23 + 0.18 + 0.33 + 0.18 + 0.12 + 0.2 + 0.12 + 0.2 + 0.12 + 0.37 + 0.15 + 0.07",11.74,"1*0.42 + 1*3.14 + 11*0.98 + 4*7.27 + 62*2.48 + 54*5.9 + 683*1.65 + 5*1.78 + 38*4.06 + 72*2.58 + 32*3.38 + 9*0.97 + 8*2.37 + 50*1.48 + 3*2.3 + 13*1.25 + 3*1.36 + 352*1.92 + 100*5.59 + 2*7.06 + 4*3.4 + 334*1.57 + 300*8.44 + 1707*2.09 + 1*4.03 + 8*5.89 + 2777*2.12 + 355*2.25 + 190*1.03 + 7*1.4 + 33*0.53 + 2*1.03 + 967*1.97 + 533*2.18 + 59*0.93 + 6*1.3 + 4*0.5 + 1*0.91 + 1*3.2 + 1*3.75 + 2*10.66 + 18*0.7 + 136*2.21 + 662*1.04 + 12*7.27 + 28*2.87 + 2*1.09 + 30*2.76 + 26*1.31 + 16*1.85 + 7*3.77 + 7*0.64 + 2*2.07 + 10*1.7 + 1*1.09 + 2*1.39 + 99*1.26 + 55*1.28 + 1*2.59 + 3050*2.07 + 368*15.62 + 1736*4.28 + 288*15.22",45684.88
"sky130_fd_sc_lp__nor4","1 nor4_1","1*6.26",6.26,"0.17",0.17,"1*0.5",0.5
"multiplier","1 a21oi_1, 1 a22oi_1, 1 a31o_1, 1 a31oi_1, 2 and2_0, 1 and3_1, 1 conb_1, 25 dfxtp_1, 4 maj3_1, 9 nand2_1, 2 nand2b_1, 3 nand3_1, 3 nor2_1, 3 nor2b_1, 2 o21ai_0, 1 o21bai_1, 1 o221ai_1, 2 or2_0, 3 xnor2_1, 2 xnor3_1, 4 xor2_1, 3 xor3_1","1*5.0 + 1*7.51 + 1*8.76 + 1*6.26 + 2*6.26 + 1*6.26 + 1*3.75 + 25*20.02 + 4*10.01 + 9*3.75 + 2*6.26 + 3*5.0 + 3*3.75 + 3*6.26 + 2*5.0 + 1*7.51 + 1*8.76 + 2*6.26 + 3*8.76 + 2*22.52 + 4*8.76 + 3*23.77",898.36,"0.32 + 0.26 + 0.12 + 0.16 + 0.35 + 0.35 + 0.2 + 0.15",1.91,"1*1.65 + 1*2.58 + 1*2.37 + 1*1.48 + 2*1.92 + 1*5.59 + 1*3.24 + 25*8.44 + 4*2.09 + 9*2.12 + 2*2.25 + 3*1.03 + 3*1.97 + 3*2.18 + 2*1.04 + 1*2.87 + 1*1.09 + 2*1.26 + 3*2.07 + 2*15.62 + 4*4.28 + 3*15.22",388.02
"UartDemux","2 a211oi_1, 14 a21oi_1, 2 and2_0, 4 and3_1, 2 and4_1, 1 conb_1, 24 dfxtp_1, 6 nand2_1, 2 nand2b_1, 1 nand3_1, 13 nor2_1, 7 nor3_1, 2 nor4_1, 3 nor4b_1, 8 o21ai_0, 1 o21bai_1, 2 or2_0, 2 or3_1, 1 or4b_1, 1 xnor2_1, 2 xor2_1","2*7.51 + 14*5.0 + 2*6.26 + 4*6.26 + 2*8.76 + 1*3.75 + 24*20.02 + 6*3.75 + 2*6.26 + 1*5.0 + 13*3.75 + 7*5.0 + 2*6.26 + 3*8.76 + 8*5.0 + 1*7.51 + 2*6.26 + 2*6.26 + 1*10.01 + 1*8.76 + 2*8.76",895.74,"0.29 + 0.61 + 0.31 + 0.26 + 0.16 + 0.04",1.67,"2*0.98 + 14*1.65 + 2*1.92 + 4*5.59 + 2*3.4 + 1*3.24 + 24*8.44 + 6*2.12 + 2*2.25 + 1*1.03 + 13*1.97 + 7*0.93 + 2*0.5 + 3*0.91 + 8*1.04 + 1*2.87 + 2*1.26 + 2*1.28 + 1*2.14 + 1*2.07 + 2*4.28",347.0
"binary_counter","1 a21oi_1, 1 a41oi_1, 1 and2_0, 1 and3_1, 8 dfxtp_1, 2 nor2_1, 2 nor3_1, 1 o21a_1","1*5.0 + 1*8.76 + 1*6.26 + 1*6.26 + 8*20.02 + 2*3.75 + 2*5.0 + 1*7.51",211.45,"0.32 + 0.18 + 0.15",0.65,"1*1.65 + 1*1.36 + 1*1.92 + 1*5.59 + 8*8.44 + 2*1.97 + 2*0.93 + 1*2.21",86.05
"sky130_fd_sc_lp__a311o","1 a311o_1","1*10.01",10.01,"0.29",0.29,"1*1.57",1.57
"bitwise_logic","1 conb_1, 100 mux2i_1, 101 nand2b_1, 100 nor2b_1, 100 xnor2_1","1*3.75 + 100*10.01 + 101*6.26 + 100*6.26 + 100*8.76",3139.01,"0.29 + 0.13",0.42,"1*3.24 + 100*5.89 + 101*2.25 + 100*2.18 + 100*2.07",1244.49
"decoder_2to4","1 and2_0, 1 nor2_1, 2 nor2b_1","1*6.26 + 1*3.75 + 2*6.26",22.53,"0.1",0.1,"1*1.92 + 1*1.97 + 2*2.18",8.25
"sky130_fd_sc_hd__a32o","1 a32o_1","1*10.01",10.01,"0.21",0.21,"1*2.3",2.3
"register_with_lut","4 dfxtp_1, 4 mux2i_1, 4 nor2_1","4*20.02 + 4*10.01 + 4*3.75",135.12,"0.27 + 0.11 + 0.04",0.42,"4*8.44 + 4*5.89 + 4*1.97",65.2
"adder_subtractor","1 a211oi_1, 2 a21o_1, 6 a21oi_1, 1 a311oi_1, 6 and2_0, 3 and3_1, 4 clkinv_1, 13 maj3_1, 13 nand2_1, 2 nand2b_1, 3 nand3_1, 1 nand4_1, 2 nand4b_1, 1 nand4bb_1, 16 nor2_1, 4 nor2b_1, 1 nor3_1, 2 nor3b_1, 1 nor4b_1, 2 nor4bb_1, 5 o21ai_0, 1 o311ai_0, 2 o31ai_1, 1 or3_1, 1 or3b_1, 33 xnor2_1, 11 xor2_1, 2 xor3_1","1*7.51 + 2*7.51 + 6*5.0 + 1*8.76 + 6*6.26 + 3*6.26 + 4*3.75 + 13*10.01 + 13*3.75 + 2*6.26 + 3*5.0 + 1*6.26 + 2*8.76 + 1*11.26 + 16*3.75 + 4*6.26 + 1*5.0 + 2*7.51 + 1*8.76 + 2*10.01 + 5*5.0 + 1*8.76 + 2*7.51 + 1*6.26 + 1*8.76 + 33*8.76 + 11*8.76 + 2*23.77",1004.69,"0.42 + 0.18 + 0.08 + 0.37 + 0.38 + 0.39 + 0.4 + 0.3 + 0.17 + 0.34 + 0.13 + 0.39 + 0.37 + 0.11",4.03,"1*0.98 + 2*5.9 + 6*1.65 + 1*0.97 + 6*1.92 + 3*5.59 + 4*1.57 + 13*2.09 + 13*2.12 + 2*2.25 + 3*1.03 + 1*0.53 + 2*1.03 + 1*1.9 + 16*1.97 + 4*2.18 + 1*0.93 + 2*1.3 + 1*0.91 + 2*3.2 + 5*1.04 + 1*0.64 + 2*1.7 + 1*1.28 + 1*2.59 + 33*2.07 + 11*4.28 + 2*15.22",335.05
"magnitude_comparator","1 a21oi_1, 1 and4_1, 2 clkinv_1, 2 maj3_1, 2 nand2b_1, 2 nor2b_1, 1 nor3_1, 1 xnor2_1, 1 xor2_1","1*5.0 + 1*8.76 + 2*3.75 + 2*10.01 + 2*6.26 + 2*6.26 + 1*5.0 + 1*8.76 + 1*8.76",88.84,"0.13 + 0.34 + 0.1",0.57,"1*1.65 + 1*3.4 + 2*1.57 + 2*2.09 + 2*2.25 + 2*2.18 + 1*0.93 + 1*2.07 + 1*4.28",28.51
"SHDCollector","2 a21oi_1, 1 a22oi_1, 1 a311oi_1, 2 and2_0, 2 and3_1, 11 dfxtp_1, 1 mux2_1, 8 mux2i_1, 8 mux4_2, 2 nand2_1, 11 nor2_1, 1 nor2b_1, 1 nor3_1, 1 o21a_1","2*5.0 + 1*7.51 + 1*8.76 + 2*6.26 + 2*6.26 + 11*20.02 + 1*11.26 + 8*10.01 + 8*22.52 + 2*3.75 + 11*3.75 + 1*6.26 + 1*5.0 + 1*7.51",610.55,"0.66 + 0.6 + 0.21 + 0.15",1.62,"2*1.65 + 1*2.58 + 1*0.97 + 2*1.92 + 2*5.59 + 11*8.44 + 1*4.03 + 8*5.89 + 8*6.37 + 2*2.12 + 11*1.97 + 1*2.18 + 1*0.93 + 1*2.21",248.05
"counter_4bit","1 a21o_1, 2 a21oi_1, 1 a221oi_1, 1 a31oi_1, 3 clkinv_1, 4 dfxtp_1, 1 maj3_1, 1 nand4_1, 3 nor2_1, 1 nor2b_1, 1 nor3_1, 1 o21a_1, 1 or4_1, 2 xnor2_1, 2 xor2_1","1*7.51 + 2*5.0 + 1*8.76 + 1*6.26 + 3*3.75 + 4*20.02 + 1*10.01 + 1*6.26 + 3*3.75 + 1*6.26 + 1*5.0 + 1*7.51 + 1*7.51 + 2*8.76 + 2*8.76",212.7,"0.31 + 0.54 + 0.17 + 0.2",1.22,"1*5.9 + 2*1.65 + 1*1.78 + 1*1.48 + 3*1.57 + 4*8.44 + 1*2.09 + 1*0.53 + 3*1.97 + 1*2.18 + 1*0.93 + 1*2.21 + 1*0.85 + 2*2.07 + 2*4.28",78.33
"clock_gate","1 and2_0, 1 buf_1, 1 dfxtp_1","1*6.26 + 1*3.75 + 1*20.02",30.03,"0.27 + 0.11",0.38,"1*1.92 + 1*1.18 + 1*8.44",11.54
"GrayToBinary","16 a211oi_1, 14 a21oi_1, 33 dfxtp_1, 2 mux2i_1, 18 nor2_1, 1 nor2b_1, 14 o21bai_1, 90 xnor2_1, 2 xnor3_1, 31 xor2_1, 1 xor3_1","16*7.51 + 14*5.0 + 33*20.02 + 2*10.01 + 18*3.75 + 1*6.26 + 14*7.51 + 90*8.76 + 2*22.52 + 31*8.76 + 1*23.77",2178.51,"0.34 + 0.46 + 0.34 + 0.21 + 0.15 + 0.07",1.57,"16*0.98 + 14*1.65 + 33*8.44 + 2*5.89 + 18*1.97 + 1*2.18 + 14*2.87 + 90*2.07 + 2*15.62 + 31*4.28 + 1*15.22",772.34
"sky130_fd_sc_ms__sedfxbp","1 and2_0, 2 dfxtp_1, 1 nand2_1, 2 nor4_1","1*6.26 + 2*20.02 + 1*3.75 + 2*6.26",62.57,"0.28 + 0.15",0.43,"1*1.92 + 2*8.44 + 1*2.12 + 2*0.5",21.92
"db_lut_tc","3 a211oi_1, 2 a21o_1, 1 a21oi_1, 2 a221oi_1, 1 a22o_1, 1 a22oi_1, 1 a311oi_1, 2 a31oi_1, 1 and2_0, 1 and3_1, 1 and4_1, 1 nand2_1, 3 nand3_1, 2 nor2_1, 2 nor3_1, 1 o221ai_1, 1 o22ai_1, 1 o311a_1, 1 o32ai_1, 2 or2_0, 2 or3_1, 1 or4b_1, 3 xor2_1","3*7.51 + 2*7.51 + 1*5.0 + 2*8.76 + 1*8.76 + 1*7.51 + 1*8.76 + 2*6.26 + 1*6.26 + 1*6.26 + 1*8.76 + 1*3.75 + 3*5.0 + 2*3.75 + 2*5.0 + 1*8.76 + 1*6.26 + 1*10.01 + 1*8.76 + 2*6.26 + 2*6.26 + 1*10.01 + 3*8.76",250.27,"0.26 + 0.38 + 0.47 + 0.09",1.2,"3*0.98 + 2*5.9 + 1*1.65 + 2*1.78 + 1*4.06 + 1*2.58 + 1*0.97 + 2*1.48 + 1*1.92 + 1*5.59 + 1*3.4 + 1*2.12 + 3*1.03 + 2*1.97 + 2*0.93 + 1*1.09 + 1*1.31 + 1*3.77 + 1*1.09 + 2*1.26 + 2*1.28 + 1*2.14 + 3*4.28",79.76
"counter_4bit","2 a21oi_1, 1 a311oi_1, 1 a31oi_1, 1 and3_1, 4 dfxtp_1, 1 nand2b_1, 1 nand4_1, 1 nor2_1, 1 nor3_1, 2 o21bai_1, 1 xor2_1","2*5.0 + 1*8.76 + 1*6.26 + 1*6.26 + 4*20.02 + 1*6.26 + 1*6.26 + 1*3.75 + 1*5.0 + 2*7.51 + 1*8.76",156.41,"0.36 + 0.12 + 0.15 + 0.21",0.84,"2*1.65 + 1*0.97 + 1*1.48 + 1*5.59 + 4*8.44 + 1*2.25 + 1*0.53 + 1*1.97 + 1*0.93 + 2*2.87 + 1*4.28",60.8
"shift_register","10 a21oi_1, 1 conb_1, 10 dfxtp_1, 1 mux2_1, 1 mux2i_1, 20 nand2_1","10*5.0 + 1*3.75 + 10*20.02 + 1*11.26 + 1*10.01 + 20*3.75",350.22,"0.47 + 0.1 + 0.14",0.71,"10*1.65 + 1*3.24 + 10*8.44 + 1*4.03 + 1*5.89 + 20*2.12",156.46
"ad7980","4 a21boi_0, 3 a21oi_1, 2 a31oi_1, 1 and2_0, 1 and4b_1, 1 clkinv_1, 29 dfxtp_1, 5 nand2_1, 2 nand2b_1, 4 nand3_1, 2 nand4_1, 38 nor2_1, 3 nor2b_1, 2 nor3_1, 2 nor3b_1, 1 o2111a_1, 22 o21ai_0, 1 o311ai_0, 1 o31ai_1, 1 or2_0, 1 xnor2_1, 1 xor2_1","4*7.51 + 3*5.0 + 2*6.26 + 1*6.26 + 1*10.01 + 1*3.75 + 29*20.02 + 5*3.75 + 2*6.26 + 4*5.0 + 2*6.26 + 38*3.75 + 3*6.26 + 2*5.0 + 2*7.51 + 1*11.26 + 22*5.0 + 1*8.76 + 1*7.51 + 1*6.26 + 1*8.76 + 1*8.76",1069.56,"0.4 + 0.64 + 0.07 + 0.11",1.22,"4*2.48 + 3*1.65 + 2*1.48 + 1*1.92 + 1*5.99 + 1*1.57 + 29*8.44 + 5*2.12 + 2*2.25 + 4*1.03 + 2*0.53 + 38*1.97 + 3*2.18 + 2*0.93 + 2*1.3 + 1*3.75 + 22*1.04 + 1*0.64 + 1*1.7 + 1*1.26 + 1*2.07 + 1*4.28",414.79
"ripple_adder","17 dfxtp_1, 4 maj3_1, 4 xor3_1","17*20.02 + 4*10.01 + 4*23.77",475.46,"0.3 + 0.38",0.68,"17*8.44 + 4*2.09 + 4*15.22",212.72
"fifo","3 a211o_1, 1 a211oi_1, 1 a21o_1, 29 a21oi_1, 16 a221oi_1, 1 a22o_1, 9 a22oi_1, 1 a31o_1, 8 a31oi_1, 1 and2_0, 4 and3_1, 8 clkinv_1, 6 dfrtp_1, 144 dfxtp_1, 2 maj3_1, 127 mux2_1, 25 mux2i_1, 1 mux4_2, 25 nand2_1, 5 nand2b_1, 7 nand3_1, 2 nand3b_1, 1 nand4_1, 20 nor2_1, 5 nor2b_1, 5 nor3_1, 2 nor4_1, 14 o211ai_1, 6 o21a_1, 19 o21ai_0, 1 o21bai_1, 1 o22ai_1, 1 o311ai_0, 3 or3_1, 1 or4_1, 5 xnor2_1, 1 xor2_1","3*8.76 + 1*7.51 + 1*7.51 + 29*5.0 + 16*8.76 + 1*8.76 + 9*7.51 + 1*8.76 + 8*6.26 + 1*6.26 + 4*6.26 + 8*3.75 + 6*25.02 + 144*20.02 + 2*10.01 + 127*11.26 + 25*10.01 + 1*22.52 + 25*3.75 + 5*6.26 + 7*5.0 + 2*7.51 + 1*6.26 + 20*3.75 + 5*6.26 + 5*5.0 + 2*6.26 + 14*7.51 + 6*7.51 + 19*5.0 + 1*7.51 + 1*6.26 + 1*8.76 + 3*6.26 + 1*7.51 + 5*8.76 + 1*8.76",5950.49,"1.32 + 1.0 + 0.11 + 0.13 + 0.05 + 0.3 + 0.14",3.05,"3*3.14 + 1*0.98 + 1*5.9 + 29*1.65 + 16*1.78 + 1*4.06 + 9*2.58 + 1*2.37 + 8*1.48 + 1*1.92 + 4*5.59 + 8*1.57 + 6*11.65 + 144*8.44 + 2*2.09 + 127*4.03 + 25*5.89 + 1*6.37 + 25*2.12 + 5*2.25 + 7*1.03 + 2*1.4 + 1*0.53 + 20*1.97 + 5*2.18 + 5*0.93 + 2*0.5 + 14*0.7 + 6*2.21 + 19*1.04 + 1*2.87 + 1*1.31 + 1*0.64 + 3*1.28 + 1*0.85 + 5*2.07 + 1*4.28",2323.53
"sky130_fd_sc_hd__o211a","1 o211a_1","1*10.01",10.01,"0.17",0.17,"1*10.66",10.66
"sky130_fd_sc_ls__o311a","1 o311a_1","1*10.01",10.01,"0.29",0.29,"1*3.77",3.77
"accu","1 a211oi_1, 5 a21oi_1, 4 and2_0, 1 clkinv_1, 55 dfrtp_1, 2 maj3_1, 137 nand2_1, 16 nor2_1, 1 nor3b_1, 1 o211ai_1, 5 o21ai_0, 1 o31ai_1, 10 xnor2_1, 4 xor2_1","1*7.51 + 5*5.0 + 4*6.26 + 1*3.75 + 55*25.02 + 2*10.01 + 137*3.75 + 16*3.75 + 1*7.51 + 1*7.51 + 5*5.0 + 1*7.51 + 10*8.76 + 4*8.76",2201.34,"0.38 + 0.21 + 0.16 + 0.28 + 0.13 + 0.39 + 0.4 + 0.16 + 0.07",2.18,"1*0.98 + 5*1.65 + 4*1.92 + 1*1.57 + 55*11.65 + 2*2.09 + 137*2.12 + 16*1.97 + 1*1.3 + 1*0.7 + 5*1.04 + 1*1.7 + 10*2.07 + 4*4.28",1032.09
"full_adder","1 maj3_1, 1 xor3_1","1*10.01 + 1*23.77",33.78,"0.33",0.33,"1*2.09 + 1*15.22",17.31
"planeB","1 a211o_1, 3 a211oi_1, 1 a21boi_0, 5 a21o_1, 25 a21oi_1, 4 a221oi_1, 3 a22o_1, 8 a22oi_1, 1 a311oi_1, 1 a31o_1, 5 a31oi_1, 1 a32o_1, 2 a32oi_1, 1 a41oi_1, 6 and2_0, 4 and3_1, 1 and4_1, 1 and4b_1, 29 clkinv_1, 2 dfrtp_1, 26 maj3_1, 47 nand2_1, 17 nand2b_1, 10 nand3_1, 2 nand3b_1, 3 nand4_1, 2 nand4b_1, 53 nor2_1, 13 nor2b_1, 10 nor3_1, 1 nor3b_1, 5 nor4_1, 1 nor4bb_1, 1 o2111ai_1, 2 o211a_1, 5 o211ai_1, 2 o21a_1, 34 o21ai_0, 1 o21bai_1, 1 o221ai_1, 1 o22a_1, 10 o22ai_1, 1 o2bb2ai_1, 3 o311ai_0, 1 o31a_1, 3 o31ai_1, 1 o32ai_1, 4 or2_0, 3 or3_1, 2 or3b_1, 1 or4_1, 47 xnor2_1, 6 xnor3_1, 33 xor2_1","1*8.76 + 3*7.51 + 1*7.51 + 5*7.51 + 25*5.0 + 4*8.76 + 3*8.76 + 8*7.51 + 1*8.76 + 1*8.76 + 5*6.26 + 1*10.01 + 2*8.76 + 1*8.76 + 6*6.26 + 4*6.26 + 1*8.76 + 1*10.01 + 29*3.75 + 2*25.02 + 26*10.01 + 47*3.75 + 17*6.26 + 10*5.0 + 2*7.51 + 3*6.26 + 2*8.76 + 53*3.75 + 13*6.26 + 10*5.0 + 1*7.51 + 5*6.26 + 1*10.01 + 1*8.76 + 2*10.01 + 5*7.51 + 2*7.51 + 34*5.0 + 1*7.51 + 1*8.76 + 1*8.76 + 10*6.26 + 1*8.76 + 3*8.76 + 1*8.76 + 3*7.51 + 1*8.76 + 4*6.26 + 3*6.26 + 2*8.76 + 1*7.51 + 47*8.76 + 6*22.52 + 33*8.76",2990.06,"0.17 + 0.27 + 0.32 + 0.4 + 0.39 + 0.39 + 0.39 + 0.39 + 0.39 + 0.4 + 0.17 + 0.2 + 0.12 + 0.13",4.13,"1*3.14 + 3*0.98 + 1*2.48 + 5*5.9 + 25*1.65 + 4*1.78 + 3*4.06 + 8*2.58 + 1*0.97 + 1*2.37 + 5*1.48 + 1*2.3 + 2*1.25 + 1*1.36 + 6*1.92 + 4*5.59 + 1*3.4 + 1*5.99 + 29*1.57 + 2*11.65 + 26*2.09 + 47*2.12 + 17*2.25 + 10*1.03 + 2*1.4 + 3*0.53 + 2*1.03 + 53*1.97 + 13*2.18 + 10*0.93 + 1*1.3 + 5*0.5 + 1*3.2 + 1*0.58 + 2*10.66 + 5*0.7 + 2*2.21 + 34*1.04 + 1*2.87 + 1*1.09 + 1*2.76 + 10*1.31 + 1*1.85 + 3*0.64 + 1*2.07 + 3*1.7 + 1*1.09 + 4*1.26 + 3*1.28 + 2*2.59 + 1*0.85 + 47*2.07 + 6*15.62 + 33*4.28",1050.47
"INST_MEM","1 a2111o_1, 1 a211oi_1, 10 a21oi_1, 1 a22oi_1, 1 a311oi_1, 1 a31o_1, 3 a31oi_1, 1 and2_0, 2 and3_1, 1 and3b_1, 3 clkinv_1, 1 conb_1, 18 nand2_1, 4 nand2b_1, 8 nand3_1, 3 nand3b_1, 6 nand4_1, 1 nand4b_1, 1 nand4bb_1, 23 nor2_1, 3 nor2b_1, 8 nor3_1, 1 nor3b_1, 3 nor4_1, 4 o21ai_0, 1 o21bai_1, 1 o221ai_1, 1 o22ai_1, 1 or2_0, 4 or3b_1, 1 or4_1, 1 or4b_1, 1 xor2_1","1*11.26 + 1*7.51 + 10*5.0 + 1*7.51 + 1*8.76 + 1*8.76 + 3*6.26 + 1*6.26 + 2*6.26 + 1*8.76 + 3*3.75 + 1*3.75 + 18*3.75 + 4*6.26 + 8*5.0 + 3*7.51 + 6*6.26 + 1*8.76 + 1*11.26 + 23*3.75 + 3*6.26 + 8*5.0 + 1*7.51 + 3*6.26 + 4*5.0 + 1*7.51 + 1*8.76 + 1*6.26 + 1*6.26 + 4*8.76 + 1*7.51 + 1*10.01 + 1*8.76",649.2,"0.5 + 0.25 + 0.22 + 0.12 + 0.07",1.16,"1*1.68 + 1*0.98 + 10*1.65 + 1*2.58 + 1*0.97 + 1*2.37 + 3*1.48 + 1*1.92 + 2*5.59 + 1*7.06 + 3*1.57 + 1*3.24 + 18*2.12 + 4*2.25 + 8*1.03 + 3*1.4 + 6*0.53 + 1*1.03 + 1*1.9 + 23*1.97 + 3*2.18 + 8*0.93 + 1*1.3 + 3*0.5 + 4*1.04 + 1*2.87 + 1*1.09 + 1*1.31 + 1*1.26 + 4*2.59 + 1*0.85 + 1*2.14 + 1*4.28",213.75
"VICTIM_CACHE","1 a2111o_1, 4 a2111oi_0, 1 a211o_1, 1 a211oi_1, 1614 a21oi_1, 15 a221o_1, 512 a221oi_1, 280 a22oi_1, 753 a31oi_1, 19 and3_1, 5 and4_1, 1 and4b_1, 532 clkinv_1, 3184 dfxtp_1, 2 mux2i_1, 4491 nand2_1, 115 nand2b_1, 819 nand3_1, 4 nand3b_1, 43 nand4_1, 2 nand4b_1, 1836 nor2_1, 46 nor2b_1, 11 nor3_1, 1 nor3b_1, 28 nor4_1, 3 nor4b_1, 1 nor4bb_1, 12 o2111ai_1, 2 o211ai_1, 1 o21a_1, 538 o21ai_0, 1 o221ai_1, 514 o22ai_1, 1 o31ai_1, 1 or2_0, 1 or3b_1, 1 or4_1, 17 xnor2_1, 10 xor2_1","1*11.26 + 4*8.76 + 1*8.76 + 1*7.51 + 1614*5.0 + 15*10.01 + 512*8.76 + 280*7.51 + 753*6.26 + 19*6.26 + 5*8.76 + 1*10.01 + 532*3.75 + 3184*20.02 + 2*10.01 + 4491*3.75 + 115*6.26 + 819*5.0 + 4*7.51 + 43*6.26 + 2*8.76 + 1836*3.75 + 46*6.26 + 11*5.0 + 1*7.51 + 28*6.26 + 3*8.76 + 1*10.01 + 12*8.76 + 2*7.51 + 1*7.51 + 538*5.0 + 1*8.76 + 514*6.26 + 1*7.51 + 1*6.26 + 1*8.76 + 1*7.51 + 17*8.76 + 10*8.76",121246.41,"0.41 + 8.42 + 58.88 + 126.85 + 20.71 + 0.71",215.98,"1*1.68 + 4*0.42 + 1*3.14 + 1*0.98 + 1614*1.65 + 15*2.66 + 512*1.78 + 280*2.58 + 753*1.48 + 19*5.59 + 5*3.4 + 1*5.99 + 532*1.57 + 3184*8.44 + 2*5.89 + 4491*2.12 + 115*2.25 + 819*1.03 + 4*1.4 + 43*0.53 + 2*1.03 + 1836*1.97 + 46*2.18 + 11*0.93 + 1*1.3 + 28*0.5 + 3*0.91 + 1*3.2 + 12*0.58 + 2*0.7 + 1*2.21 + 538*1.04 + 1*1.09 + 514*1.31 + 1*1.7 + 1*1.26 + 1*2.59 + 1*0.85 + 17*2.07 + 10*4.28",49039.12
"pattern_rom","16 dfxtp_1, 16 mux2i_1, 1 nand4_1, 4 nand4b_1, 1 nor4_1, 4 nor4b_1, 6 nor4bb_1, 11 xnor2_1, 5 xor2_1","16*20.02 + 16*10.01 + 1*6.26 + 4*8.76 + 1*6.26 + 4*8.76 + 6*10.01 + 11*8.76 + 5*8.76",763.3,"0.33 + 0.17 + 0.09",0.59,"16*8.44 + 16*5.89 + 1*0.53 + 4*1.03 + 1*0.5 + 4*0.91 + 6*3.2 + 11*2.07 + 5*4.28",301.44
"mux_2_to_1","1 mux2_1","1*11.26",11.26,"0.26",0.26,"1*4.03",4.03
"wb_abrgr","1 a211oi_1, 1 a21oi_1, 1 and2_0, 1 clkinv_1, 139 dfxtp_1, 16 mux2_1, 1 nand3_1, 2 nor2_1, 6 nor2b_1, 1 nor3b_1, 1 o21ai_0, 1 xnor2_1, 2 xor2_1","1*7.51 + 1*5.0 + 1*6.26 + 1*3.75 + 139*20.02 + 16*11.26 + 1*5.0 + 2*3.75 + 6*6.26 + 1*7.51 + 1*5.0 + 1*8.76 + 2*8.76",3074.31,"0.29 + 0.15 + 0.18 + 0.09 + 0.13",0.84,"1*0.98 + 1*1.65 + 1*1.92 + 1*1.57 + 139*8.44 + 16*4.03 + 1*1.03 + 2*1.97 + 6*2.18 + 1*1.3 + 1*1.04 + 1*2.07 + 2*4.28",1274.78
"xadc_data_demux","32 a21oi_1, 1 and3b_1, 34 dfxtp_1, 32 nand3_1, 1 nand3b_1, 3 nor3_1, 1 nor3b_1, 32 o21ai_0, 1 or3_1, 1 or3b_1","32*5.0 + 1*8.76 + 34*20.02 + 32*5.0 + 1*7.51 + 3*5.0 + 1*7.51 + 32*5.0 + 1*6.26 + 1*8.76",1214.48,"0.93 + 0.14 + 0.16",1.23,"32*1.65 + 1*7.06 + 34*8.44 + 32*1.03 + 1*1.4 + 3*0.93 + 1*1.3 + 32*1.04 + 1*1.28 + 1*2.59",422.42
"pixel_scaler","33 a21oi_1, 32 a311oi_1, 33 clkinv_1, 1 conb_1, 34 dfxtp_1, 1 nor2_1","33*5.0 + 32*8.76 + 33*3.75 + 1*3.75 + 34*20.02 + 1*3.75",1257.25,"1.28 + 0.12 + 0.22",1.62,"33*1.65 + 32*0.97 + 33*1.57 + 1*3.24 + 34*8.44 + 1*1.97",429.47
"Convierte","6 a21oi_1, 1 and3_1, 2 clkinv_1, 5 nand2_1, 1 nand2b_1, 4 nor2_1, 2 nor2b_1, 1 nor3b_1, 1 o211ai_1, 1 o21ai_0, 2 o22ai_1, 1 o31ai_1, 1 or2_0, 1 xnor2_1, 1 xor2_1","6*5.0 + 1*6.26 + 2*3.75 + 5*3.75 + 1*6.26 + 4*3.75 + 2*6.26 + 1*7.51 + 1*7.51 + 1*5.0 + 2*6.26 + 1*7.51 + 1*6.26 + 1*8.76 + 1*8.76",160.12,"0.12 + 0.19 + 0.1",0.41,"6*1.65 + 1*5.59 + 2*1.57 + 5*2.12 + 1*2.25 + 4*1.97 + 2*2.18 + 1*1.3 + 1*0.7 + 1*1.04 + 2*1.31 + 1*1.7 + 1*1.26 + 1*2.07 + 1*4.28",58.69
"clk_test","1 a2111oi_0, 1 a211oi_1, 1 a21o_1, 34 a21oi_1, 4 a311oi_1, 4 a31oi_1, 1 a41oi_1, 8 and2_0, 10 and3_1, 3 and4_1, 11 clkinv_1, 1 conb_1, 98 dfxtp_1, 93 nand2_1, 1 nand3_1, 10 nand4_1, 1 nand4b_1, 31 nor2_1, 1 nor2b_1, 33 nor3_1, 2 nor3b_1, 6 nor4_1, 22 o21ai_0, 1 o221a_1, 4 xnor2_1","1*8.76 + 1*7.51 + 1*7.51 + 34*5.0 + 4*8.76 + 4*6.26 + 1*8.76 + 8*6.26 + 10*6.26 + 3*8.76 + 11*3.75 + 1*3.75 + 98*20.02 + 93*3.75 + 1*5.0 + 10*6.26 + 1*8.76 + 31*3.75 + 1*6.26 + 33*5.0 + 2*7.51 + 6*6.26 + 22*5.0 + 1*11.26 + 4*8.76",3330.04,"0.3 + 0.09 + 0.07 + 0.15 + 0.06 + 0.21 + 1.72 + 0.25 + 0.22",3.07,"1*0.42 + 1*0.98 + 1*5.9 + 34*1.65 + 4*0.97 + 4*1.48 + 1*1.36 + 8*1.92 + 10*5.59 + 3*3.4 + 11*1.57 + 1*3.24 + 98*8.44 + 93*2.12 + 1*1.03 + 10*0.53 + 1*1.03 + 31*1.97 + 1*2.18 + 33*0.93 + 2*1.3 + 6*0.5 + 22*1.04 + 1*2.73 + 4*2.07",1341.6
"mux2to1","32 mux2_1","32*11.26",360.32,"0.26",0.26,"32*4.03",128.96
"pwm","1 a31oi_1, 1 and4_1, 1 and4b_1, 2 clkinv_1, 1 conb_1, 11 dfxtp_1, 1 maj3_1, 2 nand2_1, 1 nand3_1, 1 nand4_1, 2 nor2_1, 1 nor4_1, 4 xnor2_1, 2 xor2_1","1*6.26 + 1*8.76 + 1*10.01 + 2*3.75 + 1*3.75 + 11*20.02 + 1*10.01 + 2*3.75 + 1*5.0 + 1*6.26 + 2*3.75 + 1*6.26 + 4*8.76 + 2*8.76",351.59,"0.37 + 0.07 + 0.2 + 0.33",0.97,"1*1.48 + 1*3.4 + 1*5.99 + 2*1.57 + 1*3.24 + 11*8.44 + 1*2.09 + 2*2.12 + 1*1.03 + 1*0.53 + 2*1.97 + 1*0.5 + 4*2.07 + 2*4.28",139.26
"up_down_counter","1 a21oi_1, 4 clkinv_1, 3 dfrtp_1, 1 nor2b_1, 4 xnor2_1","1*5.0 + 4*3.75 + 3*25.02 + 1*6.26 + 4*8.76",136.36,"0.35 + 0.21 + 0.11 + 0.12",0.79,"1*1.65 + 4*1.57 + 3*11.65 + 1*2.18 + 4*2.07",53.34
"signed_mag_adder","1 a211o_1, 3 a211oi_1, 2 a21boi_0, 3 a21o_1, 34 a21oi_1, 1 a221oi_1, 1 a22o_1, 3 a22oi_1, 3 a2bb2oi_1, 1 a311oi_1, 3 a31oi_1, 1 a32oi_1, 6 and2_0, 13 clkinv_1, 15 maj3_1, 45 nand2_1, 15 nand2b_1, 3 nand3_1, 2 nand3b_1, 1 nand4b_1, 36 nor2_1, 4 nor2b_1, 2 nor3_1, 3 nor4_1, 1 nor4b_1, 3 o211ai_1, 2 o21a_1, 46 o21ai_0, 1 o21ba_1, 1 o21bai_1, 3 o221ai_1, 2 o22a_1, 3 o22ai_1, 1 o2bb2ai_1, 1 o31a_1, 8 o31ai_1, 2 o32a_1, 6 o41ai_1, 5 or2_0, 2 or3_1, 11 or4_1, 49 xnor2_1, 44 xor2_1","1*8.76 + 3*7.51 + 2*7.51 + 3*7.51 + 34*5.0 + 1*8.76 + 1*8.76 + 3*7.51 + 3*8.76 + 1*8.76 + 3*6.26 + 1*8.76 + 6*6.26 + 13*3.75 + 15*10.01 + 45*3.75 + 15*6.26 + 3*5.0 + 2*7.51 + 1*8.76 + 36*3.75 + 4*6.26 + 2*5.0 + 3*6.26 + 1*8.76 + 3*7.51 + 2*7.51 + 46*5.0 + 1*10.01 + 1*7.51 + 3*8.76 + 2*8.76 + 3*6.26 + 1*8.76 + 1*8.76 + 8*7.51 + 2*10.01 + 6*8.76 + 5*6.26 + 2*6.26 + 11*7.51 + 49*8.76 + 44*8.76",2515.88,"0.16 + 0.21 + 0.38 + 0.39 + 0.39 + 0.39 + 0.39 + 0.39 + 0.39 + 0.39 + 0.39 + 0.39 + 0.39 + 0.39 + 0.39 + 0.16 + 0.25 + 0.14 + 0.07 + 0.34",6.39,"1*3.14 + 3*0.98 + 2*2.48 + 3*5.9 + 34*1.65 + 1*1.78 + 1*4.06 + 3*2.58 + 3*3.38 + 1*0.97 + 3*1.48 + 1*1.25 + 6*1.92 + 13*1.57 + 15*2.09 + 45*2.12 + 15*2.25 + 3*1.03 + 2*1.4 + 1*1.03 + 36*1.97 + 4*2.18 + 2*0.93 + 3*0.5 + 1*0.91 + 3*0.7 + 2*2.21 + 46*1.04 + 1*7.27 + 1*2.87 + 3*1.09 + 2*2.76 + 3*1.31 + 1*1.85 + 1*2.07 + 8*1.7 + 2*1.66 + 6*1.39 + 5*1.26 + 2*1.28 + 11*0.85 + 49*2.07 + 44*4.28",812.84
"top_module","1 a211o_1, 2 a211oi_1, 2 a21o_1, 29 a21oi_1, 1 a22o_1, 2 a311o_1, 7 a311oi_1, 7 a31oi_1, 22 and2_0, 2 and3_1, 14 clkinv_1, 17 maj3_1, 49 nand2_1, 27 nand2b_1, 9 nand3_1, 45 nor2_1, 19 nor2b_1, 5 nor3_1, 2 o211ai_1, 3 o21a_1, 27 o21ai_0, 7 o22ai_1, 1 o311a_1, 6 o311ai_0, 2 o31a_1, 7 o31ai_1, 3 o32ai_1, 1 o41ai_1, 7 or2_0, 4 or3_1, 71 xnor2_1, 30 xor2_1","1*8.76 + 2*7.51 + 2*7.51 + 29*5.0 + 1*8.76 + 2*10.01 + 7*8.76 + 7*6.26 + 22*6.26 + 2*6.26 + 14*3.75 + 17*10.01 + 49*3.75 + 27*6.26 + 9*5.0 + 45*3.75 + 19*6.26 + 5*5.0 + 2*7.51 + 3*7.51 + 27*5.0 + 7*6.26 + 1*10.01 + 6*8.76 + 2*8.76 + 7*7.51 + 3*8.76 + 1*8.76 + 7*6.26 + 4*6.26 + 71*8.76 + 30*8.76",2738.78,"0.2 + 0.14 + 0.42 + 0.4 + 0.39 + 0.39 + 0.39 + 0.42 + 0.42 + 0.42 + 0.29 + 0.18 + 0.43 + 0.42 + 0.4 + 0.39 + 0.17 + 0.18 + 0.07 + 0.12 + 0.27 + 0.2",6.71,"1*3.14 + 2*0.98 + 2*5.9 + 29*1.65 + 1*4.06 + 2*1.57 + 7*0.97 + 7*1.48 + 22*1.92 + 2*5.59 + 14*1.57 + 17*2.09 + 49*2.12 + 27*2.25 + 9*1.03 + 45*1.97 + 19*2.18 + 5*0.93 + 2*0.7 + 3*2.21 + 27*1.04 + 7*1.31 + 1*3.77 + 6*0.64 + 2*2.07 + 7*1.7 + 3*1.09 + 1*1.39 + 7*1.26 + 4*1.28 + 71*2.07 + 30*4.28",871.55
"bitwise_shift_register","1 a2111oi_0, 1 a211oi_1, 1 a22oi_1, 14 clkinv_1, 24 dfxtp_1, 3 nand2b_1, 1 nand3_1, 1 nand4_1, 5 nor2b_1, 1 o221a_1, 2 o31ai_1, 6 o32ai_1, 1 xnor2_1, 8 xor2_1","1*8.76 + 1*7.51 + 1*7.51 + 14*3.75 + 24*20.02 + 3*6.26 + 1*5.0 + 1*6.26 + 5*6.26 + 1*11.26 + 2*7.51 + 6*8.76 + 1*8.76 + 8*8.76",775.78,"0.27 + 0.11 + 0.31 + 0.28 + 0.26",1.23,"1*0.42 + 1*0.98 + 1*2.58 + 14*1.57 + 24*8.44 + 3*2.25 + 1*1.03 + 1*0.53 + 5*2.18 + 1*2.73 + 2*1.7 + 6*1.09 + 1*2.07 + 8*4.28",296.71
"FIFO_WxD","1 a2111oi_0, 1 a21o_1, 8 a21oi_1, 1 a221o_1, 8 a221oi_1, 40 a222oi_1, 8 a22o_1, 16 a22oi_1, 25 a31oi_1, 2 a41oi_1, 2 and2_0, 3 and3_1, 2 and3b_1, 3 and4_1, 20 dfrtp_1, 192 dfxtp_1, 192 mux2_1, 1 mux2i_1, 18 nand2_1, 3 nand2b_1, 5 nand3_1, 6 nand4_1, 4 nand4b_1, 6 nor2_1, 2 nor2b_1, 1 nor3_1, 3 nor3b_1, 1 nor4_1, 2 nor4bb_1, 2 o21ai_0, 1 or4_1, 22 xnor2_1, 8 xor2_1","1*8.76 + 1*7.51 + 8*5.0 + 1*10.01 + 8*8.76 + 40*10.01 + 8*8.76 + 16*7.51 + 25*6.26 + 2*8.76 + 2*6.26 + 3*6.26 + 2*8.76 + 3*8.76 + 20*25.02 + 192*20.02 + 192*11.26 + 1*10.01 + 18*3.75 + 3*6.26 + 5*5.0 + 6*6.26 + 4*8.76 + 6*3.75 + 2*6.26 + 1*5.0 + 3*7.51 + 1*6.26 + 2*10.01 + 2*5.0 + 1*7.51 + 22*8.76 + 8*8.76",8045.31,"0.49 + 0.31 + 0.32 + 0.35 + 0.16 + 0.41 + 2.57 + 0.4",5.01,"1*0.42 + 1*5.9 + 8*1.65 + 1*2.66 + 8*1.78 + 40*2.43 + 8*4.06 + 16*2.58 + 25*1.48 + 2*1.36 + 2*1.92 + 3*5.59 + 2*7.06 + 3*3.4 + 20*11.65 + 192*8.44 + 192*4.03 + 1*5.89 + 18*2.12 + 3*2.25 + 5*1.03 + 6*0.53 + 4*1.03 + 6*1.97 + 2*2.18 + 1*0.93 + 3*1.3 + 1*0.5 + 2*3.2 + 2*1.04 + 1*0.85 + 22*2.07 + 8*4.28",3093.14
"configurable_counter","2 a21oi_1, 1 a311oi_1, 1 and2_0, 3 and3_1, 1 and4_1, 8 clkinv_1, 8 dfrtp_1, 2 nand4_1, 7 nor2_1, 5 nor3_1, 9 xnor2_1","2*5.0 + 1*8.76 + 1*6.26 + 3*6.26 + 1*8.76 + 8*3.75 + 8*25.02 + 2*6.26 + 7*3.75 + 5*5.0 + 9*8.76",425.33,"0.39 + 0.21 + 0.21 + 0.18 + 0.14",1.13,"2*1.65 + 1*0.97 + 1*1.92 + 3*5.59 + 1*3.4 + 8*1.57 + 8*11.65 + 2*0.53 + 7*1.97 + 5*0.93 + 9*2.07",170.25
"scrambler","7 a211o_1, 35 a21oi_1, 1 clkinv_1, 16 dfxtp_1, 15 nand2_1, 26 o21ai_0, 78 xnor2_1, 55 xor2_1","7*8.76 + 35*5.0 + 1*3.75 + 16*20.02 + 15*3.75 + 26*5.0 + 78*8.76 + 55*8.76",1911.72,"0.6 + 0.58 + 0.16 + 0.16 + 0.07 + 0.22",1.79,"7*3.14 + 35*1.65 + 1*1.57 + 16*8.44 + 15*2.12 + 26*1.04 + 78*2.07 + 55*4.28",672.04
"delay_module","4 mux4_2","4*22.52",90.08,"0.43",0.43,"4*6.37",25.48
"SHIFT_REGISTER_W7","1 dfxtp_1, 1 mux2_1","1*20.02 + 1*11.26",31.28,"0.27 + 0.26",0.53,"1*8.44 + 1*4.03",12.47
"barrel_shifter","1 a211o_1, 4 a211oi_1, 2 a21o_1, 36 a21oi_1, 6 a221oi_1, 7 a22oi_1, 2 a2bb2oi_1, 12 a31oi_1, 1 a32oi_1, 7 and2_0, 2 and3_1, 1 and4_1, 12 clkinv_1, 1 conb_1, 4 dfxtp_1, 1 maj3_1, 11 mux2_1, 50 mux2i_1, 57 mux4_2, 56 nand2_1, 9 nand2b_1, 15 nand3_1, 2 nand4_1, 32 nor2_1, 2 nor2b_1, 10 nor3_1, 1 nor3b_1, 1 nor4_1, 1 nor4bb_1, 1 o211ai_1, 24 o21ai_0, 1 o21bai_1, 1 o311ai_0, 4 o31a_1, 6 o31ai_1, 1 o32a_1, 2 or2_0, 12 or3_1, 2 or4_1, 3 xnor2_1, 1 xor2_1","1*8.76 + 4*7.51 + 2*7.51 + 36*5.0 + 6*8.76 + 7*7.51 + 2*8.76 + 12*6.26 + 1*8.76 + 7*6.26 + 2*6.26 + 1*8.76 + 12*3.75 + 1*3.75 + 4*20.02 + 1*10.01 + 11*11.26 + 50*10.01 + 57*22.52 + 56*3.75 + 9*6.26 + 15*5.0 + 2*6.26 + 32*3.75 + 2*6.26 + 10*5.0 + 1*7.51 + 1*6.26 + 1*10.01 + 1*7.51 + 24*5.0 + 1*7.51 + 1*8.76 + 4*8.76 + 6*7.51 + 1*10.01 + 2*6.26 + 12*6.26 + 2*7.51 + 3*8.76 + 1*8.76",3484.04,"0.74 + 0.42 + 0.22 + 0.08 + 0.33",1.79,"1*3.14 + 4*0.98 + 2*5.9 + 36*1.65 + 6*1.78 + 7*2.58 + 2*3.38 + 12*1.48 + 1*1.25 + 7*1.92 + 2*5.59 + 1*3.4 + 12*1.57 + 1*3.24 + 4*8.44 + 1*2.09 + 11*4.03 + 50*5.89 + 57*6.37 + 56*2.12 + 9*2.25 + 15*1.03 + 2*0.53 + 32*1.97 + 2*2.18 + 10*0.93 + 1*1.3 + 1*0.5 + 1*3.2 + 1*0.7 + 24*1.04 + 1*2.87 + 1*0.64 + 4*2.07 + 6*1.7 + 1*1.66 + 2*1.26 + 12*1.28 + 2*0.85 + 3*2.07 + 1*4.28",1237.2
"state_control","1 a2111oi_0, 4 a211o_1, 1 a211oi_1, 1 a21bo_1, 2 a21boi_0, 5 a21oi_1, 6 a311o_1, 1 a31o_1, 7 a31oi_1, 1 a32oi_1, 5 a41oi_1, 9 and2_0, 5 and3_1, 1 and4_1, 2 and4b_1, 6 clkinv_1, 1 conb_1, 22 dfxtp_1, 8 nand2_1, 2 nand2b_1, 14 nand3_1, 4 nand3b_1, 6 nand4_1, 2 nand4bb_1, 15 nor2_1, 5 nor2b_1, 24 nor3_1, 3 nor3b_1, 1 nor4_1, 1 o2111ai_1, 5 o21ai_0, 1 o21ba_1, 1 o21bai_1, 1 o22ai_1, 1 o31a_1, 2 o31ai_1, 2 o41a_1, 3 or3_1, 1 or3b_1, 1 or4_1","1*8.76 + 4*8.76 + 1*7.51 + 1*10.01 + 2*7.51 + 5*5.0 + 6*10.01 + 1*8.76 + 7*6.26 + 1*8.76 + 5*8.76 + 9*6.26 + 5*6.26 + 1*8.76 + 2*10.01 + 6*3.75 + 1*3.75 + 22*20.02 + 8*3.75 + 2*6.26 + 14*5.0 + 4*7.51 + 6*6.26 + 2*11.26 + 15*3.75 + 5*6.26 + 24*5.0 + 3*7.51 + 1*6.26 + 1*8.76 + 5*5.0 + 1*10.01 + 1*7.51 + 1*6.26 + 1*8.76 + 2*7.51 + 2*11.26 + 3*6.26 + 1*8.76 + 1*7.51",1427.52,"0.28 + 0.36 + 0.22 + 0.39 + 0.4 + 0.32 + 0.23 + 0.12 + 0.19 + 0.14 + 0.13 + 0.07 + 0.45 + 0.13 + 0.4",3.83,"1*0.42 + 4*3.14 + 1*0.98 + 1*7.27 + 2*2.48 + 5*1.65 + 6*1.57 + 1*2.37 + 7*1.48 + 1*1.25 + 5*1.36 + 9*1.92 + 5*5.59 + 1*3.4 + 2*5.99 + 6*1.57 + 1*3.24 + 22*8.44 + 8*2.12 + 2*2.25 + 14*1.03 + 4*1.4 + 6*0.53 + 2*1.9 + 15*1.97 + 5*2.18 + 24*0.93 + 3*1.3 + 1*0.5 + 1*0.58 + 5*1.04 + 1*7.27 + 1*2.87 + 1*1.31 + 1*2.07 + 2*1.7 + 2*1.37 + 3*1.28 + 1*2.59 + 1*0.85",471.94
"signal_converter","2 mux2_1","2*11.26",22.52,"0.26",0.26,"2*4.03",8.06
"Round_Sgf_Dec","1 a21oi_1, 1 nand3b_1, 1 nor2_1, 1 or3b_1","1*5.0 + 1*7.51 + 1*3.75 + 1*8.76",25.02,"0.35 + 0.08",0.43,"1*1.65 + 1*1.4 + 1*1.97 + 1*2.59",7.61
"blk_mem","136 dfxtp_1, 128 mux2_1, 40 mux4_2, 3 nand2_1, 2 nand2b_1, 1 nand3_1, 5 nand3b_1, 1 nand4b_1, 8 nor2_1, 1 nor2b_1, 3 nor3b_1, 1 nor4b_1","136*20.02 + 128*11.26 + 40*22.52 + 3*3.75 + 2*6.26 + 1*5.0 + 5*7.51 + 1*8.76 + 8*3.75 + 1*6.26 + 3*7.51 + 1*8.76",5207.43,"0.07 + 1.03 + 0.38",1.48,"136*8.44 + 128*4.03 + 40*6.37 + 3*2.12 + 2*2.25 + 1*1.03 + 5*1.4 + 1*1.03 + 8*1.97 + 1*2.18 + 3*1.3 + 1*0.91",1961.15
"traffic_light_controller","4 a21oi_1, 1 a31o_1, 1 a41oi_1, 1 and3_1, 4 clkinv_1, 6 dfxtp_1, 3 dlxtn_1, 3 nand2_1, 4 nand2b_1, 1 nand4_1, 4 nor2_1, 1 nor2b_1, 1 nor3b_1, 1 nor4b_1, 1 nor4bb_1, 2 o21a_1, 2 o21ai_0, 1 o221ai_1, 1 o22ai_1, 1 xnor2_1","4*5.0 + 1*8.76 + 1*8.76 + 1*6.26 + 4*3.75 + 6*20.02 + 3*15.01 + 3*3.75 + 4*6.26 + 1*6.26 + 4*3.75 + 1*6.26 + 1*7.51 + 1*8.76 + 1*10.01 + 2*7.51 + 2*5.0 + 1*8.76 + 1*6.26 + 1*8.76",362.82,"0.35 + 0.34 + 0.15 + 0.18 + 0.15",1.17,"4*1.65 + 1*2.37 + 1*1.36 + 1*5.59 + 4*1.57 + 6*8.44 + 3*8.12 + 3*2.12 + 4*2.25 + 1*0.53 + 4*1.97 + 1*2.18 + 1*1.3 + 1*0.91 + 1*3.2 + 2*2.21 + 2*1.04 + 1*1.09 + 1*1.31 + 1*2.07",139.53
"signed_magnitude_adder","2 a21oi_1, 4 clkinv_1, 4 dfrtp_1, 1 maj3_1, 3 nand2_1, 1 nand2b_1, 1 nor2_1, 1 nor4_1, 1 o21a_1, 4 o21ai_0, 1 o21bai_1, 2 xnor2_1, 3 xor2_1","2*5.0 + 4*3.75 + 4*25.02 + 1*10.01 + 3*3.75 + 1*6.26 + 1*3.75 + 1*6.26 + 1*7.51 + 4*5.0 + 1*7.51 + 2*8.76 + 3*8.76",241.43,"0.07 + 0.13 + 0.38 + 0.14 + 0.04",0.76,"2*1.65 + 4*1.57 + 4*11.65 + 1*2.09 + 3*2.12 + 1*2.25 + 1*1.97 + 1*0.5 + 1*2.21 + 4*1.04 + 1*2.87 + 2*2.07 + 3*4.28",95.57
"quadrature_decoder","6 clkinv_1, 1 conb_1, 6 dfrtp_1, 2 xnor2_1, 1 xor2_1","6*3.75 + 1*3.75 + 6*25.02 + 2*8.76 + 1*8.76",202.65,"0.35 + 0.17 + 0.11",0.63,"6*1.57 + 1*3.24 + 6*11.65 + 2*2.07 + 1*4.28",90.98
"comparator","1 a21oi_1, 1 a22o_1, 3 clkinv_1, 1 dfxtp_1, 8 dlxtn_1, 1 maj3_1, 3 nand2b_1, 1 nand3_1, 1 nor2_1, 1 nor2b_1, 1 nor3_1, 1 o21ai_0, 1 o31a_1, 1 xnor2_1","1*5.0 + 1*8.76 + 3*3.75 + 1*20.02 + 8*15.01 + 1*10.01 + 3*6.26 + 1*5.0 + 1*3.75 + 1*6.26 + 1*5.0 + 1*5.0 + 1*8.76 + 1*8.76",236.43,"0.38 + 0.07",0.45,"1*1.65 + 1*4.06 + 3*1.57 + 1*8.44 + 8*8.12 + 1*2.09 + 3*2.25 + 1*1.03 + 1*1.97 + 1*2.18 + 1*0.93 + 1*1.04 + 1*2.07 + 1*2.07",103.95
"DDC","1 a21boi_0, 6 a21oi_1, 4 a22o_1, 5 a22oi_1, 1 a311oi_1, 2 a31oi_1, 1 a41o_1, 9 and2_0, 2 and3_1, 2 and3b_1, 3 clkinv_1, 1 conb_1, 21 maj3_1, 1 mux2i_1, 71 nand2_1, 13 nand2b_1, 7 nand3_1, 1 nand3b_1, 5 nand4_1, 22 nor2_1, 7 nor2b_1, 3 nor3_1, 1 nor4_1, 1 nor4b_1, 1 o2111ai_1, 2 o21a_1, 11 o21ai_0, 1 o221ai_1, 1 o22ai_1, 2 or2_0, 2 or3_1, 1 or3b_1, 1 or4_1, 62 xnor2_1, 24 xnor3_1, 24 xor2_1, 6 xor3_1","1*7.51 + 6*5.0 + 4*8.76 + 5*7.51 + 1*8.76 + 2*6.26 + 1*10.01 + 9*6.26 + 2*6.26 + 2*8.76 + 3*3.75 + 1*3.75 + 21*10.01 + 1*10.01 + 71*3.75 + 13*6.26 + 7*5.0 + 1*7.51 + 5*6.26 + 22*3.75 + 7*6.26 + 3*5.0 + 1*6.26 + 1*8.76 + 1*8.76 + 2*7.51 + 11*5.0 + 1*8.76 + 1*6.26 + 2*6.26 + 2*6.26 + 1*8.76 + 1*7.51 + 62*8.76 + 24*22.52 + 24*8.76 + 6*23.77",2612.34,"0.2 + 0.46 + 0.38 + 0.37 + 0.24 + 0.38 + 0.39 + 0.24 + 0.23 + 0.21 + 0.35 + 0.38 + 0.35 + 0.17 + 0.18 + 0.11",4.64,"1*2.48 + 6*1.65 + 4*4.06 + 5*2.58 + 1*0.97 + 2*1.48 + 1*6.61 + 9*1.92 + 2*5.59 + 2*7.06 + 3*1.57 + 1*3.24 + 21*2.09 + 1*5.89 + 71*2.12 + 13*2.25 + 7*1.03 + 1*1.4 + 5*0.53 + 22*1.97 + 7*2.18 + 3*0.93 + 1*0.5 + 1*0.91 + 1*0.58 + 2*2.21 + 11*1.04 + 1*1.09 + 1*1.31 + 2*1.26 + 2*1.28 + 1*2.59 + 1*0.85 + 62*2.07 + 24*15.62 + 24*4.28 + 6*15.22",1130.82
"FixedPointArithmetic","1 a2111oi_0, 1 a211oi_1, 4 a21boi_0, 11 a21o_1, 21 a21oi_1, 2 a221o_1, 2 a221oi_1, 3 a22o_1, 5 a22oi_1, 2 a2bb2oi_1, 1 a31o_1, 7 a31oi_1, 1 a32oi_1, 1 a41oi_1, 10 and2_0, 2 and3_1, 1 and4_1, 18 clkinv_1, 8 dfxtp_1, 17 maj3_1, 4 mux2_1, 3 mux2i_1, 55 nand2_1, 3 nand2b_1, 7 nand3_1, 5 nand4_1, 1 nand4b_1, 45 nor2_1, 3 nor2b_1, 13 nor3_1, 1 nor3b_1, 2 nor4_1, 1 nor4b_1, 1 nor4bb_1, 1 o2111a_1, 6 o211ai_1, 4 o21a_1, 25 o21ai_0, 2 o21bai_1, 5 o221ai_1, 3 o22ai_1, 1 o31a_1, 7 o31ai_1, 1 o32a_1, 1 o32ai_1, 2 o41ai_1, 4 or2_0, 2 or3_1, 4 or4_1, 1 or4b_1, 63 xnor2_1, 2 xnor3_1, 24 xor2_1","1*8.76 + 1*7.51 + 4*7.51 + 11*7.51 + 21*5.0 + 2*10.01 + 2*8.76 + 3*8.76 + 5*7.51 + 2*8.76 + 1*8.76 + 7*6.26 + 1*8.76 + 1*8.76 + 10*6.26 + 2*6.26 + 1*8.76 + 18*3.75 + 8*20.02 + 17*10.01 + 4*11.26 + 3*10.01 + 55*3.75 + 3*6.26 + 7*5.0 + 5*6.26 + 1*8.76 + 45*3.75 + 3*6.26 + 13*5.0 + 1*7.51 + 2*6.26 + 1*8.76 + 1*10.01 + 1*11.26 + 6*7.51 + 4*7.51 + 25*5.0 + 2*7.51 + 5*8.76 + 3*6.26 + 1*8.76 + 7*7.51 + 1*10.01 + 1*8.76 + 2*8.76 + 4*6.26 + 2*6.26 + 4*7.51 + 1*10.01 + 63*8.76 + 2*22.52 + 24*8.76",2842.46,"0.43 + 0.15 + 0.47 + 0.25 + 0.23 + 0.69 + 0.24 + 0.4 + 0.23 + 0.23 + 0.36 + 0.37 + 0.2 + 0.38 + 0.18 + 0.15 + 0.37 + 0.17 + 0.13 + 0.37 + 0.39 + 0.37 + 0.4 + 0.21 + 0.4 + 0.34 + 0.15 + 0.39 + 0.21 + 0.23 + 0.12 + 0.2 + 0.51 + 0.32 + 0.2 + 0.27 + 0.18 + 0.28 + 0.24 + 0.16 + 0.12",11.69,"1*0.42 + 1*0.98 + 4*2.48 + 11*5.9 + 21*1.65 + 2*2.66 + 2*1.78 + 3*4.06 + 5*2.58 + 2*3.38 + 1*2.37 + 7*1.48 + 1*1.25 + 1*1.36 + 10*1.92 + 2*5.59 + 1*3.4 + 18*1.57 + 8*8.44 + 17*2.09 + 4*4.03 + 3*5.89 + 55*2.12 + 3*2.25 + 7*1.03 + 5*0.53 + 1*1.03 + 45*1.97 + 3*2.18 + 13*0.93 + 1*1.3 + 2*0.5 + 1*0.91 + 1*3.2 + 1*3.75 + 6*0.7 + 4*2.21 + 25*1.04 + 2*2.87 + 5*1.09 + 3*1.31 + 1*2.07 + 7*1.7 + 1*1.66 + 1*1.09 + 2*1.39 + 4*1.26 + 2*1.28 + 4*0.85 + 1*2.14 + 63*2.07 + 2*15.62 + 24*4.28",968.66
"up_down_counter","1 clkinv_1, 8 dfrtp_1, 1 maj3_1, 5 nand2_1, 1 nand4_1, 4 o21ai_0, 1 or4_1, 5 xnor2_1","1*3.75 + 8*25.02 + 1*10.01 + 5*3.75 + 1*6.26 + 4*5.0 + 1*7.51 + 5*8.76",310.24,"0.39 + 0.52 + 0.09 + 0.1 + 0.07",1.17,"1*1.57 + 8*11.65 + 1*2.09 + 5*2.12 + 1*0.53 + 4*1.04 + 1*0.85 + 5*2.07",123.35
"game_graph_simple","1 a2111oi_0, 1 a211o_1, 8 a211oi_1, 1 a21bo_1, 6 a21o_1, 60 a21oi_1, 3 a221o_1, 6 a221oi_1, 3 a222oi_1, 3 a22o_1, 19 a22oi_1, 2 a2bb2oi_1, 2 a31o_1, 6 a31oi_1, 1 a32o_1, 1 a41o_1, 1 a41oi_1, 8 and2_0, 7 and3_1, 1 and3b_1, 2 and4_1, 1 and4b_1, 101 clkinv_1, 50 dfrtp_1, 10 dfstp_2, 21 maj3_1, 13 mux2_1, 4 mux2i_1, 70 nand2_1, 15 nand2b_1, 12 nand3_1, 1 nand3b_1, 8 nand4_1, 1 nand4b_1, 57 nor2_1, 12 nor2b_1, 13 nor3_1, 2 nor3b_1, 8 nor4_1, 1 nor4b_1, 1 o2111a_1, 1 o2111ai_1, 1 o211a_1, 5 o211ai_1, 4 o21a_1, 45 o21ai_0, 12 o221ai_1, 3 o22a_1, 23 o22ai_1, 5 o2bb2ai_1, 1 o311ai_0, 2 o31a_1, 6 o31ai_1, 2 o32ai_1, 1 o41ai_1, 4 or2_0, 5 or3_1, 1 or3b_1, 3 or4_1, 1 or4b_1, 65 xnor2_1, 29 xor2_1","1*8.76 + 1*8.76 + 8*7.51 + 1*10.01 + 6*7.51 + 60*5.0 + 3*10.01 + 6*8.76 + 3*10.01 + 3*8.76 + 19*7.51 + 2*8.76 + 2*8.76 + 6*6.26 + 1*10.01 + 1*10.01 + 1*8.76 + 8*6.26 + 7*6.26 + 1*8.76 + 2*8.76 + 1*10.01 + 101*3.75 + 50*25.02 + 10*26.28 + 21*10.01 + 13*11.26 + 4*10.01 + 70*3.75 + 15*6.26 + 12*5.0 + 1*7.51 + 8*6.26 + 1*8.76 + 57*3.75 + 12*6.26 + 13*5.0 + 2*7.51 + 8*6.26 + 1*8.76 + 1*11.26 + 1*8.76 + 1*10.01 + 5*7.51 + 4*7.51 + 45*5.0 + 12*8.76 + 3*8.76 + 23*6.26 + 5*8.76 + 1*8.76 + 2*8.76 + 6*7.51 + 2*8.76 + 1*8.76 + 4*6.26 + 5*6.26 + 1*8.76 + 3*7.51 + 1*10.01 + 65*8.76 + 29*8.76",5805.99,"0.56 + 1.78 + 0.94 + 0.55",3.83,"1*0.42 + 1*3.14 + 8*0.98 + 1*7.27 + 6*5.9 + 60*1.65 + 3*2.66 + 6*1.78 + 3*2.43 + 3*4.06 + 19*2.58 + 2*3.38 + 2*2.37 + 6*1.48 + 1*2.3 + 1*6.61 + 1*1.36 + 8*1.92 + 7*5.59 + 1*7.06 + 2*3.4 + 1*5.99 + 101*1.57 + 50*11.65 + 10*10.52 + 21*2.09 + 13*4.03 + 4*5.89 + 70*2.12 + 15*2.25 + 12*1.03 + 1*1.4 + 8*0.53 + 1*1.03 + 57*1.97 + 12*2.18 + 13*0.93 + 2*1.3 + 8*0.5 + 1*0.91 + 1*3.75 + 1*0.58 + 1*10.66 + 5*0.7 + 4*2.21 + 45*1.04 + 12*1.09 + 3*2.76 + 23*1.31 + 5*1.85 + 1*0.64 + 2*2.07 + 6*1.7 + 2*1.09 + 1*1.39 + 4*1.26 + 5*1.28 + 1*2.59 + 3*0.85 + 1*2.14 + 65*2.07 + 29*4.28",2101.36
"top_module","1 a21o_1, 3 a21oi_1, 1 clkinv_1, 8 dfxtp_1, 1 nand3_1, 3 nor2_1, 6 nor2b_1, 2 nor3_1, 1 o21a_1, 1 xnor2_1, 1 xor2_1","1*7.51 + 3*5.0 + 1*3.75 + 8*20.02 + 1*5.0 + 3*3.75 + 6*6.26 + 2*5.0 + 1*7.51 + 1*8.76 + 1*8.76",275.26,"0.35 + 0.11 + 0.14 + 0.15",0.75,"1*5.9 + 3*1.65 + 1*1.57 + 8*8.44 + 1*1.03 + 3*1.97 + 6*2.18 + 2*0.93 + 1*2.21 + 1*2.07 + 1*4.28",110.38
"Regs","7 a2111oi_0, 3 a211oi_1, 135 a21oi_1, 31 a221oi_1, 253 a222oi_1, 3 a22o_1, 512 a22oi_1, 5 and3_1, 15 and4_1, 992 clkinv_1, 992 dfrtp_1, 992 mux2_1, 117 nand2_1, 11 nand2b_1, 69 nand3_1, 6 nand3b_1, 107 nand4_1, 89 nor2_1, 2 nor2b_1, 53 nor3_1, 32 nor4_1, 4 nor4b_1, 1 or2_0, 7 or3_1, 3 or3b_1, 7 or4_1","7*8.76 + 3*7.51 + 135*5.0 + 31*8.76 + 253*10.01 + 3*8.76 + 512*7.51 + 5*6.26 + 15*8.76 + 992*3.75 + 992*25.02 + 992*11.26 + 117*3.75 + 11*6.26 + 69*5.0 + 6*7.51 + 107*6.26 + 89*3.75 + 2*6.26 + 53*5.0 + 32*6.26 + 4*8.76 + 1*6.26 + 7*6.26 + 3*8.76 + 7*7.51",49849.85,"0.03 + 0.05 + 0.27 + 3.29 + 0.42",4.06,"7*0.42 + 3*0.98 + 135*1.65 + 31*1.78 + 253*2.43 + 3*4.06 + 512*2.58 + 5*5.59 + 15*3.4 + 992*1.57 + 992*11.65 + 992*4.03 + 117*2.12 + 11*2.25 + 69*1.03 + 6*1.4 + 107*0.53 + 89*1.97 + 2*2.18 + 53*0.93 + 32*0.5 + 4*0.91 + 1*1.26 + 7*1.28 + 3*2.59 + 7*0.85",20104.22
"decoderparam","2 clkinv_1, 1 nand2_1, 1 nand2b_1, 1 nand3_1, 1 nand3b_1, 1 nand4_1, 1 nand4bb_1, 4 nor2_1, 6 nor3_1, 6 nor4_1","2*3.75 + 1*3.75 + 1*6.26 + 1*5.0 + 1*7.51 + 1*6.26 + 1*11.26 + 4*3.75 + 6*5.0 + 6*6.26",130.1,"0.12 + 0.22",0.34,"2*1.57 + 1*2.12 + 1*2.25 + 1*1.03 + 1*1.4 + 1*0.53 + 1*1.9 + 4*1.97 + 6*0.93 + 6*0.5",28.83
"shift_register_4bit","4 dfxtp_1, 4 mux2_1","4*20.02 + 4*11.26",125.12,"0.27 + 0.26",0.53,"4*8.44 + 4*4.03",49.88
"lab5_2_1","3 dfxtp_1, 2 nor2b_1, 1 o21ba_1","3*20.02 + 2*6.26 + 1*10.01",82.59,"0.27 + 0.16",0.43,"3*8.44 + 2*2.18 + 1*7.27",36.95
"sep32","1 and3_1, 2 and4b_1, 320 dfxtp_1, 320 mux2_1, 1 nand2_1, 28 nand3_1, 2 nand4_1, 1 nand4b_1, 1 nor3_1, 2 nor3b_1, 1 nor4_1, 4 nor4b_1, 6 nor4bb_1, 1 xnor2_1, 1 xor2_1","1*6.26 + 2*10.01 + 320*20.02 + 320*11.26 + 1*3.75 + 28*5.0 + 2*6.26 + 1*8.76 + 1*5.0 + 2*7.51 + 1*6.26 + 4*8.76 + 6*10.01 + 1*8.76 + 1*8.76",10339.81,"0.14 + 0.65 + 0.47 + 0.42",1.68,"1*5.59 + 2*5.99 + 320*8.44 + 320*4.03 + 1*2.12 + 28*1.03 + 2*0.53 + 1*1.03 + 1*0.93 + 2*1.3 + 1*0.5 + 4*0.91 + 6*3.2 + 1*2.07 + 1*4.28",4074.24
"add_subtract","1 a21o_1, 1 a21oi_1, 2 and2_0, 1 clkinv_1, 6 maj3_1, 1 nand2_1, 5 nor2_1, 1 nor3_1, 1 o21ai_0, 1 o21bai_1, 1 o31ai_1, 17 xnor2_1, 3 xor2_1","1*7.51 + 1*5.0 + 2*6.26 + 1*3.75 + 6*10.01 + 1*3.75 + 5*3.75 + 1*5.0 + 1*5.0 + 1*7.51 + 1*7.51 + 17*8.76 + 3*8.76",311.56,"0.16 + 0.14 + 0.4 + 0.37 + 0.37 + 0.37 + 0.37 + 0.35 + 0.11",2.64,"1*5.9 + 1*1.65 + 2*1.92 + 1*1.57 + 6*2.09 + 1*2.12 + 5*1.97 + 1*0.93 + 1*1.04 + 1*2.87 + 1*1.7 + 17*2.07 + 3*4.28",92.04
"ip_mux","23 a21oi_1, 272 a222oi_1, 1 a311o_1, 273 a31oi_1, 1 a41oi_1, 1 and2_0, 2 and3_1, 1 and3b_1, 3 clkinv_1, 2 conb_1, 307 dfxtp_1, 10 mux2_1, 11 mux2i_1, 2 mux4_2, 285 nand2_1, 3 nand2b_1, 2 nand3_1, 290 nor2_1, 6 nor2b_1, 2 nor3_1, 3 nor3b_1, 2 nor4_1, 3 o211ai_1, 10 o21ai_0, 10 o22ai_1, 1 or2_0","23*5.0 + 272*10.01 + 1*10.01 + 273*6.26 + 1*8.76 + 1*6.26 + 2*6.26 + 1*8.76 + 3*3.75 + 2*3.75 + 307*20.02 + 10*11.26 + 11*10.01 + 2*22.52 + 285*3.75 + 3*6.26 + 2*5.0 + 290*3.75 + 6*6.26 + 2*5.0 + 3*7.51 + 2*6.26 + 3*7.51 + 10*5.0 + 10*6.26 + 1*6.26",13434.68,"0.3 + 0.12 + 8.94 + 0.85 + 0.41",10.62,"23*1.65 + 272*2.43 + 1*1.57 + 273*1.48 + 1*1.36 + 1*1.92 + 2*5.59 + 1*7.06 + 3*1.57 + 2*3.24 + 307*8.44 + 10*4.03 + 11*5.89 + 2*6.37 + 285*2.12 + 3*2.25 + 2*1.03 + 290*1.97 + 6*2.18 + 2*0.93 + 3*1.3 + 2*0.5 + 3*0.7 + 10*1.04 + 10*1.31 + 1*1.26",5077.15
"sky130_fd_sc_hd__o311ai","1 o311ai_0","1*8.76",8.76,"0.2",0.2,"1*0.64",0.64
"fifo","1 a21oi_1, 1 clkinv_1, 4 dfrtp_1, 24 dfxtp_1, 16 mux2_1, 8 mux2i_1, 9 nand2_1, 2 nand2b_1, 1 nand3_1, 1 nand3b_1, 1 nand4_1, 1 nand4b_1, 1 nor2_1, 1 nor2b_1, 1 o211ai_1, 1 o21a_1, 9 o21ai_0, 2 xnor2_1, 1 xor2_1","1*5.0 + 1*3.75 + 4*25.02 + 24*20.02 + 16*11.26 + 8*10.01 + 9*3.75 + 2*6.26 + 1*5.0 + 1*7.51 + 1*6.26 + 1*8.76 + 1*3.75 + 1*6.26 + 1*7.51 + 1*7.51 + 9*5.0 + 2*8.76 + 1*8.76",1019.66,"0.4 + 0.2 + 0.31 + 0.4",1.31,"1*1.65 + 1*1.57 + 4*11.65 + 24*8.44 + 16*4.03 + 8*5.89 + 9*2.12 + 2*2.25 + 1*1.03 + 1*1.4 + 1*0.53 + 1*1.03 + 1*1.97 + 1*2.18 + 1*0.7 + 1*2.21 + 9*1.04 + 2*2.07 + 1*4.28",416.39
"binary_counter","1 a21oi_1, 1 a41oi_1, 1 and2_0, 1 and3_1, 4 dfxtp_1, 2 nor2_1, 2 nor3_1, 1 o21a_1","1*5.0 + 1*8.76 + 1*6.26 + 1*6.26 + 4*20.02 + 2*3.75 + 2*5.0 + 1*7.51",131.37,"0.3 + 0.17 + 0.15",0.62,"1*1.65 + 1*1.36 + 1*1.92 + 1*5.59 + 4*8.44 + 2*1.97 + 2*0.93 + 1*2.21",52.29
"sky130_fd_sc_ms__o2111a","1 o2111a_1","1*11.26",11.26,"0.19",0.19,"1*3.75",3.75
"pcie_7x_v1_8_pipe_sync","3 a21boi_0, 1 a22o_1, 1 a31o_1, 11 and2_0, 2 and3_1, 2 and4b_1, 5 clkinv_1, 2 conb_1, 19 dfxtp_1, 2 nand2_1, 2 nand3_1, 3 nand3b_1, 4 nor2_1, 1 nor2b_1, 2 nor3_1, 2 nor3b_1, 2 nor4_1, 1 o2111ai_1, 1 o211a_1, 1 o211ai_1, 2 o21a_1, 2 o21ai_0","3*7.51 + 1*8.76 + 1*8.76 + 11*6.26 + 2*6.26 + 2*10.01 + 5*3.75 + 2*3.75 + 19*20.02 + 2*3.75 + 2*5.0 + 3*7.51 + 4*3.75 + 1*6.26 + 2*5.0 + 2*7.51 + 2*6.26 + 1*8.76 + 1*10.01 + 1*7.51 + 2*7.51 + 2*5.0",698.21,"0.3 + 0.39 + 0.19 + 0.2",1.08,"3*2.48 + 1*4.06 + 1*2.37 + 11*1.92 + 2*5.59 + 2*5.99 + 5*1.57 + 2*3.24 + 19*8.44 + 2*2.12 + 2*1.03 + 3*1.4 + 4*1.97 + 1*2.18 + 2*0.93 + 2*1.3 + 2*0.5 + 1*0.58 + 1*10.66 + 1*0.7 + 2*2.21 + 2*1.04",277.3
"div_mod_u","1 a2111oi_0, 10 a211o_1, 12 a211oi_1, 9 a21boi_0, 19 a21o_1, 237 a21oi_1, 1 a22o_1, 12 a22oi_1, 7 a2bb2oi_1, 4 a311o_1, 72 a311oi_1, 9 a31o_1, 59 a31oi_1, 1 a41oi_1, 227 and2_0, 30 and3_1, 187 clkinv_1, 50 maj3_1, 31 mux2_1, 119 mux2i_1, 512 nand2_1, 92 nand2b_1, 23 nand3_1, 2 nand3b_1, 10 nand4_1, 1 nand4b_1, 639 nor2_1, 35 nor2b_1, 39 nor3_1, 2 nor3b_1, 7 nor4_1, 3 nor4b_1, 1 o2111a_1, 4 o2111ai_1, 6 o211a_1, 23 o211ai_1, 41 o21a_1, 261 o21ai_0, 1 o21ba_1, 9 o21bai_1, 5 o221a_1, 12 o221ai_1, 1 o22a_1, 3 o22ai_1, 1 o2bb2ai_1, 7 o311a_1, 66 o311ai_0, 12 o31a_1, 21 o31ai_1, 1 o32a_1, 2 o32ai_1, 1 o41a_1, 1 o41ai_1, 71 or2_0, 19 or3_1, 1 or3b_1, 4 or4_1, 1 or4b_1, 501 xnor2_1, 1 xnor3_1, 147 xor2_1","1*8.76 + 10*8.76 + 12*7.51 + 9*7.51 + 19*7.51 + 237*5.0 + 1*8.76 + 12*7.51 + 7*8.76 + 4*10.01 + 72*8.76 + 9*8.76 + 59*6.26 + 1*8.76 + 227*6.26 + 30*6.26 + 187*3.75 + 50*10.01 + 31*11.26 + 119*10.01 + 512*3.75 + 92*6.26 + 23*5.0 + 2*7.51 + 10*6.26 + 1*8.76 + 639*3.75 + 35*6.26 + 39*5.0 + 2*7.51 + 7*6.26 + 3*8.76 + 1*11.26 + 4*8.76 + 6*10.01 + 23*7.51 + 41*7.51 + 261*5.0 + 1*10.01 + 9*7.51 + 5*11.26 + 12*8.76 + 1*8.76 + 3*6.26 + 1*8.76 + 7*10.01 + 66*8.76 + 12*8.76 + 21*7.51 + 1*10.01 + 2*8.76 + 1*11.26 + 1*8.76 + 71*6.26 + 19*6.26 + 1*8.76 + 4*7.51 + 1*10.01 + 501*8.76 + 1*22.52 + 147*8.76",22250.39,"0.54 + 0.31 + 0.25 + 0.4 + 0.19 + 0.52 + 0.45 + 0.33 + 0.21 + 0.3 + 0.16 + 0.13 + 0.29 + 0.14 + 0.24 + 0.12 + 0.17 + 0.37 + 0.4 + 0.23 + 0.26 + 0.09 + 0.37 + 0.3 + 0.14 + 0.6 + 0.35 + 0.14 + 0.24 + 0.14 + 0.4 + 0.72 + 0.14 + 0.2 + 0.38 + 0.23 + 0.14 + 0.35 + 0.36 + 0.18 + 0.39 + 0.25 + 0.26 + 0.15 + 0.2 + 0.41 + 0.38 + 0.16 + 0.29 + 0.36 + 0.31 + 0.14 + 0.99 + 0.43 + 0.17 + 0.27 + 0.13 + 0.45 + 0.2 + 0.82 + 0.28 + 0.43 + 0.17 + 0.12 + 0.36 + 0.12 + 0.36 + 0.48 + 0.18 + 0.39 + 0.21 + 0.23 + 0.11 + 0.37 + 0.19 + 0.27 + 0.63 + 0.35 + 0.2 + 0.27 + 0.12 + 0.38 + 0.18 + 0.34 + 0.1 + 1.29 + 0.44 + 0.17 + 0.24 + 0.14 + 0.44 + 0.2 + 0.43 + 0.19 + 0.42 + 0.93 + 0.3 + 0.43 + 0.2 + 0.14 + 0.4 + 0.23 + 0.13 + 0.44 + 0.18 + 0.37 + 0.59 + 0.24 + 0.4 + 0.25 + 0.13 + 0.44 + 0.19 + 0.35 + 0.17 + 0.4 + 0.4 + 0.34 + 0.44 + 0.33 + 0.13 + 0.48 + 0.19 + 0.43 + 0.18 + 0.34 + 0.17 + 0.4 + 0.24 + 0.94 + 0.35 + 0.45 + 0.21 + 0.15 + 0.44 + 0.16 + 0.34 + 0.15 + 0.36 + 0.17 + 0.27 + 0.61 + 0.25 + 0.41 + 0.22 + 0.13 + 0.44 + 0.16 + 0.34 + 0.15 + 0.34 + 0.16 + 1.29 + 0.28 + 0.45 + 0.24 + 0.13 + 0.44 + 0.16 + 0.36 + 0.17 + 0.42 + 0.14 + 0.37 + 0.97 + 0.3 + 0.31 + 0.12 + 0.41 + 0.19 + 0.45 + 0.16 + 0.42 + 0.19 + 0.45 + 0.18 + 0.33 + 0.83 + 0.36 + 0.2 + 0.22 + 0.31 + 0.18 + 0.39 + 0.2 + 0.39 + 0.2 + 0.31 + 0.18 + 0.15 + 0.59 + 0.46 + 0.33 + 0.13 + 0.27 + 0.12 + 0.41 + 0.16 + 0.42 + 0.18 + 0.42 + 0.16 + 0.34 + 0.16 + 0.42 + 1.14 + 0.32 + 0.45 + 0.24 + 0.42 + 0.19 + 0.29 + 0.14 + 0.35 + 0.16 + 0.22 + 0.21 + 0.13 + 0.25 + 1.35 + 0.43 + 0.49 + 0.22 + 0.4 + 0.16 + 0.44 + 0.18 + 0.42 + 0.16 + 0.44 + 0.2 + 0.38 + 0.24 + 0.08 + 2.68 + 0.22 + 0.38 + 0.26 + 0.08 + 0.43 + 0.16 + 0.45 + 0.16 + 0.36 + 0.18 + 0.29 + 0.16 + 0.19 + 2.48 + 0.2 + 0.28 + 0.39 + 0.23 + 0.14 + 0.44 + 0.16 + 0.45 + 0.16 + 0.42 + 0.16 + 0.34 + 0.15 + 0.34 + 0.16 + 0.37 + 0.86 + 0.28 + 0.42 + 0.21 + 0.15 + 0.39 + 0.24 + 0.13 + 0.44 + 0.18 + 0.42 + 0.16 + 0.42 + 0.18 + 0.42 + 0.12 + 0.36 + 0.22 + 0.79 + 0.22 + 0.23 + 0.19 + 0.12 + 0.44 + 0.16 + 0.45 + 0.16 + 0.42 + 0.18 + 0.42 + 0.18 + 0.37 + 0.17 + 0.37 + 0.17 + 1.67 + 0.32 + 0.45 + 0.25 + 0.23 + 0.1 + 0.41 + 0.17 + 0.32 + 0.4 + 0.17 + 0.33 + 0.43 + 0.18 + 0.32 + 0.31 + 0.35 + 0.32 + 0.49 + 0.41 + 0.07 + 0.23 + 0.11 + 0.27 + 0.12 + 0.08 + 0.11 + 0.43 + 2.16 + 0.35 + 0.27",110.08,"1*0.42 + 10*3.14 + 12*0.98 + 9*2.48 + 19*5.9 + 237*1.65 + 1*4.06 + 12*2.58 + 7*3.38 + 4*1.57 + 72*0.97 + 9*2.37 + 59*1.48 + 1*1.36 + 227*1.92 + 30*5.59 + 187*1.57 + 50*2.09 + 31*4.03 + 119*5.89 + 512*2.12 + 92*2.25 + 23*1.03 + 2*1.4 + 10*0.53 + 1*1.03 + 639*1.97 + 35*2.18 + 39*0.93 + 2*1.3 + 7*0.5 + 3*0.91 + 1*3.75 + 4*0.58 + 6*10.66 + 23*0.7 + 41*2.21 + 261*1.04 + 1*7.27 + 9*2.87 + 5*2.73 + 12*1.09 + 1*2.76 + 3*1.31 + 1*1.85 + 7*3.77 + 66*0.64 + 12*2.07 + 21*1.7 + 1*1.66 + 2*1.09 + 1*1.37 + 1*1.39 + 71*1.26 + 19*1.28 + 1*2.59 + 4*0.85 + 1*2.14 + 501*2.07 + 1*15.62 + 147*4.28",7802.9
"neopixels","1 a21boi_0, 3 a21o_1, 26 a21oi_1, 2 a22o_1, 2 a22oi_1, 1 a2bb2oi_1, 1 a31o_1, 6 a31oi_1, 8 a32o_1, 1 a32oi_1, 1 a41o_1, 1 a41oi_1, 4 and2_0, 7 and3_1, 1 and4_1, 14 clkinv_1, 64 dfxtp_1, 1 mux2_1, 9 mux2i_1, 60 nand2_1, 3 nand2b_1, 11 nand3_1, 2 nand3b_1, 10 nand4_1, 31 nor2_1, 2 nor2b_1, 13 nor3_1, 9 nor4_1, 2 nor4b_1, 1 o2111a_1, 4 o211ai_1, 1 o21a_1, 16 o21ai_0, 1 o22a_1, 2 o22ai_1, 1 o2bb2ai_1, 1 o311a_1, 5 o31ai_1, 1 or2_0, 3 or3_1, 2 or4_1, 22 xnor2_1, 8 xor2_1","1*7.51 + 3*7.51 + 26*5.0 + 2*8.76 + 2*7.51 + 1*8.76 + 1*8.76 + 6*6.26 + 8*10.01 + 1*8.76 + 1*10.01 + 1*8.76 + 4*6.26 + 7*6.26 + 1*8.76 + 14*3.75 + 64*20.02 + 1*11.26 + 9*10.01 + 60*3.75 + 3*6.26 + 11*5.0 + 2*7.51 + 10*6.26 + 31*3.75 + 2*6.26 + 13*5.0 + 9*6.26 + 2*8.76 + 1*11.26 + 4*7.51 + 1*7.51 + 16*5.0 + 1*8.76 + 2*6.26 + 1*8.76 + 1*10.01 + 5*7.51 + 1*6.26 + 3*6.26 + 2*7.51 + 22*8.76 + 8*8.76",3021.32,"0.42 + 0.15 + 0.38 + 0.42 + 0.18 + 0.14 + 0.12 + 1.11 + 0.38",3.3,"1*2.48 + 3*5.9 + 26*1.65 + 2*4.06 + 2*2.58 + 1*3.38 + 1*2.37 + 6*1.48 + 8*2.3 + 1*1.25 + 1*6.61 + 1*1.36 + 4*1.92 + 7*5.59 + 1*3.4 + 14*1.57 + 64*8.44 + 1*4.03 + 9*5.89 + 60*2.12 + 3*2.25 + 11*1.03 + 2*1.4 + 10*0.53 + 31*1.97 + 2*2.18 + 13*0.93 + 9*0.5 + 2*0.91 + 1*3.75 + 4*0.7 + 1*2.21 + 16*1.04 + 1*2.76 + 2*1.31 + 1*1.85 + 1*3.77 + 5*1.7 + 1*1.26 + 3*1.28 + 2*0.85 + 22*2.07 + 8*4.28",1156.7
"pipelined_detector","1 a22o_1, 1 a32o_1, 1 and4_1, 1 conb_1, 130 dfxtp_1, 7 nand4_1, 2 nor2_1, 128 nor2b_1, 1 nor3_1, 31 nor4_1, 1 or4_1","1*8.76 + 1*10.01 + 1*8.76 + 1*3.75 + 130*20.02 + 7*6.26 + 2*3.75 + 128*6.26 + 1*5.0 + 31*6.26 + 1*7.51",3693.05,"0.27 + 0.5 + 0.16 + 0.11 + 0.25",1.29,"1*4.06 + 1*2.3 + 1*3.4 + 1*3.24 + 130*8.44 + 7*0.53 + 2*1.97 + 128*2.18 + 1*0.93 + 31*0.5 + 1*0.85",1414.17
"VgaRenderer","1 a211o_1, 1 a21bo_1, 1 a21o_1, 3 a21oi_1, 1 a221o_1, 2 a2bb2oi_1, 10 and2_0, 4 clkinv_1, 2 conb_1, 1 dfxtp_1, 12 maj3_1, 1 mux2_1, 1 mux2i_1, 17 nand2_1, 1 nand2b_1, 2 nand4_1, 8 nor2_1, 1 nor2b_1, 1 nor3_1, 4 nor4_1, 10 o21ai_0, 1 o22ai_1, 1 o32ai_1, 1 or4_1, 32 xnor2_1, 2 xnor3_1, 22 xor2_1","1*8.76 + 1*10.01 + 1*7.51 + 3*5.0 + 1*10.01 + 2*8.76 + 10*6.26 + 4*3.75 + 2*3.75 + 1*20.02 + 12*10.01 + 1*11.26 + 1*10.01 + 17*3.75 + 1*6.26 + 2*6.26 + 8*3.75 + 1*6.26 + 1*5.0 + 4*6.26 + 10*5.0 + 1*6.26 + 1*8.76 + 1*7.51 + 32*8.76 + 2*22.52 + 22*8.76",1054.76,"0.57 + 0.3 + 0.07 + 0.37 + 0.39 + 0.39 + 0.39 + 0.4 + 0.32 + 0.13 + 0.18 + 0.17 + 0.17",3.85,"1*3.14 + 1*7.27 + 1*5.9 + 3*1.65 + 1*2.66 + 2*3.38 + 10*1.92 + 4*1.57 + 2*3.24 + 1*8.44 + 12*2.09 + 1*4.03 + 1*5.89 + 17*2.12 + 1*2.25 + 2*0.53 + 8*1.97 + 1*2.18 + 1*0.93 + 4*0.5 + 10*1.04 + 1*1.31 + 1*1.09 + 1*0.85 + 32*2.07 + 2*15.62 + 22*4.28",371.59
"axi_dwidth_converter_v2_1_8_axi4lite_upsizer","1 a211o_1, 3 a21boi_0, 3 a21oi_1, 1 a31oi_1, 8 and2_0, 2 and3_1, 4 clkinv_1, 13 dfxtp_1, 32 mux2_1, 4 nand2_1, 1 nand2b_1, 1 nand4_1, 1 nand4b_1, 1 nand4bb_1, 4 nor2_1, 4 nor2b_1, 3 nor3b_1, 1 nor4_1, 1 o211a_1, 1 o211ai_1, 3 o21ai_0, 2 o221ai_1","1*8.76 + 3*7.51 + 3*5.0 + 1*6.26 + 8*6.26 + 2*6.26 + 4*3.75 + 13*20.02 + 32*11.26 + 4*3.75 + 1*6.26 + 1*6.26 + 1*8.76 + 1*11.26 + 4*3.75 + 4*6.26 + 3*7.51 + 1*6.26 + 1*10.01 + 1*7.51 + 3*5.0 + 2*8.76",917.14,"0.25",0.25,"1*3.14 + 3*2.48 + 3*1.65 + 1*1.48 + 8*1.92 + 2*5.59 + 4*1.57 + 13*8.44 + 32*4.03 + 4*2.12 + 1*2.25 + 1*0.53 + 1*1.03 + 1*1.9 + 4*1.97 + 4*2.18 + 3*1.3 + 1*0.5 + 1*10.66 + 1*0.7 + 3*1.04 + 2*1.09",340.36
"multiplier_block","1 a211o_1, 1 a211oi_1, 1 a21boi_0, 2 a21o_1, 26 a21oi_1, 1 a22o_1, 1 a2bb2oi_1, 1 a31oi_1, 2 and2_0, 3 and3_1, 1 and4b_1, 1 buf_1, 30 clkinv_1, 47 maj3_1, 1 mux2i_1, 40 nand2_1, 17 nand2b_1, 7 nand3_1, 2 nand4_1, 54 nor2_1, 4 nor2b_1, 6 nor3_1, 1 nor4_1, 4 o21a_1, 36 o21ai_0, 2 o21bai_1, 1 o22ai_1, 3 o2bb2ai_1, 1 o311ai_0, 5 o31ai_1, 7 or2_0, 3 or3_1, 2 or4_1, 153 xnor2_1, 10 xnor3_1, 68 xor2_1","1*8.76 + 1*7.51 + 1*7.51 + 2*7.51 + 26*5.0 + 1*8.76 + 1*8.76 + 1*6.26 + 2*6.26 + 3*6.26 + 1*10.01 + 1*3.75 + 30*3.75 + 47*10.01 + 1*10.01 + 40*3.75 + 17*6.26 + 7*5.0 + 2*6.26 + 54*3.75 + 4*6.26 + 6*5.0 + 1*6.26 + 4*7.51 + 36*5.0 + 2*7.51 + 1*6.26 + 3*8.76 + 1*8.76 + 5*7.51 + 7*6.26 + 3*6.26 + 2*7.51 + 153*8.76 + 10*22.52 + 68*8.76",3941.05,"0.37 + 0.12 + 0.22 + 0.5 + 0.39 + 0.39 + 0.39 + 0.39 + 0.39 + 0.39 + 0.39 + 0.4 + 0.21 + 0.11 + 0.39 + 0.39 + 0.39 + 0.39 + 0.39 + 0.39 + 0.39 + 0.39 + 0.39 + 0.39 + 0.39 + 0.39 + 0.39 + 0.39 + 0.39 + 0.37 + 0.11",10.99,"1*3.14 + 1*0.98 + 1*2.48 + 2*5.9 + 26*1.65 + 1*4.06 + 1*3.38 + 1*1.48 + 2*1.92 + 3*5.59 + 1*5.99 + 1*1.18 + 30*1.57 + 47*2.09 + 1*5.89 + 40*2.12 + 17*2.25 + 7*1.03 + 2*0.53 + 54*1.97 + 4*2.18 + 6*0.93 + 1*0.5 + 4*2.21 + 36*1.04 + 2*2.87 + 1*1.31 + 3*1.85 + 1*0.64 + 5*1.7 + 7*1.26 + 3*1.28 + 2*0.85 + 153*2.07 + 10*15.62 + 68*4.28",1348.05
"oh_delay","1 dfxtp_1","1*20.02",20.02,"0.26",0.26,"1*8.44",8.44
"four_bit_converter","1 and2_0, 2 nor2b_1, 1 nor3b_1","1*6.26 + 2*6.26 + 1*7.51",26.29,"0.11",0.11,"1*1.92 + 2*2.18 + 1*1.3",7.58
"parallel_to_serial","1 a211o_1, 2 a21oi_1, 1 a22o_1, 1 and2_0, 1 and3_1, 1 and3b_1, 1 clkinv_1, 12 dfxtp_1, 7 mux2i_1, 1 mux4_2, 7 nand2_1, 2 nor2_1, 1 nor3_1, 1 nor4_1, 7 o21ai_0, 1 xor2_1","1*8.76 + 2*5.0 + 1*8.76 + 1*6.26 + 1*6.26 + 1*8.76 + 1*3.75 + 12*20.02 + 7*10.01 + 1*22.52 + 7*3.75 + 2*3.75 + 1*5.0 + 1*6.26 + 7*5.0 + 1*8.76",474.15,"0.35 + 0.9 + 0.25 + 0.07",1.57,"1*3.14 + 2*1.65 + 1*4.06 + 1*1.92 + 1*5.59 + 1*7.06 + 1*1.57 + 12*8.44 + 7*5.89 + 1*6.37 + 7*2.12 + 2*1.97 + 1*0.93 + 1*0.5 + 7*1.04 + 1*4.28",207.29
"Rx_Module","3 a21boi_0, 10 a21oi_1, 1 a221oi_1, 1 a22oi_1, 4 a31oi_1, 2 and2_0, 1 and4_1, 2 clkinv_1, 1 conb_1, 32 dfxtp_1, 1 mux2_1, 15 nand2_1, 2 nand2b_1, 2 nand3_1, 1 nand4_1, 28 nor2_1, 5 nor2b_1, 1 nor3_1, 1 o21a_1, 24 o21ai_0, 1 o221ai_1, 2 or3_1, 1 xnor2_1, 3 xor2_1","3*7.51 + 10*5.0 + 1*8.76 + 1*7.51 + 4*6.26 + 2*6.26 + 1*8.76 + 2*3.75 + 1*3.75 + 32*20.02 + 1*11.26 + 15*3.75 + 2*6.26 + 2*5.0 + 1*6.26 + 28*3.75 + 5*6.26 + 1*5.0 + 1*7.51 + 24*5.0 + 1*8.76 + 2*6.26 + 1*8.76 + 3*8.76",1208.43,"0.6 + 0.37 + 0.28 + 0.11 + 0.08",1.44,"3*2.48 + 10*1.65 + 1*1.78 + 1*2.58 + 4*1.48 + 2*1.92 + 1*3.4 + 2*1.57 + 1*3.24 + 32*8.44 + 1*4.03 + 15*2.12 + 2*2.25 + 2*1.03 + 1*0.53 + 28*1.97 + 5*2.18 + 1*0.93 + 1*2.21 + 24*1.04 + 1*1.09 + 2*1.28 + 1*2.07 + 3*4.28",473.56
"water_level_controller","1 clkinv_1, 5 dfxtp_1, 1 mux2_1, 2 nand2b_1, 1 nand3b_1, 1 nand4b_1, 3 nor3_1, 1 nor3b_1, 1 o22ai_1, 2 o31ai_1, 2 xor2_1","1*3.75 + 5*20.02 + 1*11.26 + 2*6.26 + 1*7.51 + 1*8.76 + 3*5.0 + 1*7.51 + 1*6.26 + 2*7.51 + 2*8.76",205.21,"0.39 + 0.09 + 0.23 + 0.22 + 0.06",0.99,"1*1.57 + 5*8.44 + 1*4.03 + 2*2.25 + 1*1.4 + 1*1.03 + 3*0.93 + 1*1.3 + 1*1.31 + 2*1.7 + 2*4.28",72.09
"counter_4bit","1 a21o_1, 3 a21oi_1, 1 clkinv_1, 4 dfxtp_1, 1 nand3_1, 3 nor2_1, 2 nor2b_1, 2 nor3_1, 1 o21a_1, 1 xnor2_1, 1 xor2_1","1*7.51 + 3*5.0 + 1*3.75 + 4*20.02 + 1*5.0 + 3*3.75 + 2*6.26 + 2*5.0 + 1*7.51 + 1*8.76 + 1*8.76",170.14,"0.34 + 0.12 + 0.13 + 0.15",0.74,"1*5.9 + 3*1.65 + 1*1.57 + 4*8.44 + 1*1.03 + 3*1.97 + 2*2.18 + 2*0.93 + 1*2.21 + 1*2.07 + 1*4.28",67.9
"decoder_3to8","1 and3_1, 3 and3b_1, 1 nor3_1, 3 nor3b_1","1*6.26 + 3*8.76 + 1*5.0 + 3*7.51",60.07,"0.15",0.15,"1*5.59 + 3*7.06 + 1*0.93 + 3*1.3",31.6
"decoder","1 and4_1, 4 and4b_1, 1 nor4_1, 4 nor4b_1, 6 nor4bb_1","1*8.76 + 4*10.01 + 1*6.26 + 4*8.76 + 6*10.01",150.16,"0.19",0.19,"1*3.4 + 4*5.99 + 1*0.5 + 4*0.91 + 6*3.2",50.7
"top_module","2 a21oi_1, 1 and3_1, 11 dfxtp_1, 1 maj3_1, 2 nand2_1, 3 nor2_1, 1 nor3_1, 1 o21ai_0, 1 o21bai_1, 4 xnor2_1, 3 xor2_1","2*5.0 + 1*6.26 + 11*20.02 + 1*10.01 + 2*3.75 + 3*3.75 + 1*5.0 + 1*5.0 + 1*7.51 + 4*8.76 + 3*8.76",344.07,"0.33 + 0.1 + 0.13 + 0.38 + 0.14",1.08,"2*1.65 + 1*5.59 + 11*8.44 + 1*2.09 + 2*2.12 + 3*1.97 + 1*0.93 + 1*1.04 + 1*2.87 + 4*2.07 + 3*4.28",139.93
"myNAND3","1 nand3_1","1*5.0",5.0,"0.04",0.04,"1*1.03",1.03
"nand_4x3","1 and3_1, 1 conb_1, 3 nand4_1","1*6.26 + 1*3.75 + 3*6.26",28.79,"0.06 + 0.15",0.21,"1*5.59 + 1*3.24 + 3*0.53",10.42
"split","2 a211o_1, 7 a211oi_1, 1 a21bo_1, 32 a21o_1, 44 a21oi_1, 2 a22o_1, 2 a22oi_1, 14 a311oi_1, 2 a31o_1, 2 a31oi_1, 14 a32o_1, 13 and2_0, 19 and3_1, 9 clkinv_1, 66 dfxtp_1, 4 mux2_1, 79 nand2_1, 8 nand2b_1, 35 nand3_1, 53 nor2_1, 19 nor2b_1, 6 nor3_1, 1 o2111ai_1, 3 o211ai_1, 2 o21a_1, 38 o21ai_0, 3 o221ai_1, 11 o22a_1, 2 o22ai_1, 2 o311a_1, 12 o311ai_0, 5 o31ai_1, 1 o32ai_1, 5 or2_0, 11 or3_1, 10 xnor2_1, 3 xor2_1","2*8.76 + 7*7.51 + 1*10.01 + 32*7.51 + 44*5.0 + 2*8.76 + 2*7.51 + 14*8.76 + 2*8.76 + 2*6.26 + 14*10.01 + 13*6.26 + 19*6.26 + 9*3.75 + 66*20.02 + 4*11.26 + 79*3.75 + 8*6.26 + 35*5.0 + 53*3.75 + 19*6.26 + 6*5.0 + 1*8.76 + 3*7.51 + 2*7.51 + 38*5.0 + 3*8.76 + 11*8.76 + 2*6.26 + 2*10.01 + 12*8.76 + 5*7.51 + 1*8.76 + 5*6.26 + 11*6.26 + 10*8.76 + 3*8.76",4092.19,"1.79 + 1.21 + 0.3 + 0.11 + 0.33 + 0.2 + 0.15 + 0.07 + 0.23 + 0.09 + 0.23 + 0.1 + 0.18 + 0.1 + 0.31 + 0.13 + 0.31 + 0.16 + 0.32 + 0.2 + 0.36 + 0.2 + 0.35 + 0.14 + 0.34 + 0.23 + 0.37 + 0.2 + 0.37 + 0.21 + 0.16 + 0.1 + 0.35 + 0.15 + 0.43 + 0.22 + 0.3 + 0.26 + 0.18 + 0.14 + 0.06 + 0.2",11.84,"2*3.14 + 7*0.98 + 1*7.27 + 32*5.9 + 44*1.65 + 2*4.06 + 2*2.58 + 14*0.97 + 2*2.37 + 2*1.48 + 14*2.3 + 13*1.92 + 19*5.59 + 9*1.57 + 66*8.44 + 4*4.03 + 79*2.12 + 8*2.25 + 35*1.03 + 53*1.97 + 19*2.18 + 6*0.93 + 1*0.58 + 3*0.7 + 2*2.21 + 38*1.04 + 3*1.09 + 11*2.76 + 2*1.31 + 2*3.77 + 12*0.64 + 5*1.7 + 1*1.09 + 5*1.26 + 11*1.28 + 10*2.07 + 3*4.28",1601.57
"motor_controller","1 clkinv_1, 1 dfrtp_1","1*3.75 + 1*25.02",28.77,"0.31",0.31,"1*1.57 + 1*11.65",13.22
"sky130_fd_sc_hdll__inv","1 clkinv_1","1*3.75",3.75,"0.02",0.02,"1*1.57",1.57
"sky130_fd_sc_hd__a32oi","1 a32oi_1","1*8.76",8.76,"0.12",0.12,"1*1.25",1.25
"axis_async_fifo","10 a2111oi_0, 88 a211o_1, 232 a211oi_1, 16 a21boi_0, 79 a21o_1, 3369 a21oi_1, 91 a221o_1, 320 a221oi_1, 752 a222oi_1, 240 a22o_1, 309 a22oi_1, 28 a2bb2oi_1, 63 a311o_1, 169 a311oi_1, 32 a31o_1, 255 a31oi_1, 18 a32o_1, 36 a32oi_1, 1 a41o_1, 1 a41oi_1, 44 and2_0, 48 and3_1, 8 and3b_1, 179 clkinv_1, 2 conb_1, 2 dfstp_2, 41093 dfxtp_1, 41033 mux2_1, 3188 mux2i_1, 7232 mux4_2, 2563 nand2_1, 77 nand2b_1, 203 nand3_1, 7 nand3b_1, 5 nand4_1, 7262 nor2_1, 181 nor2b_1, 226 nor3_1, 20 nor3b_1, 11 nor4_1, 1 nor4bb_1, 62 o2111ai_1, 38 o211a_1, 411 o211ai_1, 89 o21a_1, 4189 o21ai_0, 38 o21bai_1, 153 o221a_1, 1082 o221ai_1, 90 o22a_1, 1295 o22ai_1, 1 o2bb2a_1, 23 o2bb2ai_1, 63 o311a_1, 125 o311ai_0, 28 o31a_1, 120 o31ai_1, 16 o32a_1, 78 o32ai_1, 1 o41a_1, 2 o41ai_1, 88 or2_0, 43 or3_1, 5 or3b_1, 4 or4_1, 24 xnor2_1, 13 xor2_1","10*8.76 + 88*8.76 + 232*7.51 + 16*7.51 + 79*7.51 + 3369*5.0 + 91*10.01 + 320*8.76 + 752*10.01 + 240*8.76 + 309*7.51 + 28*8.76 + 63*10.01 + 169*8.76 + 32*8.76 + 255*6.26 + 18*10.01 + 36*8.76 + 1*10.01 + 1*8.76 + 44*6.26 + 48*6.26 + 8*8.76 + 179*3.75 + 2*3.75 + 2*26.28 + 41093*20.02 + 41033*11.26 + 3188*10.01 + 7232*22.52 + 2563*3.75 + 77*6.26 + 203*5.0 + 7*7.51 + 5*6.26 + 7262*3.75 + 181*6.26 + 226*5.0 + 20*7.51 + 11*6.26 + 1*10.01 + 62*8.76 + 38*10.01 + 411*7.51 + 89*7.51 + 4189*5.0 + 38*7.51 + 153*11.26 + 1082*8.76 + 90*8.76 + 1295*6.26 + 1*10.01 + 23*8.76 + 63*10.01 + 125*8.76 + 28*8.76 + 120*7.51 + 16*10.01 + 78*8.76 + 1*11.26 + 2*8.76 + 88*6.26 + 43*6.26 + 5*8.76 + 4*7.51 + 24*8.76 + 13*8.76",1613534.11,"0.3 + 0.08 + 0.11 + 0.07 + 0.19 + 2.34 + 2.11 + 1.08 + 0.37",6.65,"10*0.42 + 88*3.14 + 232*0.98 + 16*2.48 + 79*5.9 + 3369*1.65 + 91*2.66 + 320*1.78 + 752*2.43 + 240*4.06 + 309*2.58 + 28*3.38 + 63*1.57 + 169*0.97 + 32*2.37 + 255*1.48 + 18*2.3 + 36*1.25 + 1*6.61 + 1*1.36 + 44*1.92 + 48*5.59 + 8*7.06 + 179*1.57 + 2*3.24 + 2*10.52 + 41093*8.44 + 41033*4.03 + 3188*5.89 + 7232*6.37 + 2563*2.12 + 77*2.25 + 203*1.03 + 7*1.4 + 5*0.53 + 7262*1.97 + 181*2.18 + 226*0.93 + 20*1.3 + 11*0.5 + 1*3.2 + 62*0.58 + 38*10.66 + 411*0.7 + 89*2.21 + 4189*1.04 + 38*2.87 + 153*2.73 + 1082*1.09 + 90*2.76 + 1295*1.31 + 1*3.41 + 23*1.85 + 63*3.77 + 125*0.64 + 28*2.07 + 120*1.7 + 16*1.66 + 78*1.09 + 1*1.37 + 2*1.39 + 88*1.26 + 43*1.28 + 5*2.59 + 4*0.85 + 24*2.07 + 13*4.28",620374.81
"shift_register_4bit","1 and2_0, 4 clkinv_1, 4 dfrtp_1, 4 dfxtp_1, 7 mux2_1, 1 nor2_1","1*6.26 + 4*3.75 + 4*25.02 + 4*20.02 + 7*11.26 + 1*3.75",283.99,"0.34 + 0.28",0.62,"1*1.92 + 4*1.57 + 4*11.65 + 4*8.44 + 7*4.03 + 1*1.97",118.74
"first_counter","2 a21oi_1, 1 and3_1, 1 and4_1, 4 dfxtp_1, 2 nor2_1, 2 nor3_1, 1 o21a_1, 1 xnor2_1","2*5.0 + 1*6.26 + 1*8.76 + 4*20.02 + 2*3.75 + 2*5.0 + 1*7.51 + 1*8.76",138.87,"0.33 + 0.21 + 0.12 + 0.04",0.7,"2*1.65 + 1*5.59 + 1*3.4 + 4*8.44 + 2*1.97 + 2*0.93 + 1*2.21 + 1*2.07",56.13
"binary_counter","1 clkinv_1, 4 dfrtp_1, 1 nand2_1, 1 nand3_1, 2 xnor2_1, 1 xor2_1","1*3.75 + 4*25.02 + 1*3.75 + 1*5.0 + 2*8.76 + 1*8.76",138.86,"0.36 + 0.1 + 0.12",0.58,"1*1.57 + 4*11.65 + 1*2.12 + 1*1.03 + 2*2.07 + 1*4.28",59.74
"top_module","1 a21oi_1, 1 a31oi_1, 3 clkinv_1, 11 dfrtp_1, 2 maj3_1, 3 mux2_1, 2 nand2_1, 1 nand2b_1, 1 nand3_1, 1 nand4_1, 2 nor2_1, 1 nor2b_1, 1 nor3_1, 1 nor4_1, 2 o21ai_0, 1 o2bb2ai_1, 1 or3_1, 3 xnor2_1, 7 xor2_1","1*5.0 + 1*6.26 + 3*3.75 + 11*25.02 + 2*10.01 + 3*11.26 + 2*3.75 + 1*6.26 + 1*5.0 + 1*6.26 + 2*3.75 + 1*6.26 + 1*5.0 + 1*6.26 + 2*5.0 + 1*8.76 + 1*6.26 + 3*8.76 + 7*8.76",514.19,"0.41 + 0.17 + 0.6 + 0.37",1.55,"1*1.65 + 1*1.48 + 3*1.57 + 11*11.65 + 2*2.09 + 3*4.03 + 2*2.12 + 1*2.25 + 1*1.03 + 1*0.53 + 2*1.97 + 1*2.18 + 1*0.93 + 1*0.5 + 2*1.04 + 1*1.85 + 1*1.28 + 3*2.07 + 7*4.28",209.24
"muxed_ctrl_data","7 a2111oi_0, 1 a21boi_0, 1 a21oi_1, 1 a221oi_1, 14 a222oi_1, 2 a22oi_1, 1 a32o_1, 5 and2_0, 13 and3_1, 2 and4b_1, 11 clkinv_1, 8 dfrtp_1, 1 nand2_1, 2 nand2b_1, 7 nand3_1, 1 nand4_1, 1 nand4bb_1, 6 nor2_1, 2 nor2b_1, 3 nor3_1, 3 nor4_1, 1 nor4b_1, 1 nor4bb_1, 1 o41ai_1, 1 or4_1, 1 or4b_1","7*8.76 + 1*7.51 + 1*5.0 + 1*8.76 + 14*10.01 + 2*7.51 + 1*10.01 + 5*6.26 + 13*6.26 + 2*10.01 + 11*3.75 + 8*25.02 + 1*3.75 + 2*6.26 + 7*5.0 + 1*6.26 + 1*11.26 + 6*3.75 + 2*6.26 + 3*5.0 + 3*6.26 + 1*8.76 + 1*10.01 + 1*8.76 + 1*7.51 + 1*10.01",804.51,"0.54 + 0.37 + 0.15 + 0.11",1.17,"7*0.42 + 1*2.48 + 1*1.65 + 1*1.78 + 14*2.43 + 2*2.58 + 1*2.3 + 5*1.92 + 13*5.59 + 2*5.99 + 11*1.57 + 8*11.65 + 1*2.12 + 2*2.25 + 7*1.03 + 1*0.53 + 1*1.9 + 6*1.97 + 2*2.18 + 3*0.93 + 3*0.5 + 1*0.91 + 1*3.2 + 1*1.39 + 1*0.85 + 1*2.14",300.27
"DRAMWriter","4 a21boi_0, 2 a21o_1, 42 a21oi_1, 1 a22oi_1, 1 a31oi_1, 3 and2_0, 1 and3_1, 2 and4_1, 4 clkinv_1, 2 conb_1, 66 dfxtp_1, 18 nand2_1, 4 nand2b_1, 8 nand3_1, 2 nand4_1, 1 nand4bb_1, 68 nor2_1, 10 nor2b_1, 1 nor3_1, 7 nor4_1, 3 nor4b_1, 3 o211ai_1, 80 o21ai_0, 2 o22ai_1, 3 or2_0, 4 or3_1, 3 or4_1, 1 or4b_1, 8 xnor2_1, 5 xor2_1","4*7.51 + 2*7.51 + 42*5.0 + 1*7.51 + 1*6.26 + 3*6.26 + 1*6.26 + 2*8.76 + 4*3.75 + 2*3.75 + 66*20.02 + 18*3.75 + 4*6.26 + 8*5.0 + 2*6.26 + 1*11.26 + 68*3.75 + 10*6.26 + 1*5.0 + 7*6.26 + 3*8.76 + 3*7.51 + 80*5.0 + 2*6.26 + 3*6.26 + 4*6.26 + 3*7.51 + 1*10.01 + 8*8.76 + 5*8.76",2829.52,"0.12",0.12,"4*2.48 + 2*5.9 + 42*1.65 + 1*2.58 + 1*1.48 + 3*1.92 + 1*5.59 + 2*3.4 + 4*1.57 + 2*3.24 + 66*8.44 + 18*2.12 + 4*2.25 + 8*1.03 + 2*0.53 + 1*1.9 + 68*1.97 + 10*2.18 + 1*0.93 + 7*0.5 + 3*0.91 + 3*0.7 + 80*1.04 + 2*1.31 + 3*1.26 + 4*1.28 + 3*0.85 + 1*2.14 + 8*2.07 + 5*4.28",1043.78
"except","2 a22o_1, 2 and2_0, 2 clkinv_1, 22 dfxtp_1, 7 nand2_1, 6 nand4_1, 11 nor2_1, 6 nor3_1, 12 nor4_1","2*8.76 + 2*6.26 + 2*3.75 + 22*20.02 + 7*3.75 + 6*6.26 + 11*3.75 + 6*5.0 + 12*6.26",688.16,"0.24 + 0.13 + 0.17 + 0.06",0.6,"2*4.06 + 2*1.92 + 2*1.57 + 22*8.44 + 7*2.12 + 6*0.53 + 11*1.97 + 6*0.93 + 12*0.5",252.05
"hyperbolic","1 clkinv_1, 1 conb_1","1*3.75 + 1*3.75",7.5,"0.02",0.02,"1*1.57 + 1*3.24",4.81
"up_axi","3 a21o_1, 2 a21oi_1, 1 a22o_1, 1 a32o_1, 1 and2_0, 2 and3b_1, 1 clkinv_1, 1 conb_1, 175 dfrtp_1, 61 mux2_1, 33 mux2i_1, 2 nand2_1, 1 nand2b_1, 2 nand3_1, 1 nand4_1, 35 nor2_1, 5 nor2b_1, 1 nor3_1, 1 o211a_1, 11 o21a_1, 2 o21ai_0, 22 o21bai_1, 1 xor2_1","3*7.51 + 2*5.0 + 1*8.76 + 1*10.01 + 1*6.26 + 2*8.76 + 1*3.75 + 1*3.75 + 175*25.02 + 61*11.26 + 33*10.01 + 2*3.75 + 1*6.26 + 2*5.0 + 1*6.26 + 35*3.75 + 5*6.26 + 1*5.0 + 1*10.01 + 11*7.51 + 2*5.0 + 22*7.51 + 1*8.76",5952.44,"1.33 + 0.29 + 0.14",1.76,"3*5.9 + 2*1.65 + 1*4.06 + 1*2.3 + 1*1.92 + 2*7.06 + 1*1.57 + 1*3.24 + 175*11.65 + 61*4.03 + 33*5.89 + 2*2.12 + 1*2.25 + 2*1.03 + 1*0.53 + 35*1.97 + 5*2.18 + 1*0.93 + 1*10.66 + 11*2.21 + 2*1.04 + 22*2.87 + 1*4.28",2721.49
"osc2","2 dfxtp_1, 2 nor2_1, 1 xnor2_1","2*20.02 + 2*3.75 + 1*8.76",56.3,"0.29 + 0.14 + 0.04",0.47,"2*8.44 + 2*1.97 + 1*2.07",22.89
"antares_multiplier","2 a211o_1, 5 a211oi_1, 1 a21bo_1, 18 a21boi_0, 16 a21o_1, 291 a21oi_1, 2 a221oi_1, 133 a22o_1, 27 a22oi_1, 6 a2bb2oi_1, 3 a311o_1, 11 a311oi_1, 8 a31o_1, 35 a31oi_1, 55 a32o_1, 3 a41oi_1, 123 and2_0, 30 and3_1, 3 and4_1, 73 clkinv_1, 363 dfxtp_1, 510 maj3_1, 1442 nand2_1, 150 nand2b_1, 69 nand3_1, 4 nand3b_1, 50 nand4_1, 363 nor2_1, 115 nor2b_1, 51 nor3_1, 8 nor4_1, 1 o2111a_1, 4 o211a_1, 6 o211ai_1, 52 o21a_1, 329 o21ai_0, 3 o21ba_1, 1 o21bai_1, 23 o22a_1, 7 o22ai_1, 8 o311a_1, 7 o311ai_0, 9 o31a_1, 79 o31ai_1, 23 or2_0, 45 or3_1, 29 or4_1, 923 xnor2_1, 117 xnor3_1, 589 xor2_1, 104 xor3_1","2*8.76 + 5*7.51 + 1*10.01 + 18*7.51 + 16*7.51 + 291*5.0 + 2*8.76 + 133*8.76 + 27*7.51 + 6*8.76 + 3*10.01 + 11*8.76 + 8*8.76 + 35*6.26 + 55*10.01 + 3*8.76 + 123*6.26 + 30*6.26 + 3*8.76 + 73*3.75 + 363*20.02 + 510*10.01 + 1442*3.75 + 150*6.26 + 69*5.0 + 4*7.51 + 50*6.26 + 363*3.75 + 115*6.26 + 51*5.0 + 8*6.26 + 1*11.26 + 4*10.01 + 6*7.51 + 52*7.51 + 329*5.0 + 3*10.01 + 1*7.51 + 23*8.76 + 7*6.26 + 8*10.01 + 7*8.76 + 9*8.76 + 79*7.51 + 23*6.26 + 45*6.26 + 29*7.51 + 923*8.76 + 117*22.52 + 589*8.76 + 104*23.77",49480.45,"1.07 + 10.0 + 0.93",12.0,"2*3.14 + 5*0.98 + 1*7.27 + 18*2.48 + 16*5.9 + 291*1.65 + 2*1.78 + 133*4.06 + 27*2.58 + 6*3.38 + 3*1.57 + 11*0.97 + 8*2.37 + 35*1.48 + 55*2.3 + 3*1.36 + 123*1.92 + 30*5.59 + 3*3.4 + 73*1.57 + 363*8.44 + 510*2.09 + 1442*2.12 + 150*2.25 + 69*1.03 + 4*1.4 + 50*0.53 + 363*1.97 + 115*2.18 + 51*0.93 + 8*0.5 + 1*3.75 + 4*10.66 + 6*0.7 + 52*2.21 + 329*1.04 + 3*7.27 + 1*2.87 + 23*2.76 + 7*1.31 + 8*3.77 + 7*0.64 + 9*2.07 + 79*1.7 + 23*1.26 + 45*1.28 + 29*0.85 + 923*2.07 + 117*15.62 + 589*4.28 + 104*15.22",19406.83
"axi_ad9144_if","256 dfxtp_1, 256 nor2b_1","256*20.02 + 256*6.26",6727.68,"0.26",0.26,"256*8.44 + 256*2.18",2718.72
"sysctl","2 a211oi_1, 1 a21bo_1, 1 a21boi_0, 6 a21o_1, 165 a21oi_1, 20 a221oi_1, 38 a222oi_1, 11 a22o_1, 40 a22oi_1, 3 a2bb2oi_1, 27 a31oi_1, 9 a32oi_1, 16 and2_0, 11 and3_1, 5 and4_1, 22 clkinv_1, 248 dfxtp_1, 247 nand2_1, 7 nand2b_1, 21 nand3_1, 5 nand3b_1, 13 nand4_1, 69 nor2_1, 3 nor2b_1, 13 nor3_1, 4 nor3b_1, 21 nor4_1, 1 o2111a_1, 5 o211ai_1, 25 o21ai_0, 1 o221ai_1, 1 o2bb2ai_1, 1 o31a_1, 1 o31ai_1, 1 or2_0, 2 or3b_1, 2 or4_1, 42 xnor2_1, 49 xor2_1","2*7.51 + 1*10.01 + 1*7.51 + 6*7.51 + 165*5.0 + 20*8.76 + 38*10.01 + 11*8.76 + 40*7.51 + 3*8.76 + 27*6.26 + 9*8.76 + 16*6.26 + 11*6.26 + 5*8.76 + 22*3.75 + 248*20.02 + 247*3.75 + 7*6.26 + 21*5.0 + 5*7.51 + 13*6.26 + 69*3.75 + 3*6.26 + 13*5.0 + 4*7.51 + 21*6.26 + 1*11.26 + 5*7.51 + 25*5.0 + 1*8.76 + 1*8.76 + 1*8.76 + 1*7.51 + 1*6.26 + 2*8.76 + 2*7.51 + 42*8.76 + 49*8.76",10130.95,"0.15 + 1.04 + 0.99 + 0.59 + 0.33 + 0.14 + 0.05",3.29,"2*0.98 + 1*7.27 + 1*2.48 + 6*5.9 + 165*1.65 + 20*1.78 + 38*2.43 + 11*4.06 + 40*2.58 + 3*3.38 + 27*1.48 + 9*1.25 + 16*1.92 + 11*5.59 + 5*3.4 + 22*1.57 + 248*8.44 + 247*2.12 + 7*2.25 + 21*1.03 + 5*1.4 + 13*0.53 + 69*1.97 + 3*2.18 + 13*0.93 + 4*1.3 + 21*0.5 + 1*3.75 + 5*0.7 + 25*1.04 + 1*1.09 + 1*1.85 + 1*2.07 + 1*1.7 + 1*1.26 + 2*2.59 + 2*0.85 + 42*2.07 + 49*4.28",3983.31
"SB_FILTER_50NS","6 dfxtp_1, 2 nand2_1, 1 nor3_1","6*20.02 + 2*3.75 + 1*5.0",132.62,"0.29 + 0.05 + 0.13",0.47,"6*8.44 + 2*2.12 + 1*0.93",55.81
"smallest_number","1 a211o_1, 2 a211oi_1, 1 a31oi_1, 8 clkinv_1, 2 maj3_1, 6 mux2i_1, 4 nand2_1, 3 nor2_1, 2 nor2b_1, 1 nor3_1, 1 nor4_1, 1 o21ai_0, 1 o21ba_1, 2 o221ai_1, 1 o22ai_1, 1 o2bb2ai_1, 2 xnor2_1, 1 xor2_1","1*8.76 + 2*7.51 + 1*6.26 + 8*3.75 + 2*10.01 + 6*10.01 + 4*3.75 + 3*3.75 + 2*6.26 + 1*5.0 + 1*6.26 + 1*5.0 + 1*10.01 + 2*8.76 + 1*6.26 + 1*8.76 + 2*8.76 + 1*8.76",263.98,"0.12 + 0.34 + 0.19 + 0.35 + 0.22 + 0.06",1.28,"1*3.14 + 2*0.98 + 1*1.48 + 8*1.57 + 2*2.09 + 6*5.89 + 4*2.12 + 3*1.97 + 2*2.18 + 1*0.93 + 1*0.5 + 1*1.04 + 1*7.27 + 2*1.09 + 1*1.31 + 1*1.85 + 2*2.07 + 1*4.28",100.91
"oh_stretcher","5 dfrtp_1, 4 or2_0","5*25.02 + 4*6.26",150.14,"0.33 + 0.2",0.53,"5*11.65 + 4*1.26",63.29
"binary_counter","1 a21o_1, 3 a21oi_1, 1 clkinv_1, 4 dfxtp_1, 1 nand3_1, 3 nor2_1, 2 nor2b_1, 2 nor3_1, 1 o21a_1, 1 xnor2_1, 1 xor2_1","1*7.51 + 3*5.0 + 1*3.75 + 4*20.02 + 1*5.0 + 3*3.75 + 2*6.26 + 2*5.0 + 1*7.51 + 1*8.76 + 1*8.76",170.14,"0.34 + 0.11 + 0.13 + 0.15",0.73,"1*5.9 + 3*1.65 + 1*1.57 + 4*8.44 + 1*1.03 + 3*1.97 + 2*2.18 + 2*0.93 + 1*2.21 + 1*2.07 + 1*4.28",67.9
"sky130_fd_sc_hvl__a22oi","1 a22oi_1","1*7.51",7.51,"0.11",0.11,"1*2.58",2.58
"regfile","7 a211o_1, 394 a21oi_1, 1 a221o_1, 3 a221oi_1, 3 a22o_1, 3 a22oi_1, 1 a31o_1, 33 and2_0, 1 and3_1, 2 and3b_1, 12 and4_1, 1 and4b_1, 9 clkinv_1, 1024 dfxtp_1, 236 mux2_1, 37 mux2i_1, 544 mux4_2, 427 nand2_1, 1 nand3_1, 2 nand3b_1, 12 nand4_1, 555 nor2_1, 8 nor2b_1, 1 nor4b_1, 2 nor4bb_1, 1 o211ai_1, 41 o21a_1, 526 o21ai_0, 41 o221ai_1, 2 o22a_1, 39 o22ai_1, 30 o2bb2ai_1, 2 o31ai_1","7*8.76 + 394*5.0 + 1*10.01 + 3*8.76 + 3*8.76 + 3*7.51 + 1*8.76 + 33*6.26 + 1*6.26 + 2*8.76 + 12*8.76 + 1*10.01 + 9*3.75 + 1024*20.02 + 236*11.26 + 37*10.01 + 544*22.52 + 427*3.75 + 1*5.0 + 2*7.51 + 12*6.26 + 555*3.75 + 8*6.26 + 1*8.76 + 2*10.01 + 1*7.51 + 41*7.51 + 526*5.0 + 41*8.76 + 2*8.76 + 39*6.26 + 30*8.76 + 2*7.51",45984.07,"1.8 + 0.52 + 0.96 + 0.37",3.65,"7*3.14 + 394*1.65 + 1*2.66 + 3*1.78 + 3*4.06 + 3*2.58 + 1*2.37 + 33*1.92 + 1*5.59 + 2*7.06 + 12*3.4 + 1*5.99 + 9*1.57 + 1024*8.44 + 236*4.03 + 37*5.89 + 544*6.37 + 427*2.12 + 1*1.03 + 2*1.4 + 12*0.53 + 555*1.97 + 8*2.18 + 1*0.91 + 2*3.2 + 1*0.7 + 41*2.21 + 526*1.04 + 41*1.09 + 2*2.76 + 39*1.31 + 30*1.85 + 2*1.7",16955.29
"paula_uart","1 a211o_1, 3 a21o_1, 16 a21oi_1, 5 a221o_1, 4 a22o_1, 1 a22oi_1, 12 a31oi_1, 1 a32o_1, 15 and2_0, 1 and3_1, 15 clkinv_1, 1 conb_1, 115 dfxtp_1, 36 mux2_1, 34 mux2i_1, 58 nand2_1, 6 nand2b_1, 7 nand3_1, 1 nand3b_1, 2 nand4_1, 1 nand4b_1, 50 nor2_1, 3 nor2b_1, 7 nor3_1, 6 nor4_1, 1 nor4b_1, 10 o211ai_1, 9 o21a_1, 42 o21ai_0, 2 o21bai_1, 2 o221ai_1, 1 o22a_1, 8 o22ai_1, 3 o2bb2ai_1, 5 o311ai_0, 5 o31ai_1, 3 or2_0, 3 or3_1, 7 or4_1, 1 or4b_1, 11 xnor2_1, 5 xor2_1","1*8.76 + 3*7.51 + 16*5.0 + 5*10.01 + 4*8.76 + 1*7.51 + 12*6.26 + 1*10.01 + 15*6.26 + 1*6.26 + 15*3.75 + 1*3.75 + 115*20.02 + 36*11.26 + 34*10.01 + 58*3.75 + 6*6.26 + 7*5.0 + 1*7.51 + 2*6.26 + 1*8.76 + 50*3.75 + 3*6.26 + 7*5.0 + 6*6.26 + 1*8.76 + 10*7.51 + 9*7.51 + 42*5.0 + 2*7.51 + 2*8.76 + 1*8.76 + 8*6.26 + 3*8.76 + 5*8.76 + 5*7.51 + 3*6.26 + 3*6.26 + 7*7.51 + 1*10.01 + 11*8.76 + 5*8.76",4895.63,"0.31 + 0.6 + 0.35 + 0.45 + 0.56 + 0.61 + 0.69 + 0.77 + 0.38",4.72,"1*3.14 + 3*5.9 + 16*1.65 + 5*2.66 + 4*4.06 + 1*2.58 + 12*1.48 + 1*2.3 + 15*1.92 + 1*5.59 + 15*1.57 + 1*3.24 + 115*8.44 + 36*4.03 + 34*5.89 + 58*2.12 + 6*2.25 + 7*1.03 + 1*1.4 + 2*0.53 + 1*1.03 + 50*1.97 + 3*2.18 + 7*0.93 + 6*0.5 + 1*0.91 + 10*0.7 + 9*2.21 + 42*1.04 + 2*2.87 + 2*1.09 + 1*2.76 + 8*1.31 + 3*1.85 + 5*0.64 + 5*1.7 + 3*1.26 + 3*1.28 + 7*0.85 + 1*2.14 + 11*2.07 + 5*4.28",1908.02
"checksum","1 nor4_1, 1 or4_1, 1 xnor2_1","1*6.26 + 1*7.51 + 1*8.76",22.53,"0.5 + 0.22 + 0.13",0.85,"1*0.5 + 1*0.85 + 1*2.07",3.42
"peripheral_pwm","3 a2111o_1, 10 a21oi_1, 3 a31oi_1, 3 and2_0, 9 and3_1, 9 and4_1, 37 clkinv_1, 1 conb_1, 33 dfrtp_1, 34 dfxtp_1, 30 mux2_1, 2 nand2_1, 6 nand2b_1, 5 nand4_1, 2 nand4b_1, 21 nor2_1, 2 nor2b_1, 26 nor3_1, 3 o2111ai_1, 2 o21ai_0, 21 xnor2_1, 12 xor2_1","3*11.26 + 10*5.0 + 3*6.26 + 3*6.26 + 9*6.26 + 9*8.76 + 37*3.75 + 1*3.75 + 33*25.02 + 34*20.02 + 30*11.26 + 2*3.75 + 6*6.26 + 5*6.26 + 2*8.76 + 21*3.75 + 2*6.26 + 26*5.0 + 3*8.76 + 2*5.0 + 21*8.76 + 12*8.76",2883.67,"0.37 + 0.14 + 0.37 + 0.7 + 0.13",1.71,"3*1.68 + 10*1.65 + 3*1.48 + 3*1.92 + 9*5.59 + 9*3.4 + 37*1.57 + 1*3.24 + 33*11.65 + 34*8.44 + 30*4.03 + 2*2.12 + 6*2.25 + 5*0.53 + 2*1.03 + 21*1.97 + 2*2.18 + 26*0.93 + 3*0.58 + 2*1.04 + 21*2.07 + 12*4.28",1157.3
"shift_register","4 a21oi_1, 16 dfrtp_1, 12 mux2_1, 4 mux2i_1, 1 nor2_1, 4 nor3_1, 1 or2_0","4*5.0 + 16*25.02 + 12*11.26 + 4*10.01 + 1*3.75 + 4*5.0 + 1*6.26",625.49,"0.44 + 0.37",0.81,"4*1.65 + 16*11.65 + 12*4.03 + 4*5.89 + 1*1.97 + 4*0.93 + 1*1.26",271.87
"Booth_Multiplier","12 a211oi_1, 3 a21o_1, 39 a21oi_1, 15 a222oi_1, 1 a22oi_1, 3 and2_0, 1 and3b_1, 1 clkinv_1, 87 dfxtp_1, 8 maj3_1, 1 mux2_1, 20 mux2i_1, 44 nand2_1, 4 nand2b_1, 1 nand3b_1, 101 nor2_1, 4 nor2b_1, 9 nor3_1, 1 nor4_1, 1 o21a_1, 24 o21ai_0, 2 o22ai_1, 6 o31ai_1, 1 or2_0, 2 or4_1, 22 xnor2_1, 20 xor2_1","12*7.51 + 3*7.51 + 39*5.0 + 15*10.01 + 1*7.51 + 3*6.26 + 1*8.76 + 1*3.75 + 87*20.02 + 8*10.01 + 1*11.26 + 20*10.01 + 44*3.75 + 4*6.26 + 1*7.51 + 101*3.75 + 4*6.26 + 9*5.0 + 1*6.26 + 1*7.51 + 24*5.0 + 2*6.26 + 6*7.51 + 1*6.26 + 2*7.51 + 22*8.76 + 20*8.76",3756.77,"0.34 + 0.31 + 0.11 + 0.17 + 0.38 + 0.37 + 0.37 + 0.37 + 0.37 + 0.37 + 0.38 + 0.26 + 0.13 + 0.38 + 0.27 + 0.13 + 0.16 + 0.15 + 0.2",5.22,"12*0.98 + 3*5.9 + 39*1.65 + 15*2.43 + 1*2.58 + 3*1.92 + 1*7.06 + 1*1.57 + 87*8.44 + 8*2.09 + 1*4.03 + 20*5.89 + 44*2.12 + 4*2.25 + 1*1.4 + 101*1.97 + 4*2.18 + 9*0.93 + 1*0.5 + 1*2.21 + 24*1.04 + 2*1.31 + 6*1.7 + 1*1.26 + 2*0.85 + 22*2.07 + 20*4.28",1514.39
"memory_controller","1 a2111oi_0, 1 a211o_1, 1 a211oi_1, 7 a21boi_0, 1 a21o_1, 319 a21oi_1, 1 a221o_1, 1 a221oi_1, 103 a222oi_1, 77 a22o_1, 484 a22oi_1, 1 a31o_1, 6 a31oi_1, 1 a41o_1, 6 a41oi_1, 4 and2_0, 23 and3_1, 3072 dfxtp_1, 3072 mux2_1, 522 mux4_2, 362 nand2_1, 8 nand2b_1, 4 nand3_1, 7 nand4_1, 63 nor2_1, 8 nor2b_1, 5 nor3_1, 24 nor4_1, 30 o21ai_0, 3 o221ai_1, 6 o22ai_1, 1 o311ai_0, 7 o31a_1, 17 o31ai_1, 29 o41ai_1, 5 or2_0, 3 or3_1, 10 or4_1","1*8.76 + 1*8.76 + 1*7.51 + 7*7.51 + 1*7.51 + 319*5.0 + 1*10.01 + 1*8.76 + 103*10.01 + 77*8.76 + 484*7.51 + 1*8.76 + 6*6.26 + 1*10.01 + 6*8.76 + 4*6.26 + 23*6.26 + 3072*20.02 + 3072*11.26 + 522*22.52 + 362*3.75 + 8*6.26 + 4*5.0 + 7*6.26 + 63*3.75 + 8*6.26 + 5*5.0 + 24*6.26 + 30*5.0 + 3*8.76 + 6*6.26 + 1*8.76 + 7*8.76 + 17*7.51 + 29*8.76 + 5*6.26 + 3*6.26 + 10*7.51",117888.56,"7.99 + 0.7 + 0.27 + 0.11 + 0.4 + 0.12",9.59,"1*0.42 + 1*3.14 + 1*0.98 + 7*2.48 + 1*5.9 + 319*1.65 + 1*2.66 + 1*1.78 + 103*2.43 + 77*4.06 + 484*2.58 + 1*2.37 + 6*1.48 + 1*6.61 + 6*1.36 + 4*1.92 + 23*5.59 + 3072*8.44 + 3072*4.03 + 522*6.37 + 362*2.12 + 8*2.25 + 4*1.03 + 7*0.53 + 63*1.97 + 8*2.18 + 5*0.93 + 24*0.5 + 30*1.04 + 3*1.09 + 6*1.31 + 1*0.64 + 7*2.07 + 17*1.7 + 29*1.39 + 5*1.26 + 3*1.28 + 10*0.85",45262.25
"jt12_pm","4 a211o_1, 5 a211oi_1, 2 a21o_1, 6 a21oi_1, 1 a221o_1, 1 a221oi_1, 1 a22oi_1, 2 and2_0, 1 and3_1, 4 clkinv_1, 3 maj3_1, 4 mux2i_1, 16 nand2_1, 3 nand2b_1, 1 nand3_1, 1 nand3b_1, 1 nand4_1, 13 nor2_1, 2 nor2b_1, 1 nor3_1, 1 nor4_1, 1 o2111ai_1, 4 o211ai_1, 3 o21a_1, 9 o21ai_0, 1 o21bai_1, 2 o221ai_1, 1 o22a_1, 2 o22ai_1, 1 o311ai_0, 2 o31ai_1, 1 o41ai_1, 2 or3_1, 11 xnor2_1, 11 xor2_1","4*8.76 + 5*7.51 + 2*7.51 + 6*5.0 + 1*10.01 + 1*8.76 + 1*7.51 + 2*6.26 + 1*6.26 + 4*3.75 + 3*10.01 + 4*10.01 + 16*3.75 + 3*6.26 + 1*5.0 + 1*7.51 + 1*6.26 + 13*3.75 + 2*6.26 + 1*5.0 + 1*6.26 + 1*8.76 + 4*7.51 + 3*7.51 + 9*5.0 + 1*7.51 + 2*8.76 + 1*8.76 + 2*6.26 + 1*8.76 + 2*7.51 + 1*8.76 + 2*6.26 + 11*8.76 + 11*8.76",808.24,"0.32 + 0.13 + 0.62 + 0.15 + 0.16 + 0.15 + 0.41 + 0.39 + 0.4 + 0.39 + 0.24 + 0.22 + 0.51 + 0.14",4.23,"4*3.14 + 5*0.98 + 2*5.9 + 6*1.65 + 1*2.66 + 1*1.78 + 1*2.58 + 2*1.92 + 1*5.59 + 4*1.57 + 3*2.09 + 4*5.89 + 16*2.12 + 3*2.25 + 1*1.03 + 1*1.4 + 1*0.53 + 13*1.97 + 2*2.18 + 1*0.93 + 1*0.5 + 1*0.58 + 4*0.7 + 3*2.21 + 9*1.04 + 1*2.87 + 2*1.09 + 1*2.76 + 2*1.31 + 1*0.64 + 2*1.7 + 1*1.39 + 2*1.28 + 11*2.07 + 11*4.28",274.39
"symmetric_mem_core","58 a222oi_1, 38 a22oi_1, 244 a2bb2oi_1, 4 and3_1, 10 and3b_1, 544 dfxtp_1, 256 mux4_2, 6 nand2_1, 274 nand3_1, 10 nand3b_1, 6 nand4_1, 2 nor3_1, 7 nor3b_1, 18 o211ai_1, 268 o221a_1, 32 o22ai_1, 244 o32ai_1, 270 or3_1, 8 or3b_1","58*10.01 + 38*7.51 + 244*8.76 + 4*6.26 + 10*8.76 + 544*20.02 + 256*22.52 + 6*3.75 + 274*5.0 + 10*7.51 + 6*6.26 + 2*5.0 + 7*7.51 + 18*7.51 + 268*11.26 + 32*6.26 + 244*8.76 + 270*6.26 + 8*8.76",28590.67,"6.75 + 0.24 + 0.34",7.33,"58*2.43 + 38*2.58 + 244*3.38 + 4*5.59 + 10*7.06 + 544*8.44 + 256*6.37 + 6*2.12 + 274*1.03 + 10*1.4 + 6*0.53 + 2*0.93 + 7*1.3 + 18*0.7 + 268*2.73 + 32*1.31 + 244*1.09 + 270*1.28 + 8*2.59",9120.26
"priority_encoder","3 nand2_1, 2 nand3_1, 1 nand4_1, 3 nand4b_1, 3 nor2_1, 1 nor4_1, 1 o21ai_0, 1 o41ai_1, 1 xnor2_1, 1 xor2_1","3*3.75 + 2*5.0 + 1*6.26 + 3*8.76 + 3*3.75 + 1*6.26 + 1*5.0 + 1*8.76 + 1*8.76 + 1*8.76",102.58,"0.43 + 0.16 + 0.06",0.65,"3*2.12 + 2*1.03 + 1*0.53 + 3*1.03 + 3*1.97 + 1*0.5 + 1*1.04 + 1*1.39 + 1*2.07 + 1*4.28",27.23
"chatgpt_generate_edge_detect","4 dfrtp_1, 2 nor2b_1","4*25.02 + 2*6.26",112.6,"0.35 + 0.12",0.47,"4*11.65 + 2*2.18",50.96
"matrix_mult_mac_mbkb_DSP48_0","11 a211oi_1, 3 a21o_1, 19 a21oi_1, 1 a221o_1, 1 a221oi_1, 2 a22o_1, 3 a22oi_1, 1 a31oi_1, 5 and2_0, 2 and3_1, 11 clkinv_1, 32 dfxtp_1, 43 maj3_1, 14 mux2i_1, 67 nand2_1, 3 nand2b_1, 7 nand3_1, 5 nand4_1, 55 nor2_1, 14 nor2b_1, 6 nor3_1, 1 nor3b_1, 1 nor4_1, 1 nor4bb_1, 17 o21ai_0, 2 o21bai_1, 2 o22ai_1, 3 or2_0, 1 or3_1, 1 or4_1, 92 xnor2_1, 7 xnor3_1, 27 xor2_1, 12 xor3_1","11*7.51 + 3*7.51 + 19*5.0 + 1*10.01 + 1*8.76 + 2*8.76 + 3*7.51 + 1*6.26 + 5*6.26 + 2*6.26 + 11*3.75 + 32*20.02 + 43*10.01 + 14*10.01 + 67*3.75 + 3*6.26 + 7*5.0 + 5*6.26 + 55*3.75 + 14*6.26 + 6*5.0 + 1*7.51 + 1*6.26 + 1*10.01 + 17*5.0 + 2*7.51 + 2*6.26 + 3*6.26 + 1*6.26 + 1*7.51 + 92*8.76 + 7*22.52 + 27*8.76 + 12*23.77",3875.91,"0.3 + 0.08 + 0.13 + 0.4 + 0.39 + 0.39 + 0.08 + 0.07 + 0.17 + 0.12 + 0.39 + 0.39 + 0.39 + 0.39 + 0.39 + 0.39 + 0.37 + 0.11",4.95,"11*0.98 + 3*5.9 + 19*1.65 + 1*2.66 + 1*1.78 + 2*4.06 + 3*2.58 + 1*1.48 + 5*1.92 + 2*5.59 + 11*1.57 + 32*8.44 + 43*2.09 + 14*5.89 + 67*2.12 + 3*2.25 + 7*1.03 + 5*0.53 + 55*1.97 + 14*2.18 + 6*0.93 + 1*1.3 + 1*0.5 + 1*3.2 + 17*1.04 + 2*2.87 + 2*1.31 + 3*1.26 + 1*1.28 + 1*0.85 + 92*2.07 + 7*15.62 + 27*4.28 + 12*15.22",1500.1
"pcie_7x_v1_11_0_rxeq_scan","1 a211oi_1, 15 a21oi_1, 1 a31o_1, 1 a41oi_1, 9 and2_0, 7 and3_1, 7 and4_1, 3 clkinv_1, 1 conb_1, 36 dfxtp_1, 9 nand2_1, 5 nand3_1, 1 nand3b_1, 2 nand4_1, 18 nor2_1, 2 nor2b_1, 13 nor3_1, 1 nor4_1, 4 nor4b_1, 11 o21ai_0, 1 o22ai_1, 3 or2_0, 2 or3_1, 2 or4_1, 1 xnor2_1","1*7.51 + 15*5.0 + 1*8.76 + 1*8.76 + 9*6.26 + 7*6.26 + 7*8.76 + 3*3.75 + 1*3.75 + 36*20.02 + 9*3.75 + 5*5.0 + 1*7.51 + 2*6.26 + 18*3.75 + 2*6.26 + 13*5.0 + 1*6.26 + 4*8.76 + 11*5.0 + 1*6.26 + 3*6.26 + 2*6.26 + 2*7.51 + 1*8.76",1378.67,"0.33 + 0.24 + 0.25 + 0.24 + 0.27 + 0.3 + 0.1 + 0.16",1.89,"1*0.98 + 15*1.65 + 1*2.37 + 1*1.36 + 9*1.92 + 7*5.59 + 7*3.4 + 3*1.57 + 1*3.24 + 36*8.44 + 9*2.12 + 5*1.03 + 1*1.4 + 2*0.53 + 18*1.97 + 2*2.18 + 13*0.93 + 1*0.5 + 4*0.91 + 11*1.04 + 1*1.31 + 3*1.26 + 2*1.28 + 2*0.85 + 1*2.07",527.06
"logic_circuit","2 xnor2_1, 1 xnor3_1","2*8.76 + 1*22.52",40.04,"0.37 + 0.11",0.48,"2*2.07 + 1*15.62",19.76
"up_down_counter","1 a21o_1, 2 a21oi_1, 1 a221oi_1, 1 a31oi_1, 3 clkinv_1, 4 dfxtp_1, 1 maj3_1, 1 nand4_1, 3 nor2_1, 1 nor2b_1, 1 nor3_1, 1 o21a_1, 1 or4_1, 2 xnor2_1, 2 xor2_1","1*7.51 + 2*5.0 + 1*8.76 + 1*6.26 + 3*3.75 + 4*20.02 + 1*10.01 + 1*6.26 + 3*3.75 + 1*6.26 + 1*5.0 + 1*7.51 + 1*7.51 + 2*8.76 + 2*8.76",212.7,"0.31 + 0.54 + 0.17 + 0.2",1.22,"1*5.9 + 2*1.65 + 1*1.78 + 1*1.48 + 3*1.57 + 4*8.44 + 1*2.09 + 1*0.53 + 3*1.97 + 1*2.18 + 1*0.93 + 1*2.21 + 1*0.85 + 2*2.07 + 2*4.28",78.33
"td_mode_module","1 a21boi_0, 1 and2_0, 1 clkinv_1","1*7.51 + 1*6.26 + 1*3.75",17.52,"0.03 + 0.09",0.12,"1*2.48 + 1*1.92 + 1*1.57",5.97
"binary_counter","1 a21bo_1, 1 conb_1, 7 dfrtp_1, 1 dfstp_2, 7 mux2_1, 1 o21ai_0, 1 o21bai_1, 1 o41ai_1","1*10.01 + 1*3.75 + 7*25.02 + 1*26.28 + 7*11.26 + 1*5.0 + 1*7.51 + 1*8.76",315.27,"0.36 + 0.44 + 0.35",1.15,"1*7.27 + 1*3.24 + 7*11.65 + 1*10.52 + 7*4.03 + 1*1.04 + 1*2.87 + 1*1.39",136.09
"alu2","2 a211oi_1, 1 a21bo_1, 2 a21o_1, 42 a21oi_1, 9 a22oi_1, 1 a2bb2oi_1, 2 a311o_1, 2 a311oi_1, 2 a31o_1, 20 a31oi_1, 1 a32oi_1, 2 and2_0, 2 and3_1, 1 and4_1, 24 clkinv_1, 20 maj3_1, 2 mux2i_1, 45 nand2_1, 18 nand2b_1, 3 nand3_1, 2 nand3b_1, 42 nor2_1, 11 nor2b_1, 6 nor3_1, 3 nor4_1, 1 o211a_1, 6 o211ai_1, 2 o21a_1, 49 o21ai_0, 3 o21bai_1, 12 o22ai_1, 3 o2bb2ai_1, 1 o311ai_0, 2 o31ai_1, 1 o32ai_1, 1 or2_0, 1 or3_1, 4 or4_1, 25 xnor2_1, 20 xor2_1","2*7.51 + 1*10.01 + 2*7.51 + 42*5.0 + 9*7.51 + 1*8.76 + 2*10.01 + 2*8.76 + 2*8.76 + 20*6.26 + 1*8.76 + 2*6.26 + 2*6.26 + 1*8.76 + 24*3.75 + 20*10.01 + 2*10.01 + 45*3.75 + 18*6.26 + 3*5.0 + 2*7.51 + 42*3.75 + 11*6.26 + 6*5.0 + 3*6.26 + 1*10.01 + 6*7.51 + 2*7.51 + 49*5.0 + 3*7.51 + 12*6.26 + 3*8.76 + 1*8.76 + 2*7.51 + 1*8.76 + 1*6.26 + 1*6.26 + 4*7.51 + 25*8.76 + 20*8.76",2354.35,"0.13 + 0.37 + 0.37 + 0.37 + 0.37 + 0.37 + 0.37 + 0.37 + 0.37 + 0.37 + 0.37 + 0.37 + 0.37 + 0.37 + 0.37 + 0.4 + 0.32 + 0.15 + 0.2 + 0.47 + 0.15 + 0.21 + 0.12 + 0.21 + 0.1 + 0.23 + 0.11 + 0.08",8.06,"2*0.98 + 1*7.27 + 2*5.9 + 42*1.65 + 9*2.58 + 1*3.38 + 2*1.57 + 2*0.97 + 2*2.37 + 20*1.48 + 1*1.25 + 2*1.92 + 2*5.59 + 1*3.4 + 24*1.57 + 20*2.09 + 2*5.89 + 45*2.12 + 18*2.25 + 3*1.03 + 2*1.4 + 42*1.97 + 11*2.18 + 6*0.93 + 3*0.5 + 1*10.66 + 6*0.7 + 2*2.21 + 49*1.04 + 3*2.87 + 12*1.31 + 3*1.85 + 1*0.64 + 2*1.7 + 1*1.09 + 1*1.26 + 1*1.28 + 4*0.85 + 25*2.07 + 20*4.28",771.41
"i2c_master","5 a211o_1, 7 a211oi_1, 2 a21boi_0, 2 a21o_1, 32 a21oi_1, 4 a221oi_1, 2 a22o_1, 11 a22oi_1, 2 a311oi_1, 7 a31oi_1, 3 and2_0, 3 and3_1, 8 clkinv_1, 72 dfxtp_1, 19 mux2_1, 2 mux4_2, 70 nand2_1, 10 nand2b_1, 33 nand3_1, 4 nand3b_1, 6 nand4_1, 51 nor2_1, 10 nor2b_1, 22 nor3_1, 1 nor3b_1, 6 nor4_1, 3 nor4b_1, 1 nor4bb_1, 6 o211ai_1, 41 o21ai_0, 1 o21bai_1, 1 o221ai_1, 1 o22ai_1, 1 o311ai_0, 2 o31a_1, 3 o31ai_1, 1 o32a_1, 1 o32ai_1, 1 o41ai_1, 1 or2_0, 7 or3_1, 2 or4_1, 7 xnor2_1, 5 xor2_1","5*8.76 + 7*7.51 + 2*7.51 + 2*7.51 + 32*5.0 + 4*8.76 + 2*8.76 + 11*7.51 + 2*8.76 + 7*6.26 + 3*6.26 + 3*6.26 + 8*3.75 + 72*20.02 + 19*11.26 + 2*22.52 + 70*3.75 + 10*6.26 + 33*5.0 + 4*7.51 + 6*6.26 + 51*3.75 + 10*6.26 + 22*5.0 + 1*7.51 + 6*6.26 + 3*8.76 + 1*10.01 + 6*7.51 + 41*5.0 + 1*7.51 + 1*8.76 + 1*6.26 + 1*8.76 + 2*8.76 + 3*7.51 + 1*10.01 + 1*8.76 + 1*8.76 + 1*6.26 + 7*6.26 + 2*7.51 + 7*8.76 + 5*8.76",3772.96,"0.49 + 1.19 + 0.2 + 0.15 + 0.16 + 0.04 + 0.19 + 0.09 + 0.84 + 0.2 + 0.17",3.72,"5*3.14 + 7*0.98 + 2*2.48 + 2*5.9 + 32*1.65 + 4*1.78 + 2*4.06 + 11*2.58 + 2*0.97 + 7*1.48 + 3*1.92 + 3*5.59 + 8*1.57 + 72*8.44 + 19*4.03 + 2*6.37 + 70*2.12 + 10*2.25 + 33*1.03 + 4*1.4 + 6*0.53 + 51*1.97 + 10*2.18 + 22*0.93 + 1*1.3 + 6*0.5 + 3*0.91 + 1*3.2 + 6*0.7 + 41*1.04 + 1*2.87 + 1*1.09 + 1*1.31 + 1*0.64 + 2*2.07 + 3*1.7 + 1*1.66 + 1*1.09 + 1*1.39 + 1*1.26 + 7*1.28 + 2*0.85 + 7*2.07 + 5*4.28",1360.69
"divider","2 a2111oi_0, 4 a211o_1, 21 a211oi_1, 6 a21boi_0, 20 a21o_1, 313 a21oi_1, 3 a22o_1, 3 a22oi_1, 9 a2bb2oi_1, 4 a311o_1, 57 a311oi_1, 8 a31o_1, 38 a31oi_1, 192 and2_0, 28 and3_1, 200 clkinv_1, 115 maj3_1, 71 mux2_1, 51 mux2i_1, 433 nand2_1, 115 nand2b_1, 15 nand3_1, 4 nand3b_1, 6 nand4_1, 645 nor2_1, 39 nor2b_1, 39 nor3_1, 4 nor3b_1, 10 nor4_1, 1 o2111a_1, 2 o2111ai_1, 4 o211a_1, 22 o211ai_1, 39 o21a_1, 195 o21ai_0, 2 o21ba_1, 11 o21bai_1, 7 o221ai_1, 1 o22ai_1, 4 o311a_1, 56 o311ai_0, 3 o31a_1, 26 o31ai_1, 1 o41a_1, 50 or2_0, 19 or3_1, 1 or3b_1, 1 or4_1, 1 or4b_1, 552 xnor2_1, 9 xnor3_1, 147 xor2_1","2*8.76 + 4*8.76 + 21*7.51 + 6*7.51 + 20*7.51 + 313*5.0 + 3*8.76 + 3*7.51 + 9*8.76 + 4*10.01 + 57*8.76 + 8*8.76 + 38*6.26 + 192*6.26 + 28*6.26 + 200*3.75 + 115*10.01 + 71*11.26 + 51*10.01 + 433*3.75 + 115*6.26 + 15*5.0 + 4*7.51 + 6*6.26 + 645*3.75 + 39*6.26 + 39*5.0 + 4*7.51 + 10*6.26 + 1*11.26 + 2*8.76 + 4*10.01 + 22*7.51 + 39*7.51 + 195*5.0 + 2*10.01 + 11*7.51 + 7*8.76 + 1*6.26 + 4*10.01 + 56*8.76 + 3*8.76 + 26*7.51 + 1*11.26 + 50*6.26 + 19*6.26 + 1*8.76 + 1*7.51 + 1*10.01 + 552*8.76 + 9*22.52 + 147*8.76",22190.28,"0.75 + 0.47 + 0.16 + 0.09 + 0.39 + 0.34 + 0.26 + 0.09 + 0.16 + 0.2 + 0.37 + 0.39 + 0.36 + 0.32 + 0.18 + 0.37 + 0.39 + 0.4 + 0.25 + 0.16 + 0.38 + 0.39 + 0.4 + 0.2 + 0.11 + 0.18 + 0.36 + 0.39 + 0.39 + 0.4 + 0.19 + 0.11 + 0.18 + 0.37 + 0.39 + 0.39 + 0.39 + 0.4 + 0.19 + 0.11 + 0.18 + 0.36 + 0.39 + 0.39 + 0.39 + 0.39 + 0.39 + 0.39 + 0.2 + 0.21 + 0.15 + 0.38 + 0.39 + 0.39 + 0.39 + 0.4 + 0.2 + 0.12 + 0.27 + 0.48 + 0.37 + 0.11 + 0.37 + 0.39 + 0.39 + 0.39 + 0.4 + 0.2 + 0.15 + 0.62 + 0.09 + 0.16 + 0.36 + 0.39 + 0.39 + 0.39 + 0.39 + 0.4 + 0.22 + 0.37 + 0.57 + 0.21 + 0.41 + 0.39 + 0.39 + 0.39 + 0.39 + 0.39 + 0.4 + 0.2 + 0.17 + 0.27 + 0.16 + 0.38 + 0.39 + 0.39 + 0.2 + 0.39 + 0.19 + 0.12 + 0.36 + 0.19 + 0.27 + 0.16 + 0.38 + 0.39 + 0.39 + 0.39 + 0.39 + 0.4 + 0.24 + 0.13 + 0.36 + 0.16 + 0.24 + 0.68 + 0.22 + 0.4 + 0.39 + 0.39 + 0.2 + 0.38 + 0.39 + 0.4 + 0.2 + 0.14 + 0.36 + 0.24 + 0.53 + 0.4 + 0.24 + 0.27 + 0.19 + 0.11 + 0.36 + 0.2 + 0.33 + 0.08 + 0.35 + 0.19 + 1.12 + 0.26 + 0.43 + 0.2 + 0.14 + 0.4 + 0.19 + 0.14 + 0.41 + 0.17 + 0.34 + 0.19 + 1.15 + 0.27 + 0.43 + 0.4 + 0.22 + 0.12 + 0.41 + 0.19 + 0.46 + 0.2 + 0.37 + 0.15 + 1.33 + 0.29 + 0.44 + 0.39 + 0.4 + 0.23 + 0.13 + 0.44 + 0.2 + 0.46 + 0.2 + 0.35 + 0.18 + 1.14 + 0.27 + 0.43 + 0.39 + 0.39 + 0.4 + 0.23 + 0.13 + 0.41 + 0.17 + 0.42 + 0.17 + 0.34 + 0.19 + 1.29 + 0.28 + 0.43 + 0.39 + 0.2 + 0.19 + 0.39 + 0.22 + 0.12 + 0.43 + 0.19 + 0.43 + 0.19 + 0.35 + 0.18 + 1.44 + 0.29 + 0.44 + 0.2 + 0.19 + 0.38 + 0.39 + 0.4 + 0.22 + 0.31 + 0.15 + 0.33 + 0.16 + 0.34 + 0.15 + 0.26 + 0.81 + 0.26 + 0.4 + 0.39 + 0.39 + 0.39 + 0.39 + 0.39 + 0.4 + 0.22 + 0.12 + 0.41 + 0.19 + 0.43 + 0.19 + 0.37 + 0.19 + 1.54 + 0.31 + 0.46 + 0.39 + 0.39 + 0.21 + 0.21 + 0.23 + 0.11 + 0.36 + 0.15 + 0.44 + 0.2 + 0.46 + 0.18 + 0.26 + 0.84 + 0.41 + 0.17 + 0.16 + 0.11 + 0.39 + 0.4 + 0.2 + 0.14 + 0.41 + 0.22 + 0.15 + 0.42 + 0.16 + 0.42 + 0.19 + 0.35 + 0.18 + 1.4 + 0.3 + 0.45 + 0.39 + 0.22 + 0.19 + 0.38 + 0.4 + 0.24 + 0.16 + 0.42 + 0.16 + 0.34 + 0.25 + 0.1 + 0.34 + 0.26 + 0.16 + 0.79 + 0.59 + 0.2 + 0.12 + 0.2 + 0.13 + 0.21 + 0.11 + 0.28 + 0.2 + 0.05 + 0.42 + 0.17 + 0.31 + 0.26 + 0.24 + 0.11 + 0.36 + 0.19 + 1.88 + 0.34 + 0.49 + 0.29 + 0.18 + 0.14 + 0.14 + 0.14 + 0.14 + 0.14 + 0.17 + 0.05 + 0.42 + 0.16 + 0.45 + 0.17 + 0.45 + 0.2 + 0.37 + 0.19 + 1.93 + 0.35 + 0.49 + 0.23 + 0.16 + 0.4 + 0.23 + 0.13 + 0.44 + 0.19 + 0.43 + 0.18 + 0.42 + 0.19 + 0.43 + 0.19 + 0.37 + 0.23 + 1.55 + 0.31 + 0.47 + 0.31 + 0.35 + 0.17 + 0.33 + 0.09 + 0.43 + 0.17 + 0.45 + 0.17 + 0.45 + 0.16 + 0.45 + 0.17 + 0.37 + 0.15 + 1.97 + 0.23 + 0.31 + 0.26 + 0.38 + 0.11 + 0.12 + 0.11 + 0.11 + 1.13 + 1.0 + 0.44",127.41,"2*0.42 + 4*3.14 + 21*0.98 + 6*2.48 + 20*5.9 + 313*1.65 + 3*4.06 + 3*2.58 + 9*3.38 + 4*1.57 + 57*0.97 + 8*2.37 + 38*1.48 + 192*1.92 + 28*5.59 + 200*1.57 + 115*2.09 + 71*4.03 + 51*5.89 + 433*2.12 + 115*2.25 + 15*1.03 + 4*1.4 + 6*0.53 + 645*1.97 + 39*2.18 + 39*0.93 + 4*1.3 + 10*0.5 + 1*3.75 + 2*0.58 + 4*10.66 + 22*0.7 + 39*2.21 + 195*1.04 + 2*7.27 + 11*2.87 + 7*1.09 + 1*1.31 + 4*3.77 + 56*0.64 + 3*2.07 + 26*1.7 + 1*1.37 + 50*1.26 + 19*1.28 + 1*2.59 + 1*0.85 + 1*2.14 + 552*2.07 + 9*15.62 + 147*4.28",7654.5
"matrix_mult_N_M_1","1 a211o_1, 11 a211oi_1, 54 a21boi_0, 82 a21o_1, 796 a21oi_1, 69 a22o_1, 209 a22oi_1, 15 a2bb2oi_1, 2 a311o_1, 6 a311oi_1, 5 a31o_1, 34 a31oi_1, 5 a32o_1, 6 a32oi_1, 340 and2_0, 148 and3_1, 7 and4_1, 694 clkinv_1, 96 dfrtp_1, 2114 maj3_1, 2 mux2i_1, 5051 nand2_1, 430 nand2b_1, 190 nand3_1, 4 nand3b_1, 66 nand4_1, 1696 nor2_1, 777 nor2b_1, 190 nor3_1, 5 nor3b_1, 12 nor4_1, 1 o211a_1, 11 o211ai_1, 110 o21a_1, 649 o21ai_0, 16 o21ba_1, 77 o21bai_1, 101 o22a_1, 91 o22ai_1, 1 o311a_1, 6 o311ai_0, 1 o31a_1, 21 o31ai_1, 11 o32a_1, 4 o32ai_1, 1 o41ai_1, 118 or2_0, 97 or3_1, 3 or3b_1, 1 or4_1, 1 or4b_1, 4823 xnor2_1, 400 xnor3_1, 2976 xor2_1, 248 xor3_1","1*8.76 + 11*7.51 + 54*7.51 + 82*7.51 + 796*5.0 + 69*8.76 + 209*7.51 + 15*8.76 + 2*10.01 + 6*8.76 + 5*8.76 + 34*6.26 + 5*10.01 + 6*8.76 + 340*6.26 + 148*6.26 + 7*8.76 + 694*3.75 + 96*25.02 + 2114*10.01 + 2*10.01 + 5051*3.75 + 430*6.26 + 190*5.0 + 4*7.51 + 66*6.26 + 1696*3.75 + 777*6.26 + 190*5.0 + 5*7.51 + 12*6.26 + 1*10.01 + 11*7.51 + 110*7.51 + 649*5.0 + 16*10.01 + 77*7.51 + 101*8.76 + 91*6.26 + 1*10.01 + 6*8.76 + 1*8.76 + 21*7.51 + 11*10.01 + 4*8.76 + 1*8.76 + 118*6.26 + 97*6.26 + 3*8.76 + 1*7.51 + 1*10.01 + 4823*8.76 + 400*22.52 + 2976*8.76 + 248*23.77",163796.13,"0.32 + 0.06 + 0.37 + 0.39 + 0.22 + 0.41 + 0.41 + 0.39 + 0.35 + 0.41 + 0.25 + 0.16 + 0.3 + 0.37 + 0.26 + 0.24 + 0.09 + 0.36 + 0.38 + 0.21 + 0.14 + 0.24 + 0.13 + 0.28 + 0.16 + 0.34 + 0.16 + 0.36 + 0.25 + 0.06 + 0.23 + 0.1",8.4,"1*3.14 + 11*0.98 + 54*2.48 + 82*5.9 + 796*1.65 + 69*4.06 + 209*2.58 + 15*3.38 + 2*1.57 + 6*0.97 + 5*2.37 + 34*1.48 + 5*2.3 + 6*1.25 + 340*1.92 + 148*5.59 + 7*3.4 + 694*1.57 + 96*11.65 + 2114*2.09 + 2*5.89 + 5051*2.12 + 430*2.25 + 190*1.03 + 4*1.4 + 66*0.53 + 1696*1.97 + 777*2.18 + 190*0.93 + 5*1.3 + 12*0.5 + 1*10.66 + 11*0.7 + 110*2.21 + 649*1.04 + 16*7.27 + 77*2.87 + 101*2.76 + 91*1.31 + 1*3.77 + 6*0.64 + 1*2.07 + 21*1.7 + 11*1.66 + 4*1.09 + 1*1.39 + 118*1.26 + 97*1.28 + 3*2.59 + 1*0.85 + 1*2.14 + 4823*2.07 + 400*15.62 + 2976*4.28 + 248*15.22",62951.39
"comparator_3bit","1 a222oi_1, 3 clkinv_1","1*10.01 + 3*3.75",21.26,"0.03 + 0.23",0.26,"1*2.43 + 3*1.57",7.14
"ll8_to_txmac","1 a2111o_1, 1 a21boi_0, 1 a21o_1, 2 a21oi_1, 2 clkinv_1, 5 dfxtp_1, 1 nand2_1, 1 nand2b_1, 1 nand3_1, 1 nand3b_1, 1 nor3_1, 1 nor3b_1, 1 or2_0, 1 or3_1","1*11.26 + 1*7.51 + 1*7.51 + 2*5.0 + 2*3.75 + 5*20.02 + 1*3.75 + 1*6.26 + 1*5.0 + 1*7.51 + 1*5.0 + 1*7.51 + 1*6.26 + 1*6.26",191.43,"0.29 + 0.38",0.67,"1*1.68 + 1*2.48 + 1*5.9 + 2*1.65 + 2*1.57 + 5*8.44 + 1*2.12 + 1*2.25 + 1*1.03 + 1*1.4 + 1*0.93 + 1*1.3 + 1*1.26 + 1*1.28",70.27
"shift_register","1 a2111oi_0, 1 a211oi_1, 1 a21boi_0, 3 a21o_1, 2 clkinv_1, 7 dfxtp_1, 3 nand3_1, 2 nand4_1, 1 nand4b_1, 3 nor2_1, 2 nor3_1, 1 nor4_1, 1 o211ai_1, 1 o21bai_1, 1 o2bb2ai_1, 1 or2_0","1*8.76 + 1*7.51 + 1*7.51 + 3*7.51 + 2*3.75 + 7*20.02 + 3*5.0 + 2*6.26 + 1*8.76 + 3*3.75 + 2*5.0 + 1*6.26 + 1*7.51 + 1*7.51 + 1*8.76 + 1*6.26",287.78,"0.1 + 0.45 + 0.16 + 0.09 + 0.17",0.97,"1*0.42 + 1*0.98 + 1*2.48 + 3*5.9 + 2*1.57 + 7*8.44 + 3*1.03 + 2*0.53 + 1*1.03 + 3*1.97 + 2*0.93 + 1*0.5 + 1*0.7 + 1*2.87 + 1*1.85 + 1*1.26",103.93
"four_bit_adder","1 a21boi_0, 1 a21oi_1, 2 maj3_1, 3 nand2_1, 1 nand3_1, 1 nor2_1, 1 nor2b_1, 1 nor3_1, 1 o21ai_0, 1 or2_0, 4 xnor2_1","1*7.51 + 1*5.0 + 2*10.01 + 3*3.75 + 1*5.0 + 1*3.75 + 1*6.26 + 1*5.0 + 1*5.0 + 1*6.26 + 4*8.76",110.09,"0.38 + 0.26 + 0.16 + 0.34",1.14,"1*2.48 + 1*1.65 + 2*2.09 + 3*2.12 + 1*1.03 + 1*1.97 + 1*2.18 + 1*0.93 + 1*1.04 + 1*1.26 + 4*2.07",31.36
"my_module","1 clkinv_1","1*3.75",3.75,"0.02",0.02,"1*1.57",1.57
"decoder","8 clkinv_1, 1 conb_1, 8 dfxtp_1","8*3.75 + 1*3.75 + 8*20.02",193.91,"0.27",0.27,"8*1.57 + 1*3.24 + 8*8.44",83.32
"ms_ff","1 a21oi_1, 1 dfrtp_1, 1 nand2b_1, 1 nor2_1","1*5.0 + 1*25.02 + 1*6.26 + 1*3.75",40.03,"0.33 + 0.07 + 0.04",0.44,"1*1.65 + 1*11.65 + 1*2.25 + 1*1.97",17.52
"blake2_G","5 a211o_1, 6 a211oi_1, 8 a21o_1, 61 a21oi_1, 1 a221o_1, 2 a221oi_1, 4 a311o_1, 17 a311oi_1, 3 a31o_1, 25 a31oi_1, 2 a41o_1, 44 and2_0, 12 and3_1, 154 clkinv_1, 165 maj3_1, 145 nand2_1, 50 nand2b_1, 16 nand3_1, 118 nor2_1, 41 nor2b_1, 5 nor3_1, 1 o2111ai_1, 6 o211ai_1, 9 o21a_1, 29 o21ai_0, 1 o21bai_1, 1 o221ai_1, 1 o311a_1, 16 o311ai_0, 2 o31a_1, 14 o31ai_1, 1 o32ai_1, 1 o41ai_1, 27 or2_0, 528 xnor2_1, 40 xnor3_1, 342 xor2_1, 15 xor3_1","5*8.76 + 6*7.51 + 8*7.51 + 61*5.0 + 1*10.01 + 2*8.76 + 4*10.01 + 17*8.76 + 3*8.76 + 25*6.26 + 2*10.01 + 44*6.26 + 12*6.26 + 154*3.75 + 165*10.01 + 145*3.75 + 50*6.26 + 16*5.0 + 118*3.75 + 41*6.26 + 5*5.0 + 1*8.76 + 6*7.51 + 9*7.51 + 29*5.0 + 1*7.51 + 1*8.76 + 1*10.01 + 16*8.76 + 2*8.76 + 14*7.51 + 1*8.76 + 1*8.76 + 27*6.26 + 528*8.76 + 40*22.52 + 342*8.76 + 15*23.77",14734.45,"0.36 + 0.16 + 0.38 + 0.39 + 0.39 + 0.39 + 0.39 + 0.39 + 0.39 + 0.39 + 0.39 + 0.39 + 0.39 + 0.4 + 0.32 + 0.24 + 0.39 + 0.32 + 0.24 + 0.39 + 0.33 + 0.38 + 0.3 + 0.2 + 0.33 + 0.2 + 0.27 + 0.21 + 0.37 + 0.39 + 0.39 + 0.42 + 0.4 + 0.39 + 0.39 + 0.39 + 0.39 + 0.39 + 0.4 + 0.33 + 0.21 + 0.39 + 0.21 + 0.39 + 0.2 + 0.31 + 0.42 + 0.22 + 0.11 + 0.38 + 0.39 + 0.39 + 0.39 + 0.39 + 0.39 + 0.39 + 0.39 + 0.39 + 0.38 + 0.39 + 0.38 + 0.26 + 0.3 + 0.18 + 0.27 + 0.39 + 0.39 + 0.39 + 0.39 + 0.39 + 0.39 + 0.4 + 0.22 + 0.12 + 0.43 + 0.16 + 0.22 + 0.14 + 0.34 + 0.17 + 0.14 + 0.17 + 0.17 + 0.22 + 0.1 + 0.21 + 0.17 + 0.24 + 0.09 + 0.27 + 0.15 + 0.22 + 0.25 + 0.12 + 0.26 + 0.25 + 0.21 + 0.2 + 0.12 + 0.4 + 0.38 + 0.21 + 0.22 + 0.12 + 0.45 + 0.2 + 0.45 + 0.18 + 0.37 + 0.35",33.52,"5*3.14 + 6*0.98 + 8*5.9 + 61*1.65 + 1*2.66 + 2*1.78 + 4*1.57 + 17*0.97 + 3*2.37 + 25*1.48 + 2*6.61 + 44*1.92 + 12*5.59 + 154*1.57 + 165*2.09 + 145*2.12 + 50*2.25 + 16*1.03 + 118*1.97 + 41*2.18 + 5*0.93 + 1*0.58 + 6*0.7 + 9*2.21 + 29*1.04 + 1*2.87 + 1*1.09 + 1*3.77 + 16*0.64 + 2*2.07 + 14*1.7 + 1*1.09 + 1*1.39 + 27*1.26 + 528*2.07 + 40*15.62 + 342*4.28 + 15*15.22",5303.87
"mux64to8","3 a222oi_1, 27 a22oi_1, 1 and3_1, 3 and3b_1, 1 nand2_1, 1 nand3_1, 7 nand4_1, 1 nor3_1, 3 nor3b_1","3*10.01 + 27*7.51 + 1*6.26 + 3*8.76 + 1*3.75 + 1*5.0 + 7*6.26 + 1*5.0 + 3*7.51",345.44,"0.52 + 0.18 + 0.11",0.81,"3*2.43 + 27*2.58 + 1*5.59 + 3*7.06 + 1*2.12 + 1*1.03 + 7*0.53 + 1*0.93 + 3*1.3",115.41
"hub_core","2 a21o_1, 2 a21oi_1, 3 clkinv_1, 40 dfxtp_1, 32 mux2_1, 33 mux2i_1, 1 nand2_1, 33 nor2_1, 2 nor3_1, 2 o21a_1, 1 or2_0, 1 xnor2_1","2*7.51 + 2*5.0 + 3*3.75 + 40*20.02 + 32*11.26 + 33*10.01 + 1*3.75 + 33*3.75 + 2*5.0 + 2*7.51 + 1*6.26 + 1*8.76",1695.26,"1.38 + 0.22 + 1.54 + 0.39",3.53,"2*5.9 + 2*1.65 + 3*1.57 + 40*8.44 + 32*4.03 + 33*5.89 + 1*2.12 + 33*1.97 + 2*0.93 + 2*2.21 + 1*1.26 + 1*2.07",757.48
"xor_and","1 and2_0, 4 xor2_1","1*6.26 + 4*8.76",41.3,"0.12",0.12,"1*1.92 + 4*4.28",19.04
"mux4to1","1 a21oi_1, 1 a311o_1, 1 clkinv_1, 1 nor2_1","1*5.0 + 1*10.01 + 1*3.75 + 1*3.75",22.51,"0.03 + 0.3",0.33,"1*1.65 + 1*1.57 + 1*1.57 + 1*1.97",6.76
"UART","2 a21o_1, 15 a21oi_1, 1 a221oi_1, 2 a31o_1, 8 a31oi_1, 1 a32o_1, 8 and2_0, 3 and3_1, 6 and4_1, 20 clkinv_1, 96 dfrtp_1, 1 dfstp_2, 8 dfxtp_1, 21 mux2_1, 28 nand2_1, 2 nand2b_1, 10 nand3_1, 2 nand3b_1, 13 nand4_1, 35 nor2_1, 9 nor2b_1, 9 nor3_1, 3 nor3b_1, 18 nor4_1, 2 nor4b_1, 2 o21a_1, 9 o21ai_0, 1 or2_0, 1 or3_1, 23 xnor2_1, 17 xor2_1","2*7.51 + 15*5.0 + 1*8.76 + 2*8.76 + 8*6.26 + 1*10.01 + 8*6.26 + 3*6.26 + 6*8.76 + 20*3.75 + 96*25.02 + 1*26.28 + 8*20.02 + 21*11.26 + 28*3.75 + 2*6.26 + 10*5.0 + 2*7.51 + 13*6.26 + 35*3.75 + 9*6.26 + 9*5.0 + 3*7.51 + 18*6.26 + 2*8.76 + 2*7.51 + 9*5.0 + 1*6.26 + 1*6.26 + 23*8.76 + 17*8.76",4269.81,"0.38 + 0.24 + 0.25 + 0.28 + 0.16 + 0.49 + 0.23 + 0.52 + 0.25 + 0.53 + 0.2 + 0.17",3.7,"2*5.9 + 15*1.65 + 1*1.78 + 2*2.37 + 8*1.48 + 1*2.3 + 8*1.92 + 3*5.59 + 6*3.4 + 20*1.57 + 96*11.65 + 1*10.52 + 8*8.44 + 21*4.03 + 28*2.12 + 2*2.25 + 10*1.03 + 2*1.4 + 13*0.53 + 35*1.97 + 9*2.18 + 9*0.93 + 3*1.3 + 18*0.5 + 2*0.91 + 2*2.21 + 9*1.04 + 1*1.26 + 1*1.28 + 23*2.07 + 17*4.28",1754.41
"carry_lookahead_adder","1 conb_1, 99 maj3_1, 200 xnor2_1","1*3.75 + 99*10.01 + 200*8.76",2746.74,"0.37 + 0.39 + 0.39 + 0.39 + 0.39 + 0.39 + 0.39 + 0.39 + 0.39 + 0.39 + 0.39 + 0.39 + 0.39 + 0.39 + 0.39 + 0.39 + 0.39 + 0.39 + 0.39 + 0.39 + 0.39 + 0.39 + 0.39 + 0.39 + 0.39 + 0.39 + 0.39 + 0.39 + 0.39 + 0.39 + 0.39 + 0.39 + 0.39 + 0.39 + 0.39 + 0.39 + 0.39 + 0.39 + 0.39 + 0.39 + 0.39 + 0.39 + 0.39 + 0.39 + 0.39 + 0.39 + 0.39 + 0.39 + 0.39 + 0.39 + 0.39 + 0.39 + 0.39 + 0.39 + 0.39 + 0.39 + 0.39 + 0.39 + 0.39 + 0.39 + 0.39 + 0.39 + 0.39 + 0.39 + 0.39 + 0.39 + 0.39 + 0.39 + 0.39 + 0.39 + 0.39 + 0.39 + 0.39 + 0.39 + 0.39 + 0.39 + 0.39 + 0.39 + 0.39 + 0.39 + 0.39 + 0.39 + 0.39 + 0.39 + 0.39 + 0.39 + 0.39 + 0.39 + 0.39 + 0.39 + 0.39 + 0.39 + 0.39 + 0.39 + 0.39 + 0.39 + 0.39 + 0.39 + 0.37 + 0.11",38.68,"1*3.24 + 99*2.09 + 200*2.07",624.15
"add_sub_32bit","1 a21oi_1, 5 and2_0, 1 clkinv_1, 30 mux2i_1, 45 nand2_1, 58 nand2b_1, 1 nand3b_1, 4 nor2_1, 4 nor2b_1, 14 o21ai_0, 1 o41a_1, 2 or2_0, 10 or3_1, 1 or3b_1, 57 xnor2_1, 5 xor2_1","1*5.0 + 5*6.26 + 1*3.75 + 30*10.01 + 45*3.75 + 58*6.26 + 1*7.51 + 4*3.75 + 4*6.26 + 14*5.0 + 1*11.26 + 2*6.26 + 10*6.26 + 1*8.76 + 57*8.76 + 5*8.76",1627.99,"0.35 + 0.11 + 0.28 + 0.31 + 0.31 + 0.31 + 0.31 + 0.31 + 0.31 + 0.31 + 0.31 + 0.31 + 0.31 + 0.31 + 0.31 + 0.31 + 0.31 + 0.31 + 0.31 + 0.31 + 0.31 + 0.31 + 0.31 + 0.31 + 0.31 + 0.31 + 0.31 + 0.31 + 0.31 + 0.31 + 0.35 + 0.23 + 0.09 + 0.08",9.86,"1*1.65 + 5*1.92 + 1*1.57 + 30*5.89 + 45*2.12 + 58*2.25 + 1*1.4 + 4*1.97 + 4*2.18 + 14*1.04 + 1*1.37 + 2*1.26 + 10*1.28 + 1*2.59 + 57*2.07 + 5*4.28",606.65
"calculator","3 a211o_1, 2 a211oi_1, 2 a21bo_1, 2 a21boi_0, 13 a21o_1, 34 a21oi_1, 2 a221oi_1, 1 a22o_1, 18 a22oi_1, 3 a311oi_1, 11 a31oi_1, 2 a41oi_1, 10 and2_0, 9 and3_1, 1 and3b_1, 27 clkinv_1, 25 dfxtp_1, 28 maj3_1, 13 mux2i_1, 73 nand2_1, 13 nand2b_1, 22 nand3_1, 2 nand3b_1, 3 nand4_1, 1 nand4b_1, 77 nor2_1, 14 nor2b_1, 16 nor3_1, 4 nor4_1, 1 nor4b_1, 2 o2111ai_1, 1 o211ai_1, 6 o21a_1, 28 o21ai_0, 1 o21ba_1, 1 o21bai_1, 1 o221ai_1, 10 o22a_1, 1 o22ai_1, 2 o2bb2ai_1, 5 o31ai_1, 1 o32a_1, 1 o41ai_1, 4 or2_0, 4 or3_1, 1 or3b_1, 1 or4_1, 71 xnor2_1, 1 xnor3_1, 39 xor2_1, 1 xor3_1","3*8.76 + 2*7.51 + 2*10.01 + 2*7.51 + 13*7.51 + 34*5.0 + 2*8.76 + 1*8.76 + 18*7.51 + 3*8.76 + 11*6.26 + 2*8.76 + 10*6.26 + 9*6.26 + 1*8.76 + 27*3.75 + 25*20.02 + 28*10.01 + 13*10.01 + 73*3.75 + 13*6.26 + 22*5.0 + 2*7.51 + 3*6.26 + 1*8.76 + 77*3.75 + 14*6.26 + 16*5.0 + 4*6.26 + 1*8.76 + 2*8.76 + 1*7.51 + 6*7.51 + 28*5.0 + 1*10.01 + 1*7.51 + 1*8.76 + 10*8.76 + 1*6.26 + 2*8.76 + 5*7.51 + 1*10.01 + 1*8.76 + 4*6.26 + 4*6.26 + 1*8.76 + 1*7.51 + 71*8.76 + 1*22.52 + 39*8.76 + 1*23.77",4236.14,"0.56 + 0.39 + 0.32 + 0.21 + 0.19 + 0.17 + 0.12 + 0.4 + 0.4 + 0.23 + 0.23 + 0.36 + 0.39 + 0.4 + 0.3 + 0.15 + 0.39 + 0.33 + 0.43 + 0.21 + 0.31 + 0.18 + 0.33 + 0.13 + 0.23 + 0.31 + 0.18 + 0.29 + 0.13 + 0.15 + 0.08 + 0.16 + 0.09",8.75,"3*3.14 + 2*0.98 + 2*7.27 + 2*2.48 + 13*5.9 + 34*1.65 + 2*1.78 + 1*4.06 + 18*2.58 + 3*0.97 + 11*1.48 + 2*1.36 + 10*1.92 + 9*5.59 + 1*7.06 + 27*1.57 + 25*8.44 + 28*2.09 + 13*5.89 + 73*2.12 + 13*2.25 + 22*1.03 + 2*1.4 + 3*0.53 + 1*1.03 + 77*1.97 + 14*2.18 + 16*0.93 + 4*0.5 + 1*0.91 + 2*0.58 + 1*0.7 + 6*2.21 + 28*1.04 + 1*7.27 + 1*2.87 + 1*1.09 + 10*2.76 + 1*1.31 + 2*1.85 + 5*1.7 + 1*1.66 + 1*1.39 + 4*1.26 + 4*1.28 + 1*2.59 + 1*0.85 + 71*2.07 + 1*15.62 + 39*4.28 + 1*15.22",1574.75
"cycloneii_crcblock","1 a21o_1, 32 a21oi_1, 1 clkinv_1, 32 dfxtp_1, 63 nand2_1, 8 nand4_1, 1 nor2_1, 2 nor4_1, 1 o21ai_0, 2 xor2_1","1*7.51 + 32*5.0 + 1*3.75 + 32*20.02 + 63*3.75 + 8*6.26 + 1*3.75 + 2*6.26 + 1*5.0 + 2*8.76",1137.02,"0.45 + 0.32 + 0.11",0.88,"1*5.9 + 32*1.65 + 1*1.57 + 32*8.44 + 63*2.12 + 8*0.53 + 1*1.97 + 2*0.5 + 1*1.04 + 2*4.28",480.72
"add_4bit","2 a21oi_1, 1 and2_0, 2 maj3_1, 3 nand2_1, 1 nand3_1, 1 nor2_1, 1 nor2b_1, 1 nor3_1, 1 o21ai_0, 1 or2_0, 4 xnor2_1","2*5.0 + 1*6.26 + 2*10.01 + 3*3.75 + 1*5.0 + 1*3.75 + 1*6.26 + 1*5.0 + 1*5.0 + 1*6.26 + 4*8.76",113.84,"0.38 + 0.25 + 0.14 + 0.33",1.1,"2*1.65 + 1*1.92 + 2*2.09 + 3*2.12 + 1*1.03 + 1*1.97 + 1*2.18 + 1*0.93 + 1*1.04 + 1*1.26 + 4*2.07",32.45
"image_filter_AXIvideo2Mat","1 a211o_1, 4 a211oi_1, 2 a21boi_0, 2 a21o_1, 115 a21oi_1, 11 a22o_1, 1 a2bb2oi_1, 1 a31o_1, 4 a31oi_1, 1 a32oi_1, 2 a41oi_1, 3 and2_0, 3 and3_1, 2 and4_1, 2 and4b_1, 38 clkinv_1, 200 dfxtp_1, 98 mux2i_1, 89 nand2_1, 3 nand2b_1, 10 nand3_1, 5 nand3b_1, 6 nand4_1, 3 nand4b_1, 98 nor2_1, 2 nor2b_1, 5 nor3_1, 4 nor3b_1, 2 nor4_1, 1 nor4b_1, 1 o2111ai_1, 2 o211ai_1, 3 o21a_1, 80 o21ai_0, 1 o22a_1, 27 o22ai_1, 6 o2bb2ai_1, 2 o32ai_1, 2 or2_0, 24 xnor2_1, 14 xor2_1","1*8.76 + 4*7.51 + 2*7.51 + 2*7.51 + 115*5.0 + 11*8.76 + 1*8.76 + 1*8.76 + 4*6.26 + 1*8.76 + 2*8.76 + 3*6.26 + 3*6.26 + 2*8.76 + 2*10.01 + 38*3.75 + 200*20.02 + 98*10.01 + 89*3.75 + 3*6.26 + 10*5.0 + 5*7.51 + 6*6.26 + 3*8.76 + 98*3.75 + 2*6.26 + 5*5.0 + 4*7.51 + 2*6.26 + 1*8.76 + 1*8.76 + 2*7.51 + 3*7.51 + 80*5.0 + 1*8.76 + 27*6.26 + 6*8.76 + 2*8.76 + 2*6.26 + 24*8.76 + 14*8.76",8011.45,"0.43 + 0.94 + 3.21 + 0.46 + 2.12 + 0.15",7.31,"1*3.14 + 4*0.98 + 2*2.48 + 2*5.9 + 115*1.65 + 11*4.06 + 1*3.38 + 1*2.37 + 4*1.48 + 1*1.25 + 2*1.36 + 3*1.92 + 3*5.59 + 2*3.4 + 2*5.99 + 38*1.57 + 200*8.44 + 98*5.89 + 89*2.12 + 3*2.25 + 10*1.03 + 5*1.4 + 6*0.53 + 3*1.03 + 98*1.97 + 2*2.18 + 5*0.93 + 4*1.3 + 2*0.5 + 1*0.91 + 1*0.58 + 2*0.7 + 3*2.21 + 80*1.04 + 1*2.76 + 27*1.31 + 6*1.85 + 2*1.09 + 2*1.26 + 24*2.07 + 14*4.28",3323.58
"add_overflow_detection","1 a21o_1, 1 a221oi_1, 1 and2_0, 1 clkinv_1, 1 conb_1, 5 nand2_1, 4 nor2_1, 1 nor2b_1, 2 nor3_1, 1 o21a_1, 2 o21ai_0, 1 o311a_1, 1 o31a_1, 1 o31ai_1, 10 xnor2_1, 3 xor2_1","1*7.51 + 1*8.76 + 1*6.26 + 1*3.75 + 1*3.75 + 5*3.75 + 4*3.75 + 1*6.26 + 2*5.0 + 1*7.51 + 2*5.0 + 1*10.01 + 1*8.76 + 1*7.51 + 10*8.76 + 3*8.76",237.71,"0.05 + 0.3 + 0.17 + 0.34 + 0.25 + 0.1",1.21,"1*5.9 + 1*1.78 + 1*1.92 + 1*1.57 + 1*3.24 + 5*2.12 + 4*1.97 + 1*2.18 + 2*0.93 + 1*2.21 + 2*1.04 + 1*3.77 + 1*2.07 + 1*1.7 + 10*2.07 + 3*4.28",82.3
"adder","1 maj3_1, 1 xor3_1","1*10.01 + 1*23.77",33.78,"0.33",0.33,"1*2.09 + 1*15.22",17.31
"binary_counter","4 a21oi_1, 1 and3_1, 1 and3b_1, 4 dfxtp_1, 1 nand3_1, 1 nor3b_1, 2 o21ai_0","4*5.0 + 1*6.26 + 1*8.76 + 4*20.02 + 1*5.0 + 1*7.51 + 2*5.0",137.61,"0.29 + 0.21 + 0.13 + 0.17",0.8,"4*1.65 + 1*5.59 + 1*7.06 + 4*8.44 + 1*1.03 + 1*1.3 + 2*1.04",57.42
"delay_module","1 clkinv_1, 5 dfxtp_1, 1 mux2_1, 1 nand2_1, 1 nand3_1, 1 nand4_1, 6 xnor2_1, 1 xor2_1","1*3.75 + 5*20.02 + 1*11.26 + 1*3.75 + 1*5.0 + 1*6.26 + 6*8.76 + 1*8.76",191.44,"0.38 + 0.13 + 0.11 + 0.3",0.92,"1*1.57 + 5*8.44 + 1*4.03 + 1*2.12 + 1*1.03 + 1*0.53 + 6*2.07 + 1*4.28",68.18
"shiftcap","8 clkinv_1, 8 dfrtp_1, 8 mux2_1","8*3.75 + 8*25.02 + 8*11.26",320.24,"0.33 + 0.27",0.6,"8*1.57 + 8*11.65 + 8*4.03",138.0
"alu_flags","2 a2111oi_0, 2 a211oi_1, 1 a21o_1, 9 a21oi_1, 2 a221oi_1, 1 a22o_1, 3 a22oi_1, 1 a311o_1, 1 a31o_1, 5 a31oi_1, 1 and2_0, 1 and3_1, 12 clkinv_1, 7 maj3_1, 21 nand2_1, 7 nand2b_1, 5 nand3_1, 2 nand3b_1, 3 nand4_1, 1 nand4b_1, 2 nand4bb_1, 19 nor2_1, 11 nor2b_1, 3 nor3_1, 3 nor3b_1, 2 nor4_1, 1 nor4b_1, 1 nor4bb_1, 1 o2111ai_1, 6 o211ai_1, 1 o21a_1, 10 o21ai_0, 1 o221ai_1, 2 o22ai_1, 1 o311ai_0, 3 o31ai_1, 1 or2_0, 11 xnor2_1, 17 xor2_1","2*8.76 + 2*7.51 + 1*7.51 + 9*5.0 + 2*8.76 + 1*8.76 + 3*7.51 + 1*10.01 + 1*8.76 + 5*6.26 + 1*6.26 + 1*6.26 + 12*3.75 + 7*10.01 + 21*3.75 + 7*6.26 + 5*5.0 + 2*7.51 + 3*6.26 + 1*8.76 + 2*11.26 + 19*3.75 + 11*6.26 + 3*5.0 + 3*7.51 + 2*6.26 + 1*8.76 + 1*10.01 + 1*8.76 + 6*7.51 + 1*7.51 + 10*5.0 + 1*8.76 + 2*6.26 + 1*8.76 + 3*7.51 + 1*6.26 + 11*8.76 + 17*8.76",1148.54,"0.11 + 0.14 + 0.11 + 0.35 + 0.35 + 0.08 + 0.07 + 0.15 + 0.08 + 0.25 + 0.19 + 0.06 + 0.16",2.1,"2*0.42 + 2*0.98 + 1*5.9 + 9*1.65 + 2*1.78 + 1*4.06 + 3*2.58 + 1*1.57 + 1*2.37 + 5*1.48 + 1*1.92 + 1*5.59 + 12*1.57 + 7*2.09 + 21*2.12 + 7*2.25 + 5*1.03 + 2*1.4 + 3*0.53 + 1*1.03 + 2*1.9 + 19*1.97 + 11*2.18 + 3*0.93 + 3*1.3 + 2*0.5 + 1*0.91 + 1*3.2 + 1*0.58 + 6*0.7 + 1*2.21 + 10*1.04 + 1*1.09 + 2*1.31 + 1*0.64 + 3*1.7 + 1*1.26 + 11*2.07 + 17*4.28",362.71
"axis_keyer","15 a21oi_1, 1 a22o_1, 1 a2bb2oi_1, 1 a31o_1, 1 a31oi_1, 1 a32o_1, 22 and2_0, 4 and3_1, 11 clkinv_1, 1 conb_1, 24 dfxtp_1, 1 maj3_1, 16 nand2_1, 7 nand2b_1, 5 nand3_1, 1 nand3b_1, 1 nand4_1, 11 nor2_1, 1 nor2b_1, 4 nor3_1, 1 nor4_1, 1 o2111ai_1, 1 o211a_1, 2 o211ai_1, 10 o21ai_0, 4 o221ai_1, 3 o22ai_1, 1 o31ai_1, 1 o32a_1, 1 o32ai_1, 1 or2_0, 4 xnor2_1, 2 xor2_1","15*5.0 + 1*8.76 + 1*8.76 + 1*8.76 + 1*6.26 + 1*10.01 + 22*6.26 + 4*6.26 + 11*3.75 + 1*3.75 + 24*20.02 + 1*10.01 + 16*3.75 + 7*6.26 + 5*5.0 + 1*7.51 + 1*6.26 + 11*3.75 + 1*6.26 + 4*5.0 + 1*6.26 + 1*8.76 + 1*10.01 + 2*7.51 + 10*5.0 + 4*8.76 + 3*6.26 + 1*7.51 + 1*10.01 + 1*8.76 + 1*6.26 + 4*8.76 + 2*8.76",1254.87,"0.08 + 0.18 + 0.1 + 0.16 + 0.11 + 0.13 + 0.1",0.86,"15*1.65 + 1*4.06 + 1*3.38 + 1*2.37 + 1*1.48 + 1*2.3 + 22*1.92 + 4*5.59 + 11*1.57 + 1*3.24 + 24*8.44 + 1*2.09 + 16*2.12 + 7*2.25 + 5*1.03 + 1*1.4 + 1*0.53 + 11*1.97 + 1*2.18 + 4*0.93 + 1*0.5 + 1*0.58 + 1*10.66 + 2*0.7 + 10*1.04 + 4*1.09 + 3*1.31 + 1*1.7 + 1*1.66 + 1*1.09 + 1*1.26 + 4*2.07 + 2*4.28",466.8
"pwm_generator","2 a21oi_1, 1 a311oi_1, 2 a41oi_1, 1 and3_1, 5 dfxtp_1, 1 mux2i_1, 1 nand2b_1, 1 nor2_1, 1 nor3_1, 1 nor4_1, 2 o21a_1","2*5.0 + 1*8.76 + 2*8.76 + 1*6.26 + 5*20.02 + 1*10.01 + 1*6.26 + 1*3.75 + 1*5.0 + 1*6.26 + 2*7.51",188.94,"0.32 + 0.19 + 0.22",0.73,"2*1.65 + 1*0.97 + 2*1.36 + 1*5.59 + 5*8.44 + 1*5.89 + 1*2.25 + 1*1.97 + 1*0.93 + 1*0.5 + 2*2.21",70.74
"ripple_adder_shift_register","1 a22o_1, 1 a311oi_1, 2 and2_0, 4 dfxtp_1, 3 nor2b_1, 1 nor3b_1, 1 o211a_1, 1 o311ai_0, 2 or2_0, 1 xor2_1","1*8.76 + 1*8.76 + 2*6.26 + 4*20.02 + 3*6.26 + 1*7.51 + 1*10.01 + 1*8.76 + 2*6.26 + 1*8.76",176.46,"0.19 + 0.22 + 0.19",0.6,"1*4.06 + 1*0.97 + 2*1.92 + 4*8.44 + 3*2.18 + 1*1.3 + 1*10.66 + 1*0.64 + 2*1.26 + 1*4.28",68.57
"and_gate_with_inverter","1 nand2_1, 1 nor4b_1","1*3.75 + 1*8.76",12.51,"0.19",0.19,"1*2.12 + 1*0.91",3.03
"flt_fx_24p8","1 a211o_1, 4 a211oi_1, 1 a21boi_0, 3 a21o_1, 42 a21oi_1, 1 a22o_1, 4 a22oi_1, 1 a2bb2oi_1, 1 a311oi_1, 4 a31o_1, 7 a31oi_1, 1 a32o_1, 4 and2_0, 3 and3_1, 2 and4_1, 1 and4b_1, 4 clkinv_1, 11 mux2_1, 10 mux2i_1, 11 mux4_2, 64 nand2_1, 3 nand2b_1, 6 nand3_1, 1 nand3b_1, 3 nand4_1, 3 nand4b_1, 65 nor2_1, 5 nor2b_1, 8 nor3_1, 3 nor4_1, 1 nor4b_1, 17 o211ai_1, 1 o21a_1, 60 o21ai_0, 1 o21bai_1, 2 o221ai_1, 3 o22a_1, 4 o22ai_1, 1 o311ai_0, 1 o31a_1, 8 o31ai_1, 1 o41ai_1, 2 or2_0, 3 or3_1, 1 or4_1, 3 or4b_1, 24 xnor2_1, 16 xor2_1","1*8.76 + 4*7.51 + 1*7.51 + 3*7.51 + 42*5.0 + 1*8.76 + 4*7.51 + 1*8.76 + 1*8.76 + 4*8.76 + 7*6.26 + 1*10.01 + 4*6.26 + 3*6.26 + 2*8.76 + 1*10.01 + 4*3.75 + 11*11.26 + 10*10.01 + 11*22.52 + 64*3.75 + 3*6.26 + 6*5.0 + 1*7.51 + 3*6.26 + 3*8.76 + 65*3.75 + 5*6.26 + 8*5.0 + 3*6.26 + 1*8.76 + 17*7.51 + 1*7.51 + 60*5.0 + 1*7.51 + 2*8.76 + 3*8.76 + 4*6.26 + 1*8.76 + 1*8.76 + 8*7.51 + 1*8.76 + 2*6.26 + 3*6.26 + 1*7.51 + 3*10.01 + 24*8.76 + 16*8.76",2683.13,"0.11 + 1.31 + 0.19 + 0.22 + 0.23 + 0.17 + 0.46 + 0.27 + 0.1 + 0.44 + 0.2 + 0.59 + 0.53 + 0.55 + 0.45 + 0.18 + 0.15",6.15,"1*3.14 + 4*0.98 + 1*2.48 + 3*5.9 + 42*1.65 + 1*4.06 + 4*2.58 + 1*3.38 + 1*0.97 + 4*2.37 + 7*1.48 + 1*2.3 + 4*1.92 + 3*5.59 + 2*3.4 + 1*5.99 + 4*1.57 + 11*4.03 + 10*5.89 + 11*6.37 + 64*2.12 + 3*2.25 + 6*1.03 + 1*1.4 + 3*0.53 + 3*1.03 + 65*1.97 + 5*2.18 + 8*0.93 + 3*0.5 + 1*0.91 + 17*0.7 + 1*2.21 + 60*1.04 + 1*2.87 + 2*1.09 + 3*2.76 + 4*1.31 + 1*0.64 + 1*2.07 + 8*1.7 + 1*1.39 + 2*1.26 + 3*1.28 + 1*0.85 + 3*2.14 + 24*2.07 + 16*4.28",902.29
"vending_machine","4 a211oi_1, 16 a21oi_1, 1 a311oi_1, 2 a31oi_1, 3 and2_0, 1 and3b_1, 1 and4_1, 1 clkinv_1, 14 dfxtp_1, 2 maj3_1, 15 nand2_1, 3 nand2b_1, 3 nand3_1, 24 nor2_1, 2 nor2b_1, 9 nor3_1, 1 nor4_1, 1 nor4b_1, 2 o211ai_1, 5 o21a_1, 11 o21ai_0, 2 o22ai_1, 2 o311ai_0, 1 o31a_1, 1 o32a_1, 1 o32ai_1, 4 or3_1, 1 or4_1, 13 xnor2_1, 4 xor2_1","4*7.51 + 16*5.0 + 1*8.76 + 2*6.26 + 3*6.26 + 1*8.76 + 1*8.76 + 1*3.75 + 14*20.02 + 2*10.01 + 15*3.75 + 3*6.26 + 3*5.0 + 24*3.75 + 2*6.26 + 9*5.0 + 1*6.26 + 1*8.76 + 2*7.51 + 5*7.51 + 11*5.0 + 2*6.26 + 2*8.76 + 1*8.76 + 1*10.01 + 1*8.76 + 4*6.26 + 1*7.51 + 13*8.76 + 4*8.76",1070.85,"0.33 + 0.18 + 0.36 + 0.38 + 0.25 + 0.12 + 0.17 + 0.29 + 0.09",2.17,"4*0.98 + 16*1.65 + 1*0.97 + 2*1.48 + 3*1.92 + 1*7.06 + 1*3.4 + 1*1.57 + 14*8.44 + 2*2.09 + 15*2.12 + 3*2.25 + 3*1.03 + 24*1.97 + 2*2.18 + 9*0.93 + 1*0.5 + 1*0.91 + 2*0.7 + 5*2.21 + 11*1.04 + 2*1.31 + 2*0.64 + 1*2.07 + 1*1.66 + 1*1.09 + 4*1.28 + 1*0.85 + 13*2.07 + 4*4.28",360.05
"top_module","1 a211oi_1, 6 a21oi_1, 1 a221oi_1, 1 a311o_1, 1 and2_0, 1 clkinv_1, 2 nand2_1, 1 nand2b_1, 7 nor2_1, 3 nor3_1, 1 nor3b_1, 2 o21ai_0, 1 o22ai_1, 2 o31ai_1, 1 o41ai_1, 1 xnor2_1, 3 xor2_1","1*7.51 + 6*5.0 + 1*8.76 + 1*10.01 + 1*6.26 + 1*3.75 + 2*3.75 + 1*6.26 + 7*3.75 + 3*5.0 + 1*7.51 + 2*5.0 + 1*6.26 + 2*7.51 + 1*8.76 + 1*8.76 + 3*8.76",203.89,"0.18 + 0.26 + 0.13 + 0.32 + 0.08",0.97,"1*0.98 + 6*1.65 + 1*1.78 + 1*1.57 + 1*1.92 + 1*1.57 + 2*2.12 + 1*2.25 + 7*1.97 + 3*0.93 + 1*1.3 + 2*1.04 + 1*1.31 + 2*1.7 + 1*1.39 + 1*2.07 + 3*4.28",65.18
"my_xor3","1 xor3_1","1*23.77",23.77,"0.33",0.33,"1*15.22",15.22
"KEYBOARD","1 a21bo_1, 1 a21boi_0, 1 a21o_1, 4 a21oi_1, 1 a221oi_1, 1 a2bb2oi_1, 1 a31oi_1, 4 and2_0, 1 and3_1, 4 clkinv_1, 4 dfrtn_1, 8 dfrtp_1, 1 dfstp_2, 1 mux2_1, 1 mux2i_1, 3 nand2_1, 2 nand2b_1, 2 nand3_1, 1 nand4_1, 6 nor2_1, 4 nor2b_1, 4 nor3_1, 1 nor3b_1, 1 o21ba_1, 1 o22a_1, 1 or2_0, 2 xnor2_1","1*10.01 + 1*7.51 + 1*7.51 + 4*5.0 + 1*8.76 + 1*8.76 + 1*6.26 + 4*6.26 + 1*6.26 + 4*3.75 + 4*25.02 + 8*25.02 + 1*26.28 + 1*11.26 + 1*10.01 + 3*3.75 + 2*6.26 + 2*5.0 + 1*6.26 + 6*3.75 + 4*6.26 + 4*5.0 + 1*7.51 + 1*10.01 + 1*8.76 + 1*6.26 + 2*8.76",620.53,"0.36 + 0.15 + 0.21 + 0.15",0.87,"1*7.27 + 1*2.48 + 1*5.9 + 4*1.65 + 1*1.78 + 1*3.38 + 1*1.48 + 4*1.92 + 1*5.59 + 4*1.57 + 4*11.65 + 8*11.65 + 1*10.52 + 1*4.03 + 1*5.89 + 3*2.12 + 2*2.25 + 2*1.03 + 1*0.53 + 6*1.97 + 4*2.18 + 4*0.93 + 1*1.3 + 1*7.27 + 1*2.76 + 1*1.26 + 2*2.07",263.12
"SDP_Y_IDX_mgc_in_wire_wait_v1","22 a2111o_1, 125 a2111oi_0, 65 a211o_1, 262 a211oi_1, 6 a21bo_1, 109 a21boi_0, 236 a21o_1, 6250 a21oi_1, 70 a221o_1, 349 a221oi_1, 169 a222oi_1, 703 a22o_1, 439 a22oi_1, 1 a2bb2o_1, 96 a2bb2oi_1, 16 a311o_1, 69 a311oi_1, 50 a31o_1, 972 a31oi_1, 316 a32o_1, 173 a32oi_1, 15 a41o_1, 66 a41oi_1, 612 and2_0, 355 and3_1, 2 and3b_1, 39 and4_1, 6 and4b_1, 747 clkinv_1, 2 conb_1, 7005 dfrtp_1, 194 maj3_1, 1181 mux2_1, 2661 mux2i_1, 184 mux4_2, 12575 nand2_1, 507 nand2b_1, 1289 nand3_1, 38 nand3b_1, 448 nand4_1, 34 nand4b_1, 5 nand4bb_1, 8756 nor2_1, 310 nor2b_1, 1052 nor3_1, 39 nor3b_1, 877 nor4_1, 19 nor4b_1, 7 nor4bb_1, 7 o2111a_1, 57 o2111ai_1, 30 o211a_1, 463 o211ai_1, 221 o21a_1, 6948 o21ai_0, 13 o21ba_1, 92 o21bai_1, 8 o221a_1, 188 o221ai_1, 153 o22a_1, 560 o22ai_1, 1 o2bb2a_1, 67 o2bb2ai_1, 28 o311a_1, 90 o311ai_0, 47 o31a_1, 364 o31ai_1, 71 o32a_1, 55 o32ai_1, 50 o41ai_1, 372 or2_0, 285 or3_1, 2 or3b_1, 71 or4_1, 8 or4b_1, 989 xnor2_1, 609 xor2_1","22*11.26 + 125*8.76 + 65*8.76 + 262*7.51 + 6*10.01 + 109*7.51 + 236*7.51 + 6250*5.0 + 70*10.01 + 349*8.76 + 169*10.01 + 703*8.76 + 439*7.51 + 1*10.01 + 96*8.76 + 16*10.01 + 69*8.76 + 50*8.76 + 972*6.26 + 316*10.01 + 173*8.76 + 15*10.01 + 66*8.76 + 612*6.26 + 355*6.26 + 2*8.76 + 39*8.76 + 6*10.01 + 747*3.75 + 2*3.75 + 7005*25.02 + 194*10.01 + 1181*11.26 + 2661*10.01 + 184*22.52 + 12575*3.75 + 507*6.26 + 1289*5.0 + 38*7.51 + 448*6.26 + 34*8.76 + 5*11.26 + 8756*3.75 + 310*6.26 + 1052*5.0 + 39*7.51 + 877*6.26 + 19*8.76 + 7*10.01 + 7*11.26 + 57*8.76 + 30*10.01 + 463*7.51 + 221*7.51 + 6948*5.0 + 13*10.01 + 92*7.51 + 8*11.26 + 188*8.76 + 153*8.76 + 560*6.26 + 1*10.01 + 67*8.76 + 28*10.01 + 90*8.76 + 47*8.76 + 364*7.51 + 71*10.01 + 55*8.76 + 50*8.76 + 372*6.26 + 285*6.26 + 2*8.76 + 71*7.51 + 8*10.01 + 989*8.76 + 609*8.76",476414.42,"0.3 + 0.06 + 0.19 + 0.09 + 0.19 + 2.41 + 5.95 + 28.2 + 4.16",41.55,"22*1.68 + 125*0.42 + 65*3.14 + 262*0.98 + 6*7.27 + 109*2.48 + 236*5.9 + 6250*1.65 + 70*2.66 + 349*1.78 + 169*2.43 + 703*4.06 + 439*2.58 + 1*5.07 + 96*3.38 + 16*1.57 + 69*0.97 + 50*2.37 + 972*1.48 + 316*2.3 + 173*1.25 + 15*6.61 + 66*1.36 + 612*1.92 + 355*5.59 + 2*7.06 + 39*3.4 + 6*5.99 + 747*1.57 + 2*3.24 + 7005*11.65 + 194*2.09 + 1181*4.03 + 2661*5.89 + 184*6.37 + 12575*2.12 + 507*2.25 + 1289*1.03 + 38*1.4 + 448*0.53 + 34*1.03 + 5*1.9 + 8756*1.97 + 310*2.18 + 1052*0.93 + 39*1.3 + 877*0.5 + 19*0.91 + 7*3.2 + 7*3.75 + 57*0.58 + 30*10.66 + 463*0.7 + 221*2.21 + 6948*1.04 + 13*7.27 + 92*2.87 + 8*2.73 + 188*1.09 + 153*2.76 + 560*1.31 + 1*3.41 + 67*1.85 + 28*3.77 + 90*0.64 + 47*2.07 + 364*1.7 + 71*1.66 + 55*1.09 + 50*1.39 + 372*1.26 + 285*1.28 + 2*2.59 + 71*0.85 + 8*2.14 + 989*2.07 + 609*4.28",194902.12
"top_module","1 a21oi_1, 4 buf_1, 4 dfxtp_1, 3 mux2i_1, 1 nand2_1, 1 nand3b_1, 3 nor2_1, 4 nor2b_1","1*5.0 + 4*3.75 + 4*20.02 + 3*10.01 + 1*3.75 + 1*7.51 + 3*3.75 + 4*6.26",177.66,"0.32 + 0.07 + 0.1",0.49,"1*1.65 + 4*1.18 + 4*8.44 + 3*5.89 + 1*2.12 + 1*1.4 + 3*1.97 + 4*2.18",75.95
"mux_2x1","20 and2_0","20*6.26",125.2,"0.1",0.1,"20*1.92",38.4
"sky130_fd_sc_ms__fa","1 maj3_1, 1 xor3_1","1*10.01 + 1*23.77",33.78,"0.33",0.33,"1*2.09 + 1*15.22",17.31
"led_controller","1 a211oi_1, 2 a21oi_1, 2 and2_0, 1 and3_1, 3 and4_1, 1 conb_1, 10 dfxtp_1, 1 nand2_1, 2 nand2b_1, 3 nand3_1, 2 nand4_1, 8 nor2_1, 1 nor2b_1, 5 nor3_1, 1 nor4_1, 1 nor4b_1, 1 o211ai_1, 1 o21ai_0, 1 o21bai_1, 1 xnor2_1, 1 xor2_1","1*7.51 + 2*5.0 + 2*6.26 + 1*6.26 + 3*8.76 + 1*3.75 + 10*20.02 + 1*3.75 + 2*6.26 + 3*5.0 + 2*6.26 + 8*3.75 + 1*6.26 + 5*5.0 + 1*6.26 + 1*8.76 + 1*7.51 + 1*5.0 + 1*7.51 + 1*8.76 + 1*8.76",424.13,"0.3 + 0.32 + 0.26 + 0.06 + 0.17",1.11,"1*0.98 + 2*1.65 + 2*1.92 + 1*5.59 + 3*3.4 + 1*3.24 + 10*8.44 + 1*2.12 + 2*2.25 + 3*1.03 + 2*0.53 + 8*1.97 + 1*2.18 + 5*0.93 + 1*0.5 + 1*0.91 + 1*0.7 + 1*1.04 + 1*2.87 + 1*2.07 + 1*4.28",157.28
"shift_register","9 dfxtp_1, 9 mux2i_1, 9 nor2_1","9*20.02 + 9*10.01 + 9*3.75",304.02,"0.28 + 0.12 + 0.04",0.44,"9*8.44 + 9*5.89 + 9*1.97",146.7
"add_sub_module","2 a21o_1, 3 a21oi_1, 1 a221o_1, 1 a311o_1, 1 a311oi_1, 3 a31oi_1, 1 a41oi_1, 6 and2_0, 1 and3_1, 5 clkinv_1, 12 maj3_1, 1 mux2_1, 21 nand2_1, 3 nand2b_1, 5 nor2_1, 2 o211ai_1, 5 o21ai_0, 2 o311ai_0, 8 or2_0, 45 xnor2_1, 40 xor2_1","2*7.51 + 3*5.0 + 1*10.01 + 1*10.01 + 1*8.76 + 3*6.26 + 1*8.76 + 6*6.26 + 1*6.26 + 5*3.75 + 12*10.01 + 1*11.26 + 21*3.75 + 3*6.26 + 5*3.75 + 2*7.51 + 5*5.0 + 2*8.76 + 8*6.26 + 45*8.76 + 40*8.76",1248.79,"0.32 + 0.36 + 0.37 + 0.37 + 0.37 + 0.37 + 0.37 + 0.38 + 0.35 + 0.3 + 0.15 + 0.25 + 0.15 + 0.2 + 0.17 + 0.4 + 0.22 + 0.16 + 0.37 + 0.37 + 0.37 + 0.37 + 0.35 + 0.11",7.2,"2*5.9 + 3*1.65 + 1*2.66 + 1*1.57 + 1*0.97 + 3*1.48 + 1*1.36 + 6*1.92 + 1*5.59 + 5*1.57 + 12*2.09 + 1*4.03 + 21*2.12 + 3*2.25 + 5*1.97 + 2*0.7 + 5*1.04 + 2*0.64 + 8*1.26 + 45*2.07 + 40*4.28",425.25
"spi_state_machine","1 a211oi_1, 1 a21bo_1, 1 a21boi_0, 3 a21oi_1, 1 a311o_1, 1 a311oi_1, 2 a31oi_1, 7 a32oi_1, 1 a41oi_1, 1 and2_0, 1 and3_1, 1 clkinv_1, 15 dfxtp_1, 1 mux2i_1, 2 nand2b_1, 1 nand3b_1, 1 nand4b_1, 10 nor2_1, 2 nor2b_1, 1 nor3b_1, 1 nor4_1, 1 nor4b_1, 1 nor4bb_1, 1 o31ai_1, 1 o41ai_1","1*7.51 + 1*10.01 + 1*7.51 + 3*5.0 + 1*10.01 + 1*8.76 + 2*6.26 + 7*8.76 + 1*8.76 + 1*6.26 + 1*6.26 + 1*3.75 + 15*20.02 + 1*10.01 + 2*6.26 + 1*7.51 + 1*8.76 + 10*3.75 + 2*6.26 + 1*7.51 + 1*6.26 + 1*8.76 + 1*10.01 + 1*7.51 + 1*8.76",595.6,"0.4 + 0.71 + 0.17 + 0.27",1.55,"1*0.98 + 1*7.27 + 1*2.48 + 3*1.65 + 1*1.57 + 1*0.97 + 2*1.48 + 7*1.25 + 1*1.36 + 1*1.92 + 1*5.59 + 1*1.57 + 15*8.44 + 1*5.89 + 2*2.25 + 1*1.4 + 1*1.03 + 10*1.97 + 2*2.18 + 1*1.3 + 1*0.5 + 1*0.91 + 1*3.2 + 1*1.7 + 1*1.39",212.85
"shift_register","1 a21o_1, 15 a221o_1, 8 and2_0, 16 dfxtp_1, 1 nor2_1, 1 nor2b_1","1*7.51 + 15*10.01 + 8*6.26 + 16*20.02 + 1*3.75 + 1*6.26",538.07,"0.55 + 0.24",0.79,"1*5.9 + 15*2.66 + 8*1.92 + 16*8.44 + 1*1.97 + 1*2.18",200.35
"dff_async_set_clear","1 a21o_1, 2 clkinv_1, 1 dfxtp_1","1*7.51 + 2*3.75 + 1*20.02",35.03,"0.29 + 0.03",0.32,"1*5.9 + 2*1.57 + 1*8.44",17.48
"m_4bit_comparator","1 nor4_1, 4 xor2_1","1*6.26 + 4*8.76",41.3,"0.13 + 0.18",0.31,"1*0.5 + 4*4.28",17.62
"sky130_fd_sc_ls__o21a","1 and4_1","1*8.76",8.76,"0.15",0.15,"1*3.4",3.4
"multiplier_8bit","2 a211oi_1, 3 a21boi_0, 1 a21o_1, 20 a21oi_1, 4 a22o_1, 4 a22oi_1, 1 a31o_1, 2 a31oi_1, 1 a32o_1, 21 and2_0, 3 and3_1, 11 clkinv_1, 40 maj3_1, 72 nand2_1, 12 nand2b_1, 8 nand3_1, 3 nand4_1, 27 nor2_1, 16 nor2b_1, 5 nor3_1, 1 nor3b_1, 1 o211ai_1, 4 o21a_1, 26 o21ai_0, 1 o21ba_1, 2 o21bai_1, 1 o221ai_1, 4 o22ai_1, 1 o31a_1, 1 o31ai_1, 1 o32ai_1, 2 or2_0, 2 or3_1, 68 xnor2_1, 14 xnor3_1, 44 xor2_1, 15 xor3_1","2*7.51 + 3*7.51 + 1*7.51 + 20*5.0 + 4*8.76 + 4*7.51 + 1*8.76 + 2*6.26 + 1*10.01 + 21*6.26 + 3*6.26 + 11*3.75 + 40*10.01 + 72*3.75 + 12*6.26 + 8*5.0 + 3*6.26 + 27*3.75 + 16*6.26 + 5*5.0 + 1*7.51 + 1*7.51 + 4*7.51 + 26*5.0 + 1*10.01 + 2*7.51 + 1*8.76 + 4*6.26 + 1*8.76 + 1*7.51 + 1*8.76 + 2*6.26 + 2*6.26 + 68*8.76 + 14*22.52 + 44*8.76 + 15*23.77",3400.54,"0.37 + 0.11 + 0.54 + 0.63 + 0.25 + 0.26 + 0.17 + 0.22 + 0.21 + 0.22 + 0.12 + 0.26 + 0.12 + 0.2 + 0.2",3.88,"2*0.98 + 3*2.48 + 1*5.9 + 20*1.65 + 4*4.06 + 4*2.58 + 1*2.37 + 2*1.48 + 1*2.3 + 21*1.92 + 3*5.59 + 11*1.57 + 40*2.09 + 72*2.12 + 12*2.25 + 8*1.03 + 3*0.53 + 27*1.97 + 16*2.18 + 5*0.93 + 1*1.3 + 1*0.7 + 4*2.21 + 26*1.04 + 1*7.27 + 2*2.87 + 1*1.09 + 4*1.31 + 1*2.07 + 1*1.7 + 1*1.09 + 2*1.26 + 2*1.28 + 68*2.07 + 14*15.62 + 44*4.28 + 15*15.22",1365.86
"binary_counter","1 a21oi_1, 5 clkinv_1, 4 dfrtp_1, 1 nand3_1, 1 nor2b_1, 1 xnor2_1, 1 xor2_1","1*5.0 + 5*3.75 + 4*25.02 + 1*5.0 + 1*6.26 + 1*8.76 + 1*8.76",152.61,"0.36 + 0.11 + 0.14",0.61,"1*1.65 + 5*1.57 + 4*11.65 + 1*1.03 + 1*2.18 + 1*2.07 + 1*4.28",65.66
"top_module","3 and2_0, 1 and3_1, 4 dfxtp_1, 1 nand2_1, 1 nand3_1, 1 nor2_1, 2 nor3_1, 1 nor3b_1","3*6.26 + 1*6.26 + 4*20.02 + 1*3.75 + 1*5.0 + 1*3.75 + 2*5.0 + 1*7.51",135.13,"0.28 + 0.13",0.41,"3*1.92 + 1*5.59 + 4*8.44 + 1*2.12 + 1*1.03 + 1*1.97 + 2*0.93 + 1*1.3",53.39
"sky130_fd_sc_hdll__o211ai","1 o211ai_1","1*7.51",7.51,"0.11",0.11,"1*0.7",0.7
"EHR_4","1 a31oi_1, 2 clkinv_1, 1 dfxtp_1, 1 mux2_1, 2 nand2_1, 1 nand2b_1, 1 o211ai_1, 1 o21a_1, 1 o21ai_0","1*6.26 + 2*3.75 + 1*20.02 + 1*11.26 + 2*3.75 + 1*6.26 + 1*7.51 + 1*7.51 + 1*5.0",78.82,"0.27 + 0.28 + 0.19 + 0.1",0.84,"1*1.48 + 2*1.57 + 1*8.44 + 1*4.03 + 2*2.12 + 1*2.25 + 1*0.7 + 1*2.21 + 1*1.04",27.53
"shift_register","1 a211o_1, 7 a21oi_1, 1 a221o_1, 2 a221oi_1, 1 a22o_1, 3 clkinv_1, 8 dfxtp_1, 6 mux2_1, 4 mux2i_1, 2 nand2_1, 2 nor2_1, 4 nor2b_1, 2 o21ai_0, 1 o31ai_1, 1 or2_0","1*8.76 + 7*5.0 + 1*10.01 + 2*8.76 + 1*8.76 + 3*3.75 + 8*20.02 + 6*11.26 + 4*10.01 + 2*3.75 + 2*3.75 + 4*6.26 + 2*5.0 + 1*7.51 + 1*6.26",422.87,"0.28 + 0.29 + 0.19 + 0.25 + 0.05",1.06,"1*3.14 + 7*1.65 + 1*2.66 + 2*1.78 + 1*4.06 + 3*1.57 + 8*8.44 + 6*4.03 + 4*5.89 + 2*2.12 + 2*1.97 + 4*2.18 + 2*1.04 + 1*1.7 + 1*1.26",166.88
"my_nand_gate","1 nand4_1","1*6.26",6.26,"0.05",0.05,"1*0.53",0.53
"xnor4","4 xnor2_1","4*8.76",35.04,"0.08",0.08,"4*2.07",8.28
"CARRY4","1 a211o_1, 1 a21oi_1, 1 a22o_1, 1 a41oi_1, 1 clkinv_1, 1 conb_1, 1 nand2_1, 1 o211ai_1, 1 o21ai_0, 1 o31ai_1, 2 xnor2_1, 1 xnor3_1, 4 xor2_1","1*8.76 + 1*5.0 + 1*8.76 + 1*8.76 + 1*3.75 + 1*3.75 + 1*3.75 + 1*7.51 + 1*5.0 + 1*7.51 + 2*8.76 + 1*22.52 + 4*8.76",137.63,"0.14 + 0.26 + 0.41",0.81,"1*3.14 + 1*1.65 + 1*4.06 + 1*1.36 + 1*1.57 + 1*3.24 + 1*2.12 + 1*0.7 + 1*1.04 + 1*1.7 + 2*2.07 + 1*15.62 + 4*4.28",57.46
"shift_register","6 a22oi_1, 2 a31oi_1, 10 clkinv_1, 8 dfrtn_1, 10 nand2_1, 1 nand2b_1, 2 nor2_1, 1 nor2b_1, 6 o221ai_1, 2 o22ai_1, 1 or2_0","6*7.51 + 2*6.26 + 10*3.75 + 8*25.02 + 10*3.75 + 1*6.26 + 2*3.75 + 1*6.26 + 6*8.76 + 2*6.26 + 1*6.26",424.1,"0.33 + 0.18 + 0.06",0.57,"6*2.58 + 2*1.48 + 10*1.57 + 8*11.65 + 10*2.12 + 1*2.25 + 2*1.97 + 1*2.18 + 6*1.09 + 2*1.31 + 1*1.26",167.33
"multiplexer","1 and2_0, 2 and3b_1, 1 nor3b_1","1*6.26 + 2*8.76 + 1*7.51",31.29,"0.15",0.15,"1*1.92 + 2*7.06 + 1*1.3",17.34
"adder_tree_top","1 a211oi_1, 1 a21boi_0, 7 a21o_1, 5 a21oi_1, 1 a311o_1, 1 a311oi_1, 2 a31o_1, 1 a31oi_1, 3 and2_0, 4 and3_1, 13 clkinv_1, 181 dfxtp_1, 90 maj3_1, 38 nand2_1, 31 nand2b_1, 9 nand3_1, 10 nor2_1, 6 nor2b_1, 1 nor3_1, 1 o2111ai_1, 13 o21ai_0, 1 o21bai_1, 2 or2_0, 1 or4_1, 154 xnor2_1, 12 xnor3_1, 52 xor2_1, 18 xor3_1","1*7.51 + 1*7.51 + 7*7.51 + 5*5.0 + 1*10.01 + 1*8.76 + 2*8.76 + 1*6.26 + 3*6.26 + 4*6.26 + 13*3.75 + 181*20.02 + 90*10.01 + 38*3.75 + 31*6.26 + 9*5.0 + 10*3.75 + 6*6.26 + 1*5.0 + 1*8.76 + 13*5.0 + 1*7.51 + 2*6.26 + 1*7.51 + 154*8.76 + 12*22.52 + 52*8.76 + 18*23.77",7817.81,"0.3 + 0.41 + 0.4 + 0.39 + 0.36 + 0.37 + 0.23 + 0.11 + 0.12 + 0.1 + 0.49 + 0.33 + 0.24 + 0.17 + 0.19 + 0.09 + 0.18 + 0.17 + 0.05",4.7,"1*0.98 + 1*2.48 + 7*5.9 + 5*1.65 + 1*1.57 + 1*0.97 + 2*2.37 + 1*1.48 + 3*1.92 + 4*5.59 + 13*1.57 + 181*8.44 + 90*2.09 + 38*2.12 + 31*2.25 + 9*1.03 + 10*1.97 + 6*2.18 + 1*0.93 + 1*0.58 + 13*1.04 + 1*2.87 + 2*1.26 + 1*0.85 + 154*2.07 + 12*15.62 + 52*4.28 + 18*15.22",3042.41
"traffic_light_controller","2 buf_1, 3 clkinv_1, 2 dfrtp_1, 1 nor2_1, 1 xor2_1","2*3.75 + 3*3.75 + 2*25.02 + 1*3.75 + 1*8.76",81.3,"0.37 + 0.16",0.53,"2*1.18 + 3*1.57 + 2*11.65 + 1*1.97 + 1*4.28",36.62
"sky130_fd_sc_lp__nand4bb","1 nand4bb_1","1*11.26",11.26,"0.13",0.13,"1*1.9",1.9
"Debounce_Circuit","1 a21oi_1, 1 a31o_1, 1 a32oi_1, 1 a41oi_1, 2 and2_0, 9 clkinv_1, 8 dfrtp_1, 1 dfxtp_1, 1 nand2_1, 1 nand4_1, 2 nor2_1, 3 nor2b_1, 6 nor3_1, 1 nor4bb_1, 1 o211ai_1, 1 xnor2_1, 1 xor2_1","1*5.0 + 1*8.76 + 1*8.76 + 1*8.76 + 2*6.26 + 9*3.75 + 8*25.02 + 1*20.02 + 1*3.75 + 1*6.26 + 2*3.75 + 3*6.26 + 6*5.0 + 1*10.01 + 1*7.51 + 1*8.76 + 1*8.76",399.06,"0.4 + 0.3 + 0.24 + 0.07",1.01,"1*1.65 + 1*2.37 + 1*1.25 + 1*1.36 + 2*1.92 + 9*1.57 + 8*11.65 + 1*8.44 + 1*2.12 + 1*0.53 + 2*1.97 + 3*2.18 + 6*0.93 + 1*3.2 + 1*0.7 + 1*2.07 + 1*4.28",155.2
"PCIeGen2x8If128_pipe_sync","2 a21boi_0, 1 a22oi_1, 16 and2_0, 2 and3b_1, 1 and4_1, 5 clkinv_1, 2 conb_1, 22 dfxtp_1, 3 nand2_1, 1 nand2b_1, 2 nand3_1, 2 nand4_1, 2 nand4b_1, 3 nor2_1, 3 nor2b_1, 2 nor3_1, 1 nor4_1, 1 o211a_1, 2 o21ai_0, 2 o22ai_1, 1 o2bb2ai_1, 1 o311ai_0, 1 o31ai_1","2*7.51 + 1*7.51 + 16*6.26 + 2*8.76 + 1*8.76 + 5*3.75 + 2*3.75 + 22*20.02 + 3*3.75 + 1*6.26 + 2*5.0 + 2*6.26 + 2*8.76 + 3*3.75 + 3*6.26 + 2*5.0 + 1*6.26 + 1*10.01 + 2*5.0 + 2*6.26 + 1*8.76 + 1*8.76 + 1*7.51",777.06,"0.31 + 0.35 + 0.2 + 0.2 + 0.05",1.11,"2*2.48 + 1*2.58 + 16*1.92 + 2*7.06 + 1*3.4 + 5*1.57 + 2*3.24 + 22*8.44 + 3*2.12 + 1*2.25 + 2*1.03 + 2*0.53 + 2*1.03 + 3*1.97 + 3*2.18 + 2*0.93 + 1*0.5 + 1*10.66 + 2*1.04 + 2*1.31 + 1*1.85 + 1*0.64 + 1*1.7",303.94
"LCD_driver","1 a21oi_1, 2 clkinv_1, 1 conb_1, 4 dfxtp_1, 1 mux2i_1, 1 nand2_1, 1 nor2_1, 1 o21ai_0, 1 o31ai_1, 1 or3b_1, 1 xor2_1","1*5.0 + 2*3.75 + 1*3.75 + 4*20.02 + 1*10.01 + 1*3.75 + 1*3.75 + 1*5.0 + 1*7.51 + 1*8.76 + 1*8.76",143.87,"0.3 + 0.43 + 0.18",0.91,"1*1.65 + 2*1.57 + 1*3.24 + 4*8.44 + 1*5.89 + 1*2.12 + 1*1.97 + 1*1.04 + 1*1.7 + 1*2.59 + 1*4.28",61.38
"adder_4bit_carry","1 a31o_1, 4 nand2_1, 1 nor2_1, 2 o21ai_0, 7 xnor2_1, 4 xor2_1","1*8.76 + 4*3.75 + 1*3.75 + 2*5.0 + 7*8.76 + 4*8.76",133.87,"0.18 + 0.19 + 0.11",0.48,"1*2.37 + 4*2.12 + 1*1.97 + 2*1.04 + 7*2.07 + 4*4.28",46.51
"binary_to_gray","3 xor2_1","3*8.76",26.28,"0.12",0.12,"3*4.28",12.84
"fir","2 a2111oi_0, 3 a211o_1, 6 a211oi_1, 1 a21bo_1, 6 a21boi_0, 23 a21o_1, 332 a21oi_1, 1 a221o_1, 2 a221oi_1, 12 a22o_1, 5 a22oi_1, 2 a311oi_1, 3 a31o_1, 11 a31oi_1, 5 a32o_1, 3 a32oi_1, 69 and2_0, 11 and3_1, 1 and4b_1, 340 clkinv_1, 265 dfrtp_1, 326 dfxtp_1, 208 maj3_1, 325 mux2_1, 15 mux2i_1, 309 nand2_1, 54 nand2b_1, 27 nand3_1, 3 nand3b_1, 3 nand4_1, 470 nor2_1, 53 nor2b_1, 16 nor3_1, 1 nor4_1, 1 nor4b_1, 1 o2111ai_1, 1 o211a_1, 11 o211ai_1, 19 o21a_1, 107 o21ai_0, 1 o21ba_1, 2 o21bai_1, 20 o22a_1, 15 o22ai_1, 20 o2bb2ai_1, 2 o311ai_0, 1 o31a_1, 11 o31ai_1, 2 o32a_1, 1 o32ai_1, 21 or2_0, 8 or3_1, 3 or3b_1, 1 or4_1, 1 or4b_1, 616 xnor2_1, 41 xnor3_1, 290 xor2_1, 32 xor3_1","2*8.76 + 3*8.76 + 6*7.51 + 1*10.01 + 6*7.51 + 23*7.51 + 332*5.0 + 1*10.01 + 2*8.76 + 12*8.76 + 5*7.51 + 2*8.76 + 3*8.76 + 11*6.26 + 5*10.01 + 3*8.76 + 69*6.26 + 11*6.26 + 1*10.01 + 340*3.75 + 265*25.02 + 326*20.02 + 208*10.01 + 325*11.26 + 15*10.01 + 309*3.75 + 54*6.26 + 27*5.0 + 3*7.51 + 3*6.26 + 470*3.75 + 53*6.26 + 16*5.0 + 1*6.26 + 1*8.76 + 1*8.76 + 1*10.01 + 11*7.51 + 19*7.51 + 107*5.0 + 1*10.01 + 2*7.51 + 20*8.76 + 15*6.26 + 20*8.76 + 2*8.76 + 1*8.76 + 11*7.51 + 2*10.01 + 1*8.76 + 21*6.26 + 8*6.26 + 3*8.76 + 1*7.51 + 1*10.01 + 616*8.76 + 41*22.52 + 290*8.76 + 32*23.77",38264.54,"0.38 + 0.21 + 0.15 + 0.4 + 0.39 + 0.39 + 0.39 + 0.39 + 0.39 + 0.39 + 0.39 + 0.21 + 0.12 + 0.39 + 0.37 + 0.15 + 0.07",5.18,"2*0.42 + 3*3.14 + 6*0.98 + 1*7.27 + 6*2.48 + 23*5.9 + 332*1.65 + 1*2.66 + 2*1.78 + 12*4.06 + 5*2.58 + 2*0.97 + 3*2.37 + 11*1.48 + 5*2.3 + 3*1.25 + 69*1.92 + 11*5.59 + 1*5.99 + 340*1.57 + 265*11.65 + 326*8.44 + 208*2.09 + 325*4.03 + 15*5.89 + 309*2.12 + 54*2.25 + 27*1.03 + 3*1.4 + 3*0.53 + 470*1.97 + 53*2.18 + 16*0.93 + 1*0.5 + 1*0.91 + 1*0.58 + 1*10.66 + 11*0.7 + 19*2.21 + 107*1.04 + 1*7.27 + 2*2.87 + 20*2.76 + 15*1.31 + 20*1.85 + 2*0.64 + 1*2.07 + 11*1.7 + 2*1.66 + 1*1.09 + 21*1.26 + 8*1.28 + 3*2.59 + 1*0.85 + 1*2.14 + 616*2.07 + 41*15.62 + 290*4.28 + 32*15.22",15118.16
"four_to_one","1 nor2b_1, 1 o22a_1","1*6.26 + 1*8.76",15.02,"0.1 + 0.14",0.24,"1*2.18 + 1*2.76",4.94
"dffe","8 a221o_1, 8 dfxtp_1, 1 nor2b_1, 8 nor3b_1","8*10.01 + 8*20.02 + 1*6.26 + 8*7.51",306.58,"0.27 + 0.12 + 0.24",0.63,"8*2.66 + 8*8.44 + 1*2.18 + 8*1.3",101.38
"memory_generator","80 a21oi_1, 9 a221oi_1, 51 a222oi_1, 14 a22oi_1, 7 a31oi_1, 14 a41o_1, 1 and2_0, 8 and3_1, 16 and3b_1, 1 clkinv_1, 1092 dfxtp_1, 1028 mux2_1, 235 mux4_2, 14 nand2_1, 2 nand2b_1, 29 nand3_1, 30 nand3b_1, 67 nor2_1, 2 nor2b_1, 8 nor3b_1, 7 o41ai_1, 1 or2_0, 15 or3b_1","80*5.0 + 9*8.76 + 51*10.01 + 14*7.51 + 7*6.26 + 14*10.01 + 1*6.26 + 8*6.26 + 16*8.76 + 1*3.75 + 1092*20.02 + 1028*11.26 + 235*22.52 + 14*3.75 + 2*6.26 + 29*5.0 + 30*7.51 + 67*3.75 + 2*6.26 + 8*7.51 + 7*8.76 + 1*6.26 + 15*8.76",41166.17,"10.09 + 0.98 + 3.53 + 0.41",15.01,"80*1.65 + 9*1.78 + 51*2.43 + 14*2.58 + 7*1.48 + 14*6.61 + 1*1.92 + 8*5.59 + 16*7.06 + 1*1.57 + 1092*8.44 + 1028*4.03 + 235*6.37 + 14*2.12 + 2*2.25 + 29*1.03 + 30*1.4 + 67*1.97 + 2*2.18 + 8*1.3 + 7*1.39 + 1*1.26 + 15*2.59",15731.05
"reg32_R0","32 clkinv_1, 32 dfxtp_1, 32 nand3b_1, 1 nor2b_1, 32 o31ai_1","32*3.75 + 32*20.02 + 32*7.51 + 1*6.26 + 32*7.51",1247.54,"1.15 + 0.08",1.23,"32*1.57 + 32*8.44 + 32*1.4 + 1*2.18 + 32*1.7",421.7
"mul8","2 a21boi_0, 3 a21o_1, 28 a21oi_1, 4 a22o_1, 6 a22oi_1, 1 a31o_1, 2 a31oi_1, 1 a32o_1, 17 and2_0, 4 and3_1, 22 clkinv_1, 61 maj3_1, 110 nand2_1, 10 nand2b_1, 14 nand3_1, 6 nand4_1, 41 nor2_1, 21 nor2b_1, 1 nor3_1, 1 nor3b_1, 1 o211a_1, 3 o21a_1, 14 o21ai_0, 2 o22a_1, 1 o22ai_1, 1 or2_0, 1 or3_1, 88 xnor2_1, 28 xnor3_1, 50 xor2_1, 20 xor3_1","2*7.51 + 3*7.51 + 28*5.0 + 4*8.76 + 6*7.51 + 1*8.76 + 2*6.26 + 1*10.01 + 17*6.26 + 4*6.26 + 22*3.75 + 61*10.01 + 110*3.75 + 10*6.26 + 14*5.0 + 6*6.26 + 41*3.75 + 21*6.26 + 1*5.0 + 1*7.51 + 1*10.01 + 3*7.51 + 14*5.0 + 2*8.76 + 1*6.26 + 1*6.26 + 1*6.26 + 88*8.76 + 28*22.52 + 50*8.76 + 20*23.77",4447.57,"0.13 + 0.44 + 0.39 + 0.29 + 0.42 + 0.41 + 0.38 + 0.2 + 0.17 + 0.09 + 0.36 + 0.35 + 0.38 + 0.38 + 0.18 + 0.19 + 0.15 + 0.19 + 0.15 + 0.17 + 0.11",5.53,"2*2.48 + 3*5.9 + 28*1.65 + 4*4.06 + 6*2.58 + 1*2.37 + 2*1.48 + 1*2.3 + 17*1.92 + 4*5.59 + 22*1.57 + 61*2.09 + 110*2.12 + 10*2.25 + 14*1.03 + 6*0.53 + 41*1.97 + 21*2.18 + 1*0.93 + 1*1.3 + 1*10.66 + 3*2.21 + 14*1.04 + 2*2.76 + 1*1.31 + 1*1.26 + 1*1.28 + 88*2.07 + 28*15.62 + 50*4.28 + 20*15.22",1906.46
"ClockGating","1 clkinv_1, 1 dfrtp_1, 1 nor3b_1","1*3.75 + 1*25.02 + 1*7.51",36.28,"0.31",0.31,"1*1.57 + 1*11.65 + 1*1.3",14.52
"rcn_fifo_byte_async","2 a21oi_1, 2 a41oi_1, 1 and2_0, 1 and3_1, 1 and4_1, 1 buf_1, 32 clkinv_1, 26 dfrtp_1, 130 dfxtp_1, 143 mux2_1, 4 mux2i_1, 38 mux4_2, 6 nand2_1, 6 nand2b_1, 4 nand3_1, 2 nand3b_1, 2 nand4_1, 12 nor2_1, 1 nor2b_1, 1 nor3_1, 1 nor4_1, 2 o211ai_1, 2 o21ai_0, 1 or3_1, 10 xnor2_1, 2 xnor3_1, 4 xor2_1","2*5.0 + 2*8.76 + 1*6.26 + 1*6.26 + 1*8.76 + 1*3.75 + 32*3.75 + 26*25.02 + 130*20.02 + 143*11.26 + 4*10.01 + 38*22.52 + 6*3.75 + 6*6.26 + 4*5.0 + 2*7.51 + 2*6.26 + 12*3.75 + 1*6.26 + 1*5.0 + 1*6.26 + 2*7.51 + 2*5.0 + 1*6.26 + 10*8.76 + 2*22.52 + 4*8.76",6300.73,"0.43 + 0.13 + 0.88 + 0.38",1.82,"2*1.65 + 2*1.36 + 1*1.92 + 1*5.59 + 1*3.4 + 1*1.18 + 32*1.57 + 26*11.65 + 130*8.44 + 143*4.03 + 4*5.89 + 38*6.37 + 6*2.12 + 6*2.25 + 4*1.03 + 2*1.4 + 2*0.53 + 12*1.97 + 1*2.18 + 1*0.93 + 1*0.5 + 2*0.7 + 2*1.04 + 1*1.28 + 10*2.07 + 2*15.62 + 4*4.28",2445.63
"clkdlybuf4s","5 clkinv_1, 5 dfrtp_1","5*3.75 + 5*25.02",143.85,"0.33",0.33,"5*1.57 + 5*11.65",66.1
"dual_port_memory","1 conb_1, 48 dfxtp_1","1*3.75 + 48*20.02",964.71,"0.26",0.26,"1*3.24 + 48*8.44",408.36
"getID_4digits","1 a2111oi_0, 4 a211o_1, 1 a211oi_1, 4 a21o_1, 17 a21oi_1, 3 a221oi_1, 2 a22o_1, 2 a31o_1, 5 a31oi_1, 2 a32o_1, 5 and2_0, 4 and3_1, 1 and4b_1, 16 clkinv_1, 16 dfxtp_1, 12 maj3_1, 1 mux2i_1, 25 nand2_1, 8 nand2b_1, 7 nand3_1, 3 nand3b_1, 2 nand4_1, 1 nand4b_1, 2 nand4bb_1, 20 nor2_1, 4 nor2b_1, 11 nor3_1, 2 nor3b_1, 5 nor4_1, 1 nor4b_1, 2 o2111ai_1, 1 o211ai_1, 1 o21a_1, 14 o21ai_0, 1 o21bai_1, 1 o22a_1, 1 o2bb2ai_1, 1 o311a_1, 2 o311ai_0, 5 o31ai_1, 5 or2_0, 6 or3_1, 1 or4_1, 3 or4b_1, 29 xnor2_1, 8 xor2_1","1*8.76 + 4*8.76 + 1*7.51 + 4*7.51 + 17*5.0 + 3*8.76 + 2*8.76 + 2*8.76 + 5*6.26 + 2*10.01 + 5*6.26 + 4*6.26 + 1*10.01 + 16*3.75 + 16*20.02 + 12*10.01 + 1*10.01 + 25*3.75 + 8*6.26 + 7*5.0 + 3*7.51 + 2*6.26 + 1*8.76 + 2*11.26 + 20*3.75 + 4*6.26 + 11*5.0 + 2*7.51 + 5*6.26 + 1*8.76 + 2*8.76 + 1*7.51 + 1*7.51 + 14*5.0 + 1*7.51 + 1*8.76 + 1*8.76 + 1*10.01 + 2*8.76 + 5*7.51 + 5*6.26 + 6*6.26 + 1*7.51 + 3*10.01 + 29*8.76 + 8*8.76",1934.24,"0.07 + 0.8 + 0.1 + 0.2 + 0.16 + 0.17 + 0.15 + 0.41 + 0.39 + 0.39 + 0.42 + 0.41 + 0.38 + 0.16 + 0.31 + 0.25 + 0.06 + 0.32 + 0.15 + 0.4 + 0.39 + 0.39 + 0.39 + 0.37 + 0.13 + 0.87 + 0.21 + 0.25 + 0.13 + 0.2 + 0.21 + 0.21 + 0.06",9.51,"1*0.42 + 4*3.14 + 1*0.98 + 4*5.9 + 17*1.65 + 3*1.78 + 2*4.06 + 2*2.37 + 5*1.48 + 2*2.3 + 5*1.92 + 4*5.59 + 1*5.99 + 16*1.57 + 16*8.44 + 12*2.09 + 1*5.89 + 25*2.12 + 8*2.25 + 7*1.03 + 3*1.4 + 2*0.53 + 1*1.03 + 2*1.9 + 20*1.97 + 4*2.18 + 11*0.93 + 2*1.3 + 5*0.5 + 1*0.91 + 2*0.58 + 1*0.7 + 1*2.21 + 14*1.04 + 1*2.87 + 1*2.76 + 1*1.85 + 1*3.77 + 2*0.64 + 5*1.7 + 5*1.26 + 6*1.28 + 1*0.85 + 3*2.14 + 29*2.07 + 8*4.28",632.73
"adder","1 a21o_1, 1 a221oi_1, 1 and2_0, 1 clkinv_1, 8 dfxtp_1, 5 nand2_1, 4 nor2_1, 1 nor2b_1, 2 nor3_1, 1 o21a_1, 2 o21ai_0, 1 o311a_1, 1 o31a_1, 1 o31ai_1, 10 xnor2_1, 3 xor2_1","1*7.51 + 1*8.76 + 1*6.26 + 1*3.75 + 8*20.02 + 5*3.75 + 4*3.75 + 1*6.26 + 2*5.0 + 1*7.51 + 2*5.0 + 1*10.01 + 1*8.76 + 1*7.51 + 10*8.76 + 3*8.76",394.12,"0.05 + 0.3 + 0.17 + 0.34 + 0.25 + 0.12",1.23,"1*5.9 + 1*1.78 + 1*1.92 + 1*1.57 + 8*8.44 + 5*2.12 + 4*1.97 + 1*2.18 + 2*0.93 + 1*2.21 + 2*1.04 + 1*3.77 + 1*2.07 + 1*1.7 + 10*2.07 + 3*4.28",146.58
"sky130_fd_sc_lp__o21ai","1 o21ai_0","1*5.0",5.0,"0.08",0.08,"1*1.04",1.04
"uart","1 a2111o_1, 1 a21o_1, 10 a21oi_1, 2 a22o_1, 1 a31o_1, 2 a31oi_1, 2 and2_0, 2 and3_1, 1 and3b_1, 1 and4_1, 1 and4b_1, 3 clkinv_1, 68 dfxtp_1, 9 mux2_1, 7 mux2i_1, 30 nand2_1, 3 nand2b_1, 14 nand3_1, 2 nand3b_1, 5 nand4_1, 1 nand4b_1, 1 nand4bb_1, 38 nor2_1, 5 nor2b_1, 11 nor3_1, 1 nor3b_1, 8 nor4_1, 4 nor4b_1, 1 nor4bb_1, 2 o211ai_1, 2 o21a_1, 23 o21ai_0, 1 o2bb2ai_1, 5 o31ai_1, 3 or2_0, 8 or3_1, 5 or4_1, 2 or4b_1, 15 xnor2_1, 9 xor2_1","1*11.26 + 1*7.51 + 10*5.0 + 2*8.76 + 1*8.76 + 2*6.26 + 2*6.26 + 2*6.26 + 1*8.76 + 1*8.76 + 1*10.01 + 3*3.75 + 68*20.02 + 9*11.26 + 7*10.01 + 30*3.75 + 3*6.26 + 14*5.0 + 2*7.51 + 5*6.26 + 1*8.76 + 1*11.26 + 38*3.75 + 5*6.26 + 11*5.0 + 1*7.51 + 8*6.26 + 4*8.76 + 1*10.01 + 2*7.51 + 2*7.51 + 23*5.0 + 1*8.76 + 5*7.51 + 3*6.26 + 8*6.26 + 5*7.51 + 2*10.01 + 15*8.76 + 9*8.76",2831.24,"0.32 + 0.6 + 0.27 + 0.51 + 0.21 + 0.25 + 0.45 + 0.16 + 0.38 + 0.14 + 0.66 + 0.37",4.32,"1*1.68 + 1*5.9 + 10*1.65 + 2*4.06 + 1*2.37 + 2*1.48 + 2*1.92 + 2*5.59 + 1*7.06 + 1*3.4 + 1*5.99 + 3*1.57 + 68*8.44 + 9*4.03 + 7*5.89 + 30*2.12 + 3*2.25 + 14*1.03 + 2*1.4 + 5*0.53 + 1*1.03 + 1*1.9 + 38*1.97 + 5*2.18 + 11*0.93 + 1*1.3 + 8*0.5 + 4*0.91 + 1*3.2 + 2*0.7 + 2*2.21 + 23*1.04 + 1*1.85 + 5*1.7 + 3*1.26 + 8*1.28 + 5*0.85 + 2*2.14 + 15*2.07 + 9*4.28",1058.62
"des_sbox6","2 a211o_1, 1 a211oi_1, 1 a21o_1, 4 a21oi_1, 1 a221oi_1, 1 a311oi_1, 1 a31o_1, 4 a31oi_1, 2 a32o_1, 1 and4b_1, 1 clkinv_1, 8 nand2_1, 5 nand2b_1, 1 nand3_1, 2 nand3b_1, 2 nand4_1, 5 nor2_1, 5 nor2b_1, 1 nor3_1, 1 o2111ai_1, 1 o211a_1, 1 o211ai_1, 4 o21ai_0, 1 o22ai_1, 1 o32a_1, 2 or2_0, 3 or3_1, 1 or3b_1, 1 or4_1, 1 or4b_1, 1 xnor2_1, 1 xnor3_1, 2 xor2_1","2*8.76 + 1*7.51 + 1*7.51 + 4*5.0 + 1*8.76 + 1*8.76 + 1*8.76 + 4*6.26 + 2*10.01 + 1*10.01 + 1*3.75 + 8*3.75 + 5*6.26 + 1*5.0 + 2*7.51 + 2*6.26 + 5*3.75 + 5*6.26 + 1*5.0 + 1*8.76 + 1*10.01 + 1*7.51 + 4*5.0 + 1*6.26 + 1*10.01 + 2*6.26 + 3*6.26 + 1*8.76 + 1*7.51 + 1*10.01 + 1*8.76 + 1*22.52 + 2*8.76",455.46,"0.16 + 0.36 + 0.2 + 0.45",1.17,"2*3.14 + 1*0.98 + 1*5.9 + 4*1.65 + 1*1.78 + 1*0.97 + 1*2.37 + 4*1.48 + 2*2.3 + 1*5.99 + 1*1.57 + 8*2.12 + 5*2.25 + 1*1.03 + 2*1.4 + 2*0.53 + 5*1.97 + 5*2.18 + 1*0.93 + 1*0.58 + 1*10.66 + 1*0.7 + 4*1.04 + 1*1.31 + 1*1.66 + 2*1.26 + 3*1.28 + 1*2.59 + 1*0.85 + 1*2.14 + 1*2.07 + 1*15.62 + 2*4.28",155.0
"sctag_dirl_buf","8 and2_0","8*6.26",50.08,"0.1",0.1,"8*1.92",15.36
"sky130_fd_sc_lp__o22ai","1 o22ai_1","1*6.26",6.26,"0.1",0.1,"1*1.31",1.31
"enable_sky130_fd_sc_hd__dlrtn","1 dlrtn_1, 1 nand2b_1","1*17.52 + 1*6.26",23.78,"0.03",0.03,"1*7.21 + 1*2.25",9.46
"shift_register","1 a21o_1, 2 a21oi_1, 1 a22oi_1, 2 a311oi_1, 3 a31oi_1, 12 and2_0, 17 clkinv_1, 8 dfrtp_1, 8 dfxtp_1, 17 maj3_1, 8 mux2_1, 18 nand2_1, 9 nand2b_1, 29 nor2_1, 1 nor2b_1, 7 nor3_1, 1 nor4_1, 1 o211ai_1, 8 o21ai_0, 1 o21ba_1, 2 o311ai_0, 2 o31ai_1, 6 or2_0, 64 xnor2_1, 20 xor2_1","1*7.51 + 2*5.0 + 1*7.51 + 2*8.76 + 3*6.26 + 12*6.26 + 17*3.75 + 8*25.02 + 8*20.02 + 17*10.01 + 8*11.26 + 18*3.75 + 9*6.26 + 29*3.75 + 1*6.26 + 7*5.0 + 1*6.26 + 1*7.51 + 8*5.0 + 1*10.01 + 2*8.76 + 2*7.51 + 6*6.26 + 64*8.76 + 20*8.76",1964.33,"0.22 + 0.09 + 0.37 + 0.39 + 0.39 + 0.39 + 0.39 + 0.37 + 0.37 + 0.37 + 0.37 + 0.37 + 0.38 + 0.23 + 0.17 + 0.29 + 0.16 + 0.3 + 0.16 + 0.26 + 0.23 + 0.19 + 0.19 + 0.19 + 0.19 + 0.17 + 0.09",7.29,"1*5.9 + 2*1.65 + 1*2.58 + 2*0.97 + 3*1.48 + 12*1.92 + 17*1.57 + 8*11.65 + 8*8.44 + 17*2.09 + 8*4.03 + 18*2.12 + 9*2.25 + 29*1.97 + 1*2.18 + 7*0.93 + 1*0.5 + 1*0.7 + 8*1.04 + 1*7.27 + 2*0.64 + 2*1.7 + 6*1.26 + 64*2.07 + 20*4.28",667.72
"round_saturation","1 a21o_1, 14 a21oi_1, 11 a22oi_1, 1 a311o_1, 7 a31oi_1, 6 and2_0, 4 and3_1, 2 and4_1, 9 clkinv_1, 28 maj3_1, 94 nand2_1, 5 nand2b_1, 4 nand3_1, 4 nand4_1, 1 nand4b_1, 49 nor2_1, 7 nor2b_1, 5 nor3_1, 21 o21ai_0, 4 o21bai_1, 1 o22a_1, 3 o22ai_1, 1 o32a_1, 1 o32ai_1, 4 or3_1, 73 xnor2_1, 7 xnor3_1, 37 xor2_1, 6 xor3_1","1*7.51 + 14*5.0 + 11*7.51 + 1*10.01 + 7*6.26 + 6*6.26 + 4*6.26 + 2*8.76 + 9*3.75 + 28*10.01 + 94*3.75 + 5*6.26 + 4*5.0 + 4*6.26 + 1*8.76 + 49*3.75 + 7*6.26 + 5*5.0 + 21*5.0 + 4*7.51 + 1*8.76 + 3*6.26 + 1*10.01 + 1*8.76 + 4*6.26 + 73*8.76 + 7*22.52 + 37*8.76 + 6*23.77",2768.52,"0.07 + 0.44 + 0.37 + 0.16 + 0.2 + 0.19 + 0.21 + 0.16 + 0.4 + 0.39 + 0.19 + 0.14 + 0.21 + 0.14 + 0.21 + 0.2 + 0.22 + 0.19 + 0.07 + 0.31",4.47,"1*5.9 + 14*1.65 + 11*2.58 + 1*1.57 + 7*1.48 + 6*1.92 + 4*5.59 + 2*3.4 + 9*1.57 + 28*2.09 + 94*2.12 + 5*2.25 + 4*1.03 + 4*0.53 + 1*1.03 + 49*1.97 + 7*2.18 + 5*0.93 + 21*1.04 + 4*2.87 + 1*2.76 + 3*1.31 + 1*1.66 + 1*1.09 + 4*1.28 + 73*2.07 + 7*15.62 + 37*4.28 + 6*15.22",1074.89
"sky130_fd_sc_ls__o2111a","1 o2111a_1","1*11.26",11.26,"0.19",0.19,"1*3.75",3.75
"vending_machine","2 and2_0, 2 clkinv_1, 2 dfxtp_1, 3 dlxtn_1, 1 nand2_1, 1 nor2_1, 2 nor2b_1, 1 o21ai_0, 1 o221a_1","2*6.26 + 2*3.75 + 2*20.02 + 3*15.01 + 1*3.75 + 1*3.75 + 2*6.26 + 1*5.0 + 1*11.26",141.37,"0.33 + 0.05 + 0.22",0.6,"2*1.92 + 2*1.57 + 2*8.44 + 3*8.12 + 1*2.12 + 1*1.97 + 2*2.18 + 1*1.04 + 1*2.73",60.44
"emesh_if","1 a21o_1, 1 a21oi_1, 1 and2_0, 2 and3_1, 1 clkinv_1, 1 conb_1, 2 dfxtp_1, 104 mux2i_1, 107 nand2_1, 2 nand2b_1, 1 nand3_1, 1 nor2_1, 1 nor2b_1, 104 o21ai_0","1*7.51 + 1*5.0 + 1*6.26 + 2*6.26 + 1*3.75 + 1*3.75 + 2*20.02 + 104*10.01 + 107*3.75 + 2*6.26 + 1*5.0 + 1*3.75 + 1*6.26 + 104*5.0",2068.65,"0.04 + 0.2",0.24,"1*5.9 + 1*1.65 + 1*1.92 + 2*5.59 + 1*1.57 + 1*3.24 + 2*8.44 + 104*5.89 + 107*2.12 + 2*2.25 + 1*1.03 + 1*1.97 + 1*2.18 + 104*1.04",999.58
"xor_32_refactored","32 xor2_1","32*8.76",280.32,"0.12",0.12,"32*4.28",136.96
"async_reset_release","2 dfrtp_1","2*25.02",50.04,"0.33",0.33,"2*11.65",23.3
"nor2","1 o21ba_1","1*10.01",10.01,"0.16",0.16,"1*7.27",7.27
"myModule","2 or2_0","2*6.26",12.52,"0.17",0.17,"2*1.26",2.52
"eth_register","8 a22o_1, 8 clkinv_1, 8 dfrtp_1, 1 nor2_1, 1 nor2b_1","8*8.76 + 8*3.75 + 8*25.02 + 1*3.75 + 1*6.26",310.25,"0.33 + 0.19",0.52,"8*4.06 + 8*1.57 + 8*11.65 + 1*1.97 + 1*2.18",142.39
"cf_ss_422to444","24 and2_0, 125 dfxtp_1, 28 maj3_1, 72 mux2_1, 3 nand2_1, 2 nor2_1, 1 nor2b_1, 1 o21a_1, 52 xnor2_1, 2 xnor3_1","24*6.26 + 125*20.02 + 28*10.01 + 72*11.26 + 3*3.75 + 2*3.75 + 1*6.26 + 1*7.51 + 52*8.76 + 2*22.52",4276.82,"0.3 + 0.35 + 0.05 + 0.37 + 0.39 + 0.39 + 0.39 + 0.39 + 0.39 + 0.32",3.34,"24*1.92 + 125*8.44 + 28*2.09 + 72*4.03 + 3*2.12 + 2*1.97 + 1*2.18 + 1*2.21 + 52*2.07 + 2*15.62",1603.33
"top_module","1 a221oi_1, 1 a2bb2oi_1, 2 clkinv_1, 2 nand2b_1, 1 nor2b_1, 1 o22ai_1, 1 o2bb2ai_1","1*8.76 + 1*8.76 + 2*3.75 + 2*6.26 + 1*6.26 + 1*6.26 + 1*8.76",58.82,"0.11 + 0.3 + 0.14",0.55,"1*1.78 + 1*3.38 + 2*1.57 + 2*2.25 + 1*2.18 + 1*1.31 + 1*1.85",18.14
"four_bit_adder_nand","1 a21o_1, 1 a22oi_1, 3 nand2_1, 3 nand3_1, 1 nand4_1","1*7.51 + 1*7.51 + 3*3.75 + 3*5.0 + 1*6.26",47.53,"0.19 + 0.09",0.28,"1*5.9 + 1*2.58 + 3*2.12 + 3*1.03 + 1*0.53",18.46
"full_adder","2 a21oi_1, 1 and2_0, 2 maj3_1, 3 nand2_1, 1 nand3_1, 1 nor2_1, 1 nor2b_1, 1 nor3_1, 1 o21ai_0, 1 or2_0, 4 xnor2_1","2*5.0 + 1*6.26 + 2*10.01 + 3*3.75 + 1*5.0 + 1*3.75 + 1*6.26 + 1*5.0 + 1*5.0 + 1*6.26 + 4*8.76",113.84,"0.38 + 0.25 + 0.14 + 0.33",1.1,"2*1.65 + 1*1.92 + 2*2.09 + 3*2.12 + 1*1.03 + 1*1.97 + 1*2.18 + 1*0.93 + 1*1.04 + 1*1.26 + 4*2.07",32.45
"ALUControl","1 a21boi_0, 1 a41oi_1, 1 and3b_1, 4 clkinv_1, 1 mux2i_1, 3 nand2_1, 2 nand2b_1, 1 nand3_1, 1 nand4_1, 1 nand4b_1, 1 nor2b_1, 1 nor3_1, 1 nor3b_1, 1 nor4b_1, 1 o2111ai_1, 2 o21ai_0, 1 o311a_1, 2 xor2_1","1*7.51 + 1*8.76 + 1*8.76 + 4*3.75 + 1*10.01 + 3*3.75 + 2*6.26 + 1*5.0 + 1*6.26 + 1*8.76 + 1*6.26 + 1*5.0 + 1*7.51 + 1*8.76 + 1*8.76 + 2*5.0 + 1*10.01 + 2*8.76",167.65,"0.41 + 0.15 + 0.11",0.67,"1*2.48 + 1*1.36 + 1*7.06 + 4*1.57 + 1*5.89 + 3*2.12 + 2*2.25 + 1*1.03 + 1*0.53 + 1*1.03 + 1*2.18 + 1*0.93 + 1*1.3 + 1*0.91 + 1*0.58 + 2*1.04 + 1*3.77 + 2*4.28",56.83
"johnson_counter","3 a21oi_1, 1 a221oi_1, 1 a31oi_1, 1 a41oi_1, 7 clkinv_1, 8 dfrtp_1, 1 nand2_1, 1 nand2b_1, 1 nand3_1, 1 nand3b_1, 5 nand4_1, 3 nor2_1, 1 nor2b_1, 3 nor3_1, 4 nor4_1, 1 o2111ai_1, 2 o211ai_1, 4 o21ai_0, 2 o221ai_1, 1 or3b_1, 1 or4_1, 1 or4b_1","3*5.0 + 1*8.76 + 1*6.26 + 1*8.76 + 7*3.75 + 8*25.02 + 1*3.75 + 1*6.26 + 1*5.0 + 1*7.51 + 5*6.26 + 3*3.75 + 1*6.26 + 3*5.0 + 4*6.26 + 1*8.76 + 2*7.51 + 4*5.0 + 2*8.76 + 1*8.76 + 1*7.51 + 1*10.01",464.14,"0.4 + 0.57 + 0.31 + 0.16 + 0.21 + 0.14",1.79,"3*1.65 + 1*1.78 + 1*1.48 + 1*1.36 + 7*1.57 + 8*11.65 + 1*2.12 + 1*2.25 + 1*1.03 + 1*1.4 + 5*0.53 + 3*1.97 + 1*2.18 + 3*0.93 + 4*0.5 + 1*0.58 + 2*0.7 + 4*1.04 + 2*1.09 + 1*2.59 + 1*0.85 + 1*2.14",149.99
"mux_2to1","16 mux2_1","16*11.26",180.16,"0.26",0.26,"16*4.03",64.48
"adder_tree_top","26 dfxtp_1, 11 maj3_1, 3 nand2_1, 1 nand2b_1, 1 nor2_1, 17 xnor2_1, 2 xnor3_1, 3 xor2_1, 2 xor3_1","26*20.02 + 11*10.01 + 3*3.75 + 1*6.26 + 1*3.75 + 17*8.76 + 2*22.52 + 3*8.76 + 2*23.77",919.67,"0.3 + 0.42 + 0.39 + 0.37 + 0.39 + 0.37 + 0.13",2.37,"26*8.44 + 11*2.09 + 3*2.12 + 1*2.25 + 1*1.97 + 17*2.07 + 2*15.62 + 3*4.28 + 2*15.22",362.72
"phy_dly_ctrl","105 dfxtp_1, 50 mux2_1, 41 mux2i_1, 56 nand2_1, 1 nand2b_1, 5 nor2b_1, 40 o21ai_0, 1 or3_1","105*20.02 + 50*11.26 + 41*10.01 + 56*3.75 + 1*6.26 + 5*6.26 + 40*5.0 + 1*6.26",3529.33,"0.28 + 0.32",0.6,"105*8.44 + 50*4.03 + 41*5.89 + 56*2.12 + 1*2.25 + 5*2.18 + 40*1.04 + 1*1.28",1503.94
"soc_system_sysid_qsys","1 clkinv_1, 2 conb_1, 3 dfrtp_1","1*3.75 + 2*3.75 + 3*25.02",86.31,"0.31",0.31,"1*1.57 + 2*3.24 + 3*11.65",43.0
"arbiter_for_mem","2 a21o_1, 1 a221o_1, 3 a22o_1, 1 a31o_1, 1 clkinv_1, 4 dfxtp_1, 3 nor2_1, 1 nor2b_1, 1 nor3_1, 2 nor3b_1, 1 or3_1","2*7.51 + 1*10.01 + 3*8.76 + 1*8.76 + 1*3.75 + 4*20.02 + 3*3.75 + 1*6.26 + 1*5.0 + 2*7.51 + 1*6.26",187.69,"0.31 + 0.36 + 0.28",0.95,"2*5.9 + 1*2.66 + 3*4.06 + 1*2.37 + 1*1.57 + 4*8.44 + 3*1.97 + 1*2.18 + 1*0.93 + 2*1.3 + 1*1.28",77.24
"dff_en_sr","1 a31oi_1, 2 clkinv_1, 1 dfxtp_1, 1 nand2b_1, 1 nor2_1","1*6.26 + 2*3.75 + 1*20.02 + 1*6.26 + 1*3.75",43.79,"0.28 + 0.09 + 0.04",0.41,"1*1.48 + 2*1.57 + 1*8.44 + 1*2.25 + 1*1.97",17.28
"same_input","1 nand2_1, 1 nand3_1, 1 or3_1","1*3.75 + 1*5.0 + 1*6.26",15.01,"0.35 + 0.04",0.39,"1*2.12 + 1*1.03 + 1*1.28",4.43
"pcie_core_gtp_pipe_drp","1 a211o_1, 2 a211oi_1, 5 a21oi_1, 1 a22oi_1, 1 a311oi_1, 1 a31oi_1, 2 a32oi_1, 1 a41oi_1, 51 and2_0, 2 and3_1, 1 and3b_1, 3 clkinv_1, 1 conb_1, 64 dfxtp_1, 1 nand2_1, 2 nand2b_1, 1 nand3_1, 1 nand3b_1, 1 nand4_1, 2 nand4b_1, 5 nor2_1, 1 nor2b_1, 5 nor3_1, 1 nor3b_1, 2 nor4bb_1, 1 o21ai_0, 1 o31a_1, 1 or3_1, 1 or3b_1, 1 xor2_1","1*8.76 + 2*7.51 + 5*5.0 + 1*7.51 + 1*8.76 + 1*6.26 + 2*8.76 + 1*8.76 + 51*6.26 + 2*6.26 + 1*8.76 + 3*3.75 + 1*3.75 + 64*20.02 + 1*3.75 + 2*6.26 + 1*5.0 + 1*7.51 + 1*6.26 + 2*8.76 + 5*3.75 + 1*6.26 + 5*5.0 + 1*7.51 + 2*10.01 + 1*5.0 + 1*8.76 + 1*6.26 + 1*8.76 + 1*8.76",1902.05,"0.35 + 0.45 + 0.23 + 0.09",1.12,"1*3.14 + 2*0.98 + 5*1.65 + 1*2.58 + 1*0.97 + 1*1.48 + 2*1.25 + 1*1.36 + 51*1.92 + 2*5.59 + 1*7.06 + 3*1.57 + 1*3.24 + 64*8.44 + 1*2.12 + 2*2.25 + 1*1.03 + 1*1.4 + 1*0.53 + 2*1.03 + 5*1.97 + 1*2.18 + 5*0.93 + 1*1.3 + 2*3.2 + 1*1.04 + 1*2.07 + 1*1.28 + 1*2.59 + 1*4.28",733.79
"carry_select_adder_32bit","4 a21oi_1, 2 a222oi_1, 3 a22o_1, 10 a22oi_1, 1 and2_0, 1 conb_1, 2 nand2_1, 2 o21a_1, 8 o21ai_0, 1 o221ai_1, 5 o22a_1, 9 o22ai_1","4*5.0 + 2*10.01 + 3*8.76 + 10*7.51 + 1*6.26 + 1*3.75 + 2*3.75 + 2*7.51 + 8*5.0 + 1*8.76 + 5*8.76 + 9*6.26",322.83,"0.05 + 0.15 + 0.08 + 0.18 + 0.14 + 0.07 + 0.15 + 0.07 + 0.15 + 0.07 + 0.14 + 0.08 + 0.18 + 0.14 + 0.12 + 0.12 + 0.06",1.95,"4*1.65 + 2*2.43 + 3*4.06 + 10*2.58 + 1*1.92 + 1*3.24 + 2*2.12 + 2*2.21 + 8*1.04 + 1*1.09 + 5*2.76 + 9*1.31",98.26
"CLA_Adder","5 a21oi_1, 1 conb_1, 1 mux2i_1, 2 nand2_1, 5 nor2_1, 1 o211ai_1, 1 o21ai_0, 3 xor2_1","5*5.0 + 1*3.75 + 1*10.01 + 2*3.75 + 5*3.75 + 1*7.51 + 1*5.0 + 3*8.76",103.8,"0.18 + 0.09 + 0.17 + 0.06",0.5,"5*1.65 + 1*3.24 + 1*5.89 + 2*2.12 + 5*1.97 + 1*0.7 + 1*1.04 + 3*4.28",46.05
"simple_calculator","1 a2111o_1, 4 a2111oi_0, 17 a211o_1, 35 a211oi_1, 2 a21bo_1, 16 a21boi_0, 39 a21o_1, 385 a21oi_1, 1 a221o_1, 4 a221oi_1, 13 a22o_1, 27 a22oi_1, 1 a2bb2oi_1, 2 a311o_1, 51 a311oi_1, 11 a31o_1, 47 a31oi_1, 3 a32o_1, 8 a32oi_1, 1 a41oi_1, 201 and2_0, 30 and3_1, 1 and3b_1, 1 and4_1, 1 and4b_1, 250 clkinv_1, 347 maj3_1, 40 mux2_1, 54 mux2i_1, 1106 nand2_1, 107 nand2b_1, 71 nand3_1, 1 nand3b_1, 17 nand4_1, 2 nand4b_1, 2 nand4bb_1, 843 nor2_1, 112 nor2b_1, 58 nor3_1, 6 nor3b_1, 16 nor4_1, 13 nor4b_1, 2 nor4bb_1, 2 o2111ai_1, 5 o211a_1, 46 o211ai_1, 69 o21a_1, 334 o21ai_0, 1 o21ba_1, 26 o21bai_1, 1 o221a_1, 12 o221ai_1, 22 o22a_1, 13 o22ai_1, 1 o2bb2ai_1, 4 o311a_1, 48 o311ai_0, 12 o31a_1, 52 o31ai_1, 1 o32a_1, 2 o32ai_1, 54 or2_0, 25 or3_1, 1 or3b_1, 18 or4_1, 5 or4b_1, 1143 xnor2_1, 13 xnor3_1, 472 xor2_1, 1 xor3_1","1*11.26 + 4*8.76 + 17*8.76 + 35*7.51 + 2*10.01 + 16*7.51 + 39*7.51 + 385*5.0 + 1*10.01 + 4*8.76 + 13*8.76 + 27*7.51 + 1*8.76 + 2*10.01 + 51*8.76 + 11*8.76 + 47*6.26 + 3*10.01 + 8*8.76 + 1*8.76 + 201*6.26 + 30*6.26 + 1*8.76 + 1*8.76 + 1*10.01 + 250*3.75 + 347*10.01 + 40*11.26 + 54*10.01 + 1106*3.75 + 107*6.26 + 71*5.0 + 1*7.51 + 17*6.26 + 2*8.76 + 2*11.26 + 843*3.75 + 112*6.26 + 58*5.0 + 6*7.51 + 16*6.26 + 13*8.76 + 2*10.01 + 2*8.76 + 5*10.01 + 46*7.51 + 69*7.51 + 334*5.0 + 1*10.01 + 26*7.51 + 1*11.26 + 12*8.76 + 22*8.76 + 13*6.26 + 1*8.76 + 4*10.01 + 48*8.76 + 12*8.76 + 52*7.51 + 1*10.01 + 2*8.76 + 54*6.26 + 25*6.26 + 1*8.76 + 18*7.51 + 5*10.01 + 1143*8.76 + 13*22.52 + 472*8.76 + 1*23.77",40127.99,"0.6 + 0.36 + 0.42 + 0.45 + 0.45 + 0.45 + 0.45 + 0.5 + 0.57 + 0.48 + 0.16 + 0.37 + 0.19 + 0.51 + 0.25 + 0.4 + 0.09 + 0.55 + 0.45 + 0.15 + 0.19 + 0.62 + 0.1 + 0.39 + 0.21 + 0.11 + 0.18 + 0.37 + 0.36 + 0.35 + 0.34 + 0.11 + 0.1 + 0.37 + 0.39 + 0.36 + 0.37 + 0.35 + 0.24 + 0.32 + 0.1 + 0.36 + 0.39 + 0.37 + 0.33 + 0.15 + 0.22 + 0.38 + 0.39 + 0.39 + 0.39 + 0.36 + 0.42 + 0.22 + 0.12 + 0.37 + 0.39 + 0.39 + 0.39 + 0.4 + 0.37 + 0.38 + 0.11 + 0.17 + 0.37 + 0.39 + 0.39 + 0.39 + 0.41 + 0.24 + 0.18 + 0.37 + 0.4 + 0.37 + 0.39 + 0.39 + 0.4 + 0.4 + 0.24 + 0.14 + 0.41 + 0.31 + 0.1 + 0.37 + 0.39 + 0.39 + 0.4 + 0.39 + 0.4 + 0.24 + 0.14 + 1.13 + 0.38 + 0.45 + 0.39 + 0.39 + 0.4 + 0.39 + 0.39 + 0.4 + 0.3 + 0.23 + 0.13 + 0.49 + 0.37 + 0.19 + 0.17 + 0.41 + 0.39 + 0.41 + 0.32 + 0.24 + 0.13 + 0.25 + 0.2 + 0.44 + 0.35 + 0.12 + 0.29 + 0.19 + 0.19 + 0.2 + 0.39 + 0.35 + 0.31 + 0.14 + 0.26 + 0.22 + 0.31 + 0.43 + 0.37 + 0.39 + 0.39 + 0.4 + 0.39 + 0.4 + 0.33 + 0.21 + 0.3 + 0.14 + 1.49 + 0.33 + 0.1 + 0.19 + 0.22 + 0.23 + 0.11 + 0.57 + 0.2 + 0.43 + 0.15 + 0.31 + 1.15 + 0.25 + 0.2 + 0.08 + 0.44 + 0.29 + 0.1 + 0.3 + 0.29 + 0.08 + 0.42 + 0.16 + 0.27 + 0.18 + 1.08 + 0.28 + 0.42 + 0.21 + 0.16 + 0.49 + 0.22 + 0.16 + 0.45 + 0.2 + 0.29 + 0.14 + 1.43 + 0.18 + 0.43 + 0.4 + 0.25 + 0.13 + 0.36 + 0.18 + 0.41 + 0.23 + 0.14 + 0.36 + 0.17 + 0.17 + 1.07 + 0.29 + 0.44 + 0.39 + 0.39 + 0.39 + 0.39 + 0.39 + 0.4 + 0.2 + 0.14 + 0.36 + 0.18 + 0.29 + 0.16 + 0.35 + 1.16 + 0.36 + 0.11 + 0.36 + 0.2 + 0.19 + 0.2 + 0.24 + 0.13 + 0.33 + 0.15 + 0.44 + 0.17 + 0.28 + 0.17 + 1.49 + 0.29 + 0.48 + 0.39 + 0.39 + 0.39 + 0.21 + 0.24 + 0.15 + 0.34 + 0.17 + 0.45 + 0.2 + 0.29 + 0.17 + 2.32 + 0.51 + 0.29 + 0.31 + 0.19 + 0.38 + 0.2 + 0.39 + 0.22 + 0.15 + 0.42 + 0.19 + 0.46 + 0.19 + 0.38 + 0.19 + 1.46 + 0.33 + 0.3 + 0.13 + 0.19 + 0.16 + 0.12 + 0.34 + 0.15 + 0.24 + 0.43 + 0.2 + 0.35 + 0.17 + 0.37 + 0.16 + 1.34 + 0.3 + 0.24 + 0.33 + 0.16 + 0.37 + 0.18 + 0.13 + 0.36 + 0.16 + 0.34 + 0.15 + 0.44 + 0.16 + 0.37 + 0.19 + 1.76 + 0.35 + 0.25 + 0.32 + 0.38 + 0.2 + 0.38 + 0.4 + 0.23 + 0.26 + 0.39 + 0.23 + 0.14 + 0.33 + 0.15 + 0.42 + 0.19 + 0.41 + 0.17 + 0.14 + 1.59 + 0.28 + 0.48 + 0.4 + 0.24 + 0.13 + 0.44 + 0.2 + 0.46 + 0.2 + 0.35 + 0.15 + 0.33 + 0.15 + 0.29 + 0.27 + 2.73 + 0.46 + 0.37 + 0.39 + 0.4 + 0.24 + 0.13 + 0.44 + 0.2 + 0.37 + 0.18 + 0.34 + 0.15 + 0.33 + 0.15 + 0.28 + 0.17 + 1.82 + 0.35 + 0.26 + 0.33 + 0.16 + 0.36 + 0.22 + 0.13 + 0.36 + 0.18 + 0.37 + 0.18 + 0.34 + 0.15 + 0.28 + 0.14 + 0.27 + 0.19 + 1.61 + 0.45 + 0.16 + 0.34 + 0.29 + 0.19 + 0.41 + 0.21 + 0.06 + 0.3 + 0.38 + 0.27 + 0.18 + 0.09 + 0.43 + 0.23 + 0.63 + 1.64 + 0.3 + 0.42 + 0.23 + 0.07 + 0.15 + 0.15 + 0.05 + 0.32 + 0.15 + 0.28 + 0.45 + 0.44 + 0.26 + 0.42 + 0.18 + 0.55 + 0.41 + 0.14 + 0.18 + 0.12 + 0.07",136.56,"1*1.68 + 4*0.42 + 17*3.14 + 35*0.98 + 2*7.27 + 16*2.48 + 39*5.9 + 385*1.65 + 1*2.66 + 4*1.78 + 13*4.06 + 27*2.58 + 1*3.38 + 2*1.57 + 51*0.97 + 11*2.37 + 47*1.48 + 3*2.3 + 8*1.25 + 1*1.36 + 201*1.92 + 30*5.59 + 1*7.06 + 1*3.4 + 1*5.99 + 250*1.57 + 347*2.09 + 40*4.03 + 54*5.89 + 1106*2.12 + 107*2.25 + 71*1.03 + 1*1.4 + 17*0.53 + 2*1.03 + 2*1.9 + 843*1.97 + 112*2.18 + 58*0.93 + 6*1.3 + 16*0.5 + 13*0.91 + 2*3.2 + 2*0.58 + 5*10.66 + 46*0.7 + 69*2.21 + 334*1.04 + 1*7.27 + 26*2.87 + 1*2.73 + 12*1.09 + 22*2.76 + 13*1.31 + 1*1.85 + 4*3.77 + 48*0.64 + 12*2.07 + 52*1.7 + 1*1.66 + 2*1.09 + 54*1.26 + 25*1.28 + 1*2.59 + 18*0.85 + 5*2.14 + 1143*2.07 + 13*15.62 + 472*4.28 + 1*15.22",13807.25
"flag_rename_management","4 a211oi_1, 3 a21o_1, 13 a21oi_1, 1 a221o_1, 2 a221oi_1, 5 a222oi_1, 7 a22o_1, 16 a22oi_1, 1 a31oi_1, 4 and2_0, 11 clkinv_1, 17 dfrtp_1, 1 dfstp_2, 1 mux2_1, 5 mux2i_1, 1 mux4_2, 20 nand2_1, 2 nand2b_1, 5 nand3_1, 1 nand4_1, 16 nor2_1, 4 nor2b_1, 1 nor3_1, 2 nor4_1, 1 o2111ai_1, 3 o211ai_1, 1 o21a_1, 15 o21ai_0, 2 o221ai_1, 1 o22a_1, 3 o22ai_1, 2 o2bb2ai_1, 1 o311a_1, 1 o311ai_0, 3 o31ai_1, 2 o32ai_1, 1 or4_1, 1 or4b_1, 5 xnor2_1, 2 xor2_1","4*7.51 + 3*7.51 + 13*5.0 + 1*10.01 + 2*8.76 + 5*10.01 + 7*8.76 + 16*7.51 + 1*6.26 + 4*6.26 + 11*3.75 + 17*25.02 + 1*26.28 + 1*11.26 + 5*10.01 + 1*22.52 + 20*3.75 + 2*6.26 + 5*5.0 + 1*6.26 + 16*3.75 + 4*6.26 + 1*5.0 + 2*6.26 + 1*8.76 + 3*7.51 + 1*7.51 + 15*5.0 + 2*8.76 + 1*8.76 + 3*6.26 + 2*8.76 + 1*10.01 + 1*8.76 + 3*7.51 + 2*8.76 + 1*7.51 + 1*10.01 + 5*8.76 + 2*8.76",1520.01,"0.73 + 0.34 + 0.32 + 0.28 + 0.13 + 0.17 + 0.07 + 0.19 + 0.33",2.56,"4*0.98 + 3*5.9 + 13*1.65 + 1*2.66 + 2*1.78 + 5*2.43 + 7*4.06 + 16*2.58 + 1*1.48 + 4*1.92 + 11*1.57 + 17*11.65 + 1*10.52 + 1*4.03 + 5*5.89 + 1*6.37 + 20*2.12 + 2*2.25 + 5*1.03 + 1*0.53 + 16*1.97 + 4*2.18 + 1*0.93 + 2*0.5 + 1*0.58 + 3*0.7 + 1*2.21 + 15*1.04 + 2*1.09 + 1*2.76 + 3*1.31 + 2*1.85 + 1*3.77 + 1*0.64 + 3*1.7 + 2*1.09 + 1*0.85 + 1*2.14 + 5*2.07 + 2*4.28",567.39
"branch_predictor","1 clkinv_1","1*3.75",3.75,"0.02",0.02,"1*1.57",1.57
"twos_comp","1 nor2_1, 1 nor3_1, 1 o21a_1, 1 xnor2_1, 1 xor2_1","1*3.75 + 1*5.0 + 1*7.51 + 1*8.76 + 1*8.76",33.78,"0.25 + 0.13",0.38,"1*1.97 + 1*0.93 + 1*2.21 + 1*2.07 + 1*4.28",11.46
"multiplier","1 a21boi_0, 2 a21o_1, 3 a21oi_1, 1 a22o_1, 10 a22oi_1, 2 a31oi_1, 1 a32o_1, 1 a32oi_1, 20 and2_0, 2 and3_1, 4 clkinv_1, 39 maj3_1, 1 mux2i_1, 110 nand2_1, 12 nand2b_1, 8 nand3_1, 2 nand4_1, 20 nor2_1, 16 nor2b_1, 4 o21a_1, 6 o21ai_0, 3 o22a_1, 1 o2bb2ai_1, 88 xnor2_1, 28 xnor3_1, 32 xor2_1, 12 xor3_1","1*7.51 + 2*7.51 + 3*5.0 + 1*8.76 + 10*7.51 + 2*6.26 + 1*10.01 + 1*8.76 + 20*6.26 + 2*6.26 + 4*3.75 + 39*10.01 + 1*10.01 + 110*3.75 + 12*6.26 + 8*5.0 + 2*6.26 + 20*3.75 + 16*6.26 + 4*7.51 + 6*5.0 + 3*8.76 + 1*8.76 + 88*8.76 + 28*22.52 + 32*8.76 + 12*23.77",3483.18,"0.13 + 0.41 + 0.39 + 0.18 + 0.36 + 0.21 + 0.13 + 0.36 + 0.38 + 0.26 + 0.3 + 0.21 + 0.11 + 0.39 + 0.41 + 0.22 + 0.27 + 0.2 + 0.11 + 0.39 + 0.4 + 0.15 + 0.19 + 0.22 + 0.13 + 0.36 + 0.11",6.98,"1*2.48 + 2*5.9 + 3*1.65 + 1*4.06 + 10*2.58 + 2*1.48 + 1*2.3 + 1*1.25 + 20*1.92 + 2*5.59 + 4*1.57 + 39*2.09 + 1*5.89 + 110*2.12 + 12*2.25 + 8*1.03 + 2*0.53 + 20*1.97 + 16*2.18 + 4*2.21 + 6*1.04 + 3*2.76 + 1*1.85 + 88*2.07 + 28*15.62 + 32*4.28 + 12*15.22",1506.97
"vga_split_controller","16 dfxtp_1, 16 mux2_1","16*20.02 + 16*11.26",500.48,"0.27 + 0.26",0.53,"16*8.44 + 16*4.03",199.52
"ripple_carry_adder","2 a21oi_1, 1 maj3_1, 7 nand2_1, 2 nand2b_1, 6 nor2_1, 1 nor2b_1, 4 o21ai_0, 9 xnor2_1, 1 xor2_1, 1 xor3_1","2*5.0 + 1*10.01 + 7*3.75 + 2*6.26 + 6*3.75 + 1*6.26 + 4*5.0 + 9*8.76 + 1*8.76 + 1*23.77",218.91,"0.08 + 0.12 + 0.33",0.53,"2*1.65 + 1*2.09 + 7*2.12 + 2*2.25 + 6*1.97 + 1*2.18 + 4*1.04 + 9*2.07 + 1*4.28 + 1*15.22",81.02
"controlTransmitter","2 a21o_1, 1 a221o_1, 1 a22o_1, 9 clkinv_1, 6 dfxtp_1, 1 nand2_1, 1 nor2_1, 6 nor2b_1","2*7.51 + 1*10.01 + 1*8.76 + 9*3.75 + 6*20.02 + 1*3.75 + 1*3.75 + 6*6.26",232.72,"0.28 + 0.32",0.6,"2*5.9 + 1*2.66 + 1*4.06 + 9*1.57 + 6*8.44 + 1*2.12 + 1*1.97 + 6*2.18",100.46
"cf_vdma","3 a2111oi_0, 1 a211o_1, 1 a211oi_1, 5 a21o_1, 23 a21oi_1, 5 a221oi_1, 3 a222oi_1, 1 a22o_1, 1 a31oi_1, 7 and2_0, 16 and3_1, 4 and4_1, 26 clkinv_1, 1 conb_1, 158 dfxtp_1, 1 maj3_1, 7 mux2_1, 10 nand2_1, 5 nand2b_1, 7 nand3_1, 10 nand4_1, 38 nor2_1, 8 nor2b_1, 22 nor3_1, 3 nor4_1, 4 o2111ai_1, 1 o211a_1, 3 o21a_1, 6 o21ai_0, 7 o21bai_1, 1 o221ai_1, 7 o22ai_1, 2 o2bb2ai_1, 1 o31a_1, 1 or3_1, 26 xnor2_1, 29 xor2_1","3*8.76 + 1*8.76 + 1*7.51 + 5*7.51 + 23*5.0 + 5*8.76 + 3*10.01 + 1*8.76 + 1*6.26 + 7*6.26 + 16*6.26 + 4*8.76 + 26*3.75 + 1*3.75 + 158*20.02 + 1*10.01 + 7*11.26 + 10*3.75 + 5*6.26 + 7*5.0 + 10*6.26 + 38*3.75 + 8*6.26 + 22*5.0 + 3*6.26 + 4*8.76 + 1*10.01 + 3*7.51 + 6*5.0 + 7*7.51 + 1*8.76 + 7*6.26 + 2*8.76 + 1*8.76 + 1*6.26 + 26*8.76 + 29*8.76",5021.04,"0.4 + 0.27 + 0.23 + 0.25 + 0.2 + 0.22 + 0.18 + 0.04 + 0.14",1.93,"3*0.42 + 1*3.14 + 1*0.98 + 5*5.9 + 23*1.65 + 5*1.78 + 3*2.43 + 1*4.06 + 1*1.48 + 7*1.92 + 16*5.59 + 4*3.4 + 26*1.57 + 1*3.24 + 158*8.44 + 1*2.09 + 7*4.03 + 10*2.12 + 5*2.25 + 7*1.03 + 10*0.53 + 38*1.97 + 8*2.18 + 22*0.93 + 3*0.5 + 4*0.58 + 1*10.66 + 3*2.21 + 6*1.04 + 7*2.87 + 1*1.09 + 7*1.31 + 2*1.85 + 1*2.07 + 1*1.28 + 26*2.07 + 29*4.28",2019.33
"mux2to1","1 mux2_1","1*11.26",11.26,"0.26",0.26,"1*4.03",4.03
"relational_module","1 a211o_1, 1 a221oi_1, 1 a222oi_1, 1 a32o_1, 23 clkinv_1, 16 dfrtp_1, 1 dfxtp_1, 1 nor4_1, 3 o22ai_1, 2 xor2_1","1*8.76 + 1*8.76 + 1*10.01 + 1*10.01 + 23*3.75 + 16*25.02 + 1*20.02 + 1*6.26 + 3*6.26 + 2*8.76",586.69,"0.35 + 0.15 + 0.21 + 0.24 + 0.18",1.13,"1*3.14 + 1*1.78 + 1*2.43 + 1*2.3 + 23*1.57 + 16*11.65 + 1*8.44 + 1*0.5 + 3*1.31 + 2*4.28",253.59
"vending_machine_controller","1 a211o_1, 4 a211oi_1, 1 a21bo_1, 1 a21o_1, 12 a21oi_1, 4 a22oi_1, 1 a31oi_1, 1 a32oi_1, 2 and2_0, 6 clkinv_1, 2 conb_1, 24 dfxtp_1, 1 maj3_1, 1 mux2i_1, 8 nand2_1, 5 nand2b_1, 3 nand3_1, 1 nand3b_1, 13 nor2_1, 3 nor2b_1, 2 nor4_1, 1 o211ai_1, 8 o21ai_0, 1 o22ai_1, 1 o311a_1, 1 o31ai_1, 1 o32ai_1, 1 o41ai_1, 2 or2_0, 2 or3_1, 1 or3b_1, 1 or4_1, 9 xnor2_1, 6 xor2_1","1*8.76 + 4*7.51 + 1*10.01 + 1*7.51 + 12*5.0 + 4*7.51 + 1*6.26 + 1*8.76 + 2*6.26 + 6*3.75 + 2*3.75 + 24*20.02 + 1*10.01 + 1*10.01 + 8*3.75 + 5*6.26 + 3*5.0 + 1*7.51 + 13*3.75 + 3*6.26 + 2*6.26 + 1*7.51 + 8*5.0 + 1*6.26 + 1*10.01 + 1*7.51 + 1*8.76 + 1*8.76 + 2*6.26 + 2*6.26 + 1*8.76 + 1*7.51 + 9*8.76 + 6*8.76",1129.78,"0.32 + 0.26 + 0.15 + 0.4 + 0.18 + 0.42 + 0.32 + 0.13",2.18,"1*3.14 + 4*0.98 + 1*7.27 + 1*5.9 + 12*1.65 + 4*2.58 + 1*1.48 + 1*1.25 + 2*1.92 + 6*1.57 + 2*3.24 + 24*8.44 + 1*2.09 + 1*5.89 + 8*2.12 + 5*2.25 + 3*1.03 + 1*1.4 + 13*1.97 + 3*2.18 + 2*0.5 + 1*0.7 + 8*1.04 + 1*1.31 + 1*3.77 + 1*1.7 + 1*1.09 + 1*1.39 + 2*1.26 + 2*1.28 + 1*2.59 + 1*0.85 + 9*2.07 + 6*4.28",420.32
"Computer_ControlUnit_InstructionDecoder","1 a21boi_0, 1 and2_0, 1 clkinv_1, 1 nor2b_1","1*7.51 + 1*6.26 + 1*3.75 + 1*6.26",23.78,"0.1",0.1,"1*2.48 + 1*1.92 + 1*1.57 + 1*2.18",8.15
"sky130_fd_sc_ls__a22oi","1 a22oi_1","1*7.51",7.51,"0.11",0.11,"1*2.58",2.58
"sky130_fd_sc_lp__inputiso1n","1 nand2b_1","1*6.26",6.26,"0.1",0.1,"1*2.25",2.25
"sky130_fd_sc_hvl__and3","1 and3_1","1*6.26",6.26,"0.13",0.13,"1*5.59",5.59
"CRC5_D5_solution","6 xnor2_1, 1 xnor3_1, 3 xor2_1, 1 xor3_1","6*8.76 + 1*22.52 + 3*8.76 + 1*23.77",125.13,"0.23 + 0.42",0.65,"6*2.07 + 1*15.62 + 3*4.28 + 1*15.22",56.1
"axi_hp_abort","2 a211o_1, 4 a211oi_1, 1 a21boi_0, 4 a21o_1, 42 a21oi_1, 4 a221o_1, 17 a221oi_1, 1 a22oi_1, 3 a311o_1, 8 a31oi_1, 2 a32o_1, 5 and2_0, 5 and3_1, 1 and4_1, 12 clkinv_1, 175 dfxtp_1, 8 maj3_1, 131 mux2_1, 18 mux2i_1, 6 mux4_2, 71 nand2_1, 9 nand2b_1, 16 nand3_1, 7 nand3b_1, 2 nand4_1, 48 nor2_1, 11 nor2b_1, 14 nor3_1, 1 nor3b_1, 8 nor4_1, 1 o2111ai_1, 1 o211a_1, 11 o211ai_1, 2 o21a_1, 41 o21ai_0, 3 o21bai_1, 9 o221ai_1, 2 o22ai_1, 1 o31a_1, 2 o31ai_1, 1 o32a_1, 6 or2_0, 3 or3_1, 3 or4_1, 28 xnor2_1, 11 xor2_1","2*8.76 + 4*7.51 + 1*7.51 + 4*7.51 + 42*5.0 + 4*10.01 + 17*8.76 + 1*7.51 + 3*10.01 + 8*6.26 + 2*10.01 + 5*6.26 + 5*6.26 + 1*8.76 + 12*3.75 + 175*20.02 + 8*10.01 + 131*11.26 + 18*10.01 + 6*22.52 + 71*3.75 + 9*6.26 + 16*5.0 + 7*7.51 + 2*6.26 + 48*3.75 + 11*6.26 + 14*5.0 + 1*7.51 + 8*6.26 + 1*8.76 + 1*10.01 + 11*7.51 + 2*7.51 + 41*5.0 + 3*7.51 + 9*8.76 + 2*6.26 + 1*8.76 + 2*7.51 + 1*10.01 + 6*6.26 + 3*6.26 + 3*7.51 + 28*8.76 + 11*8.76",7815.73,"0.5 + 0.21 + 0.11 + 0.17",0.99,"2*3.14 + 4*0.98 + 1*2.48 + 4*5.9 + 42*1.65 + 4*2.66 + 17*1.78 + 1*2.58 + 3*1.57 + 8*1.48 + 2*2.3 + 5*1.92 + 5*5.59 + 1*3.4 + 12*1.57 + 175*8.44 + 8*2.09 + 131*4.03 + 18*5.89 + 6*6.37 + 71*2.12 + 9*2.25 + 16*1.03 + 7*1.4 + 2*0.53 + 48*1.97 + 11*2.18 + 14*0.93 + 1*1.3 + 8*0.5 + 1*0.58 + 1*10.66 + 11*0.7 + 2*2.21 + 41*1.04 + 3*2.87 + 9*1.09 + 2*1.31 + 1*2.07 + 2*1.7 + 1*1.66 + 6*1.26 + 3*1.28 + 3*0.85 + 28*2.07 + 11*4.28",2944.02
"FSM","2 a21oi_1, 7 a22o_1, 1 a31oi_1, 1 and3b_1, 1 and4b_1, 1 clkinv_1, 11 dfxtp_1, 1 nand3_1, 2 nor2_1, 1 nor3_1, 2 nor4_1, 1 o21ai_0, 3 or2_0","2*5.0 + 7*8.76 + 1*6.26 + 1*8.76 + 1*10.01 + 1*3.75 + 11*20.02 + 1*5.0 + 2*3.75 + 1*5.0 + 2*6.26 + 1*5.0 + 3*6.26",374.12,"0.46 + 0.2 + 0.26 + 0.2",1.12,"2*1.65 + 7*4.06 + 1*1.48 + 1*7.06 + 1*5.99 + 1*1.57 + 11*8.44 + 1*1.03 + 2*1.97 + 1*0.93 + 2*0.5 + 1*1.04 + 3*1.26",152.38
"dual_edge_ff","3 dfxtp_1, 1 nor2b_1","3*20.02 + 1*6.26",66.32,"0.28 + 0.11",0.39,"3*8.44 + 1*2.18",27.5
"barrel_mux","3 a222oi_1, 10 a22oi_1, 1 and3_1, 3 and3b_1, 3 nand2_1, 4 nand4_1, 1 nor3_1, 3 nor3b_1","3*10.01 + 10*7.51 + 1*6.26 + 3*8.76 + 3*3.75 + 4*6.26 + 1*5.0 + 3*7.51",201.49,"0.18 + 0.32 + 0.1",0.6,"3*2.43 + 10*2.58 + 1*5.59 + 3*7.06 + 3*2.12 + 4*0.53 + 1*0.93 + 3*1.3",73.17
"bitwise_and","32 and2_0","32*6.26",200.32,"0.1",0.1,"32*1.92",61.44
"xor_pipeline","7 dfxtp_1, 3 xor2_1","7*20.02 + 3*8.76",166.42,"0.29 + 0.15",0.44,"7*8.44 + 3*4.28",71.92
"barrel_shifter","1 clkinv_1, 3 mux2i_1, 1 nor2_1, 1 nor3_1, 1 o22ai_1, 1 o32ai_1, 1 or3_1, 1 or3b_1","1*3.75 + 3*10.01 + 1*3.75 + 1*5.0 + 1*6.26 + 1*8.76 + 1*6.26 + 1*8.76",72.57,"0.37 + 0.16",0.53,"1*1.57 + 3*5.89 + 1*1.97 + 1*0.93 + 1*1.31 + 1*1.09 + 1*1.28 + 1*2.59",28.41
"SoundDriver","2 a21oi_1, 1 a31o_1, 18 a31oi_1, 2 and4_1, 2 clkinv_1, 1 conb_1, 59 dfxtp_1, 47 mux2_1, 1 mux2i_1, 7 nand2_1, 2 nand3_1, 18 nand4_1, 16 nor2_1, 1 o21ai_0, 15 o31ai_1, 5 xnor2_1, 1 xor2_1","2*5.0 + 1*8.76 + 18*6.26 + 2*8.76 + 2*3.75 + 1*3.75 + 59*20.02 + 47*11.26 + 1*10.01 + 7*3.75 + 2*5.0 + 18*6.26 + 16*3.75 + 1*5.0 + 15*7.51 + 5*8.76 + 1*8.76",2259.76,"0.37 + 0.79 + 0.23 + 0.18",1.57,"2*1.65 + 1*2.37 + 18*1.48 + 2*3.4 + 2*1.57 + 1*3.24 + 59*8.44 + 47*4.03 + 1*5.89 + 7*2.12 + 2*1.03 + 18*0.53 + 16*1.97 + 1*1.04 + 15*1.7 + 5*2.07 + 1*4.28",837.88
"bitwise_op","1 clkinv_1, 1 maj3_1, 2 nand2_1, 1 nand3_1, 6 nor2_1, 7 o21ai_0, 1 o221ai_1, 6 o2bb2ai_1, 15 xnor2_1, 1 xor2_1","1*3.75 + 1*10.01 + 2*3.75 + 1*5.0 + 6*3.75 + 7*5.0 + 1*8.76 + 6*8.76 + 15*8.76 + 1*8.76",285.24,"0.33 + 0.06 + 0.04",0.43,"1*1.57 + 1*2.09 + 2*2.12 + 1*1.03 + 6*1.97 + 7*1.04 + 1*1.09 + 6*1.85 + 15*2.07 + 1*4.28",75.55
"addsub4bit","1 a221oi_1, 1 a22oi_1, 1 and2_0, 3 clkinv_1, 3 maj3_1, 1 mux2i_1, 5 nand2_1, 1 nand2b_1, 3 nor2_1, 1 nor2b_1, 7 o21ai_0, 1 o22a_1, 1 or3_1, 9 xnor2_1, 5 xor2_1","1*8.76 + 1*7.51 + 1*6.26 + 3*3.75 + 3*10.01 + 1*10.01 + 5*3.75 + 1*6.26 + 3*3.75 + 1*6.26 + 7*5.0 + 1*8.76 + 1*6.26 + 9*8.76 + 5*8.76",289.0,"0.27 + 0.2 + 0.4 + 0.16 + 0.27 + 0.07",1.37,"1*1.78 + 1*2.58 + 1*1.92 + 3*1.57 + 3*2.09 + 1*5.89 + 5*2.12 + 1*2.25 + 3*1.97 + 1*2.18 + 7*1.04 + 1*2.76 + 1*1.28 + 9*2.07 + 5*4.28",95.44
"alu","1 a211o_1, 1 a211oi_1, 4 a21oi_1, 1 a221oi_1, 1 clkinv_1, 1 conb_1, 2 maj3_1, 2 nand2_1, 2 nand2b_1, 3 nand3_1, 1 nand3b_1, 4 nor2_1, 3 o21ai_0, 1 o22a_1, 2 o22ai_1, 1 o311ai_0, 1 o31ai_1, 1 o32a_1, 1 or3b_1, 3 xnor2_1, 4 xor2_1","1*8.76 + 1*7.51 + 4*5.0 + 1*8.76 + 1*3.75 + 1*3.75 + 2*10.01 + 2*3.75 + 2*6.26 + 3*5.0 + 1*7.51 + 4*3.75 + 3*5.0 + 1*8.76 + 2*6.26 + 1*8.76 + 1*7.51 + 1*10.01 + 1*8.76 + 3*8.76 + 4*8.76",262.72,"0.38 + 0.09 + 0.08 + 0.38 + 0.35 + 0.25 + 0.08",1.61,"1*3.14 + 1*0.98 + 4*1.65 + 1*1.78 + 1*1.57 + 1*3.24 + 2*2.09 + 2*2.12 + 2*2.25 + 3*1.03 + 1*1.4 + 4*1.97 + 3*1.04 + 1*2.76 + 2*1.31 + 1*0.64 + 1*1.7 + 1*1.66 + 1*2.59 + 3*2.07 + 4*4.28",81.02
"binary_counter","1 a21oi_1, 1 a31oi_1, 1 and3_1, 1 clkinv_1, 1 dfrtp_1, 4 dlxtp_1, 2 nor2_1, 2 xor2_1","1*5.0 + 1*6.26 + 1*6.26 + 1*3.75 + 1*25.02 + 4*15.01 + 2*3.75 + 2*8.76",131.35,"0.38 + 0.09 + 0.04",0.51,"1*1.65 + 1*1.48 + 1*5.59 + 1*1.57 + 1*11.65 + 4*7.93 + 2*1.97 + 2*4.28",66.16
"xnor3_module","1 xnor3_1","1*22.52",22.52,"0.32",0.32,"1*15.62",15.62
"CRC_chk","3 a211o_1, 30 a21oi_1, 1 and2_0, 1 and4b_1, 32 clkinv_1, 32 dfstp_2, 2 nand2_1, 2 nand4_1, 3 nand4b_1, 34 nor2_1, 3 nor4_1, 1 nor4b_1, 1 o21a_1, 2 o21ai_0, 2 o22a_1, 1 or2_0, 65 xnor2_1, 2 xnor3_1, 29 xor2_1","3*8.76 + 30*5.0 + 1*6.26 + 1*10.01 + 32*3.75 + 32*26.28 + 2*3.75 + 2*6.26 + 3*8.76 + 34*3.75 + 3*6.26 + 1*8.76 + 1*7.51 + 2*5.0 + 2*8.76 + 1*6.26 + 65*8.76 + 2*22.52 + 29*8.76",2264.62,"0.09",0.09,"3*3.14 + 30*1.65 + 1*1.92 + 1*5.99 + 32*1.57 + 32*10.52 + 2*2.12 + 2*0.53 + 3*1.03 + 34*1.97 + 3*0.5 + 1*0.91 + 1*2.21 + 2*1.04 + 2*2.76 + 1*1.26 + 65*2.07 + 2*15.62 + 29*4.28",832.47
"transmision","1 a21oi_1, 1 a22o_1, 2 a31oi_1, 1 and2_0, 2 clkinv_1, 15 dfxtp_1, 9 mux2_1, 1 mux2i_1, 1 mux4_2, 1 nand2b_1, 1 nand3_1, 1 nand4_1, 3 nor2_1, 1 nor2b_1, 1 o211ai_1, 3 o21ai_0, 2 xor2_1","1*5.0 + 1*8.76 + 2*6.26 + 1*6.26 + 2*3.75 + 15*20.02 + 9*11.26 + 1*10.01 + 1*22.52 + 1*6.26 + 1*5.0 + 1*6.26 + 3*3.75 + 1*6.26 + 1*7.51 + 3*5.0 + 2*8.76",549.27,"0.3 + 0.16 + 0.44 + 0.16 + 0.3",1.36,"1*1.65 + 1*4.06 + 2*1.48 + 1*1.92 + 2*1.57 + 15*8.44 + 9*4.03 + 1*5.89 + 1*6.37 + 1*2.25 + 1*1.03 + 1*0.53 + 3*1.97 + 1*2.18 + 1*0.7 + 3*1.04 + 2*4.28",213.14
"fifo_181x128a","82 a211o_1, 202 a211oi_1, 1 a21bo_1, 1 a21boi_0, 19 a21o_1, 2283 a21oi_1, 373 a221o_1, 4465 a221oi_1, 304 a222oi_1, 71 a22o_1, 106 a22oi_1, 7 a2bb2oi_1, 78 a311o_1, 179 a311oi_1, 33 a31o_1, 240 a31oi_1, 112 a32o_1, 224 a32oi_1, 1 a41oi_1, 11 and2_0, 128 and3_1, 413 clkinv_1, 1 conb_1, 23363 dfxtp_1, 2 maj3_1, 23384 mux2_1, 4263 mux2i_1, 571 mux4_2, 831 nand2_1, 107 nand2b_1, 314 nand3_1, 3 nand3b_1, 4 nand4_1, 732 nor2_1, 9 nor2b_1, 142 nor3_1, 3 nor3b_1, 3 nor4_1, 1 o2111ai_1, 16 o211a_1, 248 o211ai_1, 27 o21a_1, 5326 o21ai_0, 4 o221a_1, 28 o221ai_1, 6 o22a_1, 55 o22ai_1, 5 o2bb2ai_1, 34 o311a_1, 89 o311ai_0, 21 o31a_1, 100 o31ai_1, 10 o32a_1, 40 o32ai_1, 3 or2_0, 28 or3_1, 1 or4_1, 14 xnor2_1, 7 xor2_1","82*8.76 + 202*7.51 + 1*10.01 + 1*7.51 + 19*7.51 + 2283*5.0 + 373*10.01 + 4465*8.76 + 304*10.01 + 71*8.76 + 106*7.51 + 7*8.76 + 78*10.01 + 179*8.76 + 33*8.76 + 240*6.26 + 112*10.01 + 224*8.76 + 1*8.76 + 11*6.26 + 128*6.26 + 413*3.75 + 1*3.75 + 23363*20.02 + 2*10.01 + 23384*11.26 + 4263*10.01 + 571*22.52 + 831*3.75 + 107*6.26 + 314*5.0 + 3*7.51 + 4*6.26 + 732*3.75 + 9*6.26 + 142*5.0 + 3*7.51 + 3*6.26 + 1*8.76 + 16*10.01 + 248*7.51 + 27*7.51 + 5326*5.0 + 4*11.26 + 28*8.76 + 6*8.76 + 55*6.26 + 5*8.76 + 34*10.01 + 89*8.76 + 21*8.76 + 100*7.51 + 10*10.01 + 40*8.76 + 3*6.26 + 28*6.26 + 1*7.51 + 14*8.76 + 7*8.76",898860.2,"0.52 + 0.29 + 0.16 + 12.66 + 1.05",14.68,"82*3.14 + 202*0.98 + 1*7.27 + 1*2.48 + 19*5.9 + 2283*1.65 + 373*2.66 + 4465*1.78 + 304*2.43 + 71*4.06 + 106*2.58 + 7*3.38 + 78*1.57 + 179*0.97 + 33*2.37 + 240*1.48 + 112*2.3 + 224*1.25 + 1*1.36 + 11*1.92 + 128*5.59 + 413*1.57 + 1*3.24 + 23363*8.44 + 2*2.09 + 23384*4.03 + 4263*5.89 + 571*6.37 + 831*2.12 + 107*2.25 + 314*1.03 + 3*1.4 + 4*0.53 + 732*1.97 + 9*2.18 + 142*0.93 + 3*1.3 + 3*0.5 + 1*0.58 + 16*10.66 + 248*0.7 + 27*2.21 + 5326*1.04 + 4*2.73 + 28*1.09 + 6*2.76 + 55*1.31 + 5*1.85 + 34*3.77 + 89*0.64 + 21*2.07 + 100*1.7 + 10*1.66 + 40*1.09 + 3*1.26 + 28*1.28 + 1*0.85 + 14*2.07 + 7*4.28",348009.05
"counter","1 a21oi_1, 1 a31o_1, 1 and3_1, 4 dfxtp_1, 4 nor2_1, 1 nor3_1, 2 xnor2_1","1*5.0 + 1*8.76 + 1*6.26 + 4*20.02 + 4*3.75 + 1*5.0 + 2*8.76",137.62,"0.34 + 0.06 + 0.23 + 0.16",0.79,"1*1.65 + 1*2.37 + 1*5.59 + 4*8.44 + 4*1.97 + 1*0.93 + 2*2.07",56.32
"TMCounter","2 a211oi_1, 82 a21oi_1, 1 a221oi_1, 10 a222oi_1, 14 a22oi_1, 24 a311oi_1, 3 a31oi_1, 12 and2_0, 20 and3_1, 6 and4_1, 27 clkinv_1, 171 dfxtp_1, 19 maj3_1, 40 mux2_1, 7 mux2i_1, 83 nand2_1, 9 nand2b_1, 7 nand3_1, 2 nand3b_1, 8 nand4_1, 2 nand4b_1, 73 nor2_1, 6 nor2b_1, 57 nor3_1, 2 nor3b_1, 5 nor4_1, 2 o21a_1, 13 o21ai_0, 25 o21bai_1, 11 o22ai_1, 5 o2bb2ai_1, 3 or2_0, 3 or3_1, 1 or4_1, 4 xnor2_1, 2 xor2_1","2*7.51 + 82*5.0 + 1*8.76 + 10*10.01 + 14*7.51 + 24*8.76 + 3*6.26 + 12*6.26 + 20*6.26 + 6*8.76 + 27*3.75 + 171*20.02 + 19*10.01 + 40*11.26 + 7*10.01 + 83*3.75 + 9*6.26 + 7*5.0 + 2*7.51 + 8*6.26 + 2*8.76 + 73*3.75 + 6*6.26 + 57*5.0 + 2*7.51 + 5*6.26 + 2*7.51 + 13*5.0 + 25*7.51 + 11*6.26 + 5*8.76 + 3*6.26 + 3*6.26 + 1*7.51 + 4*8.76 + 2*8.76",6962.15,"0.37 + 0.17 + 0.49 + 0.35 + 0.16 + 0.55 + 0.53 + 0.27 + 0.04",2.93,"2*0.98 + 82*1.65 + 1*1.78 + 10*2.43 + 14*2.58 + 24*0.97 + 3*1.48 + 12*1.92 + 20*5.59 + 6*3.4 + 27*1.57 + 171*8.44 + 19*2.09 + 40*4.03 + 7*5.89 + 83*2.12 + 9*2.25 + 7*1.03 + 2*1.4 + 8*0.53 + 2*1.03 + 73*1.97 + 6*2.18 + 57*0.93 + 2*1.3 + 5*0.5 + 2*2.21 + 13*1.04 + 25*2.87 + 11*1.31 + 5*1.85 + 3*1.26 + 3*1.28 + 1*0.85 + 4*2.07 + 2*4.28",2676.37
"fsm_barra","1 buf_1, 1 conb_1, 1 dfxtp_1","1*3.75 + 1*3.75 + 1*20.02",27.52,"0.27 + 0.07",0.34,"1*1.18 + 1*3.24 + 1*8.44",12.86
"calculator","1 a2111oi_0, 7 a211o_1, 27 a211oi_1, 9 a21boi_0, 21 a21o_1, 99 a21oi_1, 2 a22o_1, 11 a22oi_1, 1 a2bb2oi_1, 4 a311o_1, 3 a311oi_1, 1 a31o_1, 14 a31oi_1, 1 a32o_1, 1 a41oi_1, 33 and2_0, 9 and3_1, 1 and4b_1, 64 clkinv_1, 94 maj3_1, 10 mux2_1, 19 mux2i_1, 275 nand2_1, 23 nand2b_1, 14 nand3_1, 1 nand3b_1, 4 nand4_1, 2 nand4b_1, 157 nor2_1, 19 nor2b_1, 14 nor3_1, 1 nor3b_1, 7 nor4_1, 3 nor4b_1, 3 o2111ai_1, 2 o211a_1, 10 o211ai_1, 11 o21a_1, 93 o21ai_0, 1 o21ba_1, 6 o21bai_1, 1 o221a_1, 7 o22a_1, 6 o22ai_1, 1 o2bb2ai_1, 4 o311ai_0, 2 o31a_1, 16 o31ai_1, 1 o32ai_1, 1 o41a_1, 1 o41ai_1, 8 or2_0, 4 or3_1, 5 or4_1, 2 or4b_1, 311 xnor2_1, 2 xnor3_1, 126 xor2_1, 1 xor3_1","1*8.76 + 7*8.76 + 27*7.51 + 9*7.51 + 21*7.51 + 99*5.0 + 2*8.76 + 11*7.51 + 1*8.76 + 4*10.01 + 3*8.76 + 1*8.76 + 14*6.26 + 1*10.01 + 1*8.76 + 33*6.26 + 9*6.26 + 1*10.01 + 64*3.75 + 94*10.01 + 10*11.26 + 19*10.01 + 275*3.75 + 23*6.26 + 14*5.0 + 1*7.51 + 4*6.26 + 2*8.76 + 157*3.75 + 19*6.26 + 14*5.0 + 1*7.51 + 7*6.26 + 3*8.76 + 3*8.76 + 2*10.01 + 10*7.51 + 11*7.51 + 93*5.0 + 1*10.01 + 6*7.51 + 1*11.26 + 7*8.76 + 6*6.26 + 1*8.76 + 4*8.76 + 2*8.76 + 16*7.51 + 1*8.76 + 1*11.26 + 1*8.76 + 8*6.26 + 4*6.26 + 5*7.51 + 2*10.01 + 311*8.76 + 2*22.52 + 126*8.76 + 1*23.77",10264.89,"0.56 + 0.26 + 0.53 + 0.36 + 0.28 + 0.48 + 0.23 + 0.39 + 0.11 + 0.38 + 0.25 + 0.38 + 0.25 + 0.15 + 0.35 + 0.37 + 0.29 + 0.13 + 0.18 + 0.37 + 0.36 + 0.4 + 0.21 + 0.13 + 0.37 + 0.39 + 0.36 + 0.4 + 0.21 + 0.13 + 0.37 + 0.39 + 0.39 + 0.36 + 0.38 + 0.2 + 0.14 + 0.09 + 0.37 + 0.39 + 0.39 + 0.21 + 0.17 + 0.38 + 0.79 + 0.1 + 0.21 + 0.36 + 0.39 + 0.39 + 0.39 + 0.36 + 0.4 + 0.2 + 0.13 + 0.37 + 0.39 + 0.39 + 0.39 + 0.4 + 0.24 + 0.13 + 0.22 + 0.3 + 0.28 + 0.23 + 0.14 + 0.15 + 0.09 + 0.29 + 0.15 + 0.2 + 0.75 + 0.42 + 0.37 + 0.39 + 0.39 + 0.39 + 0.39 + 0.4 + 0.21 + 0.13 + 0.82 + 0.42 + 0.16 + 0.15 + 0.1 + 0.19 + 0.13 + 0.29 + 0.34 + 0.23 + 0.2 + 0.6 + 0.35 + 0.14 + 0.3 + 0.13 + 0.4 + 0.33 + 0.18 + 0.26 + 0.14 + 1.28 + 0.33 + 0.23 + 0.16 + 0.32 + 0.26 + 0.1 + 0.34 + 0.35 + 0.69 + 0.47 + 0.3 + 0.36 + 0.16 + 0.27 + 0.17 + 0.17 + 0.4 + 0.21 + 0.43 + 0.51 + 0.12",38.9,"1*0.42 + 7*3.14 + 27*0.98 + 9*2.48 + 21*5.9 + 99*1.65 + 2*4.06 + 11*2.58 + 1*3.38 + 4*1.57 + 3*0.97 + 1*2.37 + 14*1.48 + 1*2.3 + 1*1.36 + 33*1.92 + 9*5.59 + 1*5.99 + 64*1.57 + 94*2.09 + 10*4.03 + 19*5.89 + 275*2.12 + 23*2.25 + 14*1.03 + 1*1.4 + 4*0.53 + 2*1.03 + 157*1.97 + 19*2.18 + 14*0.93 + 1*1.3 + 7*0.5 + 3*0.91 + 3*0.58 + 2*10.66 + 10*0.7 + 11*2.21 + 93*1.04 + 1*7.27 + 6*2.87 + 1*2.73 + 7*2.76 + 6*1.31 + 1*1.85 + 4*0.64 + 2*2.07 + 16*1.7 + 1*1.09 + 1*1.37 + 1*1.39 + 8*1.26 + 4*1.28 + 5*0.85 + 2*2.14 + 311*2.07 + 2*15.62 + 126*4.28 + 1*15.22",3527.4
"binary_counter","5 clkinv_1, 4 dfrtp_1, 16 dfxtp_1, 1 nand2_1, 1 nand3_1, 2 xnor2_1, 1 xor2_1","5*3.75 + 4*25.02 + 16*20.02 + 1*3.75 + 1*5.0 + 2*8.76 + 1*8.76",474.18,"0.35 + 0.1 + 0.13",0.58,"5*1.57 + 4*11.65 + 16*8.44 + 1*2.12 + 1*1.03 + 2*2.07 + 1*4.28",201.06
"traffic_light_controller","14 clkinv_1, 12 dfrtp_1, 1 dfstp_2, 3 mux2_1, 7 nand2_1, 1 nand3_1, 6 nor2_1, 2 nor2b_1, 7 nor3_1, 1 nor4_1, 1 o21a_1, 2 o21ai_0, 1 o22a_1, 3 o31ai_1, 1 o32a_1, 1 or3_1, 2 or4_1, 1 xnor2_1","14*3.75 + 12*25.02 + 1*26.28 + 3*11.26 + 7*3.75 + 1*5.0 + 6*3.75 + 2*6.26 + 7*5.0 + 1*6.26 + 1*7.51 + 2*5.0 + 1*8.76 + 3*7.51 + 1*10.01 + 1*6.26 + 2*7.51 + 1*8.76",609.18,"0.37 + 0.57 + 0.39 + 0.36",1.69,"14*1.57 + 12*11.65 + 1*10.52 + 3*4.03 + 7*2.12 + 1*1.03 + 6*1.97 + 2*2.18 + 7*0.93 + 1*0.5 + 1*2.21 + 2*1.04 + 1*2.76 + 3*1.7 + 1*1.66 + 1*1.28 + 2*0.85 + 1*2.07",242.31
"Control","1 a211o_1, 5 a21oi_1, 4 a31oi_1, 3 and2_0, 1 and4_1, 4 clkinv_1, 15 dlxtn_1, 23 nand2_1, 3 nand2b_1, 4 nand3_1, 2 nand3b_1, 1 nand4_1, 2 nand4b_1, 1 nand4bb_1, 17 nor2_1, 5 nor2b_1, 10 nor3_1, 2 nor3b_1, 4 nor4_1, 3 nor4b_1, 1 nor4bb_1, 1 o2111a_1, 2 o211ai_1, 1 o21a_1, 6 o21ai_0, 2 o221ai_1, 1 o22ai_1, 1 o31ai_1, 1 or3_1, 4 or3b_1, 1 xnor2_1, 1 xor2_1","1*8.76 + 5*5.0 + 4*6.26 + 3*6.26 + 1*8.76 + 4*3.75 + 15*15.01 + 23*3.75 + 3*6.26 + 4*5.0 + 2*7.51 + 1*6.26 + 2*8.76 + 1*11.26 + 17*3.75 + 5*6.26 + 10*5.0 + 2*7.51 + 4*6.26 + 3*8.76 + 1*10.01 + 1*11.26 + 2*7.51 + 1*7.51 + 6*5.0 + 2*8.76 + 1*6.26 + 1*7.51 + 1*6.26 + 4*8.76 + 1*8.76 + 1*8.76",876.88,"0.36 + 0.13 + 0.35 + 0.25 + 0.13",1.22,"1*3.14 + 5*1.65 + 4*1.48 + 3*1.92 + 1*3.4 + 4*1.57 + 15*8.12 + 23*2.12 + 3*2.25 + 4*1.03 + 2*1.4 + 1*0.53 + 2*1.03 + 1*1.9 + 17*1.97 + 5*2.18 + 10*0.93 + 2*1.3 + 4*0.5 + 3*0.91 + 1*3.2 + 1*3.75 + 2*0.7 + 1*2.21 + 6*1.04 + 2*1.09 + 1*1.31 + 1*1.7 + 1*1.28 + 4*2.59 + 1*2.07 + 1*4.28",322.47
"spi","1 a211oi_1, 11 a21oi_1, 8 a22oi_1, 4 a31oi_1, 2 and2_0, 1 and3_1, 2 and4_1, 8 clkinv_1, 17 dfxtp_1, 36 dlxtn_1, 24 nand2_1, 3 nand2b_1, 2 nand3_1, 2 nand4_1, 20 nor2_1, 4 nor2b_1, 3 nor3_1, 1 nor3b_1, 6 nor4_1, 4 o21a_1, 8 o21ai_0, 1 o21bai_1, 1 o31ai_1, 1 o41ai_1, 1 or2_0, 3 or3_1, 2 or4_1, 2 or4b_1, 12 xnor2_1, 7 xor2_1","1*7.51 + 11*5.0 + 8*7.51 + 4*6.26 + 2*6.26 + 1*6.26 + 2*8.76 + 8*3.75 + 17*20.02 + 36*15.01 + 24*3.75 + 3*6.26 + 2*5.0 + 2*6.26 + 20*3.75 + 4*6.26 + 3*5.0 + 1*7.51 + 6*6.26 + 4*7.51 + 8*5.0 + 1*7.51 + 1*7.51 + 1*8.76 + 1*6.26 + 3*6.26 + 2*7.51 + 2*10.01 + 12*8.76 + 7*8.76",1706.38,"0.37 + 0.28 + 0.18 + 0.42 + 0.33 + 0.08 + 0.12 + 0.51 + 0.13",2.42,"1*0.98 + 11*1.65 + 8*2.58 + 4*1.48 + 2*1.92 + 1*5.59 + 2*3.4 + 8*1.57 + 17*8.44 + 36*8.12 + 24*2.12 + 3*2.25 + 2*1.03 + 2*0.53 + 20*1.97 + 4*2.18 + 3*0.93 + 1*1.3 + 6*0.5 + 4*2.21 + 8*1.04 + 1*2.87 + 1*1.7 + 1*1.39 + 1*1.26 + 3*1.28 + 2*0.85 + 2*2.14 + 12*2.07 + 7*4.28",715.24
"gray_decoder","1 a21o_1, 3 a21oi_1, 1 and3_1, 2 clkinv_1, 1 conb_1, 3 nor2_1, 1 nor3_1, 1 o2111ai_1, 1 o211ai_1, 2 o21ai_0, 7 xnor2_1, 1 xnor3_1, 3 xor2_1","1*7.51 + 3*5.0 + 1*6.26 + 2*3.75 + 1*3.75 + 3*3.75 + 1*5.0 + 1*8.76 + 1*7.51 + 2*5.0 + 7*8.76 + 1*22.52 + 3*8.76",192.66,"0.38 + 0.26 + 0.15 + 0.25 + 0.12",1.16,"1*5.9 + 3*1.65 + 1*5.59 + 2*1.57 + 1*3.24 + 3*1.97 + 1*0.93 + 1*0.58 + 1*0.7 + 2*1.04 + 7*2.07 + 1*15.62 + 3*4.28",75.97
"four_to_one","1 nand2_1, 2 o211ai_1","1*3.75 + 2*7.51",18.77,"0.14 + 0.05",0.19,"1*2.12 + 2*0.7",3.52
"top_module","1 a2111oi_0, 1 a211o_1, 1 a211oi_1, 3 a21oi_1, 1 a221oi_1, 3 a22oi_1, 1 a311oi_1, 1 a31oi_1, 1 a32o_1, 2 and2_0, 14 clkinv_1, 4 maj3_1, 5 mux2_1, 11 mux2i_1, 8 nand2_1, 6 nand2b_1, 3 nand3_1, 1 nand3b_1, 1 nand4_1, 4 nor2_1, 8 nor2b_1, 6 nor3_1, 2 nor4_1, 2 nor4b_1, 1 o2111ai_1, 3 o211ai_1, 2 o21a_1, 6 o21ai_0, 1 o221a_1, 1 o221ai_1, 2 o22ai_1, 1 o31a_1, 1 o32ai_1, 1 or2_0, 2 or3_1, 1 or4b_1, 3 xnor2_1, 2 xor2_1","1*8.76 + 1*8.76 + 1*7.51 + 3*5.0 + 1*8.76 + 3*7.51 + 1*8.76 + 1*6.26 + 1*10.01 + 2*6.26 + 14*3.75 + 4*10.01 + 5*11.26 + 11*10.01 + 8*3.75 + 6*6.26 + 3*5.0 + 1*7.51 + 1*6.26 + 4*3.75 + 8*6.26 + 6*5.0 + 2*6.26 + 2*8.76 + 1*8.76 + 3*7.51 + 2*7.51 + 6*5.0 + 1*11.26 + 1*8.76 + 2*6.26 + 1*8.76 + 1*8.76 + 1*6.26 + 2*6.26 + 1*10.01 + 3*8.76 + 2*8.76",788.23,"0.12 + 0.34 + 0.16 + 0.5 + 0.35 + 0.38 + 0.23 + 0.09 + 0.92 + 0.22",3.31,"1*0.42 + 1*3.14 + 1*0.98 + 3*1.65 + 1*1.78 + 3*2.58 + 1*0.97 + 1*1.48 + 1*2.3 + 2*1.92 + 14*1.57 + 4*2.09 + 5*4.03 + 11*5.89 + 8*2.12 + 6*2.25 + 3*1.03 + 1*1.4 + 1*0.53 + 4*1.97 + 8*2.18 + 6*0.93 + 2*0.5 + 2*0.91 + 1*0.58 + 3*0.7 + 2*2.21 + 6*1.04 + 1*2.73 + 1*1.09 + 2*1.31 + 1*2.07 + 1*1.09 + 1*1.26 + 2*1.28 + 1*2.14 + 3*2.07 + 2*4.28",255.75
"REGISTER_FILE","28 a211o_1, 36 a21oi_1, 28 a22o_1, 8 a22oi_1, 1 and2_0, 1 and3_1, 32 buf_1, 1028 clkinv_1, 1024 dfxtp_1, 993 mux2_1, 73 mux2i_1, 515 mux4_2, 26 nand2_1, 2 nand3_1, 3 nand3b_1, 179 nor2_1, 28 nor2b_1, 1 nor3_1, 3 nor3b_1, 45 o21a_1, 127 o21ai_0, 45 o221ai_1, 37 o22ai_1, 2 or2_0","28*8.76 + 36*5.0 + 28*8.76 + 8*7.51 + 1*6.26 + 1*6.26 + 32*3.75 + 1028*3.75 + 1024*20.02 + 993*11.26 + 73*10.01 + 515*22.52 + 26*3.75 + 2*5.0 + 3*7.51 + 179*3.75 + 28*6.26 + 1*5.0 + 3*7.51 + 45*7.51 + 127*5.0 + 45*8.76 + 37*6.26 + 2*6.26",51343.73,"1.56 + 1.21 + 0.28",3.05,"28*3.14 + 36*1.65 + 28*4.06 + 8*2.58 + 1*1.92 + 1*5.59 + 32*1.18 + 1028*1.57 + 1024*8.44 + 993*4.03 + 73*5.89 + 515*6.37 + 26*2.12 + 2*1.03 + 3*1.4 + 179*1.97 + 28*2.18 + 1*0.93 + 3*1.3 + 45*2.21 + 127*1.04 + 45*1.09 + 37*1.31 + 2*1.26",19107.19
"mux4","8 a21oi_1, 5 a221oi_1, 3 a22oi_1, 1 clkinv_1, 1 conb_1, 8 dlxtn_1, 8 nand2_1, 3 nand2b_1, 1 nor2_1, 1 nor2b_1, 8 o21ai_0, 1 or2_0, 1 xnor2_1","8*5.0 + 5*8.76 + 3*7.51 + 1*3.75 + 1*3.75 + 8*15.01 + 8*3.75 + 3*6.26 + 1*3.75 + 1*6.26 + 8*5.0 + 1*6.26 + 1*8.76",347.72,"0.32 + 0.14 + 0.14 + 0.31",0.91,"8*1.65 + 5*1.78 + 3*2.58 + 1*1.57 + 1*3.24 + 8*8.12 + 8*2.12 + 3*2.25 + 1*1.97 + 1*2.18 + 8*1.04 + 1*1.26 + 1*2.07",139.12
"forward_unit","1 a2111o_1, 1 a2111oi_0, 3 a211o_1, 1 a211oi_1, 2 a21o_1, 2 a21oi_1, 1 a221o_1, 1 a221oi_1, 1 and2_0, 13 clkinv_1, 2 nand2_1, 5 nand2b_1, 2 nand3_1, 1 nor2_1, 6 nor2b_1, 5 nor3_1, 6 nor4_1, 5 o2111ai_1, 1 o211ai_1, 1 o21ai_0, 4 o221ai_1, 4 o22ai_1, 1 o2bb2ai_1, 1 o31a_1, 4 or3_1, 2 or4_1, 12 xnor2_1, 8 xor2_1","1*11.26 + 1*8.76 + 3*8.76 + 1*7.51 + 2*7.51 + 2*5.0 + 1*10.01 + 1*8.76 + 1*6.26 + 13*3.75 + 2*3.75 + 5*6.26 + 2*5.0 + 1*3.75 + 6*6.26 + 5*5.0 + 6*6.26 + 5*8.76 + 1*7.51 + 1*5.0 + 4*8.76 + 4*6.26 + 1*8.76 + 1*8.76 + 4*6.26 + 2*7.51 + 12*8.76 + 8*8.76",654.45,"0.1 + 0.3 + 0.38 + 0.08",0.86,"1*1.68 + 1*0.42 + 3*3.14 + 1*0.98 + 2*5.9 + 2*1.65 + 1*2.66 + 1*1.78 + 1*1.92 + 13*1.57 + 2*2.12 + 5*2.25 + 2*1.03 + 1*1.97 + 6*2.18 + 5*0.93 + 6*0.5 + 5*0.58 + 1*0.7 + 1*1.04 + 4*1.09 + 4*1.31 + 1*1.85 + 1*2.07 + 4*1.28 + 2*0.85 + 12*2.07 + 8*4.28",178.68
"counter","1 a2111oi_0, 1 a21o_1, 14 a21oi_1, 3 a311oi_1, 2 a31oi_1, 5 and2_0, 5 and3_1, 7 and4_1, 37 clkinv_1, 32 dfrtp_1, 1 nand3_1, 5 nand4_1, 17 nor2_1, 22 nor3_1, 4 nor4_1, 1 o2111ai_1, 1 o21ai_0, 5 o21bai_1, 22 xnor2_1, 11 xor2_1","1*8.76 + 1*7.51 + 14*5.0 + 3*8.76 + 2*6.26 + 5*6.26 + 5*6.26 + 7*8.76 + 37*3.75 + 32*25.02 + 1*5.0 + 5*6.26 + 17*3.75 + 22*5.0 + 4*6.26 + 1*8.76 + 1*5.0 + 5*7.51 + 22*8.76 + 11*8.76",1763.86,"0.41 + 0.14 + 0.09 + 0.26 + 0.11 + 2.3 + 0.31 + 0.05",3.67,"1*0.42 + 1*5.9 + 14*1.65 + 3*0.97 + 2*1.48 + 5*1.92 + 5*5.59 + 7*3.4 + 37*1.57 + 32*11.65 + 1*1.03 + 5*0.53 + 17*1.97 + 22*0.93 + 4*0.5 + 1*0.58 + 1*1.04 + 5*2.87 + 22*2.07 + 11*4.28",695.75
"addsub_16bit","1 a211o_1, 1 a211oi_1, 5 a21o_1, 20 a21oi_1, 1 a22o_1, 1 a22oi_1, 3 a311o_1, 3 a311oi_1, 1 a31o_1, 5 a31oi_1, 12 and2_0, 1 and3_1, 26 clkinv_1, 1 conb_1, 17 dfrtp_1, 16 dfxtp_1, 2 mux2_1, 59 nand2_1, 6 nand2b_1, 4 nand3_1, 39 nor2_1, 7 nor2b_1, 3 nor3_1, 2 nor4_1, 1 o211ai_1, 21 o21ai_0, 7 o22ai_1, 1 o2bb2ai_1, 3 o311ai_0, 3 o31a_1, 2 o31ai_1, 2 o32ai_1, 5 or2_0, 1 or3_1, 2 or4_1, 16 xnor2_1, 15 xor2_1","1*8.76 + 1*7.51 + 5*7.51 + 20*5.0 + 1*8.76 + 1*7.51 + 3*10.01 + 3*8.76 + 1*8.76 + 5*6.26 + 12*6.26 + 1*6.26 + 26*3.75 + 1*3.75 + 17*25.02 + 16*20.02 + 2*11.26 + 59*3.75 + 6*6.26 + 4*5.0 + 39*3.75 + 7*6.26 + 3*5.0 + 2*6.26 + 1*7.51 + 21*5.0 + 7*6.26 + 1*8.76 + 3*8.76 + 3*8.76 + 2*7.51 + 2*8.76 + 5*6.26 + 1*6.26 + 2*7.51 + 16*8.76 + 15*8.76",2288.0,"0.33 + 0.07 + 0.38 + 0.14 + 0.36 + 0.16 + 0.38 + 0.36 + 0.29 + 0.42 + 0.12 + 0.12",3.13,"1*3.14 + 1*0.98 + 5*5.9 + 20*1.65 + 1*4.06 + 1*2.58 + 3*1.57 + 3*0.97 + 1*2.37 + 5*1.48 + 12*1.92 + 1*5.59 + 26*1.57 + 1*3.24 + 17*11.65 + 16*8.44 + 2*4.03 + 59*2.12 + 6*2.25 + 4*1.03 + 39*1.97 + 7*2.18 + 3*0.93 + 2*0.5 + 1*0.7 + 21*1.04 + 7*1.31 + 1*1.85 + 3*0.64 + 3*2.07 + 2*1.7 + 2*1.09 + 5*1.26 + 1*1.28 + 2*0.85 + 16*2.07 + 15*4.28",896.94
"karnaugh_map","1 o22a_1","1*8.76",8.76,"0.16",0.16,"1*2.76",2.76
"pattern_detector","1 a21boi_0, 3 and2_0, 1 clkinv_1, 1 conb_1, 1 nand2_1, 1 nand3b_1, 1 o21a_1, 1 o21ai_0, 1 o21bai_1, 1 xor2_1","1*7.51 + 3*6.26 + 1*3.75 + 1*3.75 + 1*3.75 + 1*7.51 + 1*7.51 + 1*5.0 + 1*7.51 + 1*8.76",73.83,"0.13 + 0.2 + 0.12",0.45,"1*2.48 + 3*1.92 + 1*1.57 + 1*3.24 + 1*2.12 + 1*1.4 + 1*2.21 + 1*1.04 + 1*2.87 + 1*4.28",26.97
"IDEX_Stage","15 a211oi_1, 1 clkinv_1, 154 dfxtp_1, 139 mux2i_1, 139 nor2_1, 16 nor2b_1, 15 or3b_1","15*7.51 + 1*3.75 + 154*20.02 + 139*10.01 + 139*3.75 + 16*6.26 + 15*8.76",5343.68,"0.09",0.09,"15*0.98 + 1*1.57 + 154*8.44 + 139*5.89 + 139*1.97 + 16*2.18 + 15*2.59",2482.3
"a","1 and2_0, 1 and4_1, 1 clkinv_1, 1 conb_1, 33 dfxtp_1, 1 nand2_1, 1 nand4_1, 3 nor2_1, 3 nor3_1, 3 nor4_1, 1 o22ai_1, 1 or3_1, 4 or4_1, 1 or4b_1, 1 xnor2_1","1*6.26 + 1*8.76 + 1*3.75 + 1*3.75 + 33*20.02 + 1*3.75 + 1*6.26 + 3*3.75 + 3*5.0 + 3*6.26 + 1*6.26 + 1*6.26 + 4*7.51 + 1*10.01 + 1*8.76",799.55,"0.27 + 0.52 + 0.48 + 0.5 + 0.11",1.88,"1*1.92 + 1*3.4 + 1*1.57 + 1*3.24 + 33*8.44 + 1*2.12 + 1*0.53 + 3*1.97 + 3*0.93 + 3*0.5 + 1*1.31 + 1*1.28 + 4*0.85 + 1*2.14 + 1*2.07",311.7
"clock_gate","1 dfxtp_1, 1 mux2_1","1*20.02 + 1*11.26",31.28,"0.27 + 0.26",0.53,"1*8.44 + 1*4.03",12.47
"sky130_fd_sc_ms__or3b","1 or3b_1","1*8.76",8.76,"0.32",0.32,"1*2.59",2.59
"acl_merge_node_priority_encoder_workgroup","1 a211oi_1, 5 a21oi_1, 1 a22o_1, 1 a311o_1, 1 a311oi_1, 1 and2_0, 1 and3_1, 1 and4_1, 4 clkinv_1, 12 dfrtp_1, 1 mux2_1, 1 mux2i_1, 1 nand2_1, 2 nand2b_1, 1 nand3_1, 2 nand4_1, 1 nand4b_1, 14 nor2_1, 1 nor2b_1, 7 nor3_1, 2 nor3b_1, 2 nor4_1, 1 o21ai_0, 1 o21bai_1, 1 o31a_1, 1 or4_1, 3 xnor2_1, 6 xnor3_1, 1 xor2_1, 2 xor3_1","1*7.51 + 5*5.0 + 1*8.76 + 1*10.01 + 1*8.76 + 1*6.26 + 1*6.26 + 1*8.76 + 4*3.75 + 12*25.02 + 1*11.26 + 1*10.01 + 1*3.75 + 2*6.26 + 1*5.0 + 2*6.26 + 1*8.76 + 14*3.75 + 1*6.26 + 7*5.0 + 2*7.51 + 2*6.26 + 1*5.0 + 1*7.51 + 1*8.76 + 1*7.51 + 3*8.76 + 6*22.52 + 1*8.76 + 2*23.77",828.16,"0.08 + 0.05 + 0.15 + 0.06",0.34,"1*0.98 + 5*1.65 + 1*4.06 + 1*1.57 + 1*0.97 + 1*1.92 + 1*5.59 + 1*3.4 + 4*1.57 + 12*11.65 + 1*4.03 + 1*5.89 + 1*2.12 + 2*2.25 + 1*1.03 + 2*0.53 + 1*1.03 + 14*1.97 + 1*2.18 + 7*0.93 + 2*1.3 + 2*0.5 + 1*1.04 + 1*2.87 + 1*2.07 + 1*0.85 + 3*2.07 + 6*15.62 + 1*4.28 + 2*15.22",373.83
"calculator","1 a211oi_1, 2 a21boi_0, 7 a21o_1, 33 a21oi_1, 3 a221o_1, 1 a221oi_1, 7 a22o_1, 11 a22oi_1, 1 a2bb2oi_1, 1 a311o_1, 1 a311oi_1, 9 a31oi_1, 2 a32o_1, 1 a32oi_1, 1 a41o_1, 1 a41oi_1, 2 and2_0, 8 and3_1, 17 clkinv_1, 26 dfxtp_1, 28 maj3_1, 4 mux2_1, 5 mux2i_1, 102 nand2_1, 12 nand2b_1, 11 nand3_1, 5 nand4_1, 67 nor2_1, 15 nor2b_1, 14 nor3_1, 3 nor4_1, 1 o211a_1, 1 o211ai_1, 9 o21a_1, 34 o21ai_0, 2 o21bai_1, 4 o221ai_1, 1 o22a_1, 5 o22ai_1, 2 o31ai_1, 1 o32ai_1, 3 or2_0, 4 or3_1, 2 or4_1, 89 xnor2_1, 41 xor2_1","1*7.51 + 2*7.51 + 7*7.51 + 33*5.0 + 3*10.01 + 1*8.76 + 7*8.76 + 11*7.51 + 1*8.76 + 1*10.01 + 1*8.76 + 9*6.26 + 2*10.01 + 1*8.76 + 1*10.01 + 1*8.76 + 2*6.26 + 8*6.26 + 17*3.75 + 26*20.02 + 28*10.01 + 4*11.26 + 5*10.01 + 102*3.75 + 12*6.26 + 11*5.0 + 5*6.26 + 67*3.75 + 15*6.26 + 14*5.0 + 3*6.26 + 1*10.01 + 1*7.51 + 9*7.51 + 34*5.0 + 2*7.51 + 4*8.76 + 1*8.76 + 5*6.26 + 2*7.51 + 1*8.76 + 3*6.26 + 4*6.26 + 2*7.51 + 89*8.76 + 41*8.76",4120.98,"0.17 + 0.16 + 0.39 + 0.26 + 0.33 + 0.35 + 0.4 + 0.21 + 0.42 + 0.28 + 0.16 + 0.39 + 0.32 + 0.1 + 0.19 + 0.17 + 0.38 + 0.16 + 0.22 + 0.39 + 0.29 + 0.31 + 0.16 + 0.23 + 0.15 + 0.4 + 0.38 + 0.21 + 0.18 + 0.25 + 0.11 + 0.16 + 0.11 + 0.08 + 0.33",8.8,"1*0.98 + 2*2.48 + 7*5.9 + 33*1.65 + 3*2.66 + 1*1.78 + 7*4.06 + 11*2.58 + 1*3.38 + 1*1.57 + 1*0.97 + 9*1.48 + 2*2.3 + 1*1.25 + 1*6.61 + 1*1.36 + 2*1.92 + 8*5.59 + 17*1.57 + 26*8.44 + 28*2.09 + 4*4.03 + 5*5.89 + 102*2.12 + 12*2.25 + 11*1.03 + 5*0.53 + 67*1.97 + 15*2.18 + 14*0.93 + 3*0.5 + 1*10.66 + 1*0.7 + 9*2.21 + 34*1.04 + 2*2.87 + 4*1.09 + 1*2.76 + 5*1.31 + 2*1.7 + 1*1.09 + 3*1.26 + 4*1.28 + 2*0.85 + 89*2.07 + 41*4.28",1497.34
"calculator","1 a2111oi_0, 1 a211oi_1, 3 a21o_1, 16 a21oi_1, 1 a221o_1, 1 a221oi_1, 3 a22o_1, 7 a22oi_1, 1 a2bb2oi_1, 4 a31oi_1, 1 a32oi_1, 4 and2_0, 2 and3_1, 14 clkinv_1, 9 dfxtp_1, 18 maj3_1, 8 mux2_1, 7 mux2i_1, 57 nand2_1, 10 nand2b_1, 5 nand3_1, 1 nand3b_1, 6 nand4_1, 43 nor2_1, 3 nor2b_1, 5 nor3_1, 4 nor4_1, 7 o211ai_1, 3 o21a_1, 12 o21ai_0, 2 o21bai_1, 2 o221a_1, 1 o221ai_1, 1 o22a_1, 3 o22ai_1, 2 o31a_1, 2 o31ai_1, 2 o32ai_1, 1 or2_0, 4 or3_1, 1 or3b_1, 1 or4_1, 61 xnor2_1, 1 xnor3_1, 30 xor2_1","1*8.76 + 1*7.51 + 3*7.51 + 16*5.0 + 1*10.01 + 1*8.76 + 3*8.76 + 7*7.51 + 1*8.76 + 4*6.26 + 1*8.76 + 4*6.26 + 2*6.26 + 14*3.75 + 9*20.02 + 18*10.01 + 8*11.26 + 7*10.01 + 57*3.75 + 10*6.26 + 5*5.0 + 1*7.51 + 6*6.26 + 43*3.75 + 3*6.26 + 5*5.0 + 4*6.26 + 7*7.51 + 3*7.51 + 12*5.0 + 2*7.51 + 2*11.26 + 1*8.76 + 1*8.76 + 3*6.26 + 2*8.76 + 2*7.51 + 2*8.76 + 1*6.26 + 4*6.26 + 1*8.76 + 1*7.51 + 61*8.76 + 1*22.52 + 30*8.76",2572.29,"0.56 + 0.37 + 0.31 + 0.09 + 0.33 + 0.37 + 0.2 + 0.41 + 0.23 + 0.26 + 0.4 + 0.21 + 0.11 + 0.3 + 0.28 + 0.23 + 0.37 + 0.39 + 0.4 + 0.28 + 0.37 + 0.41 + 0.21 + 0.15 + 0.42 + 0.43 + 0.54 + 0.39 + 0.24 + 0.25 + 0.13 + 0.1 + 0.11 + 0.05",9.9,"1*0.42 + 1*0.98 + 3*5.9 + 16*1.65 + 1*2.66 + 1*1.78 + 3*4.06 + 7*2.58 + 1*3.38 + 4*1.48 + 1*1.25 + 4*1.92 + 2*5.59 + 14*1.57 + 9*8.44 + 18*2.09 + 8*4.03 + 7*5.89 + 57*2.12 + 10*2.25 + 5*1.03 + 1*1.4 + 6*0.53 + 43*1.97 + 3*2.18 + 5*0.93 + 4*0.5 + 7*0.7 + 3*2.21 + 12*1.04 + 2*2.87 + 2*2.73 + 1*1.09 + 1*2.76 + 3*1.31 + 2*2.07 + 2*1.7 + 2*1.09 + 1*1.26 + 4*1.28 + 1*2.59 + 1*0.85 + 61*2.07 + 1*15.62 + 30*4.28",902.41
"RegGPR","1 a21o_1, 768 dfxtp_1, 769 mux2_1, 97 mux2i_1, 672 mux4_2, 105 nand2_1, 5 nand3_1, 7 nand3b_1, 8 nor2_1, 4 nor3_1, 3 nor3b_1, 1 nor4_1, 2 nor4b_1, 96 o21ai_0, 4 or4b_1","1*7.51 + 768*20.02 + 769*11.26 + 97*10.01 + 672*22.52 + 105*3.75 + 5*5.0 + 7*7.51 + 8*3.75 + 4*5.0 + 3*7.51 + 1*6.26 + 2*8.76 + 96*5.0 + 4*10.01",41233.89,"1.62 + 0.07 + 0.09",1.78,"1*5.9 + 768*8.44 + 769*4.03 + 97*5.89 + 672*6.37 + 105*2.12 + 5*1.03 + 7*1.4 + 8*1.97 + 4*0.93 + 3*1.3 + 1*0.5 + 2*0.91 + 96*1.04 + 4*2.14",14810.51
"dff_en","1 dfxtp_1, 1 mux2_1","1*20.02 + 1*11.26",31.28,"0.27 + 0.26",0.53,"1*8.44 + 1*4.03",12.47
"lab3_part4","1 clkinv_1, 2 dfxtp_1, 1 dlxtp_1","1*3.75 + 2*20.02 + 1*15.01",58.8,"0.26",0.26,"1*1.57 + 2*8.44 + 1*7.93",26.38
"binary_adder_tree","7 a211oi_1, 3 a21boi_0, 3 a21o_1, 22 a21oi_1, 6 a221oi_1, 7 a311oi_1, 3 a31o_1, 2 a31oi_1, 44 and2_0, 1 and3_1, 1 and4_1, 3 clkinv_1, 152 dfxtp_1, 32 maj3_1, 78 nand2_1, 4 nand2b_1, 1 nand3_1, 3 nand4_1, 99 nor2_1, 8 nor2b_1, 5 nor3_1, 1 o21a_1, 16 o21ai_0, 8 o311ai_0, 20 o31ai_1, 19 or2_0, 165 xnor2_1, 44 xor2_1","7*7.51 + 3*7.51 + 3*7.51 + 22*5.0 + 6*8.76 + 7*8.76 + 3*8.76 + 2*6.26 + 44*6.26 + 1*6.26 + 1*8.76 + 3*3.75 + 152*20.02 + 32*10.01 + 78*3.75 + 4*6.26 + 1*5.0 + 3*6.26 + 99*3.75 + 8*6.26 + 5*5.0 + 1*7.51 + 16*5.0 + 8*8.76 + 20*7.51 + 19*6.26 + 165*8.76 + 44*8.76",7070.6,"0.07 + 0.13 + 0.4 + 0.39 + 0.39 + 0.39 + 0.39 + 0.4 + 0.33 + 0.21 + 0.41 + 0.15 + 0.35",4.01,"7*0.98 + 3*2.48 + 3*5.9 + 22*1.65 + 6*1.78 + 7*0.97 + 3*2.37 + 2*1.48 + 44*1.92 + 1*5.59 + 1*3.4 + 3*1.57 + 152*8.44 + 32*2.09 + 78*2.12 + 4*2.25 + 1*1.03 + 3*0.53 + 99*1.97 + 8*2.18 + 5*0.93 + 1*2.21 + 16*1.04 + 8*0.64 + 20*1.7 + 19*1.26 + 165*2.07 + 44*4.28",2549.66
"population_count","2 a21boi_0, 1 a21o_1, 16 a21oi_1, 6 and2_0, 1 and3_1, 1 and3b_1, 1 and4_1, 45 clkinv_1, 207 maj3_1, 32 nand2_1, 17 nand2b_1, 6 nand3_1, 1 nand3b_1, 15 nor2_1, 11 nor2b_1, 2 nor3_1, 1 o211a_1, 4 o211ai_1, 3 o21a_1, 10 o21ai_0, 2 o21bai_1, 1 o22ai_1, 2 o31a_1, 2 or2_0, 62 xnor2_1, 87 xnor3_1, 38 xor2_1, 126 xor3_1","2*7.51 + 1*7.51 + 16*5.0 + 6*6.26 + 1*6.26 + 1*8.76 + 1*8.76 + 45*3.75 + 207*10.01 + 32*3.75 + 17*6.26 + 6*5.0 + 1*7.51 + 15*3.75 + 11*6.26 + 2*5.0 + 1*10.01 + 4*7.51 + 3*7.51 + 10*5.0 + 2*7.51 + 1*6.26 + 2*8.76 + 2*6.26 + 62*8.76 + 87*22.52 + 38*8.76 + 126*23.77",8797.89,"0.41 + 0.38 + 0.38 + 0.38 + 0.38 + 0.38 + 0.38 + 0.38 + 0.38 + 0.39 + 0.39 + 0.16 + 0.26 + 0.21 + 0.2 + 0.37 + 0.38 + 0.14",5.95,"2*2.48 + 1*5.9 + 16*1.65 + 6*1.92 + 1*5.59 + 1*7.06 + 1*3.4 + 45*1.57 + 207*2.09 + 32*2.12 + 17*2.25 + 6*1.03 + 1*1.4 + 15*1.97 + 11*2.18 + 2*0.93 + 1*10.66 + 4*0.7 + 3*2.21 + 10*1.04 + 2*2.87 + 1*1.31 + 2*2.07 + 2*1.26 + 62*2.07 + 87*15.62 + 38*4.28 + 126*15.22",4349.01
"counter","2 a21oi_1, 1 a41oi_1, 1 and3_1, 4 dfxtp_1, 1 nor2_1, 1 nor3_1, 1 o21a_1, 1 o21bai_1","2*5.0 + 1*8.76 + 1*6.26 + 4*20.02 + 1*3.75 + 1*5.0 + 1*7.51 + 1*7.51",128.87,"0.31 + 0.17 + 0.15",0.63,"2*1.65 + 1*1.36 + 1*5.59 + 4*8.44 + 1*1.97 + 1*0.93 + 1*2.21 + 1*2.87",51.99
"pipeline_register","64 a211oi_1, 32 a21oi_1, 1 clkinv_1, 98 dfxtp_1, 66 nor2b_1, 32 o31ai_1, 64 or3b_1, 32 or4b_1","64*7.51 + 32*5.0 + 1*3.75 + 98*20.02 + 66*6.26 + 32*7.51 + 64*8.76 + 32*10.01",4140.79,"0.88 + 0.46",1.34,"64*0.98 + 32*1.65 + 1*1.57 + 98*8.44 + 66*2.18 + 32*1.7 + 64*2.59 + 32*2.14",1376.73
"top_module","1 a21o_1, 4 a21oi_1, 1 and3_1, 8 dfxtp_1, 2 maj3_1, 2 nand2_1, 1 nand3_1, 7 nor2_1, 3 nor2b_1, 4 nor3_1, 1 o21ai_0, 1 o21bai_1, 7 xnor2_1, 3 xor2_1","1*7.51 + 4*5.0 + 1*6.26 + 8*20.02 + 2*10.01 + 2*3.75 + 1*5.0 + 7*3.75 + 3*6.26 + 4*5.0 + 1*5.0 + 1*7.51 + 7*8.76 + 3*8.76",391.59,"0.33 + 0.1 + 0.13 + 0.4 + 0.33",1.29,"1*5.9 + 4*1.65 + 1*5.59 + 8*8.44 + 2*2.09 + 2*2.12 + 1*1.03 + 7*1.97 + 3*2.18 + 4*0.93 + 1*1.04 + 1*2.87 + 7*2.07 + 3*4.28",150.35
"Multiplexer","1 mux2_1","1*11.26",11.26,"0.26",0.26,"1*4.03",4.03
"keyboard","1 a211oi_1, 24 a21boi_0, 1 a21o_1, 18 a21oi_1, 19 a222oi_1, 9 a22oi_1, 5 a31oi_1, 4 and2_0, 5 and3_1, 1 and4b_1, 1 clkinv_1, 168 dfxtp_1, 2 mux2_1, 103 nand2_1, 24 nand3_1, 3 nand4_1, 1 nand4bb_1, 12 nor2_1, 1 nor2b_1, 1 nor3_1, 1 nor4_1, 4 nor4b_1, 4 nor4bb_1, 33 o211a_1, 1 o211ai_1, 3 o21a_1, 40 o21ai_0, 7 o21bai_1, 1 o22a_1, 80 o2bb2ai_1, 6 o311a_1, 2 o31a_1, 1 o31ai_1, 3 or2_0, 24 or3_1, 1 or4b_1","1*7.51 + 24*7.51 + 1*7.51 + 18*5.0 + 19*10.01 + 9*7.51 + 5*6.26 + 4*6.26 + 5*6.26 + 1*10.01 + 1*3.75 + 168*20.02 + 2*11.26 + 103*3.75 + 24*5.0 + 3*6.26 + 1*11.26 + 12*3.75 + 1*6.26 + 1*5.0 + 1*6.26 + 4*8.76 + 4*10.01 + 33*10.01 + 1*7.51 + 3*7.51 + 40*5.0 + 7*7.51 + 1*8.76 + 80*8.76 + 6*10.01 + 2*8.76 + 1*7.51 + 3*6.26 + 24*6.26 + 1*10.01",6290.83,"0.26 + 4.29 + 0.24 + 0.06",4.85,"1*0.98 + 24*2.48 + 1*5.9 + 18*1.65 + 19*2.43 + 9*2.58 + 5*1.48 + 4*1.92 + 5*5.59 + 1*5.99 + 1*1.57 + 168*8.44 + 2*4.03 + 103*2.12 + 24*1.03 + 3*0.53 + 1*1.9 + 12*1.97 + 1*2.18 + 1*0.93 + 1*0.5 + 4*0.91 + 4*3.2 + 33*10.66 + 1*0.7 + 3*2.21 + 40*1.04 + 7*2.87 + 1*2.76 + 80*1.85 + 6*3.77 + 2*2.07 + 1*1.7 + 3*1.26 + 24*1.28 + 1*2.14",2568.98
"spi_slave","1 a21oi_1, 2 a22o_1, 1 clkinv_1, 1 conb_1, 21 dfrtp_1, 15 mux2_1, 3 nand2_1, 8 nor2_1, 2 nor3_1, 15 o21ai_0, 1 o22ai_1, 2 or2_0, 1 or3_1, 1 or4_1, 1 xnor2_1, 1 xor2_1","1*5.0 + 2*8.76 + 1*3.75 + 1*3.75 + 21*25.02 + 15*11.26 + 3*3.75 + 8*3.75 + 2*5.0 + 15*5.0 + 1*6.26 + 2*6.26 + 1*6.26 + 1*7.51 + 1*8.76 + 1*8.76",900.66,"0.37 + 0.38 + 0.49 + 0.37",1.61,"1*1.65 + 2*4.06 + 1*1.57 + 1*3.24 + 21*11.65 + 15*4.03 + 3*2.12 + 8*1.97 + 2*0.93 + 15*1.04 + 1*1.31 + 2*1.26 + 1*1.28 + 1*0.85 + 1*2.07 + 1*4.28",371.57
"up_counter","4 dfrtp_1, 1 nand2_1, 1 nand3_1, 1 nand4_1, 3 xnor2_1, 1 xor2_1","4*25.02 + 1*3.75 + 1*5.0 + 1*6.26 + 3*8.76 + 1*8.76",150.13,"0.36 + 0.1 + 0.13",0.59,"4*11.65 + 1*2.12 + 1*1.03 + 1*0.53 + 3*2.07 + 1*4.28",60.77
"alu","1 conb_1, 1 xor2_1","1*3.75 + 1*8.76",12.51,"0.12",0.12,"1*3.24 + 1*4.28",7.52
"dff_async_set_reset","1 a21boi_0, 2 clkinv_1, 2 dfxtp_1","1*7.51 + 2*3.75 + 2*20.02",55.05,"0.29 + 0.04",0.33,"1*2.48 + 2*1.57 + 2*8.44",22.5
"scratchpad_memory","5 a2111oi_0, 3 a211oi_1, 1 a21boi_0, 235 a21oi_1, 8 a221oi_1, 386 a222oi_1, 64 a22o_1, 932 a22oi_1, 4 a31o_1, 160 a31oi_1, 11 a41o_1, 13 a41oi_1, 4 and2_0, 2 and3_1, 6 and3b_1, 2 and4b_1, 8200 dfxtp_1, 8192 mux2_1, 1712 mux4_2, 502 nand2_1, 4 nand2b_1, 50 nand3_1, 6 nand3b_1, 7 nand4_1, 834 nor2_1, 4 nor2b_1, 16 nor3_1, 6 nor3b_1, 34 nor4_1, 1 nor4bb_1, 1 o2111ai_1, 3 o211ai_1, 33 o21ai_0, 1 o221ai_1, 2 o22a_1, 5 o22ai_1, 17 o31ai_1, 37 o41ai_1, 2 or2_0, 2 or3_1, 4 or3b_1, 3 or4_1","5*8.76 + 3*7.51 + 1*7.51 + 235*5.0 + 8*8.76 + 386*10.01 + 64*8.76 + 932*7.51 + 4*8.76 + 160*6.26 + 11*10.01 + 13*8.76 + 4*6.26 + 2*6.26 + 6*8.76 + 2*10.01 + 8200*20.02 + 8192*11.26 + 1712*22.52 + 502*3.75 + 4*6.26 + 50*5.0 + 6*7.51 + 7*6.26 + 834*3.75 + 4*6.26 + 16*5.0 + 6*7.51 + 34*6.26 + 1*10.01 + 1*8.76 + 3*7.51 + 33*5.0 + 1*8.76 + 2*8.76 + 5*6.26 + 17*7.51 + 37*8.76 + 2*6.26 + 2*6.26 + 4*8.76 + 3*7.51",315608.81,"12.29 + 4.47 + 1.78 + 0.38",18.92,"5*0.42 + 3*0.98 + 1*2.48 + 235*1.65 + 8*1.78 + 386*2.43 + 64*4.06 + 932*2.58 + 4*2.37 + 160*1.48 + 11*6.61 + 13*1.36 + 4*1.92 + 2*5.59 + 6*7.06 + 2*5.99 + 8200*8.44 + 8192*4.03 + 1712*6.37 + 502*2.12 + 4*2.25 + 50*1.03 + 6*1.4 + 7*0.53 + 834*1.97 + 4*2.18 + 16*0.93 + 6*1.3 + 34*0.5 + 1*3.2 + 1*0.58 + 3*0.7 + 33*1.04 + 1*1.09 + 2*2.76 + 5*1.31 + 17*1.7 + 37*1.39 + 2*1.26 + 2*1.28 + 4*2.59 + 3*0.85",120528.87
"calculator","1 a22oi_1, 2 maj3_1, 1 nand2_1, 1 nand2b_1, 1 nor2_1, 1 nor3_1, 1 o21ba_1, 8 xnor2_1, 1 xor2_1","1*7.51 + 2*10.01 + 1*3.75 + 1*6.26 + 1*3.75 + 1*5.0 + 1*10.01 + 8*8.76 + 1*8.76",135.14,"0.22 + 0.1 + 0.39 + 0.35 + 0.11",1.17,"1*2.58 + 2*2.09 + 1*2.12 + 1*2.25 + 1*1.97 + 1*0.93 + 1*7.27 + 8*2.07 + 1*4.28",42.14
"counter","1 a31oi_1, 1 and4_1, 10 clkinv_1, 8 dfrtp_1, 2 nand2_1, 1 nand3_1, 1 nand4_1, 2 nor2_1, 4 xnor2_1, 2 xor2_1","1*6.26 + 1*8.76 + 10*3.75 + 8*25.02 + 2*3.75 + 1*5.0 + 1*6.26 + 2*3.75 + 4*8.76 + 2*8.76",331.5,"0.37 + 0.27 + 0.15 + 0.14",0.93,"1*1.48 + 1*3.4 + 10*1.57 + 8*11.65 + 2*2.12 + 1*1.03 + 1*0.53 + 2*1.97 + 4*2.07 + 2*4.28",140.36
"axis_async_fifo","3 a2111oi_0, 54 a211o_1, 217 a211oi_1, 5 a21boi_0, 63 a21o_1, 3027 a21oi_1, 73 a221o_1, 268 a221oi_1, 601 a222oi_1, 273 a22o_1, 317 a22oi_1, 34 a2bb2oi_1, 56 a311o_1, 183 a311oi_1, 43 a31o_1, 248 a31oi_1, 12 a32o_1, 43 a32oi_1, 31 and2_0, 45 and3_1, 6 and3b_1, 151 clkinv_1, 2 conb_1, 6 dfstp_2, 41084 dfxtp_1, 41053 mux2_1, 2960 mux2i_1, 7493 mux4_2, 2930 nand2_1, 54 nand2b_1, 211 nand3_1, 5 nand3b_1, 11 nand4_1, 6868 nor2_1, 183 nor2b_1, 215 nor3_1, 12 nor3b_1, 11 nor4_1, 1 o2111a_1, 59 o2111ai_1, 37 o211a_1, 449 o211ai_1, 88 o21a_1, 4287 o21ai_0, 33 o21bai_1, 186 o221a_1, 1168 o221ai_1, 91 o22a_1, 1230 o22ai_1, 16 o2bb2ai_1, 73 o311a_1, 125 o311ai_0, 17 o31a_1, 121 o31ai_1, 18 o32a_1, 66 o32ai_1, 1 o41ai_1, 92 or2_0, 29 or3_1, 6 or3b_1, 11 or4_1, 20 xnor2_1, 21 xor2_1","3*8.76 + 54*8.76 + 217*7.51 + 5*7.51 + 63*7.51 + 3027*5.0 + 73*10.01 + 268*8.76 + 601*10.01 + 273*8.76 + 317*7.51 + 34*8.76 + 56*10.01 + 183*8.76 + 43*8.76 + 248*6.26 + 12*10.01 + 43*8.76 + 31*6.26 + 45*6.26 + 6*8.76 + 151*3.75 + 2*3.75 + 6*26.28 + 41084*20.02 + 41053*11.26 + 2960*10.01 + 7493*22.52 + 2930*3.75 + 54*6.26 + 211*5.0 + 5*7.51 + 11*6.26 + 6868*3.75 + 183*6.26 + 215*5.0 + 12*7.51 + 11*6.26 + 1*11.26 + 59*8.76 + 37*10.01 + 449*7.51 + 88*7.51 + 4287*5.0 + 33*7.51 + 186*11.26 + 1168*8.76 + 91*8.76 + 1230*6.26 + 16*8.76 + 73*10.01 + 125*8.76 + 17*8.76 + 121*7.51 + 18*10.01 + 66*8.76 + 1*8.76 + 92*6.26 + 29*6.26 + 6*8.76 + 11*7.51 + 20*8.76 + 21*8.76",1614019.94,"0.3 + 0.08 + 0.11 + 0.07 + 0.19 + 3.07 + 2.57 + 1.14 + 0.37",7.9,"3*0.42 + 54*3.14 + 217*0.98 + 5*2.48 + 63*5.9 + 3027*1.65 + 73*2.66 + 268*1.78 + 601*2.43 + 273*4.06 + 317*2.58 + 34*3.38 + 56*1.57 + 183*0.97 + 43*2.37 + 248*1.48 + 12*2.3 + 43*1.25 + 31*1.92 + 45*5.59 + 6*7.06 + 151*1.57 + 2*3.24 + 6*10.52 + 41084*8.44 + 41053*4.03 + 2960*5.89 + 7493*6.37 + 2930*2.12 + 54*2.25 + 211*1.03 + 5*1.4 + 11*0.53 + 6868*1.97 + 183*2.18 + 215*0.93 + 12*1.3 + 11*0.5 + 1*3.75 + 59*0.58 + 37*10.66 + 449*0.7 + 88*2.21 + 4287*1.04 + 33*2.87 + 186*2.73 + 1168*1.09 + 91*2.76 + 1230*1.31 + 16*1.85 + 73*3.77 + 125*0.64 + 17*2.07 + 121*1.7 + 18*1.66 + 66*1.09 + 1*1.39 + 92*1.26 + 29*1.28 + 6*2.59 + 11*0.85 + 20*2.07 + 21*4.28",619657.18
"lab5_2_1","1 and2_0, 2 clkinv_1, 2 dfrtp_1, 1 nand2_1, 1 nor2_1, 1 o21ba_1, 1 xnor2_1","1*6.26 + 2*3.75 + 2*25.02 + 1*3.75 + 1*3.75 + 1*10.01 + 1*8.76",90.07,"0.36 + 0.08 + 0.13",0.57,"1*1.92 + 2*1.57 + 2*11.65 + 1*2.12 + 1*1.97 + 1*7.27 + 1*2.07",41.79
"top_module","2 a211oi_1, 1 a21boi_0, 4 a21o_1, 5 a21oi_1, 1 a221oi_1, 1 a22o_1, 1 a22oi_1, 6 a31oi_1, 1 a41oi_1, 5 and2_0, 12 clkinv_1, 4 maj3_1, 3 mux2_1, 3 mux2i_1, 20 nand2_1, 4 nand2b_1, 3 nand3_1, 2 nand4_1, 29 nor2_1, 2 nor2b_1, 4 nor3_1, 1 nor3b_1, 1 nor4_1, 1 nor4b_1, 1 o211a_1, 3 o21a_1, 7 o21ai_0, 1 o21ba_1, 2 o22ai_1, 1 o31ai_1, 1 or2_0, 15 xnor2_1, 2 xnor3_1, 9 xor2_1","2*7.51 + 1*7.51 + 4*7.51 + 5*5.0 + 1*8.76 + 1*8.76 + 1*7.51 + 6*6.26 + 1*8.76 + 5*6.26 + 12*3.75 + 4*10.01 + 3*11.26 + 3*10.01 + 20*3.75 + 4*6.26 + 3*5.0 + 2*6.26 + 29*3.75 + 2*6.26 + 4*5.0 + 1*7.51 + 1*6.26 + 1*8.76 + 1*10.01 + 3*7.51 + 7*5.0 + 1*10.01 + 2*6.26 + 1*7.51 + 1*6.26 + 15*8.76 + 2*22.52 + 9*8.76",979.55,"0.22 + 0.09 + 0.39 + 0.39 + 0.4 + 0.28 + 0.14 + 0.35 + 0.38 + 0.11 + 0.78 + 0.37 + 0.08",3.98,"2*0.98 + 1*2.48 + 4*5.9 + 5*1.65 + 1*1.78 + 1*4.06 + 1*2.58 + 6*1.48 + 1*1.36 + 5*1.92 + 12*1.57 + 4*2.09 + 3*4.03 + 3*5.89 + 20*2.12 + 4*2.25 + 3*1.03 + 2*0.53 + 29*1.97 + 2*2.18 + 4*0.93 + 1*1.3 + 1*0.5 + 1*0.91 + 1*10.66 + 3*2.21 + 7*1.04 + 1*7.27 + 2*1.31 + 1*1.7 + 1*1.26 + 15*2.07 + 2*15.62 + 9*4.28",383.21
"sensitivity_list","1 nand2_1, 1 nand3_1, 1 nand4_1, 3 xnor2_1, 1 xor2_1","1*3.75 + 1*5.0 + 1*6.26 + 3*8.76 + 1*8.76",50.05,"0.09 + 0.12",0.21,"1*2.12 + 1*1.03 + 1*0.53 + 3*2.07 + 1*4.28",14.17
"RCB_FRL_TrainingPattern","1 clkinv_1, 1 conb_1, 3 dfxtp_1, 1 nand2_1, 1 nor3_1, 1 o21a_1","1*3.75 + 1*3.75 + 3*20.02 + 1*3.75 + 1*5.0 + 1*7.51",83.82,"0.28 + 0.05 + 0.15",0.48,"1*1.57 + 1*3.24 + 3*8.44 + 1*2.12 + 1*0.93 + 1*2.21",35.39
"fmrv32im_mul","1 a2111oi_0, 7 a211oi_1, 2 a21bo_1, 37 a21boi_0, 33 a21o_1, 315 a21oi_1, 17 a22o_1, 62 a22oi_1, 2 a2bb2oi_1, 2 a31o_1, 21 a31oi_1, 1 a32oi_1, 105 and2_0, 53 and3_1, 3 and3b_1, 2 and4_1, 1 and4b_1, 148 clkinv_1, 1 conb_1, 66 dfxtp_1, 419 maj3_1, 32 mux2_1, 1127 nand2_1, 143 nand2b_1, 72 nand3_1, 1 nand3b_1, 38 nand4_1, 1 nand4b_1, 486 nor2_1, 273 nor2b_1, 31 nor3_1, 2 nor3b_1, 1 nor4_1, 1 nor4b_1, 1 nor4bb_1, 1 o2111ai_1, 1 o211a_1, 4 o211ai_1, 56 o21a_1, 265 o21ai_0, 1 o21ba_1, 17 o21bai_1, 18 o22a_1, 11 o22ai_1, 1 o2bb2ai_1, 3 o311a_1, 1 o311ai_0, 2 o31a_1, 24 o31ai_1, 18 or2_0, 36 or3_1, 3 or4_1, 1021 xnor2_1, 56 xnor3_1, 807 xor2_1, 44 xor3_1","1*8.76 + 7*7.51 + 2*10.01 + 37*7.51 + 33*7.51 + 315*5.0 + 17*8.76 + 62*7.51 + 2*8.76 + 2*8.76 + 21*6.26 + 1*8.76 + 105*6.26 + 53*6.26 + 3*8.76 + 2*8.76 + 1*10.01 + 148*3.75 + 1*3.75 + 66*20.02 + 419*10.01 + 32*11.26 + 1127*3.75 + 143*6.26 + 72*5.0 + 1*7.51 + 38*6.26 + 1*8.76 + 486*3.75 + 273*6.26 + 31*5.0 + 2*7.51 + 1*6.26 + 1*8.76 + 1*10.01 + 1*8.76 + 1*10.01 + 4*7.51 + 56*7.51 + 265*5.0 + 1*10.01 + 17*7.51 + 18*8.76 + 11*6.26 + 1*8.76 + 3*10.01 + 1*8.76 + 2*8.76 + 24*7.51 + 18*6.26 + 36*6.26 + 3*7.51 + 1021*8.76 + 56*22.52 + 807*8.76 + 44*23.77",40996.18,"0.13 + 0.41 + 0.39 + 0.37 + 0.37 + 0.32 + 0.13 + 0.32 + 0.43 + 0.18 + 0.26 + 0.19 + 0.14 + 0.12 + 0.16 + 0.11 + 0.31 + 0.09 + 0.29 + 0.1 + 0.23 + 0.12 + 0.33 + 0.3 + 0.23 + 0.26 + 0.16 + 0.26 + 0.17 + 0.25 + 0.17 + 0.31 + 0.15 + 0.51 + 0.18 + 0.19 + 0.13 + 0.21 + 0.18 + 0.13 + 0.21 + 0.26 + 0.08 + 0.17",10.01,"1*0.42 + 7*0.98 + 2*7.27 + 37*2.48 + 33*5.9 + 315*1.65 + 17*4.06 + 62*2.58 + 2*3.38 + 2*2.37 + 21*1.48 + 1*1.25 + 105*1.92 + 53*5.59 + 3*7.06 + 2*3.4 + 1*5.99 + 148*1.57 + 1*3.24 + 66*8.44 + 419*2.09 + 32*4.03 + 1127*2.12 + 143*2.25 + 72*1.03 + 1*1.4 + 38*0.53 + 1*1.03 + 486*1.97 + 273*2.18 + 31*0.93 + 2*1.3 + 1*0.5 + 1*0.91 + 1*3.2 + 1*0.58 + 1*10.66 + 4*0.7 + 56*2.21 + 265*1.04 + 1*7.27 + 17*2.87 + 18*2.76 + 11*1.31 + 1*1.85 + 3*3.77 + 1*0.64 + 2*2.07 + 24*1.7 + 18*1.26 + 36*1.28 + 3*0.85 + 1021*2.07 + 56*15.62 + 807*4.28 + 44*15.22",15601.74
"encryption_module","1 a211oi_1, 6 a21oi_1, 4 and2_0, 1 conb_1, 42 dfxtp_1, 2 maj3_1, 2 nand2_1, 10 nor2_1, 33 nor2b_1, 3 nor3_1, 2 o21a_1, 1 o21ai_0, 3 o21bai_1, 1 o31a_1, 1 or2_0, 2 xnor2_1, 4 xor2_1","1*7.51 + 6*5.0 + 4*6.26 + 1*3.75 + 42*20.02 + 2*10.01 + 2*3.75 + 10*3.75 + 33*6.26 + 3*5.0 + 2*7.51 + 1*5.0 + 3*7.51 + 1*8.76 + 1*6.26 + 2*8.76 + 4*8.76",1303.87,"0.28 + 0.18 + 0.38 + 0.26 + 0.18 + 0.14 + 0.39 + 0.16 + 0.04",2.01,"1*0.98 + 6*1.65 + 4*1.92 + 1*3.24 + 42*8.44 + 2*2.09 + 2*2.12 + 10*1.97 + 33*2.18 + 3*0.93 + 2*2.21 + 1*1.04 + 3*2.87 + 1*2.07 + 1*1.26 + 2*2.07 + 4*4.28",517.79
"full_adder","1 a21boi_0, 3 a21oi_1, 1 a22oi_1, 1 a311oi_1, 1 a31oi_1, 1 and2_0, 7 clkinv_1, 1 conb_1, 1 maj3_1, 6 mux2i_1, 69 mux4_2, 1 nand2_1, 2 nand3_1, 20 nor2_1, 1 nor2b_1, 1 nor3_1, 2 o211ai_1, 16 o21ai_0, 1 o221a_1, 8 o221ai_1, 1 o22ai_1, 1 o311ai_0, 1 o31ai_1, 1 o32ai_1","1*7.51 + 3*5.0 + 1*7.51 + 1*8.76 + 1*6.26 + 1*6.26 + 7*3.75 + 1*3.75 + 1*10.01 + 6*10.01 + 69*22.52 + 1*3.75 + 2*5.0 + 20*3.75 + 1*6.26 + 1*5.0 + 2*7.51 + 16*5.0 + 1*11.26 + 8*8.76 + 1*6.26 + 1*8.76 + 1*7.51 + 1*8.76",2012.91,"0.45 + 0.46 + 0.46 + 0.18 + 0.08",1.63,"1*2.48 + 3*1.65 + 1*2.58 + 1*0.97 + 1*1.48 + 1*1.92 + 7*1.57 + 1*3.24 + 1*2.09 + 6*5.89 + 69*6.37 + 1*2.12 + 2*1.03 + 20*1.97 + 1*2.18 + 1*0.93 + 2*0.7 + 16*1.04 + 1*2.73 + 8*1.09 + 1*1.31 + 1*0.64 + 1*1.7 + 1*1.09",586.49
"debouncer","1 a21oi_1, 5 dfxtp_1, 1 nand2b_1, 1 nand4_1, 4 nor2b_1, 1 nor4_1","1*5.0 + 5*20.02 + 1*6.26 + 1*6.26 + 4*6.26 + 1*6.26",148.92,"0.29 + 0.14 + 0.1 + 0.13",0.66,"1*1.65 + 5*8.44 + 1*2.25 + 1*0.53 + 4*2.18 + 1*0.5",55.85
"signed_magnitude_adder","3 a21oi_1, 1 and3_1, 1 maj3_1, 2 nand2_1, 2 nor2_1, 1 nor2b_1, 2 nor3_1, 2 o21a_1, 1 o21ai_0, 1 o31ai_1, 5 xnor2_1, 5 xor2_1","3*5.0 + 1*6.26 + 1*10.01 + 2*3.75 + 2*3.75 + 1*6.26 + 2*5.0 + 2*7.51 + 1*5.0 + 1*7.51 + 5*8.76 + 5*8.76",177.66,"0.16 + 0.21 + 0.21 + 0.1 + 0.36 + 0.11",1.15,"3*1.65 + 1*5.59 + 1*2.09 + 2*2.12 + 2*1.97 + 1*2.18 + 2*0.93 + 2*2.21 + 1*1.04 + 1*1.7 + 5*2.07 + 5*4.28",63.76
"control_reg_block","1 and2_0, 1 or2_0","1*6.26 + 1*6.26",12.52,"0.17",0.17,"1*1.92 + 1*1.26",3.18
"shadow_pixel_blk_mem_gen","25 a2111o_1, 499 a2111oi_0, 3 a211o_1, 21 a21o_1, 348 a21oi_1, 10 a221o_1, 96 a221oi_1, 5468 a222oi_1, 99 a22o_1, 2559 a22oi_1, 2 a2bb2oi_1, 20 a31o_1, 2882 a31oi_1, 75 a41oi_1, 3 and2_0, 6 and3_1, 7 and3b_1, 141 and4_1, 519 and4b_1, 12 clkinv_1, 24576 dfxtp_1, 24564 mux2_1, 1788 nand2_1, 2 nand2b_1, 90 nand3_1, 39 nand3b_1, 29 nand4_1, 19 nand4b_1, 1124 nor2_1, 3 nor2b_1, 47 nor3_1, 8 nor3b_1, 617 nor4_1, 311 nor4b_1, 502 nor4bb_1, 14 o2111ai_1, 10 o211ai_1, 36 o21ai_0, 1 o221ai_1, 5 o22ai_1, 13 o31ai_1, 1 o41a_1, 20 o41ai_1, 13 or2_0, 32 or3_1, 8 or3b_1, 84 or4_1, 18 or4b_1","25*11.26 + 499*8.76 + 3*8.76 + 21*7.51 + 348*5.0 + 10*10.01 + 96*8.76 + 5468*10.01 + 99*8.76 + 2559*7.51 + 2*8.76 + 20*8.76 + 2882*6.26 + 75*8.76 + 3*6.26 + 6*6.26 + 7*8.76 + 141*8.76 + 519*10.01 + 12*3.75 + 24576*20.02 + 24564*11.26 + 1788*3.75 + 2*6.26 + 90*5.0 + 39*7.51 + 29*6.26 + 19*8.76 + 1124*3.75 + 3*6.26 + 47*5.0 + 8*7.51 + 617*6.26 + 311*8.76 + 502*10.01 + 14*8.76 + 10*7.51 + 36*5.0 + 1*8.76 + 5*6.26 + 13*7.51 + 1*11.26 + 20*8.76 + 13*6.26 + 32*6.26 + 8*8.76 + 84*7.51 + 18*10.01",902237.75,"149.17 + 19.41 + 3.62 + 0.03 + 4.54 + 0.36 + 0.21 + 0.1",177.44,"25*1.68 + 499*0.42 + 3*3.14 + 21*5.9 + 348*1.65 + 10*2.66 + 96*1.78 + 5468*2.43 + 99*4.06 + 2559*2.58 + 2*3.38 + 20*2.37 + 2882*1.48 + 75*1.36 + 3*1.92 + 6*5.59 + 7*7.06 + 141*3.4 + 519*5.99 + 12*1.57 + 24576*8.44 + 24564*4.03 + 1788*2.12 + 2*2.25 + 90*1.03 + 39*1.4 + 29*0.53 + 19*1.03 + 1124*1.97 + 3*2.18 + 47*0.93 + 8*1.3 + 617*0.5 + 311*0.91 + 502*3.2 + 14*0.58 + 10*0.7 + 36*1.04 + 1*1.09 + 5*1.31 + 13*1.7 + 1*1.37 + 20*1.39 + 13*1.26 + 32*1.28 + 8*2.59 + 84*0.85 + 18*2.14",344729.22
"MUX8_1","8 a211oi_1, 9 a21oi_1, 7 a22oi_1, 8 a2bb2oi_1, 1 a32o_1, 8 a32oi_1, 8 a41oi_1, 1 and3_1, 16 mux2_1, 23 mux2i_1, 18 nand2_1, 2 nand2b_1, 1 nand3_1, 18 nor2_1, 10 nor2b_1, 1 nor3_1, 1 nor3b_1, 1 o211a_1, 1 o21a_1, 41 o21ai_0, 1 or3_1, 1 xor2_1","8*7.51 + 9*5.0 + 7*7.51 + 8*8.76 + 1*10.01 + 8*8.76 + 8*8.76 + 1*6.26 + 16*11.26 + 23*10.01 + 18*3.75 + 2*6.26 + 1*5.0 + 18*3.75 + 10*6.26 + 1*5.0 + 1*7.51 + 1*10.01 + 1*7.51 + 41*5.0 + 1*6.26 + 1*8.76",1259.72,"0.33 + 0.42 + 0.89 + 0.19 + 0.12",1.95,"8*0.98 + 9*1.65 + 7*2.58 + 8*3.38 + 1*2.3 + 8*1.25 + 8*1.36 + 1*5.59 + 16*4.03 + 23*5.89 + 18*2.12 + 2*2.25 + 1*1.03 + 18*1.97 + 10*2.18 + 1*0.93 + 1*1.3 + 1*10.66 + 1*2.21 + 41*1.04 + 1*1.28 + 1*4.28",460.76
"signed_adder","3 a21oi_1, 2 a221oi_1, 1 a311oi_1, 5 and2_0, 17 dfxtp_1, 3 maj3_1, 8 nand2_1, 2 nand2b_1, 9 nor2_1, 1 nor2b_1, 1 nor3_1, 3 o21ai_0, 1 o311ai_0, 3 o31ai_1, 3 or2_0, 20 xnor2_1, 5 xor2_1","3*5.0 + 2*8.76 + 1*8.76 + 5*6.26 + 17*20.02 + 3*10.01 + 8*3.75 + 2*6.26 + 9*3.75 + 1*6.26 + 1*5.0 + 3*5.0 + 1*8.76 + 3*7.51 + 3*6.26 + 20*8.76 + 5*8.76",814.55,"0.15 + 0.09 + 0.31 + 0.14 + 0.4 + 0.38 + 0.18 + 0.34 + 0.14 + 0.39 + 0.38 + 0.13",3.03,"3*1.65 + 2*1.78 + 1*0.97 + 5*1.92 + 17*8.44 + 3*2.09 + 8*2.12 + 2*2.25 + 9*1.97 + 1*2.18 + 1*0.93 + 3*1.04 + 1*0.64 + 3*1.7 + 3*1.26 + 20*2.07 + 5*4.28",286.57
"complex_processor","2 a2111oi_0, 4 a21o_1, 32 a21oi_1, 13 a22o_1, 2 a311o_1, 1 a31o_1, 4 a31oi_1, 1 a41oi_1, 3 and2_0, 1 and3_1, 2 buf_1, 4 clkinv_1, 2 conb_1, 48 dfrtp_1, 1 maj3_1, 45 nand2_1, 3 nand2b_1, 6 nand3_1, 1 nand4b_1, 50 nor2_1, 2 nor2b_1, 3 nor3_1, 1 o2111ai_1, 3 o211ai_1, 25 o21ai_0, 3 o2bb2ai_1, 1 o311ai_0, 3 o31a_1, 3 o31ai_1, 2 or2_0, 1 or3_1, 41 xnor2_1, 27 xor2_1","2*8.76 + 4*7.51 + 32*5.0 + 13*8.76 + 2*10.01 + 1*8.76 + 4*6.26 + 1*8.76 + 3*6.26 + 1*6.26 + 2*3.75 + 4*3.75 + 2*3.75 + 48*25.02 + 1*10.01 + 45*3.75 + 3*6.26 + 6*5.0 + 1*8.76 + 50*3.75 + 2*6.26 + 3*5.0 + 1*8.76 + 3*7.51 + 25*5.0 + 3*8.76 + 1*8.76 + 3*8.76 + 3*7.51 + 2*6.26 + 1*6.26 + 41*8.76 + 27*8.76",2945.94,"0.4 + 0.17 + 0.32 + 0.33 + 0.16 + 0.4 + 0.54 + 0.22 + 0.3 + 0.33 + 0.2 + 0.12 + 0.15",3.64,"2*0.42 + 4*5.9 + 32*1.65 + 13*4.06 + 2*1.57 + 1*2.37 + 4*1.48 + 1*1.36 + 3*1.92 + 1*5.59 + 2*1.18 + 4*1.57 + 2*3.24 + 48*11.65 + 1*2.09 + 45*2.12 + 3*2.25 + 6*1.03 + 1*1.03 + 50*1.97 + 2*2.18 + 3*0.93 + 1*0.58 + 3*0.7 + 25*1.04 + 3*1.85 + 1*0.64 + 3*2.07 + 3*1.7 + 2*1.26 + 1*1.28 + 41*2.07 + 27*4.28",1195.99
"clock_buffer_driver","2 a2111o_1, 3 a2111oi_0, 2 a211o_1, 4 a211oi_1, 1 a21bo_1, 4 a21o_1, 29 a21oi_1, 1 a221oi_1, 6 a22o_1, 2 a22oi_1, 4 a2bb2oi_1, 1 a31o_1, 18 a31oi_1, 1 a32oi_1, 2 a41o_1, 10 a41oi_1, 15 and2_0, 7 and3_1, 1 and3b_1, 5 and4_1, 1 and4b_1, 19 clkinv_1, 1 conb_1, 33 dfxtp_1, 2 maj3_1, 5 mux2_1, 1 mux2i_1, 42 nand2_1, 5 nand2b_1, 13 nand3_1, 2 nand3b_1, 7 nand4_1, 2 nand4b_1, 72 nor2_1, 7 nor2b_1, 40 nor3_1, 9 nor3b_1, 5 nor4_1, 1 nor4b_1, 1 nor4bb_1, 2 o2111a_1, 8 o2111ai_1, 3 o211a_1, 7 o211ai_1, 13 o21a_1, 36 o21ai_0, 3 o21ba_1, 4 o21bai_1, 3 o221ai_1, 3 o22a_1, 2 o22ai_1, 5 o31a_1, 9 o31ai_1, 1 o32a_1, 2 o41a_1, 5 o41ai_1, 13 or2_0, 13 or3_1, 1 or3b_1, 2 or4_1, 62 xnor2_1, 22 xor2_1","2*11.26 + 3*8.76 + 2*8.76 + 4*7.51 + 1*10.01 + 4*7.51 + 29*5.0 + 1*8.76 + 6*8.76 + 2*7.51 + 4*8.76 + 1*8.76 + 18*6.26 + 1*8.76 + 2*10.01 + 10*8.76 + 15*6.26 + 7*6.26 + 1*8.76 + 5*8.76 + 1*10.01 + 19*3.75 + 1*3.75 + 33*20.02 + 2*10.01 + 5*11.26 + 1*10.01 + 42*3.75 + 5*6.26 + 13*5.0 + 2*7.51 + 7*6.26 + 2*8.76 + 72*3.75 + 7*6.26 + 40*5.0 + 9*7.51 + 5*6.26 + 1*8.76 + 1*10.01 + 2*11.26 + 8*8.76 + 3*10.01 + 7*7.51 + 13*7.51 + 36*5.0 + 3*10.01 + 4*7.51 + 3*8.76 + 3*8.76 + 2*6.26 + 5*8.76 + 9*7.51 + 1*10.01 + 2*11.26 + 5*8.76 + 13*6.26 + 13*6.26 + 1*8.76 + 2*7.51 + 62*8.76 + 22*8.76",4302.61,"0.12 + 0.48 + 0.12 + 0.25 + 0.34 + 0.21 + 0.44 + 0.31 + 0.24 + 0.28 + 0.11 + 0.45 + 0.35 + 0.23 + 0.2 + 0.53 + 0.24 + 0.26 + 0.29 + 0.37 + 0.2 + 0.51 + 0.25 + 0.18 + 0.17 + 0.62 + 0.17 + 0.22 + 0.45 + 0.24 + 0.28 + 0.31 + 0.46 + 0.19 + 0.62 + 0.2 + 0.14 + 0.34 + 0.2 + 0.2 + 0.29 + 0.4 + 0.29 + 0.3 + 0.3 + 0.15 + 0.41 + 0.25 + 0.19 + 0.58 + 0.39 + 0.24 + 0.51 + 0.19 + 0.27 + 0.2 + 0.28 + 0.37 + 0.2 + 0.27 + 0.51 + 0.17 + 0.17 + 0.9 + 0.18 + 0.26 + 0.25 + 0.4 + 0.08 + 0.05 + 0.14 + 0.07 + 0.22 + 0.09 + 1.37 + 0.13",22.84,"2*1.68 + 3*0.42 + 2*3.14 + 4*0.98 + 1*7.27 + 4*5.9 + 29*1.65 + 1*1.78 + 6*4.06 + 2*2.58 + 4*3.38 + 1*2.37 + 18*1.48 + 1*1.25 + 2*6.61 + 10*1.36 + 15*1.92 + 7*5.59 + 1*7.06 + 5*3.4 + 1*5.99 + 19*1.57 + 1*3.24 + 33*8.44 + 2*2.09 + 5*4.03 + 1*5.89 + 42*2.12 + 5*2.25 + 13*1.03 + 2*1.4 + 7*0.53 + 2*1.03 + 72*1.97 + 7*2.18 + 40*0.93 + 9*1.3 + 5*0.5 + 1*0.91 + 1*3.2 + 2*3.75 + 8*0.58 + 3*10.66 + 7*0.7 + 13*2.21 + 36*1.04 + 3*7.27 + 4*2.87 + 3*1.09 + 3*2.76 + 2*1.31 + 5*2.07 + 9*1.7 + 1*1.66 + 2*1.37 + 5*1.39 + 13*1.26 + 13*1.28 + 1*2.59 + 2*0.85 + 62*2.07 + 22*4.28",1429.55
"sky130_fd_sc_lp__o21ai","1 or3b_1","1*8.76",8.76,"0.32",0.32,"1*2.59",2.59
"InstructionMem","1 a2111oi_0, 1 a211o_1, 4 a211oi_1, 1 a21boi_0, 2 a21o_1, 42 a21oi_1, 2 a221o_1, 4 a221oi_1, 7 a22oi_1, 2 a311o_1, 4 a311oi_1, 12 a31oi_1, 1 a32o_1, 1 a32oi_1, 1 a41o_1, 5 and2_0, 2 and3_1, 1 and3b_1, 2 clkinv_1, 1 conb_1, 43 nand2_1, 11 nand2b_1, 21 nand3_1, 1 nand4_1, 51 nor2_1, 12 nor2b_1, 23 nor3_1, 2 nor3b_1, 5 nor4_1, 2 o2111ai_1, 3 o211ai_1, 1 o21a_1, 36 o21ai_0, 3 o221ai_1, 2 o22a_1, 4 o22ai_1, 1 o2bb2ai_1, 1 o311a_1, 3 o311ai_0, 3 o31a_1, 6 o31ai_1, 1 o32a_1, 2 o32ai_1, 1 o41a_1, 1 o41ai_1, 3 or2_0, 4 or3_1, 1 xnor2_1","1*8.76 + 1*8.76 + 4*7.51 + 1*7.51 + 2*7.51 + 42*5.0 + 2*10.01 + 4*8.76 + 7*7.51 + 2*10.01 + 4*8.76 + 12*6.26 + 1*10.01 + 1*8.76 + 1*10.01 + 5*6.26 + 2*6.26 + 1*8.76 + 2*3.75 + 1*3.75 + 43*3.75 + 11*6.26 + 21*5.0 + 1*6.26 + 51*3.75 + 12*6.26 + 23*5.0 + 2*7.51 + 5*6.26 + 2*8.76 + 3*7.51 + 1*7.51 + 36*5.0 + 3*8.76 + 2*8.76 + 4*6.26 + 1*8.76 + 1*10.01 + 3*8.76 + 3*8.76 + 6*7.51 + 1*10.01 + 2*8.76 + 1*11.26 + 1*8.76 + 3*6.26 + 4*6.26 + 1*8.76",1892.49,"0.5 + 0.13 + 0.36 + 0.13 + 0.06",1.18,"1*0.42 + 1*3.14 + 4*0.98 + 1*2.48 + 2*5.9 + 42*1.65 + 2*2.66 + 4*1.78 + 7*2.58 + 2*1.57 + 4*0.97 + 12*1.48 + 1*2.3 + 1*1.25 + 1*6.61 + 5*1.92 + 2*5.59 + 1*7.06 + 2*1.57 + 1*3.24 + 43*2.12 + 11*2.25 + 21*1.03 + 1*0.53 + 51*1.97 + 12*2.18 + 23*0.93 + 2*1.3 + 5*0.5 + 2*0.58 + 3*0.7 + 1*2.21 + 36*1.04 + 3*1.09 + 2*2.76 + 4*1.31 + 1*1.85 + 1*3.77 + 3*0.64 + 3*2.07 + 6*1.7 + 1*1.66 + 2*1.09 + 1*1.37 + 1*1.39 + 3*1.26 + 4*1.28 + 1*2.07",580.37
"ctrl_transmemory","1 a211oi_1, 9 a21oi_1, 1 a31o_1, 1 a31oi_1, 2 and3_1, 3 clkinv_1, 8 dfrtp_1, 1 mux2i_1, 4 nand2_1, 2 nand3_1, 1 nand3b_1, 1 nand4_1, 1 nor2_1, 1 nor2b_1, 1 nor3_1, 1 o211ai_1, 1 o32ai_1, 2 or4_1","1*7.51 + 9*5.0 + 1*8.76 + 1*6.26 + 2*6.26 + 3*3.75 + 8*25.02 + 1*10.01 + 4*3.75 + 2*5.0 + 1*7.51 + 1*6.26 + 1*3.75 + 1*6.26 + 1*5.0 + 1*7.51 + 1*8.76 + 2*7.51",386.54,"0.37 + 0.66 + 0.23 + 0.19",1.45,"1*0.98 + 9*1.65 + 1*2.37 + 1*1.48 + 2*5.59 + 3*1.57 + 8*11.65 + 1*5.89 + 4*2.12 + 2*1.03 + 1*1.4 + 1*0.53 + 1*1.97 + 1*2.18 + 1*0.93 + 1*0.7 + 1*1.09 + 2*0.85",155.7
"ripple_carry_adder","2 a21oi_1, 1 and2_0, 2 maj3_1, 3 nand2_1, 1 nand3_1, 1 nor2_1, 1 nor2b_1, 1 nor3_1, 1 o21ai_0, 1 or2_0, 4 xnor2_1","2*5.0 + 1*6.26 + 2*10.01 + 3*3.75 + 1*5.0 + 1*3.75 + 1*6.26 + 1*5.0 + 1*5.0 + 1*6.26 + 4*8.76",113.84,"0.38 + 0.25 + 0.14 + 0.33",1.1,"2*1.65 + 1*1.92 + 2*2.09 + 3*2.12 + 1*1.03 + 1*1.97 + 1*2.18 + 1*0.93 + 1*1.04 + 1*1.26 + 4*2.07",32.45
"icachel2","3 a2111o_1, 26 a2111oi_0, 1 a21o_1, 131 a21oi_1, 2 a221o_1, 190 a221oi_1, 2117 a222oi_1, 166 a22o_1, 1014 a22oi_1, 454 a2bb2oi_1, 3 a31o_1, 1202 a31oi_1, 11 a41oi_1, 3 and2_0, 29 and3_1, 7 and3b_1, 40 and4_1, 25 and4b_1, 5 clkinv_1, 1 conb_1, 9563 dfxtp_1, 8370 mux2_1, 312 mux2i_1, 1033 nand2_1, 161 nand2b_1, 145 nand3_1, 19 nand3b_1, 37 nand4_1, 11 nand4b_1, 216 nor2_1, 5 nor2b_1, 42 nor3_1, 8 nor3b_1, 244 nor4_1, 12 nor4b_1, 30 nor4bb_1, 684 o21ai_0, 8 o21bai_1, 361 o221a_1, 33 o22ai_1, 5 o31ai_1, 28 or2_0, 175 or3_1, 3 or3b_1, 11 or4_1, 3 xor2_1","3*11.26 + 26*8.76 + 1*7.51 + 131*5.0 + 2*10.01 + 190*8.76 + 2117*10.01 + 166*8.76 + 1014*7.51 + 454*8.76 + 3*8.76 + 1202*6.26 + 11*8.76 + 3*6.26 + 29*6.26 + 7*8.76 + 40*8.76 + 25*10.01 + 5*3.75 + 1*3.75 + 9563*20.02 + 8370*11.26 + 312*10.01 + 1033*3.75 + 161*6.26 + 145*5.0 + 19*7.51 + 37*6.26 + 11*8.76 + 216*3.75 + 5*6.26 + 42*5.0 + 8*7.51 + 244*6.26 + 12*8.76 + 30*10.01 + 684*5.0 + 8*7.51 + 361*11.26 + 33*6.26 + 5*7.51 + 28*6.26 + 175*6.26 + 3*8.76 + 11*7.51 + 3*8.76",352515.05,"59.82 + 24.25 + 10.94 + 0.56",95.57,"3*1.68 + 26*0.42 + 1*5.9 + 131*1.65 + 2*2.66 + 190*1.78 + 2117*2.43 + 166*4.06 + 1014*2.58 + 454*3.38 + 3*2.37 + 1202*1.48 + 11*1.36 + 3*1.92 + 29*5.59 + 7*7.06 + 40*3.4 + 25*5.99 + 5*1.57 + 1*3.24 + 9563*8.44 + 8370*4.03 + 312*5.89 + 1033*2.12 + 161*2.25 + 145*1.03 + 19*1.4 + 37*0.53 + 11*1.03 + 216*1.97 + 5*2.18 + 42*0.93 + 8*1.3 + 244*0.5 + 12*0.91 + 30*3.2 + 684*1.04 + 8*2.87 + 361*2.73 + 33*1.31 + 5*1.7 + 28*1.26 + 175*1.28 + 3*2.59 + 11*0.85 + 3*4.28",134680.82
"Arithmetic_Logic_Unit","5 a2111oi_0, 2 a211o_1, 17 a211oi_1, 1 a21boi_0, 8 a21o_1, 104 a21oi_1, 1 a221o_1, 8 a221oi_1, 3 a22o_1, 5 a22oi_1, 1 a311o_1, 2 a311oi_1, 7 a31oi_1, 2 a32oi_1, 7 and2_0, 4 and3_1, 1 and4_1, 10 clkinv_1, 1 maj3_1, 2 mux2_1, 71 mux2i_1, 87 nand2_1, 15 nand2b_1, 14 nand3_1, 1 nand3b_1, 3 nand4_1, 120 nor2_1, 14 nor2b_1, 35 nor3_1, 3 nor3b_1, 8 nor4_1, 1 nor4bb_1, 2 o2111ai_1, 11 o211ai_1, 4 o21a_1, 112 o21ai_0, 7 o221ai_1, 1 o22a_1, 14 o22ai_1, 1 o311a_1, 2 o311ai_0, 1 o31a_1, 5 o31ai_1, 2 o32a_1, 4 o32ai_1, 1 o41ai_1, 8 or2_0, 8 or3_1, 1 or3b_1, 1 or4_1, 1 or4b_1, 20 xnor2_1, 11 xor2_1","5*8.76 + 2*8.76 + 17*7.51 + 1*7.51 + 8*7.51 + 104*5.0 + 1*10.01 + 8*8.76 + 3*8.76 + 5*7.51 + 1*10.01 + 2*8.76 + 7*6.26 + 2*8.76 + 7*6.26 + 4*6.26 + 1*8.76 + 10*3.75 + 1*10.01 + 2*11.26 + 71*10.01 + 87*3.75 + 15*6.26 + 14*5.0 + 1*7.51 + 3*6.26 + 120*3.75 + 14*6.26 + 35*5.0 + 3*7.51 + 8*6.26 + 1*10.01 + 2*8.76 + 11*7.51 + 4*7.51 + 112*5.0 + 7*8.76 + 1*8.76 + 14*6.26 + 1*10.01 + 2*8.76 + 1*8.76 + 5*7.51 + 2*10.01 + 4*8.76 + 1*8.76 + 8*6.26 + 8*6.26 + 1*8.76 + 1*7.51 + 1*10.01 + 20*8.76 + 11*8.76",4562.98,"0.42 + 1.41 + 1.18 + 0.21 + 0.22 + 0.08 + 0.29 + 0.11 + 0.12 + 0.08 + 0.19 + 0.09 + 0.18 + 0.1 + 0.14 + 0.09 + 0.16",5.07,"5*0.42 + 2*3.14 + 17*0.98 + 1*2.48 + 8*5.9 + 104*1.65 + 1*2.66 + 8*1.78 + 3*4.06 + 5*2.58 + 1*1.57 + 2*0.97 + 7*1.48 + 2*1.25 + 7*1.92 + 4*5.59 + 1*3.4 + 10*1.57 + 1*2.09 + 2*4.03 + 71*5.89 + 87*2.12 + 15*2.25 + 14*1.03 + 1*1.4 + 3*0.53 + 120*1.97 + 14*2.18 + 35*0.93 + 3*1.3 + 8*0.5 + 1*3.2 + 2*0.58 + 11*0.7 + 4*2.21 + 112*1.04 + 7*1.09 + 1*2.76 + 14*1.31 + 1*3.77 + 2*0.64 + 1*2.07 + 5*1.7 + 2*1.66 + 4*1.09 + 1*1.39 + 8*1.26 + 8*1.28 + 1*2.59 + 1*0.85 + 1*2.14 + 20*2.07 + 11*4.28",1636.06
"calculator","2 a21o_1, 9 a21oi_1, 1 a22oi_1, 1 and3_1, 3 clkinv_1, 4 maj3_1, 3 nand2_1, 2 nand2b_1, 4 nor2_1, 1 nor2b_1, 3 nor3_1, 3 o21a_1, 1 o21ba_1, 2 o21bai_1, 6 xnor2_1, 7 xor2_1","2*7.51 + 9*5.0 + 1*7.51 + 1*6.26 + 3*3.75 + 4*10.01 + 3*3.75 + 2*6.26 + 4*3.75 + 1*6.26 + 3*5.0 + 3*7.51 + 1*10.01 + 2*7.51 + 6*8.76 + 7*8.76",346.55,"0.22 + 0.09 + 0.39 + 0.37 + 0.37 + 0.19 + 0.34 + 0.1 + 0.15 + 0.03",2.25,"2*5.9 + 9*1.65 + 1*2.58 + 1*5.59 + 3*1.57 + 4*2.09 + 3*2.12 + 2*2.25 + 4*1.97 + 1*2.18 + 3*0.93 + 3*2.21 + 1*7.27 + 2*2.87 + 6*2.07 + 7*4.28",133.62
"counter_mux","4 dfrtp_1, 13 nand2_1, 1 nand2b_1, 1 nand3_1, 1 nand4_1, 4 nor2_1, 4 o21ai_0, 3 xnor2_1, 1 xor2_1","4*25.02 + 13*3.75 + 1*6.26 + 1*5.0 + 1*6.26 + 4*3.75 + 4*5.0 + 3*8.76 + 1*8.76",236.39,"0.37 + 0.11 + 0.13",0.61,"4*11.65 + 13*2.12 + 1*2.25 + 1*1.03 + 1*0.53 + 4*1.97 + 4*1.04 + 3*2.07 + 1*4.28",100.5
"mux_6to1","4 a21boi_0, 4 a222oi_1, 4 a22oi_1, 4 a31oi_1, 2 and3b_1, 16 dfrtp_1, 4 mux2_1, 4 nor2_1, 1 nor3_1, 3 nor3b_1","4*7.51 + 4*10.01 + 4*7.51 + 4*6.26 + 2*8.76 + 16*25.02 + 4*11.26 + 4*3.75 + 1*5.0 + 3*7.51",630.57,"0.35 + 0.28",0.63,"4*2.48 + 4*2.43 + 4*2.58 + 4*1.48 + 2*7.06 + 16*11.65 + 4*4.03 + 4*1.97 + 1*0.93 + 3*1.3",265.23
"clock_gate","1 and2_0, 1 dfxtp_1","1*6.26 + 1*20.02",26.28,"0.26",0.26,"1*1.92 + 1*8.44",10.36
"addsub_4bit","2 a21oi_1, 1 a22oi_1, 1 and3b_1, 3 maj3_1, 1 mux2i_1, 2 nand2b_1, 1 nor2_1, 1 nor2b_1, 1 o21ai_0, 1 o22a_1, 10 xnor2_1, 2 xor2_1","2*5.0 + 1*7.51 + 1*8.76 + 3*10.01 + 1*10.01 + 2*6.26 + 1*3.75 + 1*6.26 + 1*5.0 + 1*8.76 + 10*8.76 + 2*8.76",207.72,"0.34 + 0.39 + 0.37 + 0.13 + 0.08",1.31,"2*1.65 + 1*2.58 + 1*7.06 + 3*2.09 + 1*5.89 + 2*2.25 + 1*1.97 + 1*2.18 + 1*1.04 + 1*2.76 + 10*2.07 + 2*4.28",66.81
"logic_gate","1 nor4_1","1*6.26",6.26,"0.17",0.17,"1*0.5",0.5
"consecutive_ones","1 nor2_1, 1 nor3_1, 1 o21a_1","1*3.75 + 1*5.0 + 1*7.51",16.26,"0.16 + 0.06",0.22,"1*1.97 + 1*0.93 + 1*2.21",5.11
"even_parity_bit","8 and2_0, 1 conb_1, 32 xor2_1","8*6.26 + 1*3.75 + 32*8.76",334.15,"0.13 + 0.12",0.25,"8*1.92 + 1*3.24 + 32*4.28",155.56
"mux4to1","4 mux4_2","4*22.52",90.08,"0.43",0.43,"4*6.37",25.48
"chatgpt_generate_edge_detect","3 dfrtp_1, 2 dlxtn_1, 1 nand2b_1, 1 nor2b_1, 2 nor4b_1, 1 xnor2_1","3*25.02 + 2*15.01 + 1*6.26 + 1*6.26 + 2*8.76 + 1*8.76",143.88,"0.39 + 0.27",0.66,"3*11.65 + 2*8.12 + 1*2.25 + 1*2.18 + 2*0.91 + 1*2.07",59.51
"motor_controller","3 a21oi_1, 2 a22oi_1, 1 a31oi_1, 2 and3_1, 8 clkinv_1, 10 dfxtp_1, 1 maj3_1, 1 nand2_1, 3 nand2b_1, 1 nand3_1, 3 nor2_1, 3 nor2b_1, 2 nor4b_1, 1 o21ai_0, 2 o221ai_1, 1 o22ai_1, 1 o311ai_0, 1 or3b_1, 3 xnor2_1, 3 xor2_1","3*5.0 + 2*7.51 + 1*6.26 + 2*6.26 + 8*3.75 + 10*20.02 + 1*10.01 + 1*3.75 + 3*6.26 + 1*5.0 + 3*3.75 + 3*6.26 + 2*8.76 + 1*5.0 + 2*8.76 + 1*6.26 + 1*8.76 + 1*8.76 + 3*8.76 + 3*8.76",462.95,"0.32 + 0.14 + 0.33 + 0.26 + 0.13 + 0.13",1.31,"3*1.65 + 2*2.58 + 1*1.48 + 2*5.59 + 8*1.57 + 10*8.44 + 1*2.09 + 1*2.12 + 3*2.25 + 1*1.03 + 3*1.97 + 3*2.18 + 2*0.91 + 1*1.04 + 2*1.09 + 1*1.31 + 1*0.64 + 1*2.59 + 3*2.07 + 3*4.28",172.8
"bitwise_op","6 a222oi_1, 6 a22oi_1, 3 and3_1, 3 and3b_1, 2 nand2_1, 2 nand4_1, 1 nor3_1, 3 nor3b_1, 2 xnor2_1, 2 xor2_1","6*10.01 + 6*7.51 + 3*6.26 + 3*8.76 + 2*3.75 + 2*6.26 + 1*5.0 + 3*7.51 + 2*8.76 + 2*8.76",232.77,"0.19 + 0.3 + 0.2 + 0.09",0.78,"6*2.43 + 6*2.58 + 3*5.59 + 3*7.06 + 2*2.12 + 2*0.53 + 1*0.93 + 3*1.3 + 2*2.07 + 2*4.28",90.84
"Multiplexer_AC__parameterized16","16 mux2_1","16*11.26",180.16,"0.26",0.26,"16*4.03",64.48
"dual_port_ram","16 a211o_1, 40 a211oi_1, 2 a21bo_1, 10 a21boi_0, 23 a21o_1, 1024 a21oi_1, 48 a221o_1, 168 a221oi_1, 18 a22o_1, 56 a22oi_1, 2 a2bb2oi_1, 25 a311o_1, 103 a311oi_1, 15 a31o_1, 196 a31oi_1, 15 a32o_1, 32 a32oi_1, 15 and2_0, 23 and3_1, 4 and3b_1, 117 clkinv_1, 32784 dfxtp_1, 32720 mux2_1, 797 mux2i_1, 7850 mux4_2, 1638 nand2_1, 48 nand2b_1, 362 nand3_1, 2 nand3b_1, 1 nand4_1, 4795 nor2_1, 88 nor2b_1, 57 nor3_1, 5 nor3b_1, 15 o211a_1, 214 o211ai_1, 63 o21a_1, 3722 o21ai_0, 5 o21bai_1, 72 o221a_1, 1333 o221ai_1, 13 o22a_1, 301 o22ai_1, 5 o2bb2ai_1, 33 o311a_1, 56 o311ai_0, 4 o31a_1, 49 o31ai_1, 5 o32a_1, 23 o32ai_1, 33 or2_0, 10 or3_1, 4 or3b_1","16*8.76 + 40*7.51 + 2*10.01 + 10*7.51 + 23*7.51 + 1024*5.0 + 48*10.01 + 168*8.76 + 18*8.76 + 56*7.51 + 2*8.76 + 25*10.01 + 103*8.76 + 15*8.76 + 196*6.26 + 15*10.01 + 32*8.76 + 15*6.26 + 23*6.26 + 4*8.76 + 117*3.75 + 32784*20.02 + 32720*11.26 + 797*10.01 + 7850*22.52 + 1638*3.75 + 48*6.26 + 362*5.0 + 2*7.51 + 1*6.26 + 4795*3.75 + 88*6.26 + 57*5.0 + 5*7.51 + 15*10.01 + 214*7.51 + 63*7.51 + 3722*5.0 + 5*7.51 + 72*11.26 + 1333*8.76 + 13*8.76 + 301*6.26 + 5*8.76 + 33*10.01 + 56*8.76 + 4*8.76 + 49*7.51 + 5*10.01 + 23*8.76 + 33*6.26 + 10*6.26 + 4*8.76",1285868.53,"41.53 + 21.88 + 0.51 + 0.27 + 0.84 + 0.13 + 0.16 + 0.19",65.51,"16*3.14 + 40*0.98 + 2*7.27 + 10*2.48 + 23*5.9 + 1024*1.65 + 48*2.66 + 168*1.78 + 18*4.06 + 56*2.58 + 2*3.38 + 25*1.57 + 103*0.97 + 15*2.37 + 196*1.48 + 15*2.3 + 32*1.25 + 15*1.92 + 23*5.59 + 4*7.06 + 117*1.57 + 32784*8.44 + 32720*4.03 + 797*5.89 + 7850*6.37 + 1638*2.12 + 48*2.25 + 362*1.03 + 2*1.4 + 1*0.53 + 4795*1.97 + 88*2.18 + 57*0.93 + 5*1.3 + 15*10.66 + 214*0.7 + 63*2.21 + 3722*1.04 + 5*2.87 + 72*2.73 + 1333*1.09 + 13*2.76 + 301*1.31 + 5*1.85 + 33*3.77 + 56*0.64 + 4*2.07 + 49*1.7 + 5*1.66 + 23*1.09 + 33*1.26 + 10*1.28 + 4*2.59",487198.42
"parity","6 xnor2_1, 1 xnor3_1, 1 xor2_1","6*8.76 + 1*22.52 + 1*8.76",83.84,"0.11 + 0.26 + 0.32",0.69,"6*2.07 + 1*15.62 + 1*4.28",32.32
"asyn_fifo_read","3 a21o_1, 2 a21oi_1, 1 a22o_1, 1 a31oi_1, 4 clkinv_1, 22 dfrtp_1, 5 maj3_1, 1 mux2i_1, 8 nand2_1, 2 nand2b_1, 1 nand3_1, 1 nand4_1, 4 nor2_1, 7 nor2b_1, 1 nor3_1, 1 nor4_1, 1 o211ai_1, 3 o21ai_0, 11 xnor2_1, 2 xnor3_1, 13 xor2_1","3*7.51 + 2*5.0 + 1*8.76 + 1*6.26 + 4*3.75 + 22*25.02 + 5*10.01 + 1*10.01 + 8*3.75 + 2*6.26 + 1*5.0 + 1*6.26 + 4*3.75 + 7*6.26 + 1*5.0 + 1*6.26 + 1*7.51 + 3*5.0 + 11*8.76 + 2*22.52 + 13*8.76",1074.7,"0.35 + 0.21 + 0.09 + 0.16 + 0.23 + 0.41 + 0.37 + 0.36 + 0.12 + 0.19 + 0.17 + 0.06",2.72,"3*5.9 + 2*1.65 + 1*4.06 + 1*1.48 + 4*1.57 + 22*11.65 + 5*2.09 + 1*5.89 + 8*2.12 + 2*2.25 + 1*1.03 + 1*0.53 + 4*1.97 + 7*2.18 + 1*0.93 + 1*0.5 + 1*0.7 + 3*1.04 + 11*2.07 + 2*15.62 + 13*4.28",466.52
"shifter","4 mux2_1","4*11.26",45.04,"0.26",0.26,"4*4.03",16.12
"top_module","1 clkinv_1, 2 conb_1, 1 dfrtp_1","1*3.75 + 2*3.75 + 1*25.02",36.27,"0.31",0.31,"1*1.57 + 2*3.24 + 1*11.65",19.7
"tribuff","1 and2_0","1*6.26",6.26,"0.1",0.1,"1*1.92",1.92
"sync_counter","2 a21oi_1, 1 and3_1, 1 and4_1, 4 dfxtp_1, 2 nor2_1, 2 nor3_1, 1 o21a_1, 1 xnor2_1","2*5.0 + 1*6.26 + 1*8.76 + 4*20.02 + 2*3.75 + 2*5.0 + 1*7.51 + 1*8.76",138.87,"0.33 + 0.21 + 0.12 + 0.04",0.7,"2*1.65 + 1*5.59 + 1*3.4 + 4*8.44 + 2*1.97 + 2*0.93 + 1*2.21 + 1*2.07",56.13
"bios_loader","2 a211oi_1, 28 a21oi_1, 1 a31oi_1, 3 a41oi_1, 6 and2_0, 8 and3_1, 1 and3b_1, 4 and4_1, 3 clkinv_1, 1 conb_1, 43 dfxtp_1, 18 nand2_1, 2 nand2b_1, 7 nand3_1, 2 nand3b_1, 7 nand4_1, 1 nand4b_1, 24 nor2_1, 7 nor2b_1, 25 nor3_1, 3 nor3b_1, 12 nor4_1, 4 nor4b_1, 1 o211a_1, 1 o21a_1, 18 o21ai_0, 1 o221a_1, 2 or2_0, 1 or3_1, 1 or3b_1, 3 or4_1","2*7.51 + 28*5.0 + 1*6.26 + 3*8.76 + 6*6.26 + 8*6.26 + 1*8.76 + 4*8.76 + 3*3.75 + 1*3.75 + 43*20.02 + 18*3.75 + 2*6.26 + 7*5.0 + 2*7.51 + 7*6.26 + 1*8.76 + 24*3.75 + 7*6.26 + 25*5.0 + 3*7.51 + 12*6.26 + 4*8.76 + 1*10.01 + 1*7.51 + 18*5.0 + 1*11.26 + 2*6.26 + 1*6.26 + 1*8.76 + 3*7.51",1937.84,"0.28 + 0.25 + 0.6 + 0.51 + 0.3 + 0.26 + 0.16 + 0.04",2.4,"2*0.98 + 28*1.65 + 1*1.48 + 3*1.36 + 6*1.92 + 8*5.59 + 1*7.06 + 4*3.4 + 3*1.57 + 1*3.24 + 43*8.44 + 18*2.12 + 2*2.25 + 7*1.03 + 2*1.4 + 7*0.53 + 1*1.03 + 24*1.97 + 7*2.18 + 25*0.93 + 3*1.3 + 12*0.5 + 4*0.91 + 1*10.66 + 1*2.21 + 18*1.04 + 1*2.73 + 2*1.26 + 1*1.28 + 1*2.59 + 3*0.85",701.49
"dec_table","1 and3_1, 3 and3b_1, 1 conb_1, 8 dfxtp_1, 1 nor3_1, 3 nor3b_1","1*6.26 + 3*8.76 + 1*3.75 + 8*20.02 + 1*5.0 + 3*7.51",223.98,"0.15",0.15,"1*5.59 + 3*7.06 + 1*3.24 + 8*8.44 + 1*0.93 + 3*1.3",102.36
"tag_mem","12 dfxtp_1, 8 mux2_1, 4 mux4_2, 1 nand3_1, 2 nand3b_1, 1 nor3b_1","12*20.02 + 8*11.26 + 4*22.52 + 1*5.0 + 2*7.51 + 1*7.51",447.93,"0.34 + 0.47",0.81,"12*8.44 + 8*4.03 + 4*6.37 + 1*1.03 + 2*1.4 + 1*1.3",164.13
"full_adder","2 maj3_1, 2 nand2_1, 1 nor2_1, 1 o21ai_0, 5 xnor2_1, 2 xor2_1","2*10.01 + 2*3.75 + 1*3.75 + 1*5.0 + 5*8.76 + 2*8.76",97.59,"0.07 + 0.13 + 0.4 + 0.33",0.93,"2*2.09 + 2*2.12 + 1*1.97 + 1*1.04 + 5*2.07 + 2*4.28",30.34
"sky130_fd_sc_ls__a41oi","1 a221o_1","1*10.01",10.01,"0.29",0.29,"1*2.66",2.66
"mux4to1","1 mux4_2","1*22.52",22.52,"0.43",0.43,"1*6.37",6.37
"binary_to_excess_3","1 clkinv_1, 1 nor2b_1, 1 nor3_1, 1 o21ai_0, 2 xnor2_1","1*3.75 + 1*6.26 + 1*5.0 + 1*5.0 + 2*8.76",37.53,"0.2 + 0.12",0.32,"1*1.57 + 1*2.18 + 1*0.93 + 1*1.04 + 2*2.07",9.86
"johnson_binary_counter","1 a21boi_0, 2 a21o_1, 2 a21oi_1, 6 and2_0, 1 and3_1, 3 clkinv_1, 1 conb_1, 28 dfrtp_1, 2 dfstp_2, 10 mux2_1, 2 mux2i_1, 15 nand2_1, 7 nand3_1, 1 nand3b_1, 2 nand4_1, 7 nor2_1, 2 nor2b_1, 6 nor3_1, 4 nor4_1, 1 o41ai_1, 3 xnor2_1","1*7.51 + 2*7.51 + 2*5.0 + 6*6.26 + 1*6.26 + 3*3.75 + 1*3.75 + 28*25.02 + 2*26.28 + 10*11.26 + 2*10.01 + 15*3.75 + 7*5.0 + 1*7.51 + 2*6.26 + 7*3.75 + 2*6.26 + 6*5.0 + 4*6.26 + 1*8.76 + 3*8.76",1217.22,"0.54 + 0.06 + 0.18 + 0.33 + 0.21 + 0.34",1.66,"1*2.48 + 2*5.9 + 2*1.65 + 6*1.92 + 1*5.59 + 3*1.57 + 1*3.24 + 28*11.65 + 2*10.52 + 10*4.03 + 2*5.89 + 15*2.12 + 7*1.03 + 1*1.4 + 2*0.53 + 7*1.97 + 2*2.18 + 6*0.93 + 4*0.5 + 1*1.39 + 3*2.07",516.76
"hamming_code","4 buf_1, 3 xor3_1","4*3.75 + 3*23.77",86.31,"0.33",0.33,"4*1.18 + 3*15.22",50.38
"sky130_fd_sc_ls__nor4b","1 nor4b_1","1*8.76",8.76,"0.19",0.19,"1*0.91",0.91
"priority_encoder","4 a21o_1, 3 a21oi_1, 1 a221o_1, 1 a311oi_1, 1 a31oi_1, 4 and2_0, 4 clkinv_1, 13 maj3_1, 14 nand2_1, 2 nand2b_1, 4 nand3_1, 6 nor2_1, 1 nor3b_1, 1 o211ai_1, 5 o21ai_0, 1 o31ai_1, 1 or2_0, 1 or3_1, 37 xnor2_1, 17 xor2_1","4*7.51 + 3*5.0 + 1*10.01 + 1*8.76 + 1*6.26 + 4*6.26 + 4*3.75 + 13*10.01 + 14*3.75 + 2*6.26 + 4*5.0 + 6*3.75 + 1*7.51 + 1*7.51 + 5*5.0 + 1*7.51 + 1*6.26 + 1*6.26 + 37*8.76 + 17*8.76",880.85,"0.15 + 0.11 + 1.05 + 0.23 + 0.29 + 0.12 + 0.23 + 0.16 + 0.4 + 0.4 + 0.33 + 0.31 + 0.13 + 0.39 + 0.37 + 0.11",4.78,"4*5.9 + 3*1.65 + 1*2.66 + 1*0.97 + 1*1.48 + 4*1.92 + 4*1.57 + 13*2.09 + 14*2.12 + 2*2.25 + 4*1.03 + 6*1.97 + 1*1.3 + 1*0.7 + 5*1.04 + 1*1.7 + 1*1.26 + 1*1.28 + 37*2.07 + 17*4.28",285.7
"mux_2to1","4 and2_0, 13 clkinv_1, 1 conb_1, 12 dfrtp_1, 8 mux2_1, 1 nand2_1, 1 nand3_1, 2 xnor2_1, 1 xor2_1","4*6.26 + 13*3.75 + 1*3.75 + 12*25.02 + 8*11.26 + 1*3.75 + 1*5.0 + 2*8.76 + 1*8.76",502.89,"0.37 + 0.1 + 0.13",0.6,"4*1.92 + 13*1.57 + 1*3.24 + 12*11.65 + 8*4.03 + 1*2.12 + 1*1.03 + 2*2.07 + 1*4.28",214.94
"sha256_w_mem","4 a211oi_1, 1 a21bo_1, 2 a21boi_0, 4 a21o_1, 35 a21oi_1, 206 a221o_1, 18 a221oi_1, 90 a222oi_1, 13 a22o_1, 119 a22oi_1, 6 a2bb2oi_1, 5 a31oi_1, 1 a32oi_1, 7 and2_0, 211 and3_1, 36 clkinv_1, 519 dfrtp_1, 1 dfstp_2, 55 maj3_1, 1 mux2_1, 12 mux2i_1, 379 nand2_1, 6 nand2b_1, 23 nand3_1, 29 nand4_1, 531 nor2_1, 272 nor2b_1, 8 nor3_1, 1 nor3b_1, 1 nor4_1, 5 o2111ai_1, 2 o21a_1, 362 o21ai_0, 3 o311ai_0, 3 o31ai_1, 1 o41ai_1, 5 or2_0, 1 or3_1, 173 xnor2_1, 3 xnor3_1, 69 xor2_1, 11 xor3_1","4*7.51 + 1*10.01 + 2*7.51 + 4*7.51 + 35*5.0 + 206*10.01 + 18*8.76 + 90*10.01 + 13*8.76 + 119*7.51 + 6*8.76 + 5*6.26 + 1*8.76 + 7*6.26 + 211*6.26 + 36*3.75 + 519*25.02 + 1*26.28 + 55*10.01 + 1*11.26 + 12*10.01 + 379*3.75 + 6*6.26 + 23*5.0 + 29*6.26 + 531*3.75 + 272*6.26 + 8*5.0 + 1*7.51 + 1*6.26 + 5*8.76 + 2*7.51 + 362*5.0 + 3*8.76 + 3*7.51 + 1*8.76 + 5*6.26 + 1*6.26 + 173*8.76 + 3*22.52 + 69*8.76 + 11*23.77",29590.2,"0.38 + 10.79 + 21.51 + 3.07",35.75,"4*0.98 + 1*7.27 + 2*2.48 + 4*5.9 + 35*1.65 + 206*2.66 + 18*1.78 + 90*2.43 + 13*4.06 + 119*2.58 + 6*3.38 + 5*1.48 + 1*1.25 + 7*1.92 + 211*5.59 + 36*1.57 + 519*11.65 + 1*10.52 + 55*2.09 + 1*4.03 + 12*5.89 + 379*2.12 + 6*2.25 + 23*1.03 + 29*0.53 + 531*1.97 + 272*2.18 + 8*0.93 + 1*1.3 + 1*0.5 + 5*0.58 + 2*2.21 + 362*1.04 + 3*0.64 + 3*1.7 + 1*1.39 + 5*1.26 + 1*1.28 + 173*2.07 + 3*15.62 + 69*4.28 + 11*15.22",12552.72
"top_module","1 a21boi_0, 1 a221oi_1, 1 a222oi_1, 2 a31oi_1, 2 a32oi_1, 1 and3_1, 8 clkinv_1, 6 dfrtp_1, 4 dfxtp_1, 6 nand2_1, 2 nand2b_1, 6 nand3_1, 1 nand4_1, 1 nor2_1, 1 nor3_1, 2 nor3b_1, 3 o21a_1, 8 o21ai_0, 4 o22a_1, 2 xnor2_1, 1 xor2_1","1*7.51 + 1*8.76 + 1*10.01 + 2*6.26 + 2*8.76 + 1*6.26 + 8*3.75 + 6*25.02 + 4*20.02 + 6*3.75 + 2*6.26 + 6*5.0 + 1*6.26 + 1*3.75 + 1*5.0 + 2*7.51 + 3*7.51 + 8*5.0 + 4*8.76 + 2*8.76 + 1*8.76",541.68,"0.33 + 0.17 + 0.19 + 0.08",0.77,"1*2.48 + 1*1.78 + 1*2.43 + 2*1.48 + 2*1.25 + 1*5.59 + 8*1.57 + 6*11.65 + 4*8.44 + 6*2.12 + 2*2.25 + 6*1.03 + 1*0.53 + 1*1.97 + 1*0.93 + 2*1.3 + 3*2.21 + 8*1.04 + 4*2.76 + 2*2.07 + 1*4.28",197.8
"my_logic_module","1 nand2_1","1*3.75",3.75,"0.02",0.02,"1*2.12",2.12
"modulo_operator","9 a211o_1, 10 a211oi_1, 5 a21boi_0, 17 a21o_1, 292 a21oi_1, 1 a221oi_1, 1 a22o_1, 10 a22oi_1, 10 a2bb2oi_1, 2 a311o_1, 57 a311oi_1, 11 a31o_1, 46 a31oi_1, 1 a32oi_1, 1 a41oi_1, 159 and2_0, 23 and3_1, 1 and4_1, 205 clkinv_1, 137 maj3_1, 66 mux2_1, 48 mux2i_1, 432 nand2_1, 93 nand2b_1, 20 nand3_1, 4 nand3b_1, 12 nand4_1, 1 nand4b_1, 592 nor2_1, 40 nor2b_1, 20 nor3_1, 1 nor3b_1, 23 nor4_1, 3 nor4b_1, 1 o2111ai_1, 5 o211a_1, 19 o211ai_1, 44 o21a_1, 182 o21ai_0, 15 o21bai_1, 9 o221ai_1, 1 o2bb2ai_1, 3 o311a_1, 53 o311ai_0, 17 o31a_1, 26 o31ai_1, 1 o41a_1, 2 o41ai_1, 40 or2_0, 6 or3_1, 1 or3b_1, 617 xnor2_1, 5 xnor3_1, 126 xor2_1","9*8.76 + 10*7.51 + 5*7.51 + 17*7.51 + 292*5.0 + 1*8.76 + 1*8.76 + 10*7.51 + 10*8.76 + 2*10.01 + 57*8.76 + 11*8.76 + 46*6.26 + 1*8.76 + 1*8.76 + 159*6.26 + 23*6.26 + 1*8.76 + 205*3.75 + 137*10.01 + 66*11.26 + 48*10.01 + 432*3.75 + 93*6.26 + 20*5.0 + 4*7.51 + 12*6.26 + 1*8.76 + 592*3.75 + 40*6.26 + 20*5.0 + 1*7.51 + 23*6.26 + 3*8.76 + 1*8.76 + 5*10.01 + 19*7.51 + 44*7.51 + 182*5.0 + 15*7.51 + 9*8.76 + 1*8.76 + 3*10.01 + 53*8.76 + 17*8.76 + 26*7.51 + 1*11.26 + 2*8.76 + 40*6.26 + 6*6.26 + 1*8.76 + 617*8.76 + 5*22.52 + 126*8.76",21984.13,"0.43 + 0.28 + 0.11 + 0.18 + 0.52 + 0.29 + 0.1 + 0.29 + 0.24 + 0.07 + 0.3 + 0.15 + 0.38 + 0.39 + 0.4 + 0.23 + 0.16 + 0.36 + 0.39 + 0.4 + 0.22 + 0.18 + 0.19 + 0.37 + 0.39 + 0.39 + 0.39 + 0.4 + 0.26 + 0.18 + 0.37 + 0.39 + 0.39 + 0.39 + 0.4 + 0.22 + 0.23 + 0.22 + 0.37 + 0.39 + 0.39 + 0.39 + 0.39 + 0.39 + 0.39 + 0.35 + 0.82 + 0.34 + 0.44 + 0.39 + 0.39 + 0.39 + 0.4 + 0.23 + 0.23 + 0.36 + 0.52 + 0.09 + 0.16 + 0.36 + 0.39 + 0.39 + 0.39 + 0.4 + 0.23 + 0.16 + 0.59 + 0.22 + 0.4 + 0.39 + 0.39 + 0.39 + 0.39 + 0.39 + 0.4 + 0.24 + 0.14 + 0.66 + 0.23 + 0.4 + 0.39 + 0.39 + 0.39 + 0.39 + 0.39 + 0.39 + 0.4 + 0.2 + 0.15 + 0.83 + 0.28 + 0.42 + 0.39 + 0.39 + 0.39 + 0.4 + 0.22 + 0.14 + 0.36 + 0.19 + 0.95 + 0.22 + 0.41 + 0.39 + 0.39 + 0.39 + 0.39 + 0.39 + 0.22 + 0.14 + 0.36 + 0.18 + 0.38 + 0.83 + 0.24 + 0.41 + 0.39 + 0.39 + 0.39 + 0.39 + 0.39 + 0.4 + 0.24 + 0.15 + 0.37 + 0.19 + 1.01 + 0.31 + 0.42 + 0.39 + 0.39 + 0.39 + 0.39 + 0.39 + 0.39 + 0.4 + 0.24 + 0.15 + 0.36 + 0.18 + 0.38 + 0.87 + 0.25 + 0.42 + 0.2 + 0.14 + 0.4 + 0.23 + 0.15 + 0.45 + 0.2 + 0.37 + 0.19 + 1.2 + 0.27 + 0.43 + 0.4 + 0.23 + 0.13 + 0.45 + 0.19 + 0.37 + 0.18 + 0.34 + 0.19 + 1.27 + 0.28 + 0.44 + 0.39 + 0.4 + 0.22 + 0.42 + 0.16 + 0.28 + 0.14 + 0.33 + 0.16 + 0.36 + 0.73 + 0.26 + 0.4 + 0.2 + 0.38 + 0.4 + 0.23 + 0.13 + 0.36 + 0.18 + 0.45 + 0.2 + 0.35 + 0.16 + 1.99 + 0.35 + 0.48 + 0.2 + 0.38 + 0.39 + 0.4 + 0.23 + 0.14 + 0.41 + 0.19 + 0.45 + 0.2 + 0.37 + 0.15 + 1.46 + 0.36 + 0.45 + 0.39 + 0.39 + 0.39 + 0.39 + 0.4 + 0.22 + 0.15 + 0.42 + 0.19 + 0.43 + 0.19 + 0.35 + 0.16 + 1.21 + 0.28 + 0.43 + 0.39 + 0.39 + 0.2 + 0.38 + 0.39 + 0.4 + 0.23 + 0.13 + 0.41 + 0.19 + 0.43 + 0.19 + 0.35 + 0.18 + 1.51 + 0.3 + 0.45 + 0.39 + 0.39 + 0.4 + 0.23 + 0.24 + 0.1 + 0.43 + 0.17 + 0.45 + 0.16 + 0.28 + 0.15 + 0.36 + 0.88 + 0.28 + 0.41 + 0.39 + 0.39 + 0.2 + 0.39 + 0.2 + 0.14 + 0.41 + 0.22 + 0.15 + 0.42 + 0.16 + 0.42 + 0.19 + 0.35 + 0.19 + 1.64 + 0.32 + 0.47 + 0.39 + 0.39 + 0.39 + 0.39 + 0.4 + 0.25 + 0.13 + 0.42 + 0.16 + 0.42 + 0.19 + 0.43 + 0.16 + 0.36 + 0.19 + 1.63 + 0.39 + 0.47 + 0.39 + 0.39 + 0.39 + 0.39 + 0.39 + 0.4 + 0.24 + 0.39 + 0.16 + 0.44 + 0.16 + 0.28 + 0.14 + 0.28 + 0.15 + 0.35 + 0.9 + 0.3 + 0.43 + 0.25 + 0.14 + 0.22 + 0.12 + 0.2 + 0.11 + 0.27 + 0.17 + 0.13 + 0.09 + 0.41 + 0.16 + 0.34 + 0.17 + 0.45 + 0.18 + 0.37 + 1.01 + 0.3 + 0.44 + 0.19 + 0.15 + 0.4 + 0.22 + 0.12 + 0.43 + 0.19 + 0.43 + 0.16 + 0.42 + 0.19 + 0.43 + 0.19 + 0.37 + 0.19 + 1.86 + 0.42 + 0.5 + 0.33 + 0.2 + 0.35 + 0.1 + 0.35 + 0.16 + 0.36 + 0.18 + 0.33 + 0.3 + 0.43 + 0.17 + 0.31 + 0.35 + 0.24 + 1.93 + 0.4 + 0.32 + 0.21 + 0.08 + 0.26 + 0.1 + 0.38 + 0.18 + 1.03 + 0.36",135.24,"9*3.14 + 10*0.98 + 5*2.48 + 17*5.9 + 292*1.65 + 1*1.78 + 1*4.06 + 10*2.58 + 10*3.38 + 2*1.57 + 57*0.97 + 11*2.37 + 46*1.48 + 1*1.25 + 1*1.36 + 159*1.92 + 23*5.59 + 1*3.4 + 205*1.57 + 137*2.09 + 66*4.03 + 48*5.89 + 432*2.12 + 93*2.25 + 20*1.03 + 4*1.4 + 12*0.53 + 1*1.03 + 592*1.97 + 40*2.18 + 20*0.93 + 1*1.3 + 23*0.5 + 3*0.91 + 1*0.58 + 5*10.66 + 19*0.7 + 44*2.21 + 182*1.04 + 15*2.87 + 9*1.09 + 1*1.85 + 3*3.77 + 53*0.64 + 17*2.07 + 26*1.7 + 1*1.37 + 2*1.39 + 40*1.26 + 6*1.28 + 1*2.59 + 617*2.07 + 5*15.62 + 126*4.28",7385.99
"and_or_xor_adder","1 clkinv_1, 1 nand2_1, 1 nand3_1, 1 nand4_1, 2 nor2_1, 1 nor4_1, 1 o31a_1, 9 xnor2_1, 5 xor2_1","1*3.75 + 1*3.75 + 1*5.0 + 1*6.26 + 2*3.75 + 1*6.26 + 1*8.76 + 9*8.76 + 5*8.76",163.92,"0.25 + 0.21 + 0.43 + 0.14",1.03,"1*1.57 + 1*2.12 + 1*1.03 + 1*0.53 + 2*1.97 + 1*0.5 + 1*2.07 + 9*2.07 + 5*4.28",51.79
"membus_2_connect","2 or2_0, 36 or3_1","2*6.26 + 36*6.26",237.88,"0.32",0.32,"2*1.26 + 36*1.28",48.6
"Block_Mat_exit570_pr","1 a21oi_1, 1 a31o_1, 32 a31oi_1, 1 and4_1, 2 clkinv_1, 34 dfxtp_1, 1 nand2b_1, 1 nand4_1, 33 nor2_1, 33 nor3_1, 1 nor3b_1, 32 nor4_1, 1 o211a_1, 1 o211ai_1, 1 o21a_1, 1 o21ai_0","1*5.0 + 1*8.76 + 32*6.26 + 1*8.76 + 2*3.75 + 34*20.02 + 1*6.26 + 1*6.26 + 33*3.75 + 33*5.0 + 1*7.51 + 32*6.26 + 1*10.01 + 1*7.51 + 1*7.51 + 1*5.0",1450.15,"0.31 + 1.32 + 0.2 + 0.2",2.03,"1*1.65 + 1*2.37 + 32*1.48 + 1*3.4 + 2*1.57 + 34*8.44 + 1*2.25 + 1*0.53 + 33*1.97 + 33*0.93 + 1*1.3 + 32*0.5 + 1*10.66 + 1*0.7 + 1*2.21 + 1*1.04",475.27
"uart","2 a21boi_0, 1 a21o_1, 32 a21oi_1, 1 a221o_1, 8 a22o_1, 1 a22oi_1, 1 a311oi_1, 11 and2_0, 3 and3_1, 6 clkinv_1, 1 conb_1, 64 dfxtp_1, 7 mux2_1, 40 nand2_1, 3 nand2b_1, 2 nand3_1, 1 nand3b_1, 3 nand4_1, 23 nor2_1, 3 nor2b_1, 9 nor3_1, 2 nor3b_1, 7 nor4_1, 2 o21a_1, 39 o21ai_0, 2 o22ai_1, 2 o2bb2ai_1, 4 o31ai_1, 1 o32a_1, 3 or3_1, 7 or4_1, 1 or4b_1, 3 xnor2_1, 2 xor2_1","2*7.51 + 1*7.51 + 32*5.0 + 1*10.01 + 8*8.76 + 1*7.51 + 1*8.76 + 11*6.26 + 3*6.26 + 6*3.75 + 1*3.75 + 64*20.02 + 7*11.26 + 40*3.75 + 3*6.26 + 2*5.0 + 1*7.51 + 3*6.26 + 23*3.75 + 3*6.26 + 9*5.0 + 2*7.51 + 7*6.26 + 2*7.51 + 39*5.0 + 2*6.26 + 2*8.76 + 4*7.51 + 1*10.01 + 3*6.26 + 7*7.51 + 1*10.01 + 3*8.76 + 2*8.76",2572.09,"0.31 + 0.56 + 0.49 + 0.54 + 0.7 + 0.15 + 0.13",2.88,"2*2.48 + 1*5.9 + 32*1.65 + 1*2.66 + 8*4.06 + 1*2.58 + 1*0.97 + 11*1.92 + 3*5.59 + 6*1.57 + 1*3.24 + 64*8.44 + 7*4.03 + 40*2.12 + 3*2.25 + 2*1.03 + 1*1.4 + 3*0.53 + 23*1.97 + 3*2.18 + 9*0.93 + 2*1.3 + 7*0.5 + 2*2.21 + 39*1.04 + 2*1.31 + 2*1.85 + 4*1.7 + 1*1.66 + 3*1.28 + 7*0.85 + 1*2.14 + 3*2.07 + 2*4.28",970.65
"adapter_ppfifo_2_axi_stream","3 a2111oi_0, 1 a211o_1, 5 a211oi_1, 2 a21boi_0, 1 a21o_1, 26 a21oi_1, 5 a22oi_1, 1 a31o_1, 3 a31oi_1, 1 a32oi_1, 3 and2_0, 6 and3_1, 7 and4_1, 18 clkinv_1, 1 conb_1, 28 dfxtp_1, 5 maj3_1, 1 mux2i_1, 16 nand2_1, 8 nand2b_1, 6 nand3_1, 1 nand3b_1, 7 nand4_1, 1 nand4b_1, 44 nor2_1, 11 nor2b_1, 18 nor3_1, 2 nor3b_1, 17 nor4_1, 1 o2111ai_1, 1 o211a_1, 1 o21a_1, 12 o21ai_0, 1 o21ba_1, 2 o22ai_1, 1 o31ai_1, 1 o32ai_1, 1 o41ai_1, 4 or3_1, 1 or4b_1, 23 xnor2_1, 11 xor2_1","3*8.76 + 1*8.76 + 5*7.51 + 2*7.51 + 1*7.51 + 26*5.0 + 5*7.51 + 1*8.76 + 3*6.26 + 1*8.76 + 3*6.26 + 6*6.26 + 7*8.76 + 18*3.75 + 1*3.75 + 28*20.02 + 5*10.01 + 1*10.01 + 16*3.75 + 8*6.26 + 6*5.0 + 1*7.51 + 7*6.26 + 1*8.76 + 44*3.75 + 11*6.26 + 18*5.0 + 2*7.51 + 17*6.26 + 1*8.76 + 1*10.01 + 1*7.51 + 12*5.0 + 1*10.01 + 2*6.26 + 1*7.51 + 1*8.76 + 1*8.76 + 4*6.26 + 1*10.01 + 23*8.76 + 11*8.76",2220.7,"0.42 + 0.3 + 0.32 + 0.16 + 0.47 + 0.39 + 0.16 + 0.2 + 0.07 + 0.5 + 0.28 + 0.11",3.38,"3*0.42 + 1*3.14 + 5*0.98 + 2*2.48 + 1*5.9 + 26*1.65 + 5*2.58 + 1*2.37 + 3*1.48 + 1*1.25 + 3*1.92 + 6*5.59 + 7*3.4 + 18*1.57 + 1*3.24 + 28*8.44 + 5*2.09 + 1*5.89 + 16*2.12 + 8*2.25 + 6*1.03 + 1*1.4 + 7*0.53 + 1*1.03 + 44*1.97 + 11*2.18 + 18*0.93 + 2*1.3 + 17*0.5 + 1*0.58 + 1*10.66 + 1*2.21 + 12*1.04 + 1*7.27 + 2*1.31 + 1*1.7 + 1*1.09 + 1*1.39 + 4*1.28 + 1*2.14 + 23*2.07 + 11*4.28",775.97
"decoder_4to16","1 conb_1, 1 nand2_1, 2 nand3_1, 1 nand4_1, 1 nor2_1, 1 nor2b_1, 1 nor3_1","1*3.75 + 1*3.75 + 2*5.0 + 1*6.26 + 1*3.75 + 1*6.26 + 1*5.0",38.77,"0.2 + 0.08",0.28,"1*3.24 + 1*2.12 + 2*1.03 + 1*0.53 + 1*1.97 + 1*2.18 + 1*0.93",13.03
"GlitchFreeClockMux","3 dfxtp_1, 1 mux2_1","3*20.02 + 1*11.26",71.32,"0.29 + 0.32",0.61,"3*8.44 + 1*4.03",29.35
"seg_7","2 a211oi_1, 1 a21boi_0, 1 a21oi_1, 1 a221o_1, 1 a31oi_1, 1 and3_1, 3 clkinv_1, 1 nand2_1, 1 nand2b_1, 2 nand3_1, 4 nor2_1, 1 nor2b_1, 1 nor3b_1, 3 o211ai_1, 4 o21ai_0, 1 o21ba_1, 1 o31ai_1, 1 or2_0","2*7.51 + 1*7.51 + 1*5.0 + 1*10.01 + 1*6.26 + 1*6.26 + 3*3.75 + 1*3.75 + 1*6.26 + 2*5.0 + 4*3.75 + 1*6.26 + 1*7.51 + 3*7.51 + 4*5.0 + 1*10.01 + 1*7.51 + 1*6.26",176.4,"0.21 + 0.34 + 0.06",0.61,"2*0.98 + 1*2.48 + 1*1.65 + 1*2.66 + 1*1.48 + 1*5.59 + 3*1.57 + 1*2.12 + 1*2.25 + 2*1.03 + 4*1.97 + 1*2.18 + 1*1.3 + 3*0.7 + 4*1.04 + 1*7.27 + 1*1.7 + 1*1.26",54.81
"my_module","2 conb_1, 1 nand3_1, 1 nand4_1, 1 nor2_1, 28 nor3_1, 5 nor4_1, 1 o311a_1, 2 or3_1","2*3.75 + 1*5.0 + 1*6.26 + 1*3.75 + 28*5.0 + 5*6.26 + 1*10.01 + 2*6.26",216.34,"0.24 + 0.62 + 0.52",1.38,"2*3.24 + 1*1.03 + 1*0.53 + 1*1.97 + 28*0.93 + 5*0.5 + 1*3.77 + 2*1.28",44.88
"expand_message","2 conb_1, 22 dfxtp_1","2*3.75 + 22*20.02",447.94,"0.26",0.26,"2*3.24 + 22*8.44",192.16
"long_to_double","1 a211oi_1, 1 a21o_1, 36 a21oi_1, 1 a221oi_1, 50 a222oi_1, 1 a311oi_1, 52 a31oi_1, 1 a32oi_1, 3 and2_0, 4 and3_1, 8 clkinv_1, 202 dfxtp_1, 3 maj3_1, 117 mux2_1, 1 mux2i_1, 57 nand2_1, 1 nand2b_1, 6 nand3_1, 5 nand4_1, 1 nand4b_1, 90 nor2_1, 3 nor2b_1, 4 nor3_1, 15 nor4_1, 1 o211a_1, 2 o21a_1, 14 o21ai_0, 1 o221ai_1, 1 o31a_1, 2 o31ai_1, 2 o32a_1, 1 o32ai_1, 1 o41a_1, 2 o41ai_1, 1 or2_0, 2 or3_1, 2 or4_1, 1 or4b_1, 13 xnor2_1, 9 xor2_1","1*7.51 + 1*7.51 + 36*5.0 + 1*8.76 + 50*10.01 + 1*8.76 + 52*6.26 + 1*8.76 + 3*6.26 + 4*6.26 + 8*3.75 + 202*20.02 + 3*10.01 + 117*11.26 + 1*10.01 + 57*3.75 + 1*6.26 + 6*5.0 + 5*6.26 + 1*8.76 + 90*3.75 + 3*6.26 + 4*5.0 + 15*6.26 + 1*10.01 + 2*7.51 + 14*5.0 + 1*8.76 + 1*8.76 + 2*7.51 + 2*10.01 + 1*8.76 + 1*11.26 + 2*8.76 + 1*6.26 + 2*6.26 + 2*7.51 + 1*10.01 + 13*8.76 + 9*8.76",7704.55,"0.29 + 0.5 + 0.16 + 0.14 + 0.38 + 0.11 + 4.58 + 0.67 + 0.56",7.39,"1*0.98 + 1*5.9 + 36*1.65 + 1*1.78 + 50*2.43 + 1*0.97 + 52*1.48 + 1*1.25 + 3*1.92 + 4*5.59 + 8*1.57 + 202*8.44 + 3*2.09 + 117*4.03 + 1*5.89 + 57*2.12 + 1*2.25 + 6*1.03 + 5*0.53 + 1*1.03 + 90*1.97 + 3*2.18 + 4*0.93 + 15*0.5 + 1*10.66 + 2*2.21 + 14*1.04 + 1*1.09 + 1*2.07 + 2*1.7 + 2*1.66 + 1*1.09 + 1*1.37 + 2*1.39 + 1*1.26 + 2*1.28 + 2*0.85 + 1*2.14 + 13*2.07 + 9*4.28",2943.83
"top_module","1 a21oi_1, 1 and2_0, 8 clkinv_1, 8 dfrtp_1, 3 maj3_1, 1 nand2b_1, 1 or2_0, 7 xnor2_1, 2 xnor3_1, 2 xor2_1","1*5.0 + 1*6.26 + 8*3.75 + 8*25.02 + 3*10.01 + 1*6.26 + 1*6.26 + 7*8.76 + 2*22.52 + 2*8.76",407.85,"0.33 + 0.41 + 0.17 + 0.36 + 0.11",1.38,"1*1.65 + 1*1.92 + 8*1.57 + 8*11.65 + 3*2.09 + 1*2.25 + 1*1.26 + 7*2.07 + 2*15.62 + 2*4.28",173.4
"logic_function","1 o22a_1","1*8.76",8.76,"0.16",0.16,"1*2.76",2.76
"GrayCode","8 dfxtp_1, 3 xor2_1","8*20.02 + 3*8.76",186.44,"0.3 + 0.15",0.45,"8*8.44 + 3*4.28",80.36
"barrel_shifter_4bit","1 clkinv_1, 3 mux2i_1, 1 nor2_1, 1 nor3_1, 1 o22ai_1, 1 o32ai_1, 1 or3_1, 1 or3b_1","1*3.75 + 3*10.01 + 1*3.75 + 1*5.0 + 1*6.26 + 1*8.76 + 1*6.26 + 1*8.76",72.57,"0.37 + 0.16",0.53,"1*1.57 + 3*5.89 + 1*1.97 + 1*0.93 + 1*1.31 + 1*1.09 + 1*1.28 + 1*2.59",28.41
"reset_sequencer","1 a21oi_1, 1 and4_1, 13 clkinv_1, 11 dfrtp_1, 2 dfstp_2, 2 nand2_1, 2 nor2_1, 4 nor3_1, 1 nor3b_1, 1 nor4_1, 1 nor4b_1, 1 o21a_1, 1 o31a_1, 1 or2_0, 1 xor2_1","1*5.0 + 1*8.76 + 13*3.75 + 11*25.02 + 2*26.28 + 2*3.75 + 2*3.75 + 4*5.0 + 1*7.51 + 1*6.26 + 1*8.76 + 1*7.51 + 1*8.76 + 1*6.26 + 1*8.76",479.11,"0.35 + 0.13 + 0.28 + 0.26",1.02,"1*1.65 + 1*3.4 + 13*1.57 + 11*11.65 + 2*10.52 + 2*2.12 + 2*1.97 + 4*0.93 + 1*1.3 + 1*0.5 + 1*0.91 + 1*2.21 + 1*2.07 + 1*1.26 + 1*4.28",199.08
"myClockGate","1 a31oi_1, 1 dfxtp_1, 2 nand2_1, 1 nand3b_1, 1 nor2_1","1*6.26 + 1*20.02 + 2*3.75 + 1*7.51 + 1*3.75",45.04,"0.3 + 0.09 + 0.15",0.54,"1*1.48 + 1*8.44 + 2*2.12 + 1*1.4 + 1*1.97",17.53
"multi_io_module","7 a21oi_1, 2 a221oi_1, 1 a22o_1, 6 clkinv_1, 2 maj3_1, 1 mux2i_1, 6 nand2_1, 2 nand2b_1, 1 nand3_1, 6 nor2_1, 1 nor2b_1, 1 nor3_1, 5 o21ai_0, 1 o22ai_1, 1 o32a_1, 1 or2_0, 4 xnor2_1, 1 xnor3_1, 1 xor2_1","7*5.0 + 2*8.76 + 1*8.76 + 6*3.75 + 2*10.01 + 1*10.01 + 6*3.75 + 2*6.26 + 1*5.0 + 6*3.75 + 1*6.26 + 1*5.0 + 5*5.0 + 1*6.26 + 1*10.01 + 1*6.26 + 4*8.76 + 1*22.52 + 1*8.76",301.44,"0.15 + 0.16 + 0.1 + 0.24 + 0.27 + 0.39 + 0.35 + 0.12 + 0.08",1.86,"7*1.65 + 2*1.78 + 1*4.06 + 6*1.57 + 2*2.09 + 1*5.89 + 6*2.12 + 2*2.25 + 1*1.03 + 6*1.97 + 1*2.18 + 1*0.93 + 5*1.04 + 1*1.31 + 1*1.66 + 1*1.26 + 4*2.07 + 1*15.62 + 1*4.28",109.45
"barrel_shifter_8bit","3 a21oi_1, 1 mux2_1, 4 mux2i_1, 3 mux4_2, 1 nand3b_1, 7 nor2_1, 1 nor2b_1, 1 nor3_1, 1 o21a_1, 1 o21ai_0, 1 o31a_1, 1 or3b_1","3*5.0 + 1*11.26 + 4*10.01 + 3*22.52 + 1*7.51 + 7*3.75 + 1*6.26 + 1*5.0 + 1*7.51 + 1*5.0 + 1*8.76 + 1*8.76",208.91,"0.46 + 0.09 + 0.03",0.58,"3*1.65 + 1*4.03 + 4*5.89 + 3*6.37 + 1*1.4 + 7*1.97 + 1*2.18 + 1*0.93 + 1*2.21 + 1*1.04 + 1*2.07 + 1*2.59",77.86
"fifo","1 a2111oi_0, 7 a211oi_1, 8 a21oi_1, 4 a22oi_1, 1 a41oi_1, 1 and2_0, 1 and3_1, 13 clkinv_1, 9 dfrtp_1, 1 dfstp_2, 141 dfxtp_1, 132 mux2_1, 13 mux2i_1, 30 mux4_2, 11 nand2_1, 5 nand2b_1, 3 nand3_1, 1 nand4_1, 20 nor2_1, 6 nor2b_1, 2 nor3_1, 4 nor3b_1, 1 nor4_1, 1 o211ai_1, 6 o21ai_0, 1 o22a_1, 1 o31ai_1, 4 xnor2_1, 4 xnor3_1, 4 xor2_1","1*8.76 + 7*7.51 + 8*5.0 + 4*7.51 + 1*8.76 + 1*6.26 + 1*6.26 + 13*3.75 + 9*25.02 + 1*26.28 + 141*20.02 + 132*11.26 + 13*10.01 + 30*22.52 + 11*3.75 + 5*6.26 + 3*5.0 + 1*6.26 + 20*3.75 + 6*6.26 + 2*5.0 + 4*7.51 + 1*6.26 + 1*7.51 + 6*5.0 + 1*8.76 + 1*7.51 + 4*8.76 + 4*22.52 + 4*8.76",6034.34,"1.38 + 0.62 + 0.44",2.44,"1*0.42 + 7*0.98 + 8*1.65 + 4*2.58 + 1*1.36 + 1*1.92 + 1*5.59 + 13*1.57 + 9*11.65 + 1*10.52 + 141*8.44 + 132*4.03 + 13*5.89 + 30*6.37 + 11*2.12 + 5*2.25 + 3*1.03 + 1*0.53 + 20*1.97 + 6*2.18 + 2*0.93 + 4*1.3 + 1*0.5 + 1*0.7 + 6*1.04 + 1*2.76 + 1*1.7 + 4*2.07 + 4*15.62 + 4*4.28",2362.63
"top_module","1 a2111oi_0, 1 a211o_1, 5 a211oi_1, 4 a21boi_0, 11 a21o_1, 29 a21oi_1, 3 a22o_1, 1 a22oi_1, 2 a2bb2oi_1, 1 a311o_1, 1 a311oi_1, 5 a31o_1, 6 a31oi_1, 11 and2_0, 5 and3_1, 3 and3b_1, 26 clkinv_1, 16 dfrtp_1, 2 mux2_1, 2 mux2i_1, 40 nand2_1, 7 nand2b_1, 16 nand3_1, 1 nand3b_1, 1 nand4_1, 35 nor2_1, 5 nor2b_1, 9 nor3_1, 2 nor3b_1, 2 nor4_1, 2 o211a_1, 7 o211ai_1, 11 o21a_1, 38 o21ai_0, 3 o21ba_1, 1 o21bai_1, 1 o221ai_1, 3 o22a_1, 3 o22ai_1, 1 o2bb2ai_1, 1 o311a_1, 4 o311ai_0, 2 o31ai_1, 9 or2_0, 1 or3_1, 1 or4_1, 26 xnor2_1, 11 xor2_1","1*8.76 + 1*8.76 + 5*7.51 + 4*7.51 + 11*7.51 + 29*5.0 + 3*8.76 + 1*7.51 + 2*8.76 + 1*10.01 + 1*8.76 + 5*8.76 + 6*6.26 + 11*6.26 + 5*6.26 + 3*8.76 + 26*3.75 + 16*25.02 + 2*11.26 + 2*10.01 + 40*3.75 + 7*6.26 + 16*5.0 + 1*7.51 + 1*6.26 + 35*3.75 + 5*6.26 + 9*5.0 + 2*7.51 + 2*6.26 + 2*10.01 + 7*7.51 + 11*7.51 + 38*5.0 + 3*10.01 + 1*7.51 + 1*8.76 + 3*8.76 + 3*6.26 + 1*8.76 + 1*10.01 + 4*8.76 + 2*7.51 + 9*6.26 + 1*6.26 + 1*7.51 + 26*8.76 + 11*8.76",2553.26,"0.38 + 0.15 + 0.24 + 0.12 + 0.34 + 0.44 + 0.23 + 0.2 + 0.12 + 0.33 + 0.12 + 0.23 + 0.17 + 0.21 + 0.37 + 0.13 + 0.37 + 0.14 + 0.52 + 0.14 + 0.65 + 0.19 + 0.73 + 0.17 + 0.39 + 0.24 + 0.2 + 0.14 + 0.54 + 0.22",8.42,"1*0.42 + 1*3.14 + 5*0.98 + 4*2.48 + 11*5.9 + 29*1.65 + 3*4.06 + 1*2.58 + 2*3.38 + 1*1.57 + 1*0.97 + 5*2.37 + 6*1.48 + 11*1.92 + 5*5.59 + 3*7.06 + 26*1.57 + 16*11.65 + 2*4.03 + 2*5.89 + 40*2.12 + 7*2.25 + 16*1.03 + 1*1.4 + 1*0.53 + 35*1.97 + 5*2.18 + 9*0.93 + 2*1.3 + 2*0.5 + 2*10.66 + 7*0.7 + 11*2.21 + 38*1.04 + 3*7.27 + 1*2.87 + 1*1.09 + 3*2.76 + 3*1.31 + 1*1.85 + 1*3.77 + 4*0.64 + 2*1.7 + 9*1.26 + 1*1.28 + 1*0.85 + 26*2.07 + 11*4.28",957.99
"data_en","1 dfxtp_1, 1 mux2i_1, 1 nor2b_1","1*20.02 + 1*10.01 + 1*6.26",36.29,"0.27 + 0.11 + 0.05",0.43,"1*8.44 + 1*5.89 + 1*2.18",16.51
"alt_vipitc131_IS2Vid_control","3 a21oi_1, 2 a221oi_1, 1 a311oi_1, 4 a31oi_1, 10 and2_0, 4 and3_1, 15 clkinv_1, 1 conb_1, 11 dfrtp_1, 6 mux2_1, 5 nand2_1, 3 nand3_1, 4 nor2_1, 2 nor2b_1, 1 nor3_1, 2 nor3b_1, 2 nor4_1, 3 o21ai_0, 1 o311a_1, 3 o31ai_1, 2 or2_0, 1 or4_1, 1 xor2_1","3*5.0 + 2*8.76 + 1*8.76 + 4*6.26 + 10*6.26 + 4*6.26 + 15*3.75 + 1*3.75 + 11*25.02 + 6*11.26 + 5*3.75 + 3*5.0 + 4*3.75 + 2*6.26 + 1*5.0 + 2*7.51 + 2*6.26 + 3*5.0 + 1*10.01 + 3*7.51 + 2*6.26 + 1*7.51 + 1*8.76",726.88,"0.52 + 0.12 + 0.26 + 0.33",1.23,"3*1.65 + 2*1.78 + 1*0.97 + 4*1.48 + 10*1.92 + 4*5.59 + 15*1.57 + 1*3.24 + 11*11.65 + 6*4.03 + 5*2.12 + 3*1.03 + 4*1.97 + 2*2.18 + 1*0.93 + 2*1.3 + 2*0.5 + 3*1.04 + 1*3.77 + 3*1.7 + 2*1.26 + 1*0.85 + 1*4.28",286.18
"chatgpt_generate_JC_counter","1 conb_1, 3 dfrtp_1, 1 xor2_1","1*3.75 + 3*25.02 + 1*8.76",87.57,"0.36 + 0.15",0.51,"1*3.24 + 3*11.65 + 1*4.28",42.47
"shift_en","4 clkinv_1, 1 conb_1, 4 dfrtp_1, 4 mux2_1","4*3.75 + 1*3.75 + 4*25.02 + 4*11.26",163.87,"0.33 + 0.27",0.6,"4*1.57 + 1*3.24 + 4*11.65 + 4*4.03",72.24
"shift_register","8 dfxtp_1, 8 mux2_1","8*20.02 + 8*11.26",250.24,"0.27 + 0.26",0.53,"8*8.44 + 8*4.03",99.76
"binary_arithmetic","4 a2111oi_0, 3 a211o_1, 26 a211oi_1, 4 a21bo_1, 11 a21boi_0, 45 a21o_1, 462 a21oi_1, 1 a221o_1, 8 a221oi_1, 10 a22o_1, 40 a22oi_1, 2 a2bb2oi_1, 4 a311o_1, 57 a311oi_1, 29 a31o_1, 82 a31oi_1, 7 a32o_1, 9 a32oi_1, 2 a41o_1, 2 a41oi_1, 232 and2_0, 63 and3_1, 1 and3b_1, 3 and4_1, 341 clkinv_1, 543 maj3_1, 47 mux2_1, 66 mux2i_1, 1750 nand2_1, 192 nand2b_1, 112 nand3_1, 5 nand3b_1, 24 nand4_1, 3 nand4b_1, 1013 nor2_1, 160 nor2b_1, 88 nor3_1, 2 nor3b_1, 14 nor4_1, 2 nor4b_1, 10 o2111ai_1, 5 o211a_1, 34 o211ai_1, 86 o21a_1, 471 o21ai_0, 27 o21bai_1, 2 o221a_1, 16 o221ai_1, 47 o22a_1, 42 o22ai_1, 5 o2bb2ai_1, 9 o311a_1, 57 o311ai_0, 13 o31a_1, 41 o31ai_1, 2 o32a_1, 1 o32ai_1, 1 o41a_1, 3 o41ai_1, 73 or2_0, 48 or3_1, 8 or4_1, 1613 xnor2_1, 15 xnor3_1, 864 xor2_1, 5 xor3_1","4*8.76 + 3*8.76 + 26*7.51 + 4*10.01 + 11*7.51 + 45*7.51 + 462*5.0 + 1*10.01 + 8*8.76 + 10*8.76 + 40*7.51 + 2*8.76 + 4*10.01 + 57*8.76 + 29*8.76 + 82*6.26 + 7*10.01 + 9*8.76 + 2*10.01 + 2*8.76 + 232*6.26 + 63*6.26 + 1*8.76 + 3*8.76 + 341*3.75 + 543*10.01 + 47*11.26 + 66*10.01 + 1750*3.75 + 192*6.26 + 112*5.0 + 5*7.51 + 24*6.26 + 3*8.76 + 1013*3.75 + 160*6.26 + 88*5.0 + 2*7.51 + 14*6.26 + 2*8.76 + 10*8.76 + 5*10.01 + 34*7.51 + 86*7.51 + 471*5.0 + 27*7.51 + 2*11.26 + 16*8.76 + 47*8.76 + 42*6.26 + 5*8.76 + 9*10.01 + 57*8.76 + 13*8.76 + 41*7.51 + 2*10.01 + 1*8.76 + 1*11.26 + 3*8.76 + 73*6.26 + 48*6.26 + 8*7.51 + 1613*8.76 + 15*22.52 + 864*8.76 + 5*23.77",57218.75,"0.58 + 0.46 + 0.47 + 0.38 + 0.28 + 0.44 + 0.16 + 0.5 + 0.37 + 0.23 + 0.12 + 0.39 + 0.27 + 0.17 + 0.12 + 0.39 + 0.3 + 0.18 + 0.19 + 0.37 + 0.2 + 0.38 + 0.24 + 0.18 + 0.39 + 0.2 + 0.4 + 0.26 + 0.19 + 0.29 + 0.21 + 0.14 + 0.4 + 0.39 + 0.79 + 0.26 + 0.44 + 0.2 + 0.14 + 0.4 + 0.38 + 0.87 + 0.34 + 0.23 + 0.41 + 0.19 + 0.3 + 0.16 + 0.53 + 0.22 + 0.42 + 0.25 + 0.14 + 0.42 + 0.18 + 0.36 + 0.17 + 0.13 + 0.37 + 0.2 + 0.38 + 0.39 + 0.39 + 0.4 + 0.18 + 0.2 + 0.41 + 0.19 + 0.41 + 0.39 + 0.39 + 0.39 + 0.39 + 0.39 + 0.4 + 0.24 + 0.15 + 0.63 + 0.43 + 0.37 + 0.39 + 0.39 + 0.39 + 0.39 + 0.39 + 0.4 + 0.17 + 0.1 + 0.78 + 0.26 + 0.44 + 0.39 + 0.39 + 0.39 + 0.4 + 0.23 + 0.14 + 0.42 + 0.2 + 0.85 + 0.36 + 0.13 + 0.24 + 0.38 + 0.39 + 0.39 + 0.4 + 0.2 + 0.14 + 0.36 + 0.16 + 1.4 + 0.33 + 0.47 + 0.39 + 0.39 + 0.39 + 0.39 + 0.39 + 0.4 + 0.19 + 0.22 + 0.12 + 0.48 + 0.46 + 0.34 + 0.18 + 0.15 + 0.41 + 0.24 + 0.13 + 0.44 + 0.19 + 0.37 + 0.17 + 1.16 + 0.19 + 0.44 + 0.19 + 0.15 + 0.4 + 0.22 + 0.14 + 0.32 + 0.35 + 0.17 + 0.37 + 0.61 + 0.23 + 0.41 + 0.24 + 0.3 + 0.43 + 0.2 + 0.45 + 0.19 + 0.46 + 0.19 + 1.38 + 0.2 + 0.44 + 0.39 + 0.4 + 0.22 + 0.12 + 0.33 + 0.15 + 0.41 + 0.16 + 0.45 + 0.17 + 1.18 + 0.35 + 0.3 + 0.2 + 0.15 + 0.11 + 0.29 + 0.13 + 0.37 + 0.18 + 0.38 + 0.17 + 0.21 + 1.72 + 0.21 + 0.45 + 0.2 + 0.19 + 0.19 + 0.39 + 0.24 + 0.43 + 0.27 + 0.12 + 0.42 + 0.18 + 0.35 + 0.16 + 1.45 + 0.35 + 0.08 + 0.36 + 0.39 + 0.39 + 0.39 + 0.4 + 0.22 + 0.12 + 0.43 + 0.2 + 0.46 + 0.18 + 0.35 + 0.14 + 2.2 + 0.41 + 0.52 + 0.39 + 0.39 + 0.39 + 0.39 + 0.39 + 0.21 + 0.21 + 0.14 + 0.42 + 0.16 + 0.42 + 0.19 + 0.37 + 0.24 + 1.27 + 0.45 + 0.22 + 0.15 + 0.4 + 0.21 + 0.13 + 0.44 + 0.16 + 0.45 + 0.19 + 0.45 + 0.2 + 0.37 + 0.14 + 1.47 + 0.34 + 0.49 + 0.19 + 0.15 + 0.41 + 0.22 + 0.13 + 0.44 + 0.16 + 0.45 + 0.19 + 0.46 + 0.17 + 0.26 + 0.18 + 1.72 + 0.3 + 0.5 + 0.23 + 0.13 + 0.44 + 0.18 + 0.45 + 0.16 + 0.45 + 0.19 + 0.46 + 0.2 + 0.37 + 0.14 + 2.4 + 0.45 + 0.54 + 0.39 + 0.4 + 0.23 + 0.13 + 0.3 + 0.32 + 0.25 + 0.11 + 0.45 + 0.19 + 0.46 + 0.2 + 0.37 + 0.19 + 1.17 + 0.39 + 0.1 + 0.37 + 0.39 + 0.4 + 0.23 + 0.14 + 0.3 + 0.32 + 0.25 + 0.12 + 0.36 + 0.18 + 0.45 + 0.2 + 0.37 + 0.19 + 1.55 + 0.32 + 0.25 + 0.23 + 0.14 + 0.4 + 0.22 + 0.12 + 0.43 + 0.19 + 0.43 + 0.18 + 0.37 + 0.18 + 0.45 + 0.2 + 0.37 + 0.27 + 1.6 + 0.44 + 0.38 + 0.24 + 0.13 + 0.41 + 0.16 + 0.44 + 0.18 + 0.45 + 0.19 + 0.33 + 0.3 + 0.31 + 0.3 + 0.43 + 0.33 + 1.05 + 0.25 + 0.24 + 0.52 + 0.17 + 0.18 + 0.52 + 0.18 + 0.12 + 0.11 + 0.09 + 0.12 + 0.09 + 0.2 + 0.1",127.71,"4*0.42 + 3*3.14 + 26*0.98 + 4*7.27 + 11*2.48 + 45*5.9 + 462*1.65 + 1*2.66 + 8*1.78 + 10*4.06 + 40*2.58 + 2*3.38 + 4*1.57 + 57*0.97 + 29*2.37 + 82*1.48 + 7*2.3 + 9*1.25 + 2*6.61 + 2*1.36 + 232*1.92 + 63*5.59 + 1*7.06 + 3*3.4 + 341*1.57 + 543*2.09 + 47*4.03 + 66*5.89 + 1750*2.12 + 192*2.25 + 112*1.03 + 5*1.4 + 24*0.53 + 3*1.03 + 1013*1.97 + 160*2.18 + 88*0.93 + 2*1.3 + 14*0.5 + 2*0.91 + 10*0.58 + 5*10.66 + 34*0.7 + 86*2.21 + 471*1.04 + 27*2.87 + 2*2.73 + 16*1.09 + 47*2.76 + 42*1.31 + 5*1.85 + 9*3.77 + 57*0.64 + 13*2.07 + 41*1.7 + 2*1.66 + 1*1.09 + 1*1.37 + 3*1.39 + 73*1.26 + 48*1.28 + 8*0.85 + 1613*2.07 + 15*15.62 + 864*4.28 + 5*15.22",20105.85
"EX_ME","104 clkinv_1, 103 dfrtp_1, 1 dfstp_2","104*3.75 + 103*25.02 + 1*26.28",2993.34,"0.47",0.47,"104*1.57 + 103*11.65 + 1*10.52",1373.75
"single_port_block_mem_generator","1 a2111o_1, 564 a2111oi_0, 1 a211o_1, 5 a211oi_1, 28 a21o_1, 752 a21oi_1, 10 a221o_1, 256 a221oi_1, 11322 a222oi_1, 243 a22o_1, 5578 a22oi_1, 31 a31o_1, 5777 a31oi_1, 1 a41o_1, 155 a41oi_1, 8 and2_0, 9 and3_1, 8 and3b_1, 134 and4_1, 432 and4b_1, 1 clkinv_1, 49164 dfxtp_1, 49152 mux2_1, 1251 nand2_1, 210 nand3_1, 7 nand3b_1, 33 nand4_1, 10 nand4b_1, 1 nand4bb_1, 4062 nor2_1, 140 nor3_1, 9 nor3b_1, 1346 nor4_1, 228 nor4b_1, 763 nor4bb_1, 14 o2111ai_1, 1 o211a_1, 39 o211ai_1, 1 o21a_1, 84 o21ai_0, 2 o21bai_1, 6 o221ai_1, 17 o22ai_1, 1 o31a_1, 20 o31ai_1, 11 o41ai_1, 4 or2_0, 16 or3_1, 6 or3b_1, 98 or4_1, 1 or4b_1","1*11.26 + 564*8.76 + 1*8.76 + 5*7.51 + 28*7.51 + 752*5.0 + 10*10.01 + 256*8.76 + 11322*10.01 + 243*8.76 + 5578*7.51 + 31*8.76 + 5777*6.26 + 1*10.01 + 155*8.76 + 8*6.26 + 9*6.26 + 8*8.76 + 134*8.76 + 432*10.01 + 1*3.75 + 49164*20.02 + 49152*11.26 + 1251*3.75 + 210*5.0 + 7*7.51 + 33*6.26 + 10*8.76 + 1*11.26 + 4062*3.75 + 140*5.0 + 9*7.51 + 1346*6.26 + 228*8.76 + 763*10.01 + 14*8.76 + 1*10.01 + 39*7.51 + 1*7.51 + 84*5.0 + 2*7.51 + 6*8.76 + 17*6.26 + 1*8.76 + 20*7.51 + 11*8.76 + 4*6.26 + 16*6.26 + 6*8.76 + 98*7.51 + 1*10.01",1792226.77,"300.45 + 138.21 + 21.12 + 0.6",460.38,"1*1.68 + 564*0.42 + 1*3.14 + 5*0.98 + 28*5.9 + 752*1.65 + 10*2.66 + 256*1.78 + 11322*2.43 + 243*4.06 + 5578*2.58 + 31*2.37 + 5777*1.48 + 1*6.61 + 155*1.36 + 8*1.92 + 9*5.59 + 8*7.06 + 134*3.4 + 432*5.99 + 1*1.57 + 49164*8.44 + 49152*4.03 + 1251*2.12 + 210*1.03 + 7*1.4 + 33*0.53 + 10*1.03 + 1*1.9 + 4062*1.97 + 140*0.93 + 9*1.3 + 1346*0.5 + 228*0.91 + 763*3.2 + 14*0.58 + 1*10.66 + 39*0.7 + 1*2.21 + 84*1.04 + 2*2.87 + 6*1.09 + 17*1.31 + 1*2.07 + 20*1.7 + 11*1.39 + 4*1.26 + 16*1.28 + 6*2.59 + 98*0.85 + 1*2.14",684781.81
"top_module","1 conb_1, 5 dfxtp_1, 4 mux2i_1, 4 nor2_1, 1 nor2b_1","1*3.75 + 5*20.02 + 4*10.01 + 4*3.75 + 1*6.26",165.15,"0.39 + 0.2 + 0.04",0.63,"1*3.24 + 5*8.44 + 4*5.89 + 4*1.97 + 1*2.18",79.06
"vga_buffer_system","6 a211oi_1, 4 a21o_1, 17 a21oi_1, 6 a222oi_1, 2 a22oi_1, 3 and2_0, 2 and3_1, 1 and4_1, 3 clkinv_1, 195 dfxtp_1, 202 mux2_1, 33 mux2i_1, 17 mux4_2, 11 nand2_1, 2 nand2b_1, 1 nand3_1, 1 nand4_1, 17 nor2_1, 6 nor2b_1, 4 nor3_1, 1 nor3b_1, 2 nor4_1, 1 o21a_1, 11 o21ai_0, 11 o22ai_1, 3 or2_0, 1 or3_1, 1 or3b_1, 1 or4_1","6*7.51 + 4*7.51 + 17*5.0 + 6*10.01 + 2*7.51 + 3*6.26 + 2*6.26 + 1*8.76 + 3*3.75 + 195*20.02 + 202*11.26 + 33*10.01 + 17*22.52 + 11*3.75 + 2*6.26 + 1*5.0 + 1*6.26 + 17*3.75 + 6*6.26 + 4*5.0 + 1*7.51 + 2*6.26 + 1*7.51 + 11*5.0 + 11*6.26 + 3*6.26 + 1*6.26 + 1*8.76 + 1*7.51",7557.13,"0.36 + 0.42 + 1.17 + 0.38",2.33,"6*0.98 + 4*5.9 + 17*1.65 + 6*2.43 + 2*2.58 + 3*1.92 + 2*5.59 + 1*3.4 + 3*1.57 + 195*8.44 + 202*4.03 + 33*5.89 + 17*6.37 + 11*2.12 + 2*2.25 + 1*1.03 + 1*0.53 + 17*1.97 + 6*2.18 + 4*0.93 + 1*1.3 + 2*0.5 + 1*2.21 + 11*1.04 + 11*1.31 + 3*1.26 + 1*1.28 + 1*2.59 + 1*0.85",2983.37
"sky130_fd_sc_hd__xnor2","1 xnor2_1","1*8.76",8.76,"0.08",0.08,"1*2.07",2.07
"latch_EX_MEM","78 dfxtp_1, 78 mux2i_1, 78 nor2_1","78*20.02 + 78*10.01 + 78*3.75",2634.84,"0.27 + 0.11 + 0.04",0.42,"78*8.44 + 78*5.89 + 78*1.97",1271.4
"binary_converter","1 clkinv_1, 1 conb_1","1*3.75 + 1*3.75",7.5,"0.02",0.02,"1*1.57 + 1*3.24",4.81
"accu","1 a211oi_1, 1 a21oi_1, 1 a31oi_1, 10 and2_0, 1 clkinv_1, 18 dfrtp_1, 1 dfstp_2, 10 dfxtp_1, 2 maj3_1, 11 mux2_1, 10 nand2_1, 1 nand2b_1, 9 nor2_1, 1 nor2b_1, 1 o211ai_1, 8 o21ai_0, 1 o31ai_1, 1 o41ai_1, 1 or2_0, 1 or3_1, 1 or4_1, 10 xnor2_1, 3 xor2_1","1*7.51 + 1*5.0 + 1*6.26 + 10*6.26 + 1*3.75 + 18*25.02 + 1*26.28 + 10*20.02 + 2*10.01 + 11*11.26 + 10*3.75 + 1*6.26 + 9*3.75 + 1*6.26 + 1*7.51 + 8*5.0 + 1*7.51 + 1*8.76 + 1*6.26 + 1*6.26 + 1*7.51 + 10*8.76 + 3*8.76",1187.3,"0.34 + 0.5 + 0.95 + 0.32 + 0.38",2.49,"1*0.98 + 1*1.65 + 1*1.48 + 10*1.92 + 1*1.57 + 18*11.65 + 1*10.52 + 10*8.44 + 2*2.09 + 11*4.03 + 10*2.12 + 1*2.25 + 9*1.97 + 1*2.18 + 1*0.7 + 8*1.04 + 1*1.7 + 1*1.39 + 1*1.26 + 1*1.28 + 1*0.85 + 10*2.07 + 3*4.28",470.41
"binary_to_gray","1 buf_1, 1 conb_1","1*3.75 + 1*3.75",7.5,"0.05",0.05,"1*1.18 + 1*3.24",4.42
"shift_register","1 buf_1, 22 clkinv_1, 8 dfrtp_1, 7 o31ai_1, 2 or4_1","1*3.75 + 22*3.75 + 8*25.02 + 7*7.51 + 2*7.51",354.0,"0.61 + 0.24",0.85,"1*1.18 + 22*1.57 + 8*11.65 + 7*1.7 + 2*0.85",142.52
"vending_machine","1 a211o_1, 1 a21bo_1, 2 a21boi_0, 2 a21o_1, 8 a21oi_1, 1 a221oi_1, 1 a22oi_1, 1 a2bb2oi_1, 1 a311o_1, 4 and2_0, 4 and3_1, 1 and4b_1, 5 clkinv_1, 8 dlxtn_1, 23 nand2_1, 3 nand2b_1, 5 nand3_1, 15 nor2_1, 1 nor2b_1, 4 nor3_1, 1 nor3b_1, 1 nor4_1, 4 o211ai_1, 12 o21ai_0, 2 o22ai_1, 2 o311a_1, 2 o311ai_0, 1 o31a_1, 3 o31ai_1, 1 o32a_1, 2 or2_0, 1 or3_1, 1 or4b_1, 16 xnor2_1, 7 xor2_1","1*8.76 + 1*10.01 + 2*7.51 + 2*7.51 + 8*5.0 + 1*8.76 + 1*7.51 + 1*8.76 + 1*10.01 + 4*6.26 + 4*6.26 + 1*10.01 + 5*3.75 + 8*15.01 + 23*3.75 + 3*6.26 + 5*5.0 + 15*3.75 + 1*6.26 + 4*5.0 + 1*7.51 + 1*6.26 + 4*7.51 + 12*5.0 + 2*6.26 + 2*10.01 + 2*8.76 + 1*8.76 + 3*7.51 + 1*10.01 + 2*6.26 + 1*6.26 + 1*10.01 + 16*8.76 + 7*8.76",960.75,"0.48 + 0.2 + 0.06 + 0.2 + 0.37 + 0.23 + 0.27 + 0.13 + 0.15 + 0.06",2.15,"1*3.14 + 1*7.27 + 2*2.48 + 2*5.9 + 8*1.65 + 1*1.78 + 1*2.58 + 1*3.38 + 1*1.57 + 4*1.92 + 4*5.59 + 1*5.99 + 5*1.57 + 8*8.12 + 23*2.12 + 3*2.25 + 5*1.03 + 15*1.97 + 1*2.18 + 4*0.93 + 1*1.3 + 1*0.5 + 4*0.7 + 12*1.04 + 2*1.31 + 2*3.77 + 2*0.64 + 1*2.07 + 3*1.7 + 1*1.66 + 2*1.26 + 1*1.28 + 1*2.14 + 16*2.07 + 7*4.28",361.0
"shift_register","8 dfrtp_1, 8 mux2_1","8*25.02 + 8*11.26",290.24,"0.33 + 0.27",0.6,"8*11.65 + 8*4.03",125.44
"my_module","1 dfrtp_1, 1 dfxtp_1, 1 mux2_1, 1 nor2b_1","1*25.02 + 1*20.02 + 1*11.26 + 1*6.26",62.56,"0.33 + 0.26",0.59,"1*11.65 + 1*8.44 + 1*4.03 + 1*2.18",26.3
"dc_diff_gen","14 a211oi_1, 1 a21o_1, 26 a21oi_1, 1 a221o_1, 2 a311oi_1, 2 a31oi_1, 1 and2_0, 4 clkinv_1, 49 dfxtp_1, 2 maj3_1, 10 mux2i_1, 47 nand2_1, 9 nand2b_1, 1 nand3_1, 26 nor2_1, 7 nor2b_1, 1 nor3_1, 3 o21ai_0, 1 o221ai_1, 1 or3_1, 10 xnor2_1, 7 xor2_1","14*7.51 + 1*7.51 + 26*5.0 + 1*10.01 + 2*8.76 + 2*6.26 + 1*6.26 + 4*3.75 + 49*20.02 + 2*10.01 + 10*10.01 + 47*3.75 + 9*6.26 + 1*5.0 + 26*3.75 + 7*6.26 + 1*5.0 + 3*5.0 + 1*8.76 + 1*6.26 + 10*8.76 + 7*8.76",1967.91,"0.3 + 0.18 + 0.4 + 0.32 + 0.24 + 0.26 + 0.16 + 0.29 + 0.12 + 0.35 + 0.24",2.86,"14*0.98 + 1*5.9 + 26*1.65 + 1*2.66 + 2*0.97 + 2*1.48 + 1*1.92 + 4*1.57 + 49*8.44 + 2*2.09 + 10*5.89 + 47*2.12 + 9*2.25 + 1*1.03 + 26*1.97 + 7*2.18 + 1*0.93 + 3*1.04 + 1*1.09 + 1*1.28 + 10*2.07 + 7*4.28",799.4
"booth_multiplier","22 a21oi_1, 1 and3_1, 2 clkinv_1, 25 dfxtp_1, 1 maj3_1, 3 mux2_1, 3 mux2i_1, 18 nand2_1, 10 nor2_1, 3 nor2b_1, 1 nor3_1, 2 nor3b_1, 5 o21ai_0, 1 o31a_1, 3 xnor2_1, 3 xor2_1","22*5.0 + 1*6.26 + 2*3.75 + 25*20.02 + 1*10.01 + 3*11.26 + 3*10.01 + 18*3.75 + 10*3.75 + 3*6.26 + 1*5.0 + 2*7.51 + 5*5.0 + 1*8.76 + 3*8.76 + 3*8.76",928.2,"0.34 + 0.23 + 0.13 + 0.35 + 0.17 + 0.18 + 0.26 + 0.07",1.73,"22*1.65 + 1*5.59 + 2*1.57 + 25*8.44 + 1*2.09 + 3*4.03 + 3*5.89 + 18*2.12 + 10*1.97 + 3*2.18 + 1*0.93 + 2*1.3 + 5*1.04 + 1*2.07 + 3*2.07 + 3*4.28",382.13
"digitalfilter","3 a211oi_1, 1 a21o_1, 17 a21oi_1, 2 a31o_1, 3 a31oi_1, 2 and2_0, 1 clkinv_1, 34 dfxtp_1, 4 maj3_1, 16 mux2_1, 18 nand2_1, 2 nand2b_1, 3 nand3_1, 19 nor2_1, 3 nor2b_1, 2 nor3_1, 1 nor4_1, 1 o211a_1, 1 o211ai_1, 3 o21a_1, 7 o21ai_0, 4 or2_0, 2 or3_1, 13 xnor2_1, 11 xor2_1","3*7.51 + 1*7.51 + 17*5.0 + 2*8.76 + 3*6.26 + 2*6.26 + 1*3.75 + 34*20.02 + 4*10.01 + 16*11.26 + 18*3.75 + 2*6.26 + 3*5.0 + 19*3.75 + 3*6.26 + 2*5.0 + 1*6.26 + 1*10.01 + 1*7.51 + 3*7.51 + 7*5.0 + 4*6.26 + 2*6.26 + 13*8.76 + 11*8.76",1592.65,"0.89 + 0.33 + 0.2 + 0.2 + 0.11 + 0.32 + 0.18 + 0.25 + 0.2 + 0.15",2.83,"3*0.98 + 1*5.9 + 17*1.65 + 2*2.37 + 3*1.48 + 2*1.92 + 1*1.57 + 34*8.44 + 4*2.09 + 16*4.03 + 18*2.12 + 2*2.25 + 3*1.03 + 19*1.97 + 3*2.18 + 2*0.93 + 1*0.5 + 1*10.66 + 1*0.7 + 3*2.21 + 7*1.04 + 4*1.26 + 2*1.28 + 13*2.07 + 11*4.28",610.22
"binary_to_gray_converter","9 clkinv_1, 9 dfrtp_1, 1 nand4_1, 4 xnor2_1, 3 xor2_1","9*3.75 + 9*25.02 + 1*6.26 + 4*8.76 + 3*8.76",326.51,"0.35 + 0.14 + 0.1",0.59,"9*1.57 + 9*11.65 + 1*0.53 + 4*2.07 + 3*4.28",140.63
"mux4to1","1 mux2_1, 1 nand2b_1","1*11.26 + 1*6.26",17.52,"0.12 + 0.27",0.39,"1*4.03 + 1*2.25",6.28
"ram_register","1 a211oi_1, 1 a21o_1, 1 clkinv_1, 2 dfxtp_1, 1 nand2b_1, 1 nand3b_1, 1 nor3b_1","1*7.51 + 1*7.51 + 1*3.75 + 2*20.02 + 1*6.26 + 1*7.51 + 1*7.51",80.09,"0.29 + 0.05 + 0.16",0.5,"1*0.98 + 1*5.9 + 1*1.57 + 2*8.44 + 1*2.25 + 1*1.4 + 1*1.3",30.28
"top_module","1 a21o_1, 5 a21oi_1, 3 a31oi_1, 3 and2_0, 3 and3_1, 3 and4_1, 42 clkinv_1, 1 conb_1, 33 dfrtp_1, 5 nand2_1, 3 nand3_1, 6 nand4_1, 14 nor2_1, 1 nor2b_1, 10 nor3_1, 5 nor4_1, 1 o21a_1, 2 o21bai_1, 2 or2_0, 2 or4_1, 11 xnor2_1, 7 xor2_1","1*7.51 + 5*5.0 + 3*6.26 + 3*6.26 + 3*6.26 + 3*8.76 + 42*3.75 + 1*3.75 + 33*25.02 + 5*3.75 + 3*5.0 + 6*6.26 + 14*3.75 + 1*6.26 + 10*5.0 + 5*6.26 + 1*7.51 + 2*7.51 + 2*6.26 + 2*7.51 + 11*8.76 + 7*8.76",1521.16,"0.38 + 0.28 + 0.16 + 0.47 + 0.43 + 0.35 + 0.16 + 0.35 + 0.31 + 0.12 + 0.13",3.14,"1*5.9 + 5*1.65 + 3*1.48 + 3*1.92 + 3*5.59 + 3*3.4 + 42*1.57 + 1*3.24 + 33*11.65 + 5*2.12 + 3*1.03 + 6*0.53 + 14*1.97 + 1*2.18 + 10*0.93 + 5*0.5 + 1*2.21 + 2*2.87 + 2*1.26 + 2*0.85 + 11*2.07 + 7*4.28",628.28
"udp_reg_path_decode","123 a21oi_1, 8 a22oi_1, 25 a31oi_1, 1 conb_1, 161 dfxtp_1, 300 nand2_1, 1 nand2b_1, 14 nor2_1, 1 nor2b_1, 1 nor3_1, 1 o21ai_0, 1 or3_1","123*5.0 + 8*7.51 + 25*6.26 + 1*3.75 + 161*20.02 + 300*3.75 + 1*6.26 + 14*3.75 + 1*6.26 + 1*5.0 + 1*5.0 + 1*6.26",5264.83,"3.46 + 0.17 + 0.21",3.84,"123*1.65 + 8*2.58 + 25*1.48 + 1*3.24 + 161*8.44 + 300*2.12 + 1*2.25 + 14*1.97 + 1*2.18 + 1*0.93 + 1*1.04 + 1*1.28",2293.93
"up_down_counter","1 a21boi_0, 1 a221oi_1, 1 clkinv_1, 3 dfxtp_1, 1 nand2_1, 1 nor2_1, 1 nor3_1, 1 nor3b_1, 1 o21ai_0, 1 o21ba_1, 1 xnor2_1","1*7.51 + 1*8.76 + 1*3.75 + 3*20.02 + 1*3.75 + 1*3.75 + 1*5.0 + 1*7.51 + 1*5.0 + 1*10.01 + 1*8.76",123.86,"0.31 + 0.2 + 0.13 + 0.16",0.8,"1*2.48 + 1*1.78 + 1*1.57 + 3*8.44 + 1*2.12 + 1*1.97 + 1*0.93 + 1*1.3 + 1*1.04 + 1*7.27 + 1*2.07",47.85
"ram2port","17 a211o_1, 46 a211oi_1, 3 a21bo_1, 3 a21boi_0, 11 a21o_1, 1186 a21oi_1, 51 a221o_1, 203 a221oi_1, 13 a22o_1, 80 a22oi_1, 1 a2bb2oi_1, 17 a311o_1, 86 a311oi_1, 11 a31o_1, 213 a31oi_1, 13 a32o_1, 30 a32oi_1, 8 and2_0, 22 and3_1, 4 and3b_1, 110 clkinv_1, 32854 dfxtp_1, 32693 mux2_1, 719 mux2i_1, 7965 mux4_2, 1432 nand2_1, 34 nand2b_1, 333 nand3_1, 4 nand3b_1, 1 nand4_1, 3810 nor2_1, 50 nor2b_1, 50 nor3_1, 7 nor3b_1, 18 o211a_1, 191 o211ai_1, 28 o21a_1, 3437 o21ai_0, 15 o21bai_1, 86 o221a_1, 1299 o221ai_1, 6 o22a_1, 271 o22ai_1, 2 o2bb2ai_1, 28 o311a_1, 57 o311ai_0, 12 o31a_1, 39 o31ai_1, 2 o32a_1, 19 o32ai_1, 32 or2_0, 7 or3_1, 4 or3b_1","17*8.76 + 46*7.51 + 3*10.01 + 3*7.51 + 11*7.51 + 1186*5.0 + 51*10.01 + 203*8.76 + 13*8.76 + 80*7.51 + 1*8.76 + 17*10.01 + 86*8.76 + 11*8.76 + 213*6.26 + 13*10.01 + 30*8.76 + 8*6.26 + 22*6.26 + 4*8.76 + 110*3.75 + 32854*20.02 + 32693*11.26 + 719*10.01 + 7965*22.52 + 1432*3.75 + 34*6.26 + 333*5.0 + 4*7.51 + 1*6.26 + 3810*3.75 + 50*6.26 + 50*5.0 + 7*7.51 + 18*10.01 + 191*7.51 + 28*7.51 + 3437*5.0 + 15*7.51 + 86*11.26 + 1299*8.76 + 6*8.76 + 271*6.26 + 2*8.76 + 28*10.01 + 57*8.76 + 12*8.76 + 39*7.51 + 2*10.01 + 19*8.76 + 32*6.26 + 7*6.26 + 4*8.76",1282449.69,"12.31 + 0.78",13.09,"17*3.14 + 46*0.98 + 3*7.27 + 3*2.48 + 11*5.9 + 1186*1.65 + 51*2.66 + 203*1.78 + 13*4.06 + 80*2.58 + 1*3.38 + 17*1.57 + 86*0.97 + 11*2.37 + 213*1.48 + 13*2.3 + 30*1.25 + 8*1.92 + 22*5.59 + 4*7.06 + 110*1.57 + 32854*8.44 + 32693*4.03 + 719*5.89 + 7965*6.37 + 1432*2.12 + 34*2.25 + 333*1.03 + 4*1.4 + 1*0.53 + 3810*1.97 + 50*2.18 + 50*0.93 + 7*1.3 + 18*10.66 + 191*0.7 + 28*2.21 + 3437*1.04 + 15*2.87 + 86*2.73 + 1299*1.09 + 6*2.76 + 271*1.31 + 2*1.85 + 28*3.77 + 57*0.64 + 12*2.07 + 39*1.7 + 2*1.66 + 19*1.09 + 32*1.26 + 7*1.28 + 4*2.59",485259.24
"e203_clock_gating","4 dfrtp_1, 2 dfstp_2, 2 o21ba_1, 2 o21bai_1","4*25.02 + 2*26.28 + 2*10.01 + 2*7.51",187.68,"0.35 + 0.17",0.52,"4*11.65 + 2*10.52 + 2*7.27 + 2*2.87",87.92
"jt12_sh_rst","160 clkinv_1, 160 dfrtp_1, 160 mux2_1","160*3.75 + 160*25.02 + 160*11.26",6404.8,"0.34 + 0.28",0.62,"160*1.57 + 160*11.65 + 160*4.03",2760.0
"spi_trx","4 a21oi_1, 1 a31oi_1, 1 and2_0, 1 and3_1, 1 and4_1, 11 clkinv_1, 45 dfxtp_1, 19 mux2_1, 8 nand2_1, 1 nand2b_1, 7 nand3_1, 1 nand4bb_1, 2 nor3_1, 1 nor3b_1, 6 nor4bb_1, 6 o211ai_1, 11 o21ai_0, 6 o311ai_0, 1 o31a_1, 1 or3b_1","4*5.0 + 1*6.26 + 1*6.26 + 1*6.26 + 1*8.76 + 11*3.75 + 45*20.02 + 19*11.26 + 8*3.75 + 1*6.26 + 7*5.0 + 1*11.26 + 2*5.0 + 1*7.51 + 6*10.01 + 6*7.51 + 11*5.0 + 6*8.76 + 1*8.76 + 1*8.76",1533.86,"0.4 + 1.0 + 0.38",1.78,"4*1.65 + 1*1.48 + 1*1.92 + 1*5.59 + 1*3.4 + 11*1.57 + 45*8.44 + 19*4.03 + 8*2.12 + 1*2.25 + 7*1.03 + 1*1.9 + 2*0.93 + 1*1.3 + 6*3.2 + 6*0.7 + 11*1.04 + 6*0.64 + 1*2.07 + 1*2.59",567.45
"mux6to1_pipeline","1 a211oi_1, 1 a21oi_1, 3 a22oi_1, 2 a32oi_1, 1 and2_0, 3 and4b_1, 1 conb_1, 8 dfxtp_1, 2 mux2_1, 2 nand2_1, 3 nand3_1, 2 nand4_1, 1 nand4b_1, 1 nor2_1, 1 nor3_1, 2 nor3b_1, 1 o21a_1","1*7.51 + 1*5.0 + 3*7.51 + 2*8.76 + 1*6.26 + 3*10.01 + 1*3.75 + 8*20.02 + 2*11.26 + 2*3.75 + 3*5.0 + 2*6.26 + 1*8.76 + 1*3.75 + 1*5.0 + 2*7.51 + 1*7.51",350.34,"0.28 + 0.27",0.55,"1*0.98 + 1*1.65 + 3*2.58 + 2*1.25 + 1*1.92 + 3*5.99 + 1*3.24 + 8*8.44 + 2*4.03 + 2*2.12 + 3*1.03 + 2*0.53 + 1*1.03 + 1*1.97 + 1*0.93 + 2*1.3 + 1*2.21",128.71
"address","10 a211o_1, 5 a211oi_1, 1 a21o_1, 4 a221o_1, 1 and4b_1, 8 clkinv_1, 1 conb_1, 2 mux2_1, 4 nand2_1, 3 nand2b_1, 6 nand3_1, 1 nand3b_1, 6 nand4_1, 1 nand4b_1, 1 nand4bb_1, 7 nor2_1, 3 nor2b_1, 3 nor3_1, 9 nor4_1, 2 nor4b_1, 14 o211a_1, 3 o211ai_1, 1 o21a_1, 1 o21ai_0, 1 or3b_1, 2 or4_1, 2 or4b_1","10*8.76 + 5*7.51 + 1*7.51 + 4*10.01 + 1*10.01 + 8*3.75 + 1*3.75 + 2*11.26 + 4*3.75 + 3*6.26 + 6*5.0 + 1*7.51 + 6*6.26 + 1*8.76 + 1*11.26 + 7*3.75 + 3*6.26 + 3*5.0 + 9*6.26 + 2*8.76 + 14*10.01 + 3*7.51 + 1*7.51 + 1*5.0 + 1*8.76 + 2*7.51 + 2*10.01",720.72,"0.4 + 0.25 + 0.31 + 0.29",1.25,"10*3.14 + 5*0.98 + 1*5.9 + 4*2.66 + 1*5.99 + 8*1.57 + 1*3.24 + 2*4.03 + 4*2.12 + 3*2.25 + 6*1.03 + 1*1.4 + 6*0.53 + 1*1.03 + 1*1.9 + 7*1.97 + 3*2.18 + 3*0.93 + 9*0.5 + 2*0.91 + 14*10.66 + 3*0.7 + 1*2.21 + 1*1.04 + 1*2.59 + 2*0.85 + 2*2.14",304.21
"top_module","1 a2111o_1, 2 a2111oi_0, 93 a211oi_1, 6 a21boi_0, 2 a21o_1, 181 a21oi_1, 14 a221oi_1, 4 a222oi_1, 49 a22oi_1, 13 a311oi_1, 10 a31oi_1, 1 a41oi_1, 28 and2_0, 12 and3_1, 2 and4_1, 3 and4b_1, 53 clkinv_1, 200 dfxtp_1, 2 mux2_1, 19 mux2i_1, 78 nand2_1, 5 nand2b_1, 8 nand3_1, 11 nand4_1, 6 nand4b_1, 285 nor2_1, 2 nor2b_1, 19 nor3_1, 1 nor3b_1, 9 nor4_1, 2 o211ai_1, 2 o21a_1, 131 o21ai_0, 6 o21bai_1, 7 o22ai_1, 1 o2bb2ai_1, 1 o311a_1, 2 o31a_1, 3 o31ai_1, 2 o32ai_1, 1 o41a_1, 1 or2_0, 11 or3_1, 3 or4_1, 66 xnor2_1, 18 xor2_1","1*11.26 + 2*8.76 + 93*7.51 + 6*7.51 + 2*7.51 + 181*5.0 + 14*8.76 + 4*10.01 + 49*7.51 + 13*8.76 + 10*6.26 + 1*8.76 + 28*6.26 + 12*6.26 + 2*8.76 + 3*10.01 + 53*3.75 + 200*20.02 + 2*11.26 + 19*10.01 + 78*3.75 + 5*6.26 + 8*5.0 + 11*6.26 + 6*8.76 + 285*3.75 + 2*6.26 + 19*5.0 + 1*7.51 + 9*6.26 + 2*7.51 + 2*7.51 + 131*5.0 + 6*7.51 + 7*6.26 + 1*8.76 + 1*10.01 + 2*8.76 + 3*7.51 + 2*8.76 + 1*11.26 + 1*6.26 + 11*6.26 + 3*7.51 + 66*8.76 + 18*8.76",10541.96,"0.35 + 0.24 + 0.13 + 0.38 + 0.17 + 0.54 + 0.44 + 0.16 + 0.45 + 0.11 + 0.58 + 0.48 + 0.32 + 0.12 + 0.42 + 0.18 + 0.38 + 0.18 + 0.19 + 0.11 + 0.19 + 0.08 + 0.2",6.4,"1*1.68 + 2*0.42 + 93*0.98 + 6*2.48 + 2*5.9 + 181*1.65 + 14*1.78 + 4*2.43 + 49*2.58 + 13*0.97 + 10*1.48 + 1*1.36 + 28*1.92 + 12*5.59 + 2*3.4 + 3*5.99 + 53*1.57 + 200*8.44 + 2*4.03 + 19*5.89 + 78*2.12 + 5*2.25 + 8*1.03 + 11*0.53 + 6*1.03 + 285*1.97 + 2*2.18 + 19*0.93 + 1*1.3 + 9*0.5 + 2*0.7 + 2*2.21 + 131*1.04 + 6*2.87 + 7*1.31 + 1*1.85 + 1*3.77 + 2*2.07 + 3*1.7 + 2*1.09 + 1*1.37 + 1*1.26 + 11*1.28 + 3*0.85 + 66*2.07 + 18*4.28",3850.16
"calculator","1 a2111oi_0, 1 a211oi_1, 1 a21bo_1, 1 a21boi_0, 5 a21o_1, 25 a21oi_1, 1 a221oi_1, 2 a22o_1, 5 a22oi_1, 9 a31oi_1, 1 a32oi_1, 1 a41o_1, 8 and2_0, 5 and3_1, 20 clkinv_1, 1 conb_1, 18 maj3_1, 3 mux2_1, 10 mux2i_1, 95 nand2_1, 15 nand2b_1, 12 nand3_1, 1 nand3b_1, 11 nand4_1, 2 nand4b_1, 53 nor2_1, 11 nor2b_1, 4 nor3_1, 5 nor4_1, 3 o2111ai_1, 1 o211a_1, 5 o211ai_1, 9 o21a_1, 33 o21ai_0, 1 o21bai_1, 3 o221ai_1, 3 o22a_1, 4 o22ai_1, 3 o31ai_1, 1 o41ai_1, 8 or2_0, 3 or3_1, 1 or3b_1, 3 or4_1, 62 xnor2_1, 1 xnor3_1, 46 xor2_1","1*8.76 + 1*7.51 + 1*10.01 + 1*7.51 + 5*7.51 + 25*5.0 + 1*8.76 + 2*8.76 + 5*7.51 + 9*6.26 + 1*8.76 + 1*10.01 + 8*6.26 + 5*6.26 + 20*3.75 + 1*3.75 + 18*10.01 + 3*11.26 + 10*10.01 + 95*3.75 + 15*6.26 + 12*5.0 + 1*7.51 + 11*6.26 + 2*8.76 + 53*3.75 + 11*6.26 + 4*5.0 + 5*6.26 + 3*8.76 + 1*10.01 + 5*7.51 + 9*7.51 + 33*5.0 + 1*7.51 + 3*8.76 + 3*8.76 + 4*6.26 + 3*7.51 + 1*8.76 + 8*6.26 + 3*6.26 + 1*8.76 + 3*7.51 + 62*8.76 + 1*22.52 + 46*8.76",3224.0,"0.56 + 0.33 + 0.23 + 0.25 + 0.16 + 0.42 + 0.21 + 0.41 + 0.4 + 0.63 + 0.15 + 0.38 + 0.09 + 0.12 + 0.59 + 0.13 + 0.19 + 0.38 + 0.19 + 0.15 + 0.92 + 0.15 + 0.2 + 0.37 + 0.4 + 0.26 + 0.12 + 0.58 + 0.41 + 0.16 + 0.14 + 0.36 + 0.06 + 0.1",10.2,"1*0.42 + 1*0.98 + 1*7.27 + 1*2.48 + 5*5.9 + 25*1.65 + 1*1.78 + 2*4.06 + 5*2.58 + 9*1.48 + 1*1.25 + 1*6.61 + 8*1.92 + 5*5.59 + 20*1.57 + 1*3.24 + 18*2.09 + 3*4.03 + 10*5.89 + 95*2.12 + 15*2.25 + 12*1.03 + 1*1.4 + 11*0.53 + 2*1.03 + 53*1.97 + 11*2.18 + 4*0.93 + 5*0.5 + 3*0.58 + 1*10.66 + 5*0.7 + 9*2.21 + 33*1.04 + 1*2.87 + 3*1.09 + 3*2.76 + 4*1.31 + 3*1.7 + 1*1.39 + 8*1.26 + 3*1.28 + 1*2.59 + 3*0.85 + 62*2.07 + 1*15.62 + 46*4.28",1160.01
"priority_encoder","1 a221o_1, 1 a222oi_1, 1 a2bb2oi_1, 5 clkinv_1, 1 conb_1, 1 dfxtp_1, 1 maj3_1, 1 nand2_1, 2 nand2b_1, 2 nor2b_1, 1 o21ai_0, 1 o221ai_1","1*10.01 + 1*10.01 + 1*8.76 + 5*3.75 + 1*3.75 + 1*20.02 + 1*10.01 + 1*3.75 + 2*6.26 + 2*6.26 + 1*5.0 + 1*8.76",123.86,"0.11 + 0.33 + 0.07 + 0.07",0.58,"1*2.66 + 1*2.43 + 1*3.38 + 5*1.57 + 1*3.24 + 1*8.44 + 1*2.09 + 1*2.12 + 2*2.25 + 2*2.18 + 1*1.04 + 1*1.09",43.2
"GrayCounter","3 a211oi_1, 1 a21oi_1, 2 a41oi_1, 1 and2_0, 1 and3_1, 7 dfxtp_1, 1 mux2i_1, 1 nand2b_1, 3 nor2_1, 1 nor3_1, 1 o21a_1, 3 xnor2_1","3*7.51 + 1*5.0 + 2*8.76 + 1*6.26 + 1*6.26 + 7*20.02 + 1*10.01 + 1*6.26 + 3*3.75 + 1*5.0 + 1*7.51 + 3*8.76",264.02,"0.31 + 0.2 + 0.2",0.71,"3*0.98 + 1*1.65 + 2*1.36 + 1*1.92 + 1*5.59 + 7*8.44 + 1*5.89 + 1*2.25 + 3*1.97 + 1*0.93 + 1*2.21 + 3*2.07",97.3
"recFNToRawFN","1 and3_1, 1 and3b_1, 1 conb_1, 1 nor3_1, 1 or3_1","1*6.26 + 1*8.76 + 1*3.75 + 1*5.0 + 1*6.26",30.03,"0.32",0.32,"1*5.59 + 1*7.06 + 1*3.24 + 1*0.93 + 1*1.28",18.1
"fifo","1 a21oi_1, 1 a31oi_1, 14 clkinv_1, 13 dfrtp_1, 1 dfstp_2, 8 mux2_1, 2 mux4_2, 3 nand2_1, 2 nand2b_1, 1 nand3_1, 2 nor2_1, 1 nor2b_1, 1 nor3_1, 2 nor3b_1, 2 o21ai_0, 5 xnor2_1, 1 xnor3_1, 1 xor2_1","1*5.0 + 1*6.26 + 14*3.75 + 13*25.02 + 1*26.28 + 8*11.26 + 2*22.52 + 3*3.75 + 2*6.26 + 1*5.0 + 2*3.75 + 1*6.26 + 1*5.0 + 2*7.51 + 2*5.0 + 5*8.76 + 1*22.52 + 1*8.76",698.05,"0.35 + 0.19 + 0.3 + 0.34",1.18,"1*1.65 + 1*1.48 + 14*1.57 + 13*11.65 + 1*10.52 + 8*4.03 + 2*6.37 + 3*2.12 + 2*2.25 + 1*1.03 + 2*1.97 + 1*2.18 + 1*0.93 + 2*1.3 + 2*1.04 + 5*2.07 + 1*15.62 + 1*4.28",285.93
"comparator","1 a21oi_1, 1 a22o_1, 2 clkinv_1, 1 maj3_1, 3 nand2b_1, 1 nand3_1, 1 nor2_1, 1 nor2b_1, 1 nor3_1, 1 o21ai_0, 1 o31a_1, 1 xnor2_1","1*5.0 + 1*8.76 + 2*3.75 + 1*10.01 + 3*6.26 + 1*5.0 + 1*3.75 + 1*6.26 + 1*5.0 + 1*5.0 + 1*8.76 + 1*8.76",92.58,"0.13 + 0.34 + 0.1 + 0.05",0.62,"1*1.65 + 1*4.06 + 2*1.57 + 1*2.09 + 3*2.25 + 1*1.03 + 1*1.97 + 1*2.18 + 1*0.93 + 1*1.04 + 1*2.07 + 1*2.07",28.98
"my_dff","3 dfxtp_1","3*20.02",60.06,"0.27",0.27,"3*8.44",25.32
"mux_4to1","1 mux4_2","1*22.52",22.52,"0.43",0.43,"1*6.37",6.37
"mux_2to1","8 mux2_1","8*11.26",90.08,"0.26",0.26,"8*4.03",32.24
"dff_async_reset","1 clkinv_1, 1 dfrtp_1, 1 dfstp_2","1*3.75 + 1*25.02 + 1*26.28",55.05,"0.47",0.47,"1*1.57 + 1*11.65 + 1*10.52",23.74
"sync_signal","2 dfxtp_1","2*20.02",40.04,"0.27",0.27,"2*8.44",16.88
"booth_multiplier","1 a211oi_1, 21 a21oi_1, 3 a22oi_1, 1 a311oi_1, 1 a31o_1, 10 a31oi_1, 2 and2_0, 2 and3_1, 2 clkinv_1, 29 dfxtp_1, 4 maj3_1, 10 mux2_1, 1 mux2i_1, 27 nand2_1, 4 nand2b_1, 23 nor2_1, 4 nor2b_1, 2 nor3_1, 2 nor4_1, 24 o21ai_0, 2 o22ai_1, 1 o31ai_1, 1 o32a_1, 3 or2_0, 1 or3_1, 8 xnor2_1, 9 xor2_1","1*7.51 + 21*5.0 + 3*7.51 + 1*8.76 + 1*8.76 + 10*6.26 + 2*6.26 + 2*6.26 + 2*3.75 + 29*20.02 + 4*10.01 + 10*11.26 + 1*10.01 + 27*3.75 + 4*6.26 + 23*3.75 + 4*6.26 + 2*5.0 + 2*6.26 + 24*5.0 + 2*6.26 + 1*7.51 + 1*10.01 + 3*6.26 + 1*6.26 + 8*8.76 + 9*8.76",1575.03,"0.35 + 0.2 + 0.39 + 0.38 + 0.26 + 0.09 + 0.34 + 0.14",2.15,"1*0.98 + 21*1.65 + 3*2.58 + 1*0.97 + 1*2.37 + 10*1.48 + 2*1.92 + 2*5.59 + 2*1.57 + 29*8.44 + 4*2.09 + 10*4.03 + 1*5.89 + 27*2.12 + 4*2.25 + 23*1.97 + 4*2.18 + 2*0.93 + 2*0.5 + 24*1.04 + 2*1.31 + 1*1.7 + 1*1.66 + 3*1.26 + 1*1.28 + 8*2.07 + 9*4.28",593.19
"gayle_fifo","2 a2111o_1, 15 a2111oi_0, 227 a211o_1, 567 a211oi_1, 1 a21bo_1, 6 a21boi_0, 179 a21o_1, 3569 a21oi_1, 1744 a221o_1, 9951 a221oi_1, 1540 a222oi_1, 105 a22o_1, 194 a22oi_1, 19 a2bb2oi_1, 321 a311o_1, 505 a311oi_1, 110 a31o_1, 1000 a31oi_1, 234 a32o_1, 369 a32oi_1, 1 a41o_1, 13 a41oi_1, 21 and2_0, 204 and3_1, 5 and3b_1, 3 and4_1, 307 clkinv_1, 65579 dfxtp_1, 67788 mux2_1, 9284 mux2i_1, 3726 mux4_2, 1371 nand2_1, 788 nand2b_1, 814 nand3_1, 74 nand3b_1, 21 nand4_1, 4 nand4b_1, 6466 nor2_1, 9 nor2b_1, 145 nor3_1, 12 nor3b_1, 11 nor4_1, 2 nor4bb_1, 12 o2111a_1, 73 o2111ai_1, 65 o211a_1, 1316 o211ai_1, 137 o21a_1, 11326 o21ai_0, 1 o21ba_1, 1 o21bai_1, 55 o221a_1, 498 o221ai_1, 19 o22a_1, 529 o22ai_1, 24 o2bb2ai_1, 101 o311a_1, 268 o311ai_0, 68 o31a_1, 138 o31ai_1, 22 o32a_1, 48 o32ai_1, 3 o41a_1, 8 o41ai_1, 11 or2_0, 44 or3_1, 6 or4_1, 1 or4b_1, 11 xnor2_1, 4 xor2_1","2*11.26 + 15*8.76 + 227*8.76 + 567*7.51 + 1*10.01 + 6*7.51 + 179*7.51 + 3569*5.0 + 1744*10.01 + 9951*8.76 + 1540*10.01 + 105*8.76 + 194*7.51 + 19*8.76 + 321*10.01 + 505*8.76 + 110*8.76 + 1000*6.26 + 234*10.01 + 369*8.76 + 1*10.01 + 13*8.76 + 21*6.26 + 204*6.26 + 5*8.76 + 3*8.76 + 307*3.75 + 65579*20.02 + 67788*11.26 + 9284*10.01 + 3726*22.52 + 1371*3.75 + 788*6.26 + 814*5.0 + 74*7.51 + 21*6.26 + 4*8.76 + 6466*3.75 + 9*6.26 + 145*5.0 + 12*7.51 + 11*6.26 + 2*10.01 + 12*11.26 + 73*8.76 + 65*10.01 + 1316*7.51 + 137*7.51 + 11326*5.0 + 1*10.01 + 1*7.51 + 55*11.26 + 498*8.76 + 19*8.76 + 529*6.26 + 24*8.76 + 101*10.01 + 268*8.76 + 68*8.76 + 138*7.51 + 22*10.01 + 48*8.76 + 3*11.26 + 8*8.76 + 11*6.26 + 44*6.26 + 6*7.51 + 1*10.01 + 11*8.76 + 4*8.76",2548442.77,"513.22 + 51352.91 + 6092.65 + 180.72 + 86.15 + 0.95 + 0.77 + 1.26 + 0.14 + 0.29 + 0.12 + 0.15",58229.33,"2*1.68 + 15*0.42 + 227*3.14 + 567*0.98 + 1*7.27 + 6*2.48 + 179*5.9 + 3569*1.65 + 1744*2.66 + 9951*1.78 + 1540*2.43 + 105*4.06 + 194*2.58 + 19*3.38 + 321*1.57 + 505*0.97 + 110*2.37 + 1000*1.48 + 234*2.3 + 369*1.25 + 1*6.61 + 13*1.36 + 21*1.92 + 204*5.59 + 5*7.06 + 3*3.4 + 307*1.57 + 65579*8.44 + 67788*4.03 + 9284*5.89 + 3726*6.37 + 1371*2.12 + 788*2.25 + 814*1.03 + 74*1.4 + 21*0.53 + 4*1.03 + 6466*1.97 + 9*2.18 + 145*0.93 + 12*1.3 + 11*0.5 + 2*3.2 + 12*3.75 + 73*0.58 + 65*10.66 + 1316*0.7 + 137*2.21 + 11326*1.04 + 1*7.27 + 1*2.87 + 55*2.73 + 498*1.09 + 19*2.76 + 529*1.31 + 24*1.85 + 101*3.77 + 268*0.64 + 68*2.07 + 138*1.7 + 22*1.66 + 48*1.09 + 3*1.37 + 8*1.39 + 11*1.26 + 44*1.28 + 6*0.85 + 1*2.14 + 11*2.07 + 4*4.28",980868.47
"top_module","1 a21oi_1, 2 a31oi_1, 6 clkinv_1, 1 conb_1, 3 dfxtp_1, 2 nand3b_1, 3 o21ai_0, 3 or2_0, 1 or3_1, 3 or3b_1","1*5.0 + 2*6.26 + 6*3.75 + 1*3.75 + 3*20.02 + 2*7.51 + 3*5.0 + 3*6.26 + 1*6.26 + 3*8.76",185.17,"0.29 + 0.33 + 0.13",0.75,"1*1.65 + 2*1.48 + 6*1.57 + 1*3.24 + 3*8.44 + 2*1.4 + 3*1.04 + 3*1.26 + 1*1.28 + 3*2.59",61.34
"counter_load","1 a21boi_0, 4 a21oi_1, 1 a22o_1, 1 a31oi_1, 1 and4_1, 12 clkinv_1, 8 dfrtp_1, 1 mux2i_1, 11 nand2_1, 4 nand3_1, 1 nand4_1, 4 nor2_1, 1 nor3_1, 1 nor4_1, 1 o21a_1, 7 o21ai_0, 1 o22ai_1, 1 o31ai_1, 1 xnor2_1","1*7.51 + 4*5.0 + 1*8.76 + 1*6.26 + 1*8.76 + 12*3.75 + 8*25.02 + 1*10.01 + 11*3.75 + 4*5.0 + 1*6.26 + 4*3.75 + 1*5.0 + 1*6.26 + 1*7.51 + 7*5.0 + 1*6.26 + 1*7.51 + 1*8.76",465.27,"0.37 + 0.26 + 0.14 + 0.14 + 0.08 + 0.07",1.06,"1*2.48 + 4*1.65 + 1*4.06 + 1*1.48 + 1*3.4 + 12*1.57 + 8*11.65 + 1*5.89 + 11*2.12 + 4*1.03 + 1*0.53 + 4*1.97 + 1*0.93 + 1*0.5 + 1*2.21 + 7*1.04 + 1*1.31 + 1*1.7 + 1*2.07",187.8
"calculator","1 a2111oi_0, 1 a211oi_1, 3 a21o_1, 16 a21oi_1, 1 a221o_1, 1 a221oi_1, 3 a22o_1, 7 a22oi_1, 1 a2bb2oi_1, 4 a31oi_1, 1 a32oi_1, 4 and2_0, 2 and3_1, 14 clkinv_1, 9 dfxtp_1, 18 maj3_1, 8 mux2_1, 7 mux2i_1, 57 nand2_1, 10 nand2b_1, 5 nand3_1, 1 nand3b_1, 6 nand4_1, 43 nor2_1, 3 nor2b_1, 5 nor3_1, 4 nor4_1, 7 o211ai_1, 3 o21a_1, 12 o21ai_0, 2 o21bai_1, 2 o221a_1, 1 o221ai_1, 1 o22a_1, 3 o22ai_1, 2 o31a_1, 2 o31ai_1, 2 o32ai_1, 1 or2_0, 4 or3_1, 1 or3b_1, 1 or4_1, 61 xnor2_1, 1 xnor3_1, 30 xor2_1","1*8.76 + 1*7.51 + 3*7.51 + 16*5.0 + 1*10.01 + 1*8.76 + 3*8.76 + 7*7.51 + 1*8.76 + 4*6.26 + 1*8.76 + 4*6.26 + 2*6.26 + 14*3.75 + 9*20.02 + 18*10.01 + 8*11.26 + 7*10.01 + 57*3.75 + 10*6.26 + 5*5.0 + 1*7.51 + 6*6.26 + 43*3.75 + 3*6.26 + 5*5.0 + 4*6.26 + 7*7.51 + 3*7.51 + 12*5.0 + 2*7.51 + 2*11.26 + 1*8.76 + 1*8.76 + 3*6.26 + 2*8.76 + 2*7.51 + 2*8.76 + 1*6.26 + 4*6.26 + 1*8.76 + 1*7.51 + 61*8.76 + 1*22.52 + 30*8.76",2572.29,"0.56 + 0.37 + 0.31 + 0.09 + 0.33 + 0.37 + 0.2 + 0.41 + 0.23 + 0.26 + 0.4 + 0.21 + 0.11 + 0.3 + 0.28 + 0.23 + 0.37 + 0.39 + 0.4 + 0.28 + 0.37 + 0.41 + 0.21 + 0.15 + 0.42 + 0.43 + 0.54 + 0.39 + 0.24 + 0.25 + 0.13 + 0.1 + 0.11 + 0.05",9.9,"1*0.42 + 1*0.98 + 3*5.9 + 16*1.65 + 1*2.66 + 1*1.78 + 3*4.06 + 7*2.58 + 1*3.38 + 4*1.48 + 1*1.25 + 4*1.92 + 2*5.59 + 14*1.57 + 9*8.44 + 18*2.09 + 8*4.03 + 7*5.89 + 57*2.12 + 10*2.25 + 5*1.03 + 1*1.4 + 6*0.53 + 43*1.97 + 3*2.18 + 5*0.93 + 4*0.5 + 7*0.7 + 3*2.21 + 12*1.04 + 2*2.87 + 2*2.73 + 1*1.09 + 1*2.76 + 3*1.31 + 2*2.07 + 2*1.7 + 2*1.09 + 1*1.26 + 4*1.28 + 1*2.59 + 1*0.85 + 61*2.07 + 1*15.62 + 30*4.28",902.41
"mux4to1","1 mux4_2","1*22.52",22.52,"0.43",0.43,"1*6.37",6.37
"up_down_counter","5 clkinv_1, 4 dfrtp_1, 1 maj3_1, 5 nand2_1, 1 nand4_1, 4 o21ai_0, 1 or4_1, 5 xnor2_1","5*3.75 + 4*25.02 + 1*10.01 + 5*3.75 + 1*6.26 + 4*5.0 + 1*7.51 + 5*8.76",225.16,"0.38 + 0.51 + 0.09 + 0.1 + 0.07",1.15,"5*1.57 + 4*11.65 + 1*2.09 + 5*2.12 + 1*0.53 + 4*1.04 + 1*0.85 + 5*2.07",83.03
"cheat","9 a2111oi_0, 5 a211o_1, 2 a211oi_1, 3 a21boi_0, 6 a21o_1, 53 a21oi_1, 10 a221o_1, 7 a221oi_1, 2 a222oi_1, 6 a22o_1, 1 a22oi_1, 1 a2bb2oi_1, 1 a311oi_1, 1 a31o_1, 9 a31oi_1, 2 a32oi_1, 6 and2_0, 9 and3_1, 3 and4_1, 2 and4b_1, 65 clkinv_1, 313 dfxtp_1, 187 mux2_1, 8 mux2i_1, 77 nand2_1, 41 nand2b_1, 27 nand3_1, 5 nand3b_1, 20 nand4_1, 1 nand4b_1, 1 nand4bb_1, 86 nor2_1, 20 nor2b_1, 26 nor3_1, 6 nor3b_1, 25 nor4_1, 7 nor4b_1, 2 nor4bb_1, 1 o2111a_1, 9 o2111ai_1, 2 o211a_1, 12 o211ai_1, 5 o21a_1, 68 o21ai_0, 14 o221ai_1, 1 o22a_1, 13 o22ai_1, 6 o2bb2ai_1, 1 o31a_1, 4 o31ai_1, 1 o32ai_1, 1 o41ai_1, 5 or2_0, 7 or3_1, 1 or3b_1, 14 or4_1, 2 or4b_1, 59 xnor2_1, 54 xor2_1","9*8.76 + 5*8.76 + 2*7.51 + 3*7.51 + 6*7.51 + 53*5.0 + 10*10.01 + 7*8.76 + 2*10.01 + 6*8.76 + 1*7.51 + 1*8.76 + 1*8.76 + 1*8.76 + 9*6.26 + 2*8.76 + 6*6.26 + 9*6.26 + 3*8.76 + 2*10.01 + 65*3.75 + 313*20.02 + 187*11.26 + 8*10.01 + 77*3.75 + 41*6.26 + 27*5.0 + 5*7.51 + 20*6.26 + 1*8.76 + 1*11.26 + 86*3.75 + 20*6.26 + 26*5.0 + 6*7.51 + 25*6.26 + 7*8.76 + 2*10.01 + 1*11.26 + 9*8.76 + 2*10.01 + 12*7.51 + 5*7.51 + 68*5.0 + 14*8.76 + 1*8.76 + 13*6.26 + 6*8.76 + 1*8.76 + 4*7.51 + 1*8.76 + 1*8.76 + 5*6.26 + 7*6.26 + 1*8.76 + 14*7.51 + 2*10.01 + 59*8.76 + 54*8.76",13469.96,"0.31 + 0.6 + 0.35 + 0.42 + 0.45 + 0.42 + 0.45 + 0.69 + 0.36 + 0.16 + 0.04",4.25,"9*0.42 + 5*3.14 + 2*0.98 + 3*2.48 + 6*5.9 + 53*1.65 + 10*2.66 + 7*1.78 + 2*2.43 + 6*4.06 + 1*2.58 + 1*3.38 + 1*0.97 + 1*2.37 + 9*1.48 + 2*1.25 + 6*1.92 + 9*5.59 + 3*3.4 + 2*5.99 + 65*1.57 + 313*8.44 + 187*4.03 + 8*5.89 + 77*2.12 + 41*2.25 + 27*1.03 + 5*1.4 + 20*0.53 + 1*1.03 + 1*1.9 + 86*1.97 + 20*2.18 + 26*0.93 + 6*1.3 + 25*0.5 + 7*0.91 + 2*3.2 + 1*3.75 + 9*0.58 + 2*10.66 + 12*0.7 + 5*2.21 + 68*1.04 + 14*1.09 + 1*2.76 + 13*1.31 + 6*1.85 + 1*2.07 + 4*1.7 + 1*1.09 + 1*1.39 + 5*1.26 + 7*1.28 + 1*2.59 + 14*0.85 + 2*2.14 + 59*2.07 + 54*4.28",5012.98
"delay_block","2 a21oi_1, 2 and3_1, 2 clkinv_1, 9 dfxtp_1, 2 nand2_1, 1 nand3_1, 1 nand4_1, 2 nor2_1, 3 nor4_1, 1 o21ai_0, 1 o221a_1, 1 o41a_1, 8 xnor2_1, 5 xor2_1","2*5.0 + 2*6.26 + 2*3.75 + 9*20.02 + 2*3.75 + 1*5.0 + 1*6.26 + 2*3.75 + 3*6.26 + 1*5.0 + 1*11.26 + 1*11.26 + 8*8.76 + 5*8.76",396.64,"0.37 + 0.13 + 0.12 + 0.42 + 0.21",1.25,"2*1.65 + 2*5.59 + 2*1.57 + 9*8.44 + 2*2.12 + 1*1.03 + 1*0.53 + 2*1.97 + 3*0.5 + 1*1.04 + 1*2.73 + 1*1.37 + 8*2.07 + 5*4.28",147.92
"clock_gate_4bit_up_counter","2 dfxtp_1, 1 nor3b_1","2*20.02 + 1*7.51",47.55,"0.27 + 0.15",0.42,"2*8.44 + 1*1.3",18.18
"vram_display","1 a211oi_1, 1 a21boi_0, 6 a21oi_1, 8 a222oi_1, 2 and2_0, 3 and3_1, 1 clkinv_1, 1 conb_1, 64 dfxtp_1, 2 maj3_1, 64 mux2_1, 22 nand2_1, 2 nand2b_1, 1 nand3_1, 1 nand3b_1, 1 nand4_1, 1 nand4bb_1, 10 nor2_1, 2 nor2b_1, 3 nor3_1, 1 nor3b_1, 1 nor4_1, 2 o21ai_0, 1 o31a_1, 1 o31ai_1, 1 or4_1, 8 xnor2_1, 2 xor2_1","1*7.51 + 1*7.51 + 6*5.0 + 8*10.01 + 2*6.26 + 3*6.26 + 1*3.75 + 1*3.75 + 64*20.02 + 2*10.01 + 64*11.26 + 22*3.75 + 2*6.26 + 1*5.0 + 1*7.51 + 1*6.26 + 1*11.26 + 10*3.75 + 2*6.26 + 3*5.0 + 1*7.51 + 1*6.26 + 2*5.0 + 1*8.76 + 1*7.51 + 1*7.51 + 8*8.76 + 2*8.76",2511.06,"1.74 + 0.39",2.13,"1*0.98 + 1*2.48 + 6*1.65 + 8*2.43 + 2*1.92 + 3*5.59 + 1*1.57 + 1*3.24 + 64*8.44 + 2*2.09 + 64*4.03 + 22*2.12 + 2*2.25 + 1*1.03 + 1*1.4 + 1*0.53 + 1*1.9 + 10*1.97 + 2*2.18 + 3*0.93 + 1*1.3 + 1*0.5 + 2*1.04 + 1*2.07 + 1*1.7 + 1*0.85 + 8*2.07 + 2*4.28",976.95
"sky130_fd_sc_ms__a2bb2o","1 o2bb2ai_1","1*8.76",8.76,"0.08",0.08,"1*1.85",1.85
"multiplexer","1 or2_0","1*6.26",6.26,"0.17",0.17,"1*1.26",1.26
"sky130_fd_sc_ls__a21o","1 a21o_1","1*7.51",7.51,"0.13",0.13,"1*5.9",5.9
"register_writer","1 and2_0, 25 dfxtp_1, 1 o31ai_1","1*6.26 + 25*20.02 + 1*7.51",514.27,"0.19 + 0.13",0.32,"1*1.92 + 25*8.44 + 1*1.7",214.62
"burst_counter","1 a211o_1, 6 a21o_1, 25 a21oi_1, 4 a22o_1, 3 a311oi_1, 3 a31oi_1, 2 a32oi_1, 7 and3_1, 24 clkinv_1, 32 dfrtp_1, 54 nand2_1, 4 nand2b_1, 14 nand3_1, 6 nand3b_1, 29 nor2_1, 2 nor2b_1, 2 nor3_1, 1 nor3b_1, 1 o211a_1, 1 o211ai_1, 1 o21a_1, 21 o21ai_0, 1 o21ba_1, 5 o21bai_1, 1 o311a_1, 4 o311ai_0, 4 o31ai_1, 5 or2_0, 4 or3_1, 16 xnor2_1, 14 xor2_1","1*8.76 + 6*7.51 + 25*5.0 + 4*8.76 + 3*8.76 + 3*6.26 + 2*8.76 + 7*6.26 + 24*3.75 + 32*25.02 + 54*3.75 + 4*6.26 + 14*5.0 + 6*7.51 + 29*3.75 + 2*6.26 + 2*5.0 + 1*7.51 + 1*10.01 + 1*7.51 + 1*7.51 + 21*5.0 + 1*10.01 + 5*7.51 + 1*10.01 + 4*8.76 + 4*7.51 + 5*6.26 + 4*6.26 + 16*8.76 + 14*8.76",2264.1,"0.32 + 0.18 + 0.17 + 0.22 + 0.16 + 0.23 + 0.24 + 0.43 + 0.2 + 0.32 + 0.43 + 0.16 + 0.45 + 0.2 + 0.37 + 0.21 + 0.3 + 0.2 + 0.19 + 0.12 + 0.2 + 0.06 + 0.16 + 0.14",5.66,"1*3.14 + 6*5.9 + 25*1.65 + 4*4.06 + 3*0.97 + 3*1.48 + 2*1.25 + 7*5.59 + 24*1.57 + 32*11.65 + 54*2.12 + 4*2.25 + 14*1.03 + 6*1.4 + 29*1.97 + 2*2.18 + 2*0.93 + 1*1.3 + 1*10.66 + 1*0.7 + 1*2.21 + 21*1.04 + 1*7.27 + 5*2.87 + 1*3.77 + 4*0.64 + 4*1.7 + 5*1.26 + 4*1.28 + 16*2.07 + 14*4.28",941.06
"mux_2to1_pipeline","1 dfxtp_1, 1 mux2_1","1*20.02 + 1*11.26",31.28,"0.29 + 0.28",0.57,"1*8.44 + 1*4.03",12.47
"der_reg_2","1 a21o_1, 48 a21oi_1, 4 a22o_1, 16 a22oi_1, 248 dfrtp_1, 196 mux2_1, 16 mux2i_1, 32 nand2_1, 2 nor2_1, 34 nor2b_1, 16 o21ai_0, 1 or2_0","1*7.51 + 48*5.0 + 4*8.76 + 16*7.51 + 248*25.02 + 196*11.26 + 16*10.01 + 32*3.75 + 2*3.75 + 34*6.26 + 16*5.0 + 1*6.26",9401.39,"1.56 + 0.29 + 0.08",1.93,"1*5.9 + 48*1.65 + 4*4.06 + 16*2.58 + 248*11.65 + 196*4.03 + 16*5.89 + 32*2.12 + 2*1.97 + 34*2.18 + 16*1.04 + 1*1.26",4079.74
"MUX","1 mux4_2","1*22.52",22.52,"0.43",0.43,"1*6.37",6.37
"fifo_address_sync","2 a21boi_0, 1 a21o_1, 11 a21oi_1, 1 a2bb2oi_1, 1 a31oi_1, 3 and2_0, 6 and3_1, 1 and4_1, 2 clkinv_1, 20 dfxtp_1, 2 nand2_1, 1 nand2b_1, 2 nand3_1, 1 nand4_1, 1 nand4b_1, 4 nor2_1, 7 nor3_1, 2 o21a_1, 6 o21ai_0, 1 o21bai_1, 1 o31ai_1, 1 o32ai_1, 2 or2_0, 1 or4_1, 2 xnor2_1, 1 xor2_1","2*7.51 + 1*7.51 + 11*5.0 + 1*8.76 + 1*6.26 + 3*6.26 + 6*6.26 + 1*8.76 + 2*3.75 + 20*20.02 + 2*3.75 + 1*6.26 + 2*5.0 + 1*6.26 + 1*8.76 + 4*3.75 + 7*5.0 + 2*7.51 + 6*5.0 + 1*7.51 + 1*7.51 + 1*8.76 + 2*6.26 + 1*7.51 + 2*8.76 + 1*8.76",769.44,"0.28 + 0.23 + 0.49 + 0.17 + 0.21 + 0.29 + 0.14",1.81,"2*2.48 + 1*5.9 + 11*1.65 + 1*3.38 + 1*1.48 + 3*1.92 + 6*5.59 + 1*3.4 + 2*1.57 + 20*8.44 + 2*2.12 + 1*2.25 + 2*1.03 + 1*0.53 + 1*1.03 + 4*1.97 + 7*0.93 + 2*2.21 + 6*1.04 + 1*2.87 + 1*1.7 + 1*1.09 + 2*1.26 + 1*0.85 + 2*2.07 + 1*4.28",301.12
"ring_counter","4 dfxtp_1","4*20.02",80.08,"0.27",0.27,"4*8.44",33.76
"verilog_module","1 nor4bb_1","1*10.01",10.01,"0.17",0.17,"1*3.2",3.2
"ripple_carry_adder","1 a211oi_1, 1 a21boi_0, 3 a21oi_1, 2 a311oi_1, 3 a31oi_1, 6 and2_0, 1 and3_1, 1 maj3_1, 14 nand2_1, 3 nand2b_1, 1 nand3_1, 12 nor2_1, 1 nor3_1, 1 o21ai_0, 3 o311ai_0, 2 o31ai_1, 9 or2_0, 11 xnor2_1, 8 xor2_1","1*7.51 + 1*7.51 + 3*5.0 + 2*8.76 + 3*6.26 + 6*6.26 + 1*6.26 + 1*10.01 + 14*3.75 + 3*6.26 + 1*5.0 + 12*3.75 + 1*5.0 + 1*5.0 + 3*8.76 + 2*7.51 + 9*6.26 + 11*8.76 + 8*8.76",515.51,"0.38 + 0.33 + 0.13 + 0.44 + 0.2 + 0.45 + 0.2 + 0.43 + 0.16 + 0.13",2.85,"1*0.98 + 1*2.48 + 3*1.65 + 2*0.97 + 3*1.48 + 6*1.92 + 1*5.59 + 1*2.09 + 14*2.12 + 3*2.25 + 1*1.03 + 12*1.97 + 1*0.93 + 1*1.04 + 3*0.64 + 2*1.7 + 9*1.26 + 11*2.07 + 8*4.28",170.73
"shift_register_control","3 a211oi_1, 6 a21oi_1, 4 and2_0, 1 and4b_1, 3 clkinv_1, 1 conb_1, 14 dfxtp_1, 2 nand2_1, 2 nand2b_1, 5 nand3_1, 1 nand4bb_1, 4 nor2_1, 1 nor2b_1, 1 nor4b_1, 1 nor4bb_1, 6 o211ai_1, 2 o21ai_0, 1 o221ai_1, 1 o22ai_1, 1 or3_1, 1 or4b_1, 1 xnor2_1, 1 xor2_1","3*7.51 + 6*5.0 + 4*6.26 + 1*10.01 + 3*3.75 + 1*3.75 + 14*20.02 + 2*3.75 + 2*6.26 + 5*5.0 + 1*11.26 + 4*3.75 + 1*6.26 + 1*8.76 + 1*10.01 + 6*7.51 + 2*5.0 + 1*8.76 + 1*6.26 + 1*6.26 + 1*10.01 + 1*8.76 + 1*8.76",583.04,"0.9 + 0.49 + 0.13",1.52,"3*0.98 + 6*1.65 + 4*1.92 + 1*5.99 + 3*1.57 + 1*3.24 + 14*8.44 + 2*2.12 + 2*2.25 + 5*1.03 + 1*1.9 + 4*1.97 + 1*2.18 + 1*0.91 + 1*3.2 + 6*0.7 + 2*1.04 + 1*1.09 + 1*1.31 + 1*1.28 + 1*2.14 + 1*2.07 + 1*4.28",201.03
"rw_ctrl","1 a21o_1, 2 dfrtp_1, 1 nor2b_1","1*7.51 + 2*25.02 + 1*6.26",63.81,"0.35 + 0.17",0.52,"1*5.9 + 2*11.65 + 1*2.18",31.38
"sky130_fd_sc_hs__o311ai","1 o311ai_0","1*8.76",8.76,"0.2",0.2,"1*0.64",0.64
"clock_mux","1 dfxtp_1, 1 mux2_1","1*20.02 + 1*11.26",31.28,"0.3",0.3,"1*8.44 + 1*4.03",12.47
"priority_encoder","2 a211o_1, 2 a21oi_1, 3 clkinv_1, 30 dfxtp_1, 3 nand2_1, 2 nor2_1, 1 nor3_1, 1 nor4_1, 2 o21bai_1","2*8.76 + 2*5.0 + 3*3.75 + 30*20.02 + 3*3.75 + 2*3.75 + 1*5.0 + 1*6.26 + 2*7.51",684.4,"0.29 + 0.39 + 0.09 + 0.24 + 0.09",1.1,"2*3.14 + 2*1.65 + 3*1.57 + 30*8.44 + 3*2.12 + 2*1.97 + 1*0.93 + 1*0.5 + 2*2.87",284.96
"gray_code_counter","1 a21oi_1, 1 a2bb2oi_1, 1 and3_1, 6 dfxtp_1, 1 nor2_1, 3 nor2b_1, 1 nor3_1, 3 xor2_1","1*5.0 + 1*8.76 + 1*6.26 + 6*20.02 + 1*3.75 + 3*6.26 + 1*5.0 + 3*8.76",193.95,"0.36 + 0.16 + 0.15",0.67,"1*1.65 + 1*3.38 + 1*5.59 + 6*8.44 + 1*1.97 + 3*2.18 + 1*0.93 + 3*4.28",83.54
"bit_shift","1 a2111oi_0, 1 a211o_1, 3 a211oi_1, 5 a21boi_0, 1 a21o_1, 56 a21oi_1, 7 a221o_1, 8 a221oi_1, 3 a22o_1, 3 a22oi_1, 1 a2bb2oi_1, 1 a311o_1, 1 a311oi_1, 2 a31oi_1, 1 a32o_1, 2 a32oi_1, 2 and2_0, 1 and3_1, 6 clkinv_1, 38 mux2_1, 57 mux2i_1, 38 mux4_2, 72 nand2_1, 6 nand2b_1, 19 nand3_1, 3 nand4_1, 29 nor2_1, 1 nor2b_1, 15 nor3_1, 1 nor3b_1, 7 o211ai_1, 6 o21a_1, 36 o21ai_0, 1 o21bai_1, 1 o221ai_1, 1 o22a_1, 12 o22ai_1, 2 o311ai_0, 3 o31ai_1, 1 o32a_1, 1 o32ai_1, 5 or2_0, 1 or3_1","1*8.76 + 1*8.76 + 3*7.51 + 5*7.51 + 1*7.51 + 56*5.0 + 7*10.01 + 8*8.76 + 3*8.76 + 3*7.51 + 1*8.76 + 1*10.01 + 1*8.76 + 2*6.26 + 1*10.01 + 2*8.76 + 2*6.26 + 1*6.26 + 6*3.75 + 38*11.26 + 57*10.01 + 38*22.52 + 72*3.75 + 6*6.26 + 19*5.0 + 3*6.26 + 29*3.75 + 1*6.26 + 15*5.0 + 1*7.51 + 7*7.51 + 6*7.51 + 36*5.0 + 1*7.51 + 1*8.76 + 1*8.76 + 12*6.26 + 2*8.76 + 3*7.51 + 1*10.01 + 1*8.76 + 5*6.26 + 1*6.26",3610.16,"0.85 + 0.86 + 0.08 + 0.06 + 0.24 + 0.07",2.16,"1*0.42 + 1*3.14 + 3*0.98 + 5*2.48 + 1*5.9 + 56*1.65 + 7*2.66 + 8*1.78 + 3*4.06 + 3*2.58 + 1*3.38 + 1*1.57 + 1*0.97 + 2*1.48 + 1*2.3 + 2*1.25 + 2*1.92 + 1*5.59 + 6*1.57 + 38*4.03 + 57*5.89 + 38*6.37 + 72*2.12 + 6*2.25 + 19*1.03 + 3*0.53 + 29*1.97 + 1*2.18 + 15*0.93 + 1*1.3 + 7*0.7 + 6*2.21 + 36*1.04 + 1*2.87 + 1*1.09 + 1*2.76 + 12*1.31 + 2*0.64 + 3*1.7 + 1*1.66 + 1*1.09 + 5*1.26 + 1*1.28",1290.05
"shift_register","1 a22oi_1, 2 a31oi_1, 1 and2_0, 4 maj3_1, 14 nand2_1, 2 nand3_1, 2 nor2_1, 1 nor2b_1, 1 o2111ai_1, 1 o211ai_1, 2 o21ai_0, 8 xnor2_1, 6 xor2_1, 2 xor3_1","1*7.51 + 2*6.26 + 1*6.26 + 4*10.01 + 14*3.75 + 2*5.0 + 2*3.75 + 1*6.26 + 1*8.76 + 1*7.51 + 2*5.0 + 8*8.76 + 6*8.76 + 2*23.77",339.04,"0.07 + 0.43 + 0.37 + 0.19 + 0.19 + 0.11",1.36,"1*2.58 + 2*1.48 + 1*1.92 + 4*2.09 + 14*2.12 + 2*1.03 + 2*1.97 + 1*2.18 + 1*0.58 + 1*0.7 + 2*1.04 + 8*2.07 + 6*4.28 + 2*15.22",129.72
"half_adder","8 a21oi_1, 2 and2_0, 4 and3_1, 14 buf_1, 1 clkinv_1, 14 dfxtp_1, 1 nand2_1, 3 nand4_1, 9 nor2_1, 9 nor3_1, 1 nor3b_1, 1 nor4_1, 4 o21bai_1, 1 xor2_1","8*5.0 + 2*6.26 + 4*6.26 + 14*3.75 + 1*3.75 + 14*20.02 + 1*3.75 + 3*6.26 + 9*3.75 + 9*5.0 + 1*7.51 + 1*6.26 + 4*7.51 + 1*8.76",567.94,"0.35 + 0.14 + 0.58 + 0.26 + 0.04 + 0.14",1.51,"8*1.65 + 2*1.92 + 4*5.59 + 14*1.18 + 1*1.57 + 14*8.44 + 1*2.12 + 3*0.53 + 9*1.97 + 9*0.93 + 1*1.3 + 1*0.5 + 4*2.87 + 1*4.28",223.02
"Controller","2 a21oi_1, 1 a311oi_1, 1 a31oi_1, 1 clkinv_1, 1 conb_1, 3 dfxtp_1, 1 mux2_1, 3 nand2b_1, 1 nand3_1, 1 nand4b_1, 4 nor2_1, 2 nor2b_1, 1 nor3_1, 2 nor3b_1, 1 o211ai_1, 1 o21ai_0, 1 or3_1","2*5.0 + 1*8.76 + 1*6.26 + 1*3.75 + 1*3.75 + 3*20.02 + 1*11.26 + 3*6.26 + 1*5.0 + 1*8.76 + 4*3.75 + 2*6.26 + 1*5.0 + 2*7.51 + 1*7.51 + 1*5.0 + 1*6.26",202.69,"0.35 + 0.13 + 0.35 + 0.13",0.96,"2*1.65 + 1*0.97 + 1*1.48 + 1*1.57 + 1*3.24 + 3*8.44 + 1*4.03 + 3*2.25 + 1*1.03 + 1*1.03 + 4*1.97 + 2*2.18 + 1*0.93 + 2*1.3 + 1*0.7 + 1*1.04 + 1*1.28",67.51
"mux4to1","4 mux4_2","4*22.52",90.08,"0.43",0.43,"4*6.37",25.48
"HalfAdder","1 nand2_1, 2 nor2_1, 1 nor4_1, 1 o31a_1, 4 xnor2_1, 2 xor2_1","1*3.75 + 2*3.75 + 1*6.26 + 1*8.76 + 4*8.76 + 2*8.76",78.83,"0.14 + 0.29 + 0.05",0.48,"1*2.12 + 2*1.97 + 1*0.5 + 1*2.07 + 4*2.07 + 2*4.28",25.47
"apu_mixer","2 a211oi_1, 1 a21o_1, 18 a21oi_1, 1 a22oi_1, 1 a2bb2oi_1, 1 a311o_1, 1 a311oi_1, 2 and2_0, 4 and3_1, 1 and4_1, 9 clkinv_1, 6 dfxtp_1, 10 maj3_1, 11 nand2_1, 7 nand2b_1, 3 nand3_1, 2 nand3b_1, 1 nand4_1, 16 nor2_1, 13 nor2b_1, 9 nor3_1, 1 nor4bb_1, 1 o2111ai_1, 2 o211ai_1, 2 o21a_1, 13 o21ai_0, 1 o21ba_1, 4 o21bai_1, 1 o221ai_1, 2 o22ai_1, 3 o2bb2ai_1, 1 o311a_1, 3 o31ai_1, 1 o32a_1, 4 or2_0, 19 xnor2_1, 1 xnor3_1, 6 xor2_1","2*7.51 + 1*7.51 + 18*5.0 + 1*7.51 + 1*8.76 + 1*10.01 + 1*8.76 + 2*6.26 + 4*6.26 + 1*8.76 + 9*3.75 + 6*20.02 + 10*10.01 + 11*3.75 + 7*6.26 + 3*5.0 + 2*7.51 + 1*6.26 + 16*3.75 + 13*6.26 + 9*5.0 + 1*10.01 + 1*8.76 + 2*7.51 + 2*7.51 + 13*5.0 + 1*10.01 + 4*7.51 + 1*8.76 + 2*6.26 + 3*8.76 + 1*10.01 + 3*7.51 + 1*10.01 + 4*6.26 + 19*8.76 + 1*22.52 + 6*8.76",1266.12,"0.17 + 0.18 + 0.24 + 0.4 + 0.53 + 0.27 + 0.05 + 0.32 + 0.25 + 0.09 + 0.39 + 0.37 + 0.17 + 0.07",3.5,"2*0.98 + 1*5.9 + 18*1.65 + 1*2.58 + 1*3.38 + 1*1.57 + 1*0.97 + 2*1.92 + 4*5.59 + 1*3.4 + 9*1.57 + 6*8.44 + 10*2.09 + 11*2.12 + 7*2.25 + 3*1.03 + 2*1.4 + 1*0.53 + 16*1.97 + 13*2.18 + 9*0.93 + 1*3.2 + 1*0.58 + 2*0.7 + 2*2.21 + 13*1.04 + 1*7.27 + 4*2.87 + 1*1.09 + 2*1.31 + 3*1.85 + 1*3.77 + 3*1.7 + 1*1.66 + 4*1.26 + 19*2.07 + 1*15.62 + 6*4.28",422.38
"rx_DS_SE","1 a211oi_1, 1 a21oi_1, 1 and2_0, 2 clkinv_1, 9 dfxtp_1, 1 nand2b_1, 4 nor2_1, 2 nor2b_1, 2 nor3b_1, 1 o21bai_1, 1 o32a_1","1*7.51 + 1*5.0 + 1*6.26 + 2*3.75 + 9*20.02 + 1*6.26 + 4*3.75 + 2*6.26 + 2*7.51 + 1*7.51 + 1*10.01",272.77,"0.32 + 0.08 + 0.31",0.71,"1*0.98 + 1*1.65 + 1*1.92 + 2*1.57 + 9*8.44 + 1*2.25 + 4*1.97 + 2*2.18 + 2*1.3 + 1*2.87 + 1*1.66",105.27
"lab4_3_1","1 and2_0, 1 buf_1, 1 clkinv_1, 2 dfxtp_1, 2 mux2i_1, 2 nand2b_1, 1 nor2_1","1*6.26 + 1*3.75 + 1*3.75 + 2*20.02 + 2*10.01 + 2*6.26 + 1*3.75",90.09,"0.31 + 0.15 + 0.08",0.54,"1*1.92 + 1*1.18 + 1*1.57 + 2*8.44 + 2*5.89 + 2*2.25 + 1*1.97",39.8
"and_gate","1 and2_0","1*6.26",6.26,"0.1",0.1,"1*1.92",1.92
"interstage_buffer_if_id","4 dfxtp_1","4*20.02",80.08,"0.26",0.26,"4*8.44",33.76
"I2CFSM","1 a211o_1, 3 a21o_1, 1 and2_0, 1 conb_1, 27 dfrtp_1, 1 dfstp_2, 16 mux2_1, 2 nand2_1, 3 nor2_1, 2 nor2b_1, 2 nor3_1, 1 o21a_1, 1 o21ai_0, 4 or2_0, 1 or3_1","1*8.76 + 3*7.51 + 1*6.26 + 1*3.75 + 27*25.02 + 1*26.28 + 16*11.26 + 2*3.75 + 3*3.75 + 2*6.26 + 2*5.0 + 1*7.51 + 1*5.0 + 4*6.26 + 1*6.26",1008.36,"0.45 + 0.14",0.59,"1*3.14 + 3*5.9 + 1*1.92 + 1*3.24 + 27*11.65 + 1*10.52 + 16*4.03 + 2*2.12 + 3*1.97 + 2*2.18 + 2*0.93 + 1*2.21 + 1*1.04 + 4*1.26 + 1*1.28",441.49
"binary_counter","1 clkinv_1, 4 dfrtp_1, 1 nand2_1, 1 nand3_1, 2 xnor2_1, 1 xor2_1","1*3.75 + 4*25.02 + 1*3.75 + 1*5.0 + 2*8.76 + 1*8.76",138.86,"0.36 + 0.1 + 0.12",0.58,"1*1.57 + 4*11.65 + 1*2.12 + 1*1.03 + 2*2.07 + 1*4.28",59.74
"wfid_mux_9to1","7 a21o_1, 7 a222oi_1, 9 a22oi_1, 1 and3_1, 13 nand2_1, 4 nand3_1, 2 nand3b_1, 5 nand4_1, 6 nor2_1, 5 nor3_1, 3 nor4_1, 1 nor4b_1, 1 o21a_1, 1 or3_1, 1 or4_1, 1 or4b_1","7*7.51 + 7*10.01 + 9*7.51 + 1*6.26 + 13*3.75 + 4*5.0 + 2*7.51 + 5*6.26 + 6*3.75 + 5*5.0 + 3*6.26 + 1*8.76 + 1*7.51 + 1*6.26 + 1*7.51 + 1*10.01",417.89,"0.54 + 0.34 + 0.79 + 0.06 + 0.27 + 0.17",2.17,"7*5.9 + 7*2.43 + 9*2.58 + 1*5.59 + 13*2.12 + 4*1.03 + 2*1.4 + 5*0.53 + 6*1.97 + 5*0.93 + 3*0.5 + 1*0.91 + 1*2.21 + 1*1.28 + 1*0.85 + 1*2.14",149.61
"dual_port_ram_mux","1 a21oi_1, 1 a222oi_1, 1 a22oi_1, 1 a31oi_1, 1 and3_1, 1 and4_1, 2 and4b_1, 1 conb_1, 18 dfrtp_1, 18 mux2_1, 5 nand2_1, 3 nand3_1, 2 nand3b_1, 2 nand4_1, 5 nand4b_1, 4 nor2_1, 3 nor3_1, 4 nor3b_1, 2 o22a_1, 1 or3_1, 1 or4b_1","1*5.0 + 1*10.01 + 1*7.51 + 1*6.26 + 1*6.26 + 1*8.76 + 2*10.01 + 1*3.75 + 18*25.02 + 18*11.26 + 5*3.75 + 3*5.0 + 2*7.51 + 2*6.26 + 5*8.76 + 4*3.75 + 3*5.0 + 4*7.51 + 2*8.76 + 1*6.26 + 1*10.01",919.53,"0.5 + 0.28 + 0.11 + 0.18",1.07,"1*1.65 + 1*2.43 + 1*2.58 + 1*1.48 + 1*5.59 + 1*3.4 + 2*5.99 + 1*3.24 + 18*11.65 + 18*4.03 + 5*2.12 + 3*1.03 + 2*1.4 + 2*0.53 + 5*1.03 + 4*1.97 + 3*0.93 + 4*1.3 + 2*2.76 + 1*1.28 + 1*2.14",362.1
"bsx","1 a2111oi_0, 1 a211o_1, 2 a211oi_1, 2 a21boi_0, 8 a21o_1, 130 a21oi_1, 1 a221o_1, 4 a221oi_1, 15 a222oi_1, 6 a22o_1, 63 a22oi_1, 1 a2bb2oi_1, 25 a31oi_1, 1 a32o_1, 5 a32oi_1, 1 a41oi_1, 16 and2_0, 18 and3_1, 3 and3b_1, 4 and4_1, 2 and4b_1, 33 buf_1, 9 clkinv_1, 291 dfxtp_1, 15 maj3_1, 32 mux2_1, 8 mux2i_1, 363 nand2_1, 14 nand2b_1, 43 nand3_1, 3 nand3b_1, 12 nand4_1, 3 nand4b_1, 108 nor2_1, 15 nor2b_1, 41 nor3_1, 4 nor3b_1, 17 nor4_1, 6 nor4b_1, 1 nor4bb_1, 3 o2111ai_1, 1 o211a_1, 13 o211ai_1, 7 o21a_1, 232 o21ai_0, 2 o21ba_1, 2 o21bai_1, 3 o221ai_1, 3 o22a_1, 13 o22ai_1, 2 o311ai_0, 9 o31ai_1, 4 o41ai_1, 7 or2_0, 8 or3_1, 1 or3b_1, 3 or4_1, 1 or4b_1, 36 xnor2_1, 2 xnor3_1, 32 xor2_1, 5 xor3_1","1*8.76 + 1*8.76 + 2*7.51 + 2*7.51 + 8*7.51 + 130*5.0 + 1*10.01 + 4*8.76 + 15*10.01 + 6*8.76 + 63*7.51 + 1*8.76 + 25*6.26 + 1*10.01 + 5*8.76 + 1*8.76 + 16*6.26 + 18*6.26 + 3*8.76 + 4*8.76 + 2*10.01 + 33*3.75 + 9*3.75 + 291*20.02 + 15*10.01 + 32*11.26 + 8*10.01 + 363*3.75 + 14*6.26 + 43*5.0 + 3*7.51 + 12*6.26 + 3*8.76 + 108*3.75 + 15*6.26 + 41*5.0 + 4*7.51 + 17*6.26 + 6*8.76 + 1*10.01 + 3*8.76 + 1*10.01 + 13*7.51 + 7*7.51 + 232*5.0 + 2*10.01 + 2*7.51 + 3*8.76 + 3*8.76 + 13*6.26 + 2*8.76 + 9*7.51 + 4*8.76 + 7*6.26 + 8*6.26 + 1*8.76 + 3*7.51 + 1*10.01 + 36*8.76 + 2*22.52 + 32*8.76 + 5*23.77",13795.55,"1.35 + 0.62 + 0.29 + 0.45 + 0.2 + 0.15 + 0.03",3.09,"1*0.42 + 1*3.14 + 2*0.98 + 2*2.48 + 8*5.9 + 130*1.65 + 1*2.66 + 4*1.78 + 15*2.43 + 6*4.06 + 63*2.58 + 1*3.38 + 25*1.48 + 1*2.3 + 5*1.25 + 1*1.36 + 16*1.92 + 18*5.59 + 3*7.06 + 4*3.4 + 2*5.99 + 33*1.18 + 9*1.57 + 291*8.44 + 15*2.09 + 32*4.03 + 8*5.89 + 363*2.12 + 14*2.25 + 43*1.03 + 3*1.4 + 12*0.53 + 3*1.03 + 108*1.97 + 15*2.18 + 41*0.93 + 4*1.3 + 17*0.5 + 6*0.91 + 1*3.2 + 3*0.58 + 1*10.66 + 13*0.7 + 7*2.21 + 232*1.04 + 2*7.27 + 2*2.87 + 3*1.09 + 3*2.76 + 13*1.31 + 2*0.64 + 9*1.7 + 4*1.39 + 7*1.26 + 8*1.28 + 1*2.59 + 3*0.85 + 1*2.14 + 36*2.07 + 2*15.62 + 32*4.28 + 5*15.22",5309.6
"t_case_huge_sub3","1 a2111oi_0, 3 a211oi_1, 43 a21oi_1, 1 a22o_1, 1 a22oi_1, 8 a31oi_1, 1 and3_1, 1 and4_1, 4 clkinv_1, 4 dfxtp_1, 22 nand2_1, 4 nand2b_1, 6 nand3_1, 5 nand3b_1, 7 nand4_1, 9 nand4b_1, 11 nand4bb_1, 32 nor2_1, 14 nor3_1, 2 nor3b_1, 16 nor4_1, 4 nor4b_1, 3 o211ai_1, 6 o21ai_0, 1 o221ai_1, 18 o22ai_1, 2 o31ai_1, 1 o32a_1, 4 o32ai_1, 1 o41a_1, 2 or2_0, 3 or3_1, 2 or3b_1, 5 or4_1, 7 or4b_1, 3 xnor2_1, 1 xor2_1","1*8.76 + 3*7.51 + 43*5.0 + 1*8.76 + 1*7.51 + 8*6.26 + 1*6.26 + 1*8.76 + 4*3.75 + 4*20.02 + 22*3.75 + 4*6.26 + 6*5.0 + 5*7.51 + 7*6.26 + 9*8.76 + 11*11.26 + 32*3.75 + 14*5.0 + 2*7.51 + 16*6.26 + 4*8.76 + 3*7.51 + 6*5.0 + 1*8.76 + 18*6.26 + 2*7.51 + 1*10.01 + 4*8.76 + 1*11.26 + 2*6.26 + 3*6.26 + 2*8.76 + 5*7.51 + 7*10.01 + 3*8.76 + 1*8.76",1621.35,"0.28 + 0.12 + 0.33 + 0.39 + 0.23 + 0.1 + 0.51 + 0.13 + 0.08",2.17,"1*0.42 + 3*0.98 + 43*1.65 + 1*4.06 + 1*2.58 + 8*1.48 + 1*5.59 + 1*3.4 + 4*1.57 + 4*8.44 + 22*2.12 + 4*2.25 + 6*1.03 + 5*1.4 + 7*0.53 + 9*1.03 + 11*1.9 + 32*1.97 + 14*0.93 + 2*1.3 + 16*0.5 + 4*0.91 + 3*0.7 + 6*1.04 + 1*1.09 + 18*1.31 + 2*1.7 + 1*1.66 + 4*1.09 + 1*1.37 + 2*1.26 + 3*1.28 + 2*2.59 + 5*0.85 + 7*2.14 + 3*2.07 + 1*4.28",419.88
"triangle","8 a2111oi_0, 17 a211o_1, 34 a211oi_1, 5 a21bo_1, 22 a21boi_0, 60 a21o_1, 485 a21oi_1, 2 a221o_1, 10 a221oi_1, 2 a222oi_1, 30 a22o_1, 49 a22oi_1, 3 a2bb2oi_1, 5 a311o_1, 4 a311oi_1, 10 a31o_1, 53 a31oi_1, 16 a32o_1, 7 a32oi_1, 4 a41o_1, 7 a41oi_1, 148 and2_0, 41 and3_1, 1 and3b_1, 5 and4b_1, 227 clkinv_1, 35 dfxtp_1, 393 maj3_1, 67 mux2_1, 148 mux2i_1, 1166 nand2_1, 115 nand2b_1, 111 nand3_1, 4 nand3b_1, 26 nand4_1, 8 nand4b_1, 800 nor2_1, 145 nor2b_1, 98 nor3_1, 10 nor3b_1, 26 nor4_1, 3 nor4b_1, 3 o2111a_1, 8 o2111ai_1, 18 o211a_1, 54 o211ai_1, 146 o21a_1, 403 o21ai_0, 3 o21ba_1, 27 o21bai_1, 4 o221a_1, 8 o221ai_1, 35 o22a_1, 40 o22ai_1, 4 o2bb2ai_1, 4 o311a_1, 13 o311ai_0, 10 o31a_1, 36 o31ai_1, 3 o32a_1, 2 o32ai_1, 4 o41a_1, 6 o41ai_1, 75 or2_0, 40 or3_1, 1 or3b_1, 14 or4_1, 1425 xnor2_1, 31 xnor3_1, 483 xor2_1, 2 xor3_1","8*8.76 + 17*8.76 + 34*7.51 + 5*10.01 + 22*7.51 + 60*7.51 + 485*5.0 + 2*10.01 + 10*8.76 + 2*10.01 + 30*8.76 + 49*7.51 + 3*8.76 + 5*10.01 + 4*8.76 + 10*8.76 + 53*6.26 + 16*10.01 + 7*8.76 + 4*10.01 + 7*8.76 + 148*6.26 + 41*6.26 + 1*8.76 + 5*10.01 + 227*3.75 + 35*20.02 + 393*10.01 + 67*11.26 + 148*10.01 + 1166*3.75 + 115*6.26 + 111*5.0 + 4*7.51 + 26*6.26 + 8*8.76 + 800*3.75 + 145*6.26 + 98*5.0 + 10*7.51 + 26*6.26 + 3*8.76 + 3*11.26 + 8*8.76 + 18*10.01 + 54*7.51 + 146*7.51 + 403*5.0 + 3*10.01 + 27*7.51 + 4*11.26 + 8*8.76 + 35*8.76 + 40*6.26 + 4*8.76 + 4*10.01 + 13*8.76 + 10*8.76 + 36*7.51 + 3*10.01 + 2*8.76 + 4*11.26 + 6*8.76 + 75*6.26 + 40*6.26 + 1*8.76 + 14*7.51 + 1425*8.76 + 31*22.52 + 483*8.76 + 2*23.77",48404.65,"0.08 + 0.3 + 0.18 + 0.18 + 0.19 + 0.05 + 0.21 + 0.17 + 0.23 + 0.09 + 0.12 + 0.06 + 0.21 + 0.22 + 0.15 + 0.2 + 0.08 + 0.13 + 0.24 + 0.2 + 0.23 + 0.26 + 0.05 + 0.17 + 0.13 + 0.06 + 0.19 + 0.07 + 0.38 + 0.39 + 0.39 + 0.39 + 0.39 + 0.09 + 0.12 + 0.25 + 0.19 + 0.13 + 0.29 + 0.25 + 0.13 + 0.07 + 0.06 + 0.11 + 0.2 + 0.21 + 0.56 + 0.29 + 0.21 + 0.4 + 0.39 + 0.39 + 0.38 + 0.39 + 0.39 + 0.39 + 0.07 + 0.11 + 0.08 + 0.11 + 0.39 + 0.37 + 0.05 + 0.04 + 0.18 + 0.09 + 0.26 + 0.1 + 0.19 + 0.17 + 0.2 + 0.05 + 0.1 + 0.05 + 0.18 + 0.14 + 0.2 + 0.15 + 0.11 + 0.34 + 0.13 + 0.99 + 0.1",17.23,"8*0.42 + 17*3.14 + 34*0.98 + 5*7.27 + 22*2.48 + 60*5.9 + 485*1.65 + 2*2.66 + 10*1.78 + 2*2.43 + 30*4.06 + 49*2.58 + 3*3.38 + 5*1.57 + 4*0.97 + 10*2.37 + 53*1.48 + 16*2.3 + 7*1.25 + 4*6.61 + 7*1.36 + 148*1.92 + 41*5.59 + 1*7.06 + 5*5.99 + 227*1.57 + 35*8.44 + 393*2.09 + 67*4.03 + 148*5.89 + 1166*2.12 + 115*2.25 + 111*1.03 + 4*1.4 + 26*0.53 + 8*1.03 + 800*1.97 + 145*2.18 + 98*0.93 + 10*1.3 + 26*0.5 + 3*0.91 + 3*3.75 + 8*0.58 + 18*10.66 + 54*0.7 + 146*2.21 + 403*1.04 + 3*7.27 + 27*2.87 + 4*2.73 + 8*1.09 + 35*2.76 + 40*1.31 + 4*1.85 + 4*3.77 + 13*0.64 + 10*2.07 + 36*1.7 + 3*1.66 + 2*1.09 + 4*1.37 + 6*1.39 + 75*1.26 + 40*1.28 + 1*2.59 + 14*0.85 + 1425*2.07 + 31*15.62 + 483*4.28 + 2*15.22",16947.59
"sky130_fd_sc_hd__o211ai","1 o211ai_1","1*7.51",7.51,"0.11",0.11,"1*0.7",0.7
"sky130_fd_sc_lp__a21oi","1 a21oi_1","1*5.0",5.0,"0.08",0.08,"1*1.65",1.65
"flt_frac_test","1 a211o_1, 4 a211oi_1, 3 a21boi_0, 3 a21o_1, 23 a21oi_1, 1 a22o_1, 2 a22oi_1, 1 a311o_1, 1 a31o_1, 2 a31oi_1, 3 a32oi_1, 1 a41oi_1, 1 and2_0, 2 and3_1, 4 clkinv_1, 1 dfrtp_1, 2 mux2_1, 17 mux2i_1, 3 mux4_2, 31 nand2_1, 5 nand2b_1, 17 nand3_1, 6 nand4_1, 31 nor2_1, 6 nor2b_1, 9 nor3_1, 1 nor3b_1, 2 nor4_1, 1 nor4bb_1, 1 o2111a_1, 3 o2111ai_1, 1 o211a_1, 10 o211ai_1, 3 o21a_1, 47 o21ai_0, 1 o21ba_1, 1 o21bai_1, 2 o221ai_1, 1 o22a_1, 2 o31ai_1, 1 o41ai_1, 2 or2_0, 1 or4_1, 3 xnor2_1","1*8.76 + 4*7.51 + 3*7.51 + 3*7.51 + 23*5.0 + 1*8.76 + 2*7.51 + 1*10.01 + 1*8.76 + 2*6.26 + 3*8.76 + 1*8.76 + 1*6.26 + 2*6.26 + 4*3.75 + 1*25.02 + 2*11.26 + 17*10.01 + 3*22.52 + 31*3.75 + 5*6.26 + 17*5.0 + 6*6.26 + 31*3.75 + 6*6.26 + 9*5.0 + 1*7.51 + 2*6.26 + 1*10.01 + 1*11.26 + 3*8.76 + 1*10.01 + 10*7.51 + 3*7.51 + 47*5.0 + 1*10.01 + 1*7.51 + 2*8.76 + 1*8.76 + 2*7.51 + 1*8.76 + 2*6.26 + 1*7.51 + 3*8.76",1601.05,"0.77 + 0.32 + 0.27 + 0.12 + 0.14 + 0.04 + 0.17 + 0.16 + 0.07 + 0.18",2.24,"1*3.14 + 4*0.98 + 3*2.48 + 3*5.9 + 23*1.65 + 1*4.06 + 2*2.58 + 1*1.57 + 1*2.37 + 2*1.48 + 3*1.25 + 1*1.36 + 1*1.92 + 2*5.59 + 4*1.57 + 1*11.65 + 2*4.03 + 17*5.89 + 3*6.37 + 31*2.12 + 5*2.25 + 17*1.03 + 6*0.53 + 31*1.97 + 6*2.18 + 9*0.93 + 1*1.3 + 2*0.5 + 1*3.2 + 1*3.75 + 3*0.58 + 1*10.66 + 10*0.7 + 3*2.21 + 47*1.04 + 1*7.27 + 1*2.87 + 2*1.09 + 1*2.76 + 2*1.7 + 1*1.39 + 2*1.26 + 1*0.85 + 3*2.07",543.5
"mux4_1","1 mux4_2","1*22.52",22.52,"0.43",0.43,"1*6.37",6.37
"musb_ifid_register","32 a211oi_1, 1 clkinv_1, 98 dfxtp_1, 66 mux2i_1, 66 nor2_1, 32 nor2b_1, 32 or3b_1","32*7.51 + 1*3.75 + 98*20.02 + 66*10.01 + 66*3.75 + 32*6.26 + 32*8.76",3594.83,"0.45 + 0.34",0.79,"32*0.98 + 1*1.57 + 98*8.44 + 66*5.89 + 66*1.97 + 32*2.18 + 32*2.59",1531.45
"register","72 dfxtp_1, 12 mux2_1, 12 nor2_1, 48 nor2b_1, 12 xnor2_1","72*20.02 + 12*11.26 + 12*3.75 + 48*6.26 + 12*8.76",2027.16,"0.27 + 0.27",0.54,"72*8.44 + 12*4.03 + 12*1.97 + 48*2.18 + 12*2.07",809.16
"sync_bits","2 and2_0, 2 dfxtp_1","2*6.26 + 2*20.02",52.56,"0.27 + 0.11",0.38,"2*1.92 + 2*8.44",20.72
"Retiming","1 a22o_1, 3 dfxtp_1, 1 or4_1","1*8.76 + 3*20.02 + 1*7.51",76.33,"0.29 + 0.47",0.76,"1*4.06 + 3*8.44 + 1*0.85",30.23
"d_ff_asr","1 a21o_1, 1 clkinv_1, 1 dfxtp_1","1*7.51 + 1*3.75 + 1*20.02",31.28,"0.03 + 0.16",0.19,"1*5.9 + 1*1.57 + 1*8.44",15.91
"and_gate_ctrl","1 and3_1","1*6.26",6.26,"0.13",0.13,"1*5.59",5.59
"mux4to1","1 conb_1, 1 dlxtn_1, 1 mux4_2","1*3.75 + 1*15.01 + 1*22.52",41.28,"0.45 + 0.22",0.67,"1*3.24 + 1*8.12 + 1*6.37",17.73
"omsp_scan_mux","1 mux2_1","1*11.26",11.26,"0.26",0.26,"1*4.03",4.03
"decoder_4to16","2 nand2_1, 2 nand2b_1, 1 nand3_1, 2 nand3b_1, 13 nor2_1, 1 nor3_1, 2 nor3b_1, 2 or3b_1","2*3.75 + 2*6.26 + 1*5.0 + 2*7.51 + 13*3.75 + 1*5.0 + 2*7.51 + 2*8.76",126.33,"0.41 + 0.15",0.56,"2*2.12 + 2*2.25 + 1*1.03 + 2*1.4 + 13*1.97 + 1*0.93 + 2*1.3 + 2*2.59",46.89
"InstructionMemory","1 a211oi_1, 11 a21oi_1, 1 a311oi_1, 2 a31oi_1, 1 and2_0, 1 and3_1, 1 clkinv_1, 1 conb_1, 7 nand2_1, 3 nand2b_1, 4 nand3_1, 1 nand3b_1, 17 nor2_1, 3 nor2b_1, 4 nor3_1, 1 nor3b_1, 1 nor4_1, 1 o211a_1, 6 o21ai_0, 1 o22a_1, 1 or2_0, 2 or3_1, 1 xnor2_1","1*7.51 + 11*5.0 + 1*8.76 + 2*6.26 + 1*6.26 + 1*6.26 + 1*3.75 + 1*3.75 + 7*3.75 + 3*6.26 + 4*5.0 + 1*7.51 + 17*3.75 + 3*6.26 + 4*5.0 + 1*7.51 + 1*6.26 + 1*10.01 + 6*5.0 + 1*8.76 + 1*6.26 + 2*6.26 + 1*8.76",368.96,"0.39 + 0.22 + 0.17 + 0.1",0.88,"1*0.98 + 11*1.65 + 1*0.97 + 2*1.48 + 1*1.92 + 1*5.59 + 1*1.57 + 1*3.24 + 7*2.12 + 3*2.25 + 4*1.03 + 1*1.4 + 17*1.97 + 3*2.18 + 4*0.93 + 1*1.3 + 1*0.5 + 1*10.66 + 6*1.04 + 1*2.76 + 1*1.26 + 2*1.28 + 1*2.07",133.59
"comm_fpga_fx2_v1","3 a211oi_1, 9 a21o_1, 19 a21oi_1, 1 a22o_1, 6 a22oi_1, 6 a2bb2oi_1, 1 a311o_1, 6 a311oi_1, 1 a31o_1, 1 a31oi_1, 10 and2_0, 1 and3_1, 4 clkinv_1, 45 dfxtp_1, 10 mux2i_1, 31 nand2_1, 2 nand2b_1, 4 nand3_1, 1 nand3b_1, 1 nand4_1, 2 nand4b_1, 1 nand4bb_1, 73 nor2_1, 2 nor2b_1, 8 nor3_1, 7 nor4_1, 5 nor4b_1, 2 nor4bb_1, 2 o211a_1, 1 o21a_1, 20 o21ai_0, 2 o21bai_1, 1 o22ai_1, 2 o31a_1, 1 o31ai_1, 1 o41a_1, 3 or2_0, 1 or3_1, 3 or4_1, 2 xnor2_1, 4 xor2_1","3*7.51 + 9*7.51 + 19*5.0 + 1*8.76 + 6*7.51 + 6*8.76 + 1*10.01 + 6*8.76 + 1*8.76 + 1*6.26 + 10*6.26 + 1*6.26 + 4*3.75 + 45*20.02 + 10*10.01 + 31*3.75 + 2*6.26 + 4*5.0 + 1*7.51 + 1*6.26 + 2*8.76 + 1*11.26 + 73*3.75 + 2*6.26 + 8*5.0 + 7*6.26 + 5*8.76 + 2*10.01 + 2*10.01 + 1*7.51 + 20*5.0 + 2*7.51 + 1*6.26 + 2*8.76 + 1*7.51 + 1*11.26 + 3*6.26 + 1*6.26 + 3*7.51 + 2*8.76 + 4*8.76",2364.41,"0.45 + 0.64 + 0.75 + 0.15 + 0.59 + 0.2 + 0.07 + 0.16",3.01,"3*0.98 + 9*5.9 + 19*1.65 + 1*4.06 + 6*2.58 + 6*3.38 + 1*1.57 + 6*0.97 + 1*2.37 + 1*1.48 + 10*1.92 + 1*5.59 + 4*1.57 + 45*8.44 + 10*5.89 + 31*2.12 + 2*2.25 + 4*1.03 + 1*1.4 + 1*0.53 + 2*1.03 + 1*1.9 + 73*1.97 + 2*2.18 + 8*0.93 + 7*0.5 + 5*0.91 + 2*3.2 + 2*10.66 + 1*2.21 + 20*1.04 + 2*2.87 + 1*1.31 + 2*2.07 + 1*1.7 + 1*1.37 + 3*1.26 + 1*1.28 + 3*0.85 + 2*2.07 + 4*4.28",945.97
"ripple_adder","1 nand2_1, 1 nand3_1, 1 nand4_1, 1 nor2_1, 3 xnor2_1, 5 xor2_1","1*3.75 + 1*5.0 + 1*6.26 + 1*3.75 + 3*8.76 + 5*8.76",88.84,"0.25 + 0.17 + 0.17",0.59,"1*2.12 + 1*1.03 + 1*0.53 + 1*1.97 + 3*2.07 + 5*4.28",33.26
"sync_counter_with_load","2 a21oi_1, 1 a31o_1, 1 a31oi_1, 1 and4_1, 9 clkinv_1, 8 dfrtp_1, 9 nand2_1, 1 nand4_1, 6 o21ai_0, 1 o31ai_1, 2 xnor2_1, 3 xor2_1","2*5.0 + 1*8.76 + 1*6.26 + 1*8.76 + 9*3.75 + 8*25.02 + 9*3.75 + 1*6.26 + 6*5.0 + 1*7.51 + 2*8.76 + 3*8.76",389.01,"0.37 + 0.28 + 0.14 + 0.15 + 0.12",1.06,"2*1.65 + 1*2.37 + 1*1.48 + 1*3.4 + 9*1.57 + 8*11.65 + 9*2.12 + 1*0.53 + 6*1.04 + 1*1.7 + 2*2.07 + 3*4.28",162.41
"comb_multiplier","2 and2_0, 1 conb_1","2*6.26 + 1*3.75",16.27,"0.1",0.1,"2*1.92 + 1*3.24",7.08
"sky130_fd_sc_ls__o2111ai","1 nand2_1, 1 nand3_1, 1 nand4_1, 1 nor3_1","1*3.75 + 1*5.0 + 1*6.26 + 1*5.0",20.01,"0.05 + 0.12",0.17,"1*2.12 + 1*1.03 + 1*0.53 + 1*0.93",4.61
"clock_gate","1 dfxtp_1, 1 mux2_1","1*20.02 + 1*11.26",31.28,"0.27 + 0.26",0.53,"1*8.44 + 1*4.03",12.47
"shift_register","4 dfxtp_1","4*20.02",80.08,"0.27",0.27,"4*8.44",33.76
"KeyBoard_ctrl","1 a211o_1, 7 a21oi_1, 1 a222oi_1, 3 a31oi_1, 1 and2_0, 1 and3_1, 2 and4_1, 4 clkinv_1, 4 dfrtn_1, 23 dfrtp_1, 1 mux2i_1, 11 nand2_1, 2 nand2b_1, 5 nand3_1, 2 nand4_1, 11 nor2_1, 3 nor2b_1, 1 nor3_1, 1 nor3b_1, 1 o21a_1, 1 o21ai_0, 1 o221ai_1, 1 o311ai_0, 1 or2_0, 9 xnor2_1, 5 xor2_1","1*8.76 + 7*5.0 + 1*10.01 + 3*6.26 + 1*6.26 + 1*6.26 + 2*8.76 + 4*3.75 + 4*25.02 + 23*25.02 + 1*10.01 + 11*3.75 + 2*6.26 + 5*5.0 + 2*6.26 + 11*3.75 + 3*6.26 + 1*5.0 + 1*7.51 + 1*7.51 + 1*5.0 + 1*8.76 + 1*8.76 + 1*6.26 + 9*8.76 + 5*8.76",1125.9,"0.37 + 0.27 + 0.15 + 0.21 + 0.3 + 0.13 + 0.13",1.56,"1*3.14 + 7*1.65 + 1*2.43 + 3*1.48 + 1*1.92 + 1*5.59 + 2*3.4 + 4*1.57 + 4*11.65 + 23*11.65 + 1*5.89 + 11*2.12 + 2*2.25 + 5*1.03 + 2*0.53 + 11*1.97 + 3*2.18 + 1*0.93 + 1*1.3 + 1*2.21 + 1*1.04 + 1*1.09 + 1*0.64 + 1*1.26 + 9*2.07 + 5*4.28",473.33
"top_module","1 a21oi_1, 1 and3_1, 3 dfxtp_1, 2 nor2_1, 1 nor3_1, 1 xnor2_1, 1 xor2_1","1*5.0 + 1*6.26 + 3*20.02 + 2*3.75 + 1*5.0 + 1*8.76 + 1*8.76",101.34,"0.37 + 0.17 + 0.04",0.58,"1*1.65 + 1*5.59 + 3*8.44 + 2*1.97 + 1*0.93 + 1*2.07 + 1*4.28",43.78
"crc_module","1 a21o_1, 17 a21oi_1, 2 a221oi_1, 12 a311oi_1, 2 a31oi_1, 1 a41oi_1, 39 and2_0, 128 dfxtp_1, 1 maj3_1, 58 mux2_1, 50 nand2_1, 6 nand2b_1, 1 nand3_1, 51 nor2_1, 7 nor2b_1, 4 nor3_1, 1 o211ai_1, 11 o21ai_0, 13 o311ai_0, 9 o31ai_1, 28 or2_0, 59 xnor2_1, 23 xor2_1","1*7.51 + 17*5.0 + 2*8.76 + 12*8.76 + 2*6.26 + 1*8.76 + 39*6.26 + 128*20.02 + 1*10.01 + 58*11.26 + 50*3.75 + 6*6.26 + 1*5.0 + 51*3.75 + 7*6.26 + 4*5.0 + 1*7.51 + 11*5.0 + 13*8.76 + 9*7.51 + 28*6.26 + 59*8.76 + 23*8.76",5328.93,"0.32 + 0.17 + 0.09 + 0.31 + 0.14 + 0.4 + 0.38 + 0.18 + 0.3 + 0.16 + 0.3 + 0.16 + 0.42 + 0.18 + 0.38 + 0.21 + 0.34 + 0.13 + 0.28 + 0.16 + 0.38 + 0.17 + 0.3 + 0.16 + 0.42 + 0.18 + 0.42 + 0.18 + 0.38 + 0.17 + 0.3 + 0.18 + 0.39 + 0.18 + 0.22 + 0.08",9.12,"1*5.9 + 17*1.65 + 2*1.78 + 12*0.97 + 2*1.48 + 1*1.36 + 39*1.92 + 128*8.44 + 1*2.09 + 58*4.03 + 50*2.12 + 6*2.25 + 1*1.03 + 51*1.97 + 7*2.18 + 4*0.93 + 1*0.7 + 11*1.04 + 13*0.64 + 9*1.7 + 28*1.26 + 59*2.07 + 23*4.28",1976.09
"oh_reg1","1 dfrtp_1, 1 mux2_1","1*25.02 + 1*11.26",36.28,"0.33 + 0.27",0.6,"1*11.65 + 1*4.03",15.68
"ethrx_realign","3 a21oi_1, 1 a22oi_1, 2 a31oi_1, 1 and3_1, 2 clkinv_1, 21 dfxtp_1, 4 nand2_1, 37 nor2_1, 1 nor4_1, 1 o211a_1, 1 o211ai_1, 1 o21a_1, 19 o21ai_0, 1 o22ai_1, 1 o311ai_0, 1 or2_0, 1 xnor2_1","3*5.0 + 1*7.51 + 2*6.26 + 1*6.26 + 2*3.75 + 21*20.02 + 4*3.75 + 37*3.75 + 1*6.26 + 1*10.01 + 1*7.51 + 1*7.51 + 19*5.0 + 1*6.26 + 1*8.76 + 1*6.26 + 1*8.76",779.29,"0.32 + 0.59 + 0.15 + 0.1",1.16,"3*1.65 + 1*2.58 + 2*1.48 + 1*5.59 + 2*1.57 + 21*8.44 + 4*2.12 + 37*1.97 + 1*0.5 + 1*10.66 + 1*0.7 + 1*2.21 + 19*1.04 + 1*1.31 + 1*0.64 + 1*1.26 + 1*2.07",316.94
"binary_counter","1 clkinv_1, 4 dfrtp_1, 1 nand2_1, 1 nand3_1, 2 xnor2_1, 1 xor2_1","1*3.75 + 4*25.02 + 1*3.75 + 1*5.0 + 2*8.76 + 1*8.76",138.86,"0.36 + 0.1 + 0.12",0.58,"1*1.57 + 4*11.65 + 1*2.12 + 1*1.03 + 2*2.07 + 1*4.28",59.74
"d_ff_async_reset","1 dfrtp_1, 1 mux2_1","1*25.02 + 1*11.26",36.28,"0.33 + 0.27",0.6,"1*11.65 + 1*4.03",15.68
"my_module","1 o21ai_0","1*5.0",5.0,"0.08",0.08,"1*1.04",1.04
"cdc_reset_sync","1 a21o_1, 1 clkinv_1, 8 dfxtp_1","1*7.51 + 1*3.75 + 8*20.02",171.42,"0.29 + 0.05 + 0.16",0.5,"1*5.9 + 1*1.57 + 8*8.44",74.99
"flpv3l_mbus_isolation","3 nor2_1, 69 nor2b_1, 4 or2_0","3*3.75 + 69*6.26 + 4*6.26",468.23,"0.17",0.17,"3*1.97 + 69*2.18 + 4*1.26",161.37
"RAT_slice_12_8_0_wrapper","5 dfxtp_1, 5 nor2b_1","5*20.02 + 5*6.26",131.4,"0.26",0.26,"5*8.44 + 5*2.18",53.1
"current_monitor","7 a21oi_1, 1 a22o_1, 1 and4_1, 10 clkinv_1, 22 dfxtp_1, 1 maj3_1, 1 mux2_1, 7 mux2i_1, 2 nand2_1, 4 nand2b_1, 18 nor2_1, 3 nor2b_1, 12 o21ai_0, 1 o221ai_1, 2 o22ai_1, 1 o311ai_0, 1 or3_1, 1 xor2_1","7*5.0 + 1*8.76 + 1*8.76 + 10*3.75 + 22*20.02 + 1*10.01 + 1*11.26 + 7*10.01 + 2*3.75 + 4*6.26 + 18*3.75 + 3*6.26 + 12*5.0 + 1*8.76 + 2*6.26 + 1*8.76 + 1*6.26 + 1*8.76",845.68,"0.28 + 0.13 + 0.34 + 0.12 + 0.08 + 0.15 + 0.11 + 0.58 + 0.37",2.16,"7*1.65 + 1*4.06 + 1*3.4 + 10*1.57 + 22*8.44 + 1*2.09 + 1*4.03 + 7*5.89 + 2*2.12 + 4*2.25 + 18*1.97 + 3*2.18 + 12*1.04 + 1*1.09 + 2*1.31 + 1*0.64 + 1*1.28 + 1*4.28",345.37
"decode38","4 clkinv_1, 64 dfrtp_1, 64 mux2_1, 1 nand4_1, 3 nand4b_1, 1 nor4b_1, 3 nor4bb_1","4*3.75 + 64*25.02 + 64*11.26 + 1*6.26 + 3*8.76 + 1*8.76 + 3*10.01",2408.25,"1.02 + 0.38",1.4,"4*1.57 + 64*11.65 + 64*4.03 + 1*0.53 + 3*1.03 + 1*0.91 + 3*3.2",1023.93
"sky130_fd_sc_hd__o21ai_4","1 and3b_1","1*8.76",8.76,"0.15",0.15,"1*7.06",7.06
"sky130_fd_sc_ls__o22a","1 o22a_1","1*8.76",8.76,"0.16",0.16,"1*2.76",2.76
"and_gate","1 and2_0","1*6.26",6.26,"0.1",0.1,"1*1.92",1.92
"win_blk_mem_gen_prim_width","9 a2111o_1, 338 a2111oi_0, 2 a211o_1, 8 a211oi_1, 13 a21o_1, 6873 a21oi_1, 9 a221o_1, 466 a221oi_1, 3124 a222oi_1, 447 a22o_1, 1477 a22oi_1, 1 a2bb2oi_1, 19 a31o_1, 1635 a31oi_1, 1 a41o_1, 9 a41oi_1, 109 and2_0, 80 and3_1, 5 and3b_1, 94 and4_1, 346 and4b_1, 4 clkinv_1, 16385 dfxtp_1, 968 mux2_1, 11027 nand2_1, 8 nand2b_1, 9272 nand3_1, 12 nand3b_1, 43 nand4_1, 6 nand4b_1, 6844 nor2_1, 8 nor2b_1, 6622 nor3_1, 8 nor3b_1, 147 nor4_1, 187 nor4b_1, 396 nor4bb_1, 15 o2111a_1, 16 o2111ai_1, 3 o211a_1, 11 o211ai_1, 2 o21a_1, 8901 o21ai_0, 1 o221a_1, 3 o221ai_1, 3 o22a_1, 71 o22ai_1, 1 o2bb2ai_1, 14 o31a_1, 32 o31ai_1, 5 o41a_1, 58 o41ai_1, 4 or2_0, 19 or3_1, 5 or3b_1, 60 or4_1, 6 or4b_1","9*11.26 + 338*8.76 + 2*8.76 + 8*7.51 + 13*7.51 + 6873*5.0 + 9*10.01 + 466*8.76 + 3124*10.01 + 447*8.76 + 1477*7.51 + 1*8.76 + 19*8.76 + 1635*6.26 + 1*10.01 + 9*8.76 + 109*6.26 + 80*6.26 + 5*8.76 + 94*8.76 + 346*10.01 + 4*3.75 + 16385*20.02 + 968*11.26 + 11027*3.75 + 8*6.26 + 9272*5.0 + 12*7.51 + 43*6.26 + 6*8.76 + 6844*3.75 + 8*6.26 + 6622*5.0 + 8*7.51 + 147*6.26 + 187*8.76 + 396*10.01 + 15*11.26 + 16*8.76 + 3*10.01 + 11*7.51 + 2*7.51 + 8901*5.0 + 1*11.26 + 3*8.76 + 3*8.76 + 71*6.26 + 1*8.76 + 14*8.76 + 32*7.51 + 5*11.26 + 58*8.76 + 4*6.26 + 19*6.26 + 5*8.76 + 60*7.51 + 6*10.01",643674.49,"95.24 + 57.36 + 0.63 + 0.08",153.31,"9*1.68 + 338*0.42 + 2*3.14 + 8*0.98 + 13*5.9 + 6873*1.65 + 9*2.66 + 466*1.78 + 3124*2.43 + 447*4.06 + 1477*2.58 + 1*3.38 + 19*2.37 + 1635*1.48 + 1*6.61 + 9*1.36 + 109*1.92 + 80*5.59 + 5*7.06 + 94*3.4 + 346*5.99 + 4*1.57 + 16385*8.44 + 968*4.03 + 11027*2.12 + 8*2.25 + 9272*1.03 + 12*1.4 + 43*0.53 + 6*1.03 + 6844*1.97 + 8*2.18 + 6622*0.93 + 8*1.3 + 147*0.5 + 187*0.91 + 396*3.2 + 15*3.75 + 16*0.58 + 3*10.66 + 11*0.7 + 2*2.21 + 8901*1.04 + 1*2.73 + 3*1.09 + 3*2.76 + 71*1.31 + 1*1.85 + 14*2.07 + 32*1.7 + 5*1.37 + 58*1.39 + 4*1.26 + 19*1.28 + 5*2.59 + 60*0.85 + 6*2.14",237350.1
"posted_pkt_scheduler_4radios","3 a2111o_1, 3 a2111oi_0, 3 a211o_1, 95 a211oi_1, 1 a21bo_1, 37 a21boi_0, 180 a21o_1, 460 a21oi_1, 10 a221o_1, 77 a221oi_1, 187 a222oi_1, 9 a22o_1, 77 a22oi_1, 5 a2bb2oi_1, 22 a311oi_1, 9 a31o_1, 58 a31oi_1, 2 a32oi_1, 2 a41o_1, 15 a41oi_1, 71 and2_0, 47 and3_1, 1 and3b_1, 19 and4_1, 1 and4b_1, 127 clkinv_1, 1208 dfxtp_1, 112 maj3_1, 224 mux2_1, 104 mux2i_1, 887 nand2_1, 36 nand2b_1, 172 nand3_1, 5 nand3b_1, 23 nand4_1, 3 nand4b_1, 570 nor2_1, 22 nor2b_1, 73 nor3_1, 7 nor3b_1, 15 nor4_1, 3 nor4b_1, 5 nor4bb_1, 1 o2111ai_1, 7 o211a_1, 18 o211ai_1, 28 o21a_1, 620 o21ai_0, 1 o21ba_1, 2 o21bai_1, 4 o221a_1, 56 o221ai_1, 6 o22a_1, 38 o22ai_1, 1 o2bb2ai_1, 1 o311a_1, 9 o311ai_0, 3 o31a_1, 53 o31ai_1, 3 o32a_1, 11 o32ai_1, 2 o41ai_1, 44 or2_0, 38 or3_1, 7 or3b_1, 2 or4_1, 1 or4b_1, 364 xnor2_1, 3 xnor3_1, 179 xor2_1","3*11.26 + 3*8.76 + 3*8.76 + 95*7.51 + 1*10.01 + 37*7.51 + 180*7.51 + 460*5.0 + 10*10.01 + 77*8.76 + 187*10.01 + 9*8.76 + 77*7.51 + 5*8.76 + 22*8.76 + 9*8.76 + 58*6.26 + 2*8.76 + 2*10.01 + 15*8.76 + 71*6.26 + 47*6.26 + 1*8.76 + 19*8.76 + 1*10.01 + 127*3.75 + 1208*20.02 + 112*10.01 + 224*11.26 + 104*10.01 + 887*3.75 + 36*6.26 + 172*5.0 + 5*7.51 + 23*6.26 + 3*8.76 + 570*3.75 + 22*6.26 + 73*5.0 + 7*7.51 + 15*6.26 + 3*8.76 + 5*10.01 + 1*8.76 + 7*10.01 + 18*7.51 + 28*7.51 + 620*5.0 + 1*10.01 + 2*7.51 + 4*11.26 + 56*8.76 + 6*8.76 + 38*6.26 + 1*8.76 + 1*10.01 + 9*8.76 + 3*8.76 + 53*7.51 + 3*10.01 + 11*8.76 + 2*8.76 + 44*6.26 + 38*6.26 + 7*8.76 + 2*7.51 + 1*10.01 + 364*8.76 + 3*22.52 + 179*8.76",57106.69,"0.31 + 0.23 + 0.16 + 0.4 + 0.39 + 0.39 + 0.39 + 0.39 + 0.39 + 0.39 + 0.39 + 0.39 + 0.39 + 0.39 + 0.4 + 0.31 + 0.14 + 0.4 + 0.33 + 0.21 + 0.37 + 0.14 + 0.4 + 0.35 + 0.21 + 0.41 + 0.16 + 0.16 + 0.1 + 0.23 + 0.24 + 0.24 + 0.23 + 0.37 + 0.09 + 0.08 + 0.11 + 0.08 + 0.14 + 0.1 + 0.11 + 0.13 + 4.38 + 0.45 + 0.25 + 0.05 + 0.34 + 0.38 + 0.1",17.19,"3*1.68 + 3*0.42 + 3*3.14 + 95*0.98 + 1*7.27 + 37*2.48 + 180*5.9 + 460*1.65 + 10*2.66 + 77*1.78 + 187*2.43 + 9*4.06 + 77*2.58 + 5*3.38 + 22*0.97 + 9*2.37 + 58*1.48 + 2*1.25 + 2*6.61 + 15*1.36 + 71*1.92 + 47*5.59 + 1*7.06 + 19*3.4 + 1*5.99 + 127*1.57 + 1208*8.44 + 112*2.09 + 224*4.03 + 104*5.89 + 887*2.12 + 36*2.25 + 172*1.03 + 5*1.4 + 23*0.53 + 3*1.03 + 570*1.97 + 22*2.18 + 73*0.93 + 7*1.3 + 15*0.5 + 3*0.91 + 5*3.2 + 1*0.58 + 7*10.66 + 18*0.7 + 28*2.21 + 620*1.04 + 1*7.27 + 2*2.87 + 4*2.73 + 56*1.09 + 6*2.76 + 38*1.31 + 1*1.85 + 1*3.77 + 9*0.64 + 3*2.07 + 53*1.7 + 3*1.66 + 11*1.09 + 2*1.39 + 44*1.26 + 38*1.28 + 7*2.59 + 2*0.85 + 1*2.14 + 364*2.07 + 3*15.62 + 179*4.28",21885.32
"sync_fifo","3 a211oi_1, 24 a21oi_1, 1 a221o_1, 2 a221oi_1, 1 a22o_1, 1 a22oi_1, 3 a31o_1, 7 a31oi_1, 2 and2_0, 1 and3_1, 1 and4b_1, 15 clkinv_1, 1042 dfxtp_1, 1 maj3_1, 1028 mux2_1, 32 mux2i_1, 258 mux4_2, 29 nand2_1, 5 nand2b_1, 4 nand3_1, 2 nand4_1, 116 nor2_1, 3 nor2b_1, 8 nor3_1, 1 nor3b_1, 2 nor4_1, 24 o21a_1, 91 o21ai_0, 27 o221ai_1, 22 o22ai_1, 2 or2_0, 9 xnor2_1, 8 xor2_1","3*7.51 + 24*5.0 + 1*10.01 + 2*8.76 + 1*8.76 + 1*7.51 + 3*8.76 + 7*6.26 + 2*6.26 + 1*6.26 + 1*10.01 + 15*3.75 + 1042*20.02 + 1*10.01 + 1028*11.26 + 32*10.01 + 258*22.52 + 29*3.75 + 5*6.26 + 4*5.0 + 2*6.26 + 116*3.75 + 3*6.26 + 8*5.0 + 1*7.51 + 2*6.26 + 24*7.51 + 91*5.0 + 27*8.76 + 22*6.26 + 2*6.26 + 9*8.76 + 8*8.76",40775.38,"9.67 + 1.92 + 0.83 + 0.12 + 0.34 + 0.08 + 0.11",13.07,"3*0.98 + 24*1.65 + 1*2.66 + 2*1.78 + 1*4.06 + 1*2.58 + 3*2.37 + 7*1.48 + 2*1.92 + 1*5.59 + 1*5.99 + 15*1.57 + 1042*8.44 + 1*2.09 + 1028*4.03 + 32*5.89 + 258*6.37 + 29*2.12 + 5*2.25 + 4*1.03 + 2*0.53 + 116*1.97 + 3*2.18 + 8*0.93 + 1*1.3 + 2*0.5 + 24*2.21 + 91*1.04 + 27*1.09 + 22*1.31 + 2*1.26 + 9*2.07 + 8*4.28",15467.22
"johnson_counter","4 clkinv_1, 4 dfrtp_1","4*3.75 + 4*25.02",115.08,"0.33",0.33,"4*1.57 + 4*11.65",52.88
"digital_circuit","1 dfxtp_1, 1 or2_0","1*20.02 + 1*6.26",26.28,"0.19",0.19,"1*8.44 + 1*1.26",9.7
"binary_gray_converter","1 clkinv_1, 2 xnor2_1, 1 xnor3_1, 3 xor2_1","1*3.75 + 2*8.76 + 1*22.52 + 3*8.76",70.07,"0.26 + 0.23",0.49,"1*1.57 + 2*2.07 + 1*15.62 + 3*4.28",34.17
"shift_register","1 a221o_1, 1 a22o_1, 1 and3b_1, 4 clkinv_1, 4 dfrtp_1, 1 mux2i_1, 3 nand2_1, 1 nor2_1, 1 o211ai_1, 1 o21ai_0, 1 or3b_1","1*10.01 + 1*8.76 + 1*8.76 + 4*3.75 + 4*25.02 + 1*10.01 + 3*3.75 + 1*3.75 + 1*7.51 + 1*5.0 + 1*8.76",188.89,"0.34 + 0.17 + 0.24",0.75,"1*2.66 + 1*4.06 + 1*7.06 + 4*1.57 + 4*11.65 + 1*5.89 + 3*2.12 + 1*1.97 + 1*0.7 + 1*1.04 + 1*2.59",85.21
"bw_io_cmos_edgelogic","1 and2_0, 1 clkinv_1, 1 mux2_1, 2 nand2b_1","1*6.26 + 1*3.75 + 1*11.26 + 2*6.26",33.79,"0.12 + 0.27",0.39,"1*1.92 + 1*1.57 + 1*4.03 + 2*2.25",12.02
"serdes_model","9 dfxtp_1, 17 mux2_1, 1 mux2i_1, 1 xnor2_1","9*20.02 + 17*11.26 + 1*10.01 + 1*8.76",390.37,"0.27 + 0.14 + 0.11",0.52,"9*8.44 + 17*4.03 + 1*5.89 + 1*2.07",152.43
"binary_adder","1 a21o_1, 1 a21oi_1, 1 a221oi_1, 1 and2_0, 1 clkinv_1, 1 conb_1, 18 dfrtp_1, 2 maj3_1, 4 nand2_1, 4 nor2_1, 3 nor2b_1, 2 nor3_1, 1 o21a_1, 1 o21ai_0, 1 o311a_1, 1 o31a_1, 1 o31ai_1, 11 xnor2_1, 1 xor2_1","1*7.51 + 1*5.0 + 1*8.76 + 1*6.26 + 1*3.75 + 1*3.75 + 18*25.02 + 2*10.01 + 4*3.75 + 4*3.75 + 3*6.26 + 2*5.0 + 1*7.51 + 1*5.0 + 1*10.01 + 1*8.76 + 1*7.51 + 11*8.76 + 1*8.76",708.1,"0.37 + 0.4 + 0.4 + 0.23 + 0.15 + 0.07",1.62,"1*5.9 + 1*1.65 + 1*1.78 + 1*1.92 + 1*1.57 + 1*3.24 + 18*11.65 + 2*2.09 + 4*2.12 + 4*1.97 + 3*2.18 + 2*0.93 + 1*2.21 + 1*1.04 + 1*3.77 + 1*2.07 + 1*1.7 + 11*2.07 + 1*4.28",292.54
"axi_ethernet_ram_reader","1 clkinv_1, 1 dfxtp_1, 1 mux2_1, 1 nor2b_1","1*3.75 + 1*20.02 + 1*11.26 + 1*6.26",41.29,"0.09",0.09,"1*1.57 + 1*8.44 + 1*4.03 + 1*2.18",16.22
"float_arithmetic","3 a2111o_1, 3 a2111oi_0, 4 a211o_1, 13 a211oi_1, 3 a21bo_1, 9 a21boi_0, 32 a21o_1, 236 a21oi_1, 3 a221o_1, 4 a221oi_1, 5 a22o_1, 26 a22oi_1, 3 a2bb2oi_1, 1 a311o_1, 16 a311oi_1, 2 a31o_1, 19 a31oi_1, 4 a32oi_1, 96 and2_0, 15 and3_1, 156 clkinv_1, 195 maj3_1, 19 mux2_1, 40 mux2i_1, 520 nand2_1, 76 nand2b_1, 67 nand3_1, 1 nand3b_1, 15 nand4_1, 2 nand4b_1, 400 nor2_1, 72 nor2b_1, 42 nor3_1, 1 nor3b_1, 7 nor4_1, 3 nor4b_1, 1 nor4bb_1, 1 o2111ai_1, 2 o211a_1, 15 o211ai_1, 33 o21a_1, 196 o21ai_0, 1 o21ba_1, 15 o21bai_1, 8 o221a_1, 7 o221ai_1, 7 o22a_1, 20 o22ai_1, 3 o2bb2ai_1, 4 o311a_1, 13 o311ai_0, 10 o31a_1, 10 o31ai_1, 1 o32ai_1, 2 o41a_1, 19 or2_0, 8 or3_1, 2 or3b_1, 5 or4_1, 651 xnor2_1, 3 xnor3_1, 235 xor2_1","3*11.26 + 3*8.76 + 4*8.76 + 13*7.51 + 3*10.01 + 9*7.51 + 32*7.51 + 236*5.0 + 3*10.01 + 4*8.76 + 5*8.76 + 26*7.51 + 3*8.76 + 1*10.01 + 16*8.76 + 2*8.76 + 19*6.26 + 4*8.76 + 96*6.26 + 15*6.26 + 156*3.75 + 195*10.01 + 19*11.26 + 40*10.01 + 520*3.75 + 76*6.26 + 67*5.0 + 1*7.51 + 15*6.26 + 2*8.76 + 400*3.75 + 72*6.26 + 42*5.0 + 1*7.51 + 7*6.26 + 3*8.76 + 1*10.01 + 1*8.76 + 2*10.01 + 15*7.51 + 33*7.51 + 196*5.0 + 1*10.01 + 15*7.51 + 8*11.26 + 7*8.76 + 7*8.76 + 20*6.26 + 3*8.76 + 4*10.01 + 13*8.76 + 10*8.76 + 10*7.51 + 1*8.76 + 2*11.26 + 19*6.26 + 8*6.26 + 2*8.76 + 5*7.51 + 651*8.76 + 3*22.52 + 235*8.76",21593.96,"0.51 + 0.37 + 0.32 + 0.23 + 0.15 + 0.39 + 0.27 + 0.16 + 0.37 + 0.2 + 0.21 + 0.17 + 0.4 + 0.39 + 0.38 + 0.37 + 0.19 + 0.39 + 0.39 + 0.39 + 0.39 + 0.26 + 0.18 + 0.4 + 0.39 + 0.39 + 0.39 + 0.4 + 0.27 + 0.19 + 0.36 + 0.2 + 0.19 + 0.19 + 0.19 + 0.2 + 0.27 + 0.19 + 0.4 + 0.39 + 0.39 + 0.39 + 0.4 + 0.24 + 0.26 + 0.73 + 0.25 + 0.41 + 0.22 + 0.24 + 0.09 + 0.39 + 0.38 + 0.29 + 0.3 + 0.22 + 0.42 + 0.39 + 0.39 + 0.39 + 0.4 + 0.19 + 0.13 + 0.43 + 0.55 + 0.31 + 0.37 + 0.39 + 0.2 + 0.38 + 0.2 + 0.38 + 0.21 + 0.28 + 0.12 + 0.93 + 0.29 + 0.45 + 0.39 + 0.39 + 0.39 + 0.4 + 0.22 + 0.42 + 0.18 + 0.18 + 0.65 + 0.21 + 0.24 + 0.12 + 0.26 + 0.26 + 0.21 + 0.22 + 0.09 + 0.33 + 0.13 + 0.98 + 0.29 + 0.45 + 0.39 + 0.39 + 0.39 + 0.39 + 0.39 + 0.4 + 0.23 + 0.27 + 0.4 + 0.11 + 0.5 + 0.23 + 0.4 + 0.39 + 0.2 + 0.19 + 0.21 + 0.14 + 0.36 + 0.24 + 0.17 + 0.08 + 1.11 + 0.32 + 0.21 + 0.2 + 0.1 + 0.39 + 0.4 + 0.22 + 0.32 + 0.15 + 0.41 + 0.14 + 1.66 + 0.36 + 0.47 + 0.38 + 0.26 + 0.14 + 0.4 + 0.15 + 0.09 + 0.32 + 0.16 + 0.3 + 0.38 + 0.76 + 0.24 + 0.42 + 0.39 + 0.39 + 0.39 + 0.39 + 0.39 + 0.4 + 0.19 + 0.15 + 0.4 + 0.23 + 0.27 + 0.28 + 0.15 + 1.0 + 0.44 + 0.22 + 0.15 + 0.4 + 0.39 + 0.39 + 0.39 + 0.4 + 0.24 + 0.13 + 0.31 + 0.27 + 0.3 + 0.22 + 1.27 + 0.35 + 0.45 + 0.19 + 0.15 + 0.41 + 0.24 + 0.32 + 0.15 + 0.33 + 0.15 + 0.41 + 0.17 + 1.41 + 0.29 + 0.46 + 0.41 + 0.29 + 0.16 + 0.33 + 0.11 + 0.3 + 0.32 + 0.26 + 0.11 + 0.3 + 1.19 + 0.28 + 0.37 + 0.2 + 0.07 + 0.3 + 0.12 + 0.22 + 0.09 + 0.09",70.57,"3*1.68 + 3*0.42 + 4*3.14 + 13*0.98 + 3*7.27 + 9*2.48 + 32*5.9 + 236*1.65 + 3*2.66 + 4*1.78 + 5*4.06 + 26*2.58 + 3*3.38 + 1*1.57 + 16*0.97 + 2*2.37 + 19*1.48 + 4*1.25 + 96*1.92 + 15*5.59 + 156*1.57 + 195*2.09 + 19*4.03 + 40*5.89 + 520*2.12 + 76*2.25 + 67*1.03 + 1*1.4 + 15*0.53 + 2*1.03 + 400*1.97 + 72*2.18 + 42*0.93 + 1*1.3 + 7*0.5 + 3*0.91 + 1*3.2 + 1*0.58 + 2*10.66 + 15*0.7 + 33*2.21 + 196*1.04 + 1*7.27 + 15*2.87 + 8*2.73 + 7*1.09 + 7*2.76 + 20*1.31 + 3*1.85 + 4*3.77 + 13*0.64 + 10*2.07 + 10*1.7 + 1*1.09 + 2*1.37 + 19*1.26 + 8*1.28 + 2*2.59 + 5*0.85 + 651*2.07 + 3*15.62 + 235*4.28",7351.68
"memory_interface","1 a2111o_1, 46 a2111oi_0, 1 a211o_1, 22 a211oi_1, 5 a21o_1, 1589 a21oi_1, 14 a221o_1, 65 a221oi_1, 1478 a222oi_1, 229 a22o_1, 5537 a22oi_1, 9 a31o_1, 480 a31oi_1, 10 a41o_1, 11 a41oi_1, 3 and2_0, 17 and3_1, 6 and3b_1, 9 and4b_1, 2 clkinv_1, 32800 dfxtp_1, 32768 mux2_1, 5849 mux4_2, 1454 nand2_1, 4 nand2b_1, 276 nand3_1, 6 nand3b_1, 72 nand4_1, 2 nand4b_1, 851 nor2_1, 4 nor2b_1, 91 nor3_1, 11 nor3b_1, 215 nor4_1, 2 nor4b_1, 9 nor4bb_1, 4 o2111a_1, 11 o2111ai_1, 12 o211a_1, 3 o211ai_1, 2 o21a_1, 259 o21ai_0, 6 o221a_1, 12 o221ai_1, 2 o22a_1, 19 o22ai_1, 4 o31a_1, 40 o31ai_1, 64 o41ai_1, 3 or2_0, 15 or3_1, 4 or3b_1, 40 or4_1","1*11.26 + 46*8.76 + 1*8.76 + 22*7.51 + 5*7.51 + 1589*5.0 + 14*10.01 + 65*8.76 + 1478*10.01 + 229*8.76 + 5537*7.51 + 9*8.76 + 480*6.26 + 10*10.01 + 11*8.76 + 3*6.26 + 17*6.26 + 6*8.76 + 9*10.01 + 2*3.75 + 32800*20.02 + 32768*11.26 + 5849*22.52 + 1454*3.75 + 4*6.26 + 276*5.0 + 6*7.51 + 72*6.26 + 2*8.76 + 851*3.75 + 4*6.26 + 91*5.0 + 11*7.51 + 215*6.26 + 2*8.76 + 9*10.01 + 4*11.26 + 11*8.76 + 12*10.01 + 3*7.51 + 2*7.51 + 259*5.0 + 6*11.26 + 12*8.76 + 2*8.76 + 19*6.26 + 4*8.76 + 40*7.51 + 64*8.76 + 3*6.26 + 15*6.26 + 4*8.76 + 40*7.51",1244388.25,"75.93 + 27.12 + 10.68 + 0.39",114.12,"1*1.68 + 46*0.42 + 1*3.14 + 22*0.98 + 5*5.9 + 1589*1.65 + 14*2.66 + 65*1.78 + 1478*2.43 + 229*4.06 + 5537*2.58 + 9*2.37 + 480*1.48 + 10*6.61 + 11*1.36 + 3*1.92 + 17*5.59 + 6*7.06 + 9*5.99 + 2*1.57 + 32800*8.44 + 32768*4.03 + 5849*6.37 + 1454*2.12 + 4*2.25 + 276*1.03 + 6*1.4 + 72*0.53 + 2*1.03 + 851*1.97 + 4*2.18 + 91*0.93 + 11*1.3 + 215*0.5 + 2*0.91 + 9*3.2 + 4*3.75 + 11*0.58 + 12*10.66 + 3*0.7 + 2*2.21 + 259*1.04 + 6*2.73 + 12*1.09 + 2*2.76 + 19*1.31 + 4*2.07 + 40*1.7 + 64*1.39 + 3*1.26 + 15*1.28 + 4*2.59 + 40*0.85",474879.14
"daala_4x4_transpose_v1_0_S00_AXIS","1 a21boi_0, 2 a21oi_1, 1 a311oi_1, 1 a31oi_1, 1 a41oi_1, 2 and3_1, 1 and4_1, 1 clkinv_1, 5 dfxtp_1, 2 nor3_1, 1 o21ai_0, 1 o31a_1","1*7.51 + 2*5.0 + 1*8.76 + 1*6.26 + 1*8.76 + 2*6.26 + 1*8.76 + 1*3.75 + 5*20.02 + 2*5.0 + 1*5.0 + 1*8.76",190.18,"0.31 + 0.19 + 0.26",0.76,"1*2.48 + 2*1.65 + 1*0.97 + 1*1.48 + 1*1.36 + 2*5.59 + 1*3.4 + 1*1.57 + 5*8.44 + 2*0.93 + 1*1.04 + 1*2.07",72.91
"lfsr","18 clkinv_1, 18 dfrtp_1, 16 mux2_1, 1 nand2_1, 1 xnor2_1, 1 xor3_1","18*3.75 + 18*25.02 + 16*11.26 + 1*3.75 + 1*8.76 + 1*23.77",734.3,"0.35 + 0.36 + 0.06 + 0.11",0.88,"18*1.57 + 18*11.65 + 16*4.03 + 1*2.12 + 1*2.07 + 1*15.22",321.85
"sky130_fd_sc_lp__a311oi","1 a311oi_1","1*8.76",8.76,"0.17",0.17,"1*0.97",0.97
"Calculator","1 a2111oi_0, 6 a211oi_1, 7 a21o_1, 22 a21oi_1, 1 a221o_1, 1 a221oi_1, 2 a22o_1, 6 a22oi_1, 1 a2bb2oi_1, 3 a31o_1, 4 a31oi_1, 1 a32oi_1, 1 a41oi_1, 11 and2_0, 4 and3_1, 1 and3b_1, 1 and4_1, 18 clkinv_1, 1 dlxtn_1, 19 maj3_1, 5 mux2_1, 1 mux2i_1, 65 nand2_1, 10 nand2b_1, 12 nand3_1, 2 nand3b_1, 6 nand4_1, 35 nor2_1, 6 nor2b_1, 8 nor3_1, 3 nor4_1, 1 nor4bb_1, 1 o211a_1, 1 o211ai_1, 6 o21a_1, 22 o21ai_0, 3 o21bai_1, 4 o221ai_1, 1 o22a_1, 4 o22ai_1, 2 o31a_1, 11 o31ai_1, 1 o32ai_1, 1 o41a_1, 1 o41ai_1, 7 or2_0, 1 or3b_1, 3 or4_1, 66 xnor2_1, 3 xnor3_1, 21 xor2_1","1*8.76 + 6*7.51 + 7*7.51 + 22*5.0 + 1*10.01 + 1*8.76 + 2*8.76 + 6*7.51 + 1*8.76 + 3*8.76 + 4*6.26 + 1*8.76 + 1*8.76 + 11*6.26 + 4*6.26 + 1*8.76 + 1*8.76 + 18*3.75 + 1*15.01 + 19*10.01 + 5*11.26 + 1*10.01 + 65*3.75 + 10*6.26 + 12*5.0 + 2*7.51 + 6*6.26 + 35*3.75 + 6*6.26 + 8*5.0 + 3*6.26 + 1*10.01 + 1*10.01 + 1*7.51 + 6*7.51 + 22*5.0 + 3*7.51 + 4*8.76 + 1*8.76 + 4*6.26 + 2*8.76 + 11*7.51 + 1*8.76 + 1*11.26 + 1*8.76 + 7*6.26 + 1*8.76 + 3*7.51 + 66*8.76 + 3*22.52 + 21*8.76",2779.95,"0.56 + 0.34 + 0.4 + 0.16 + 0.28 + 0.13 + 0.35 + 0.24 + 0.12 + 0.19 + 0.35 + 0.37 + 0.46 + 0.23 + 0.11 + 0.28 + 0.12 + 0.43 + 0.41 + 0.24 + 0.11 + 0.29 + 0.23 + 0.32 + 0.41 + 0.35 + 0.14 + 0.36 + 0.39 + 0.2 + 0.38 + 0.37 + 0.06 + 0.29 + 0.12 + 0.29 + 0.17 + 0.41 + 0.14 + 0.16 + 0.35",11.31,"1*0.42 + 6*0.98 + 7*5.9 + 22*1.65 + 1*2.66 + 1*1.78 + 2*4.06 + 6*2.58 + 1*3.38 + 3*2.37 + 4*1.48 + 1*1.25 + 1*1.36 + 11*1.92 + 4*5.59 + 1*7.06 + 1*3.4 + 18*1.57 + 1*8.12 + 19*2.09 + 5*4.03 + 1*5.89 + 65*2.12 + 10*2.25 + 12*1.03 + 2*1.4 + 6*0.53 + 35*1.97 + 6*2.18 + 8*0.93 + 3*0.5 + 1*3.2 + 1*10.66 + 1*0.7 + 6*2.21 + 22*1.04 + 3*2.87 + 4*1.09 + 1*2.76 + 4*1.31 + 2*2.07 + 11*1.7 + 1*1.09 + 1*1.37 + 1*1.39 + 7*1.26 + 1*2.59 + 3*0.85 + 66*2.07 + 3*15.62 + 21*4.28",942.32
"scaler_core","5 a2111oi_0, 2 a211o_1, 14 a211oi_1, 2 a21boi_0, 11 a21o_1, 62 a21oi_1, 4 a221o_1, 4 a221oi_1, 1 a222oi_1, 27 a22o_1, 16 a22oi_1, 3 a2bb2oi_1, 3 a311oi_1, 2 a31o_1, 15 a31oi_1, 1 a41o_1, 21 and2_0, 7 and3_1, 1 and3b_1, 79 clkinv_1, 162 dfxtp_1, 19 maj3_1, 140 nand2_1, 39 nand2b_1, 17 nand3_1, 2 nand3b_1, 12 nand4_1, 1 nand4b_1, 110 nor2_1, 26 nor2b_1, 24 nor3_1, 2 nor3b_1, 14 nor4_1, 1 nor4b_1, 4 o2111ai_1, 1 o211a_1, 5 o211ai_1, 2 o21a_1, 111 o21ai_0, 4 o221ai_1, 68 o22ai_1, 1 o311a_1, 2 o311ai_0, 4 o31ai_1, 1 o32a_1, 3 or2_0, 2 or3b_1, 4 or4_1, 1 or4b_1, 27 xnor2_1, 18 xor2_1","5*8.76 + 2*8.76 + 14*7.51 + 2*7.51 + 11*7.51 + 62*5.0 + 4*10.01 + 4*8.76 + 1*10.01 + 27*8.76 + 16*7.51 + 3*8.76 + 3*8.76 + 2*8.76 + 15*6.26 + 1*10.01 + 21*6.26 + 7*6.26 + 1*8.76 + 79*3.75 + 162*20.02 + 19*10.01 + 140*3.75 + 39*6.26 + 17*5.0 + 2*7.51 + 12*6.26 + 1*8.76 + 110*3.75 + 26*6.26 + 24*5.0 + 2*7.51 + 14*6.26 + 1*8.76 + 4*8.76 + 1*10.01 + 5*7.51 + 2*7.51 + 111*5.0 + 4*8.76 + 68*6.26 + 1*10.01 + 2*8.76 + 4*7.51 + 1*10.01 + 3*6.26 + 2*8.76 + 4*7.51 + 1*10.01 + 27*8.76 + 18*8.76",8514.76,"0.39 + 0.12 + 0.29 + 0.14 + 0.32 + 0.27 + 0.1 + 0.34 + 0.18 + 0.51 + 0.27 + 0.07 + 0.13 + 0.04",3.17,"5*0.42 + 2*3.14 + 14*0.98 + 2*2.48 + 11*5.9 + 62*1.65 + 4*2.66 + 4*1.78 + 1*2.43 + 27*4.06 + 16*2.58 + 3*3.38 + 3*0.97 + 2*2.37 + 15*1.48 + 1*6.61 + 21*1.92 + 7*5.59 + 1*7.06 + 79*1.57 + 162*8.44 + 19*2.09 + 140*2.12 + 39*2.25 + 17*1.03 + 2*1.4 + 12*0.53 + 1*1.03 + 110*1.97 + 26*2.18 + 24*0.93 + 2*1.3 + 14*0.5 + 1*0.91 + 4*0.58 + 1*10.66 + 5*0.7 + 2*2.21 + 111*1.04 + 4*1.09 + 68*1.31 + 1*3.77 + 2*0.64 + 4*1.7 + 1*1.66 + 3*1.26 + 2*2.59 + 4*0.85 + 1*2.14 + 27*2.07 + 18*4.28",3138.66
"top_module","1 a21oi_1, 66 dfxtp_1, 66 nor2b_1, 1 o21a_1, 2 xnor3_1","1*5.0 + 66*20.02 + 66*6.26 + 1*7.51 + 2*22.52",1792.03,"0.29 + 0.39 + 0.14 + 0.12",0.94,"1*1.65 + 66*8.44 + 66*2.18 + 1*2.21 + 2*15.62",736.02
"ultrasonic_sensor","1 a211oi_1, 1 a21boi_0, 1 a21o_1, 9 a21oi_1, 2 a22o_1, 5 a22oi_1, 1 a31oi_1, 2 and2_0, 1 and3_1, 3 and4_1, 5 clkinv_1, 39 dfxtp_1, 13 mux2_1, 14 nand2_1, 2 nand2b_1, 2 nand3_1, 2 nand4_1, 15 nor2_1, 1 nor2b_1, 6 nor3_1, 1 nor3b_1, 2 nor4_1, 1 o21a_1, 7 o21ai_0, 1 o22a_1, 1 o22ai_1, 2 o31ai_1, 1 or3_1, 3 xnor2_1, 1 xor2_1","1*7.51 + 1*7.51 + 1*7.51 + 9*5.0 + 2*8.76 + 5*7.51 + 1*6.26 + 2*6.26 + 1*6.26 + 3*8.76 + 5*3.75 + 39*20.02 + 13*11.26 + 14*3.75 + 2*6.26 + 2*5.0 + 2*6.26 + 15*3.75 + 1*6.26 + 6*5.0 + 1*7.51 + 2*6.26 + 1*7.51 + 7*5.0 + 1*8.76 + 1*6.26 + 2*7.51 + 1*6.26 + 3*8.76 + 1*8.76",1433.76,"0.37 + 0.11 + 0.32 + 0.11 + 0.8 + 0.37",2.08,"1*0.98 + 1*2.48 + 1*5.9 + 9*1.65 + 2*4.06 + 5*2.58 + 1*1.48 + 2*1.92 + 1*5.59 + 3*3.4 + 5*1.57 + 39*8.44 + 13*4.03 + 14*2.12 + 2*2.25 + 2*1.03 + 2*0.53 + 15*1.97 + 1*2.18 + 6*0.93 + 1*1.3 + 2*0.5 + 1*2.21 + 7*1.04 + 1*2.76 + 1*1.31 + 2*1.7 + 1*1.28 + 3*2.07 + 1*4.28",561.38
"edge_detector","1 conb_1, 9 dfxtp_1, 1 nand2_1, 2 nor4_1, 8 xor2_1","1*3.75 + 9*20.02 + 1*3.75 + 2*6.26 + 8*8.76",270.28,"0.28 + 0.15 + 0.25 + 0.07",0.75,"1*3.24 + 9*8.44 + 1*2.12 + 2*0.5 + 8*4.28",116.56
"top_module","1 a21o_1, 2 a21oi_1, 1 a221oi_1, 1 a31oi_1, 3 clkinv_1, 4 dfxtp_1, 1 maj3_1, 1 nand4_1, 3 nor2_1, 1 nor2b_1, 1 nor3_1, 1 o21a_1, 1 or4_1, 2 xnor2_1, 2 xor2_1","1*7.51 + 2*5.0 + 1*8.76 + 1*6.26 + 3*3.75 + 4*20.02 + 1*10.01 + 1*6.26 + 3*3.75 + 1*6.26 + 1*5.0 + 1*7.51 + 1*7.51 + 2*8.76 + 2*8.76",212.7,"0.31 + 0.54 + 0.17 + 0.2",1.22,"1*5.9 + 2*1.65 + 1*1.78 + 1*1.48 + 3*1.57 + 4*8.44 + 1*2.09 + 1*0.53 + 3*1.97 + 1*2.18 + 1*0.93 + 1*2.21 + 1*0.85 + 2*2.07 + 2*4.28",78.33
"tmu2_alpha","1 a211o_1, 1 a211oi_1, 1 a21boi_0, 7 a21o_1, 37 a21oi_1, 1 a221oi_1, 30 a22o_1, 15 a22oi_1, 2 a311oi_1, 5 a31o_1, 10 a31oi_1, 25 and2_0, 5 and3_1, 1 and4_1, 21 clkinv_1, 230 dfxtp_1, 61 maj3_1, 623 nand2_1, 28 nand2b_1, 31 nand3_1, 7 nand4_1, 92 nor2_1, 70 nor2b_1, 15 nor3_1, 2 o2111ai_1, 1 o211a_1, 9 o21a_1, 74 o21ai_0, 1 o21bai_1, 2 o221ai_1, 1 o22a_1, 5 o22ai_1, 1 o31a_1, 12 o31ai_1, 1 o32a_1, 2 or2_0, 2 or3_1, 113 xnor2_1, 11 xnor3_1, 75 xor2_1, 15 xor3_1","1*8.76 + 1*7.51 + 1*7.51 + 7*7.51 + 37*5.0 + 1*8.76 + 30*8.76 + 15*7.51 + 2*8.76 + 5*8.76 + 10*6.26 + 25*6.26 + 5*6.26 + 1*8.76 + 21*3.75 + 230*20.02 + 61*10.01 + 623*3.75 + 28*6.26 + 31*5.0 + 7*6.26 + 92*3.75 + 70*6.26 + 15*5.0 + 2*8.76 + 1*10.01 + 9*7.51 + 74*5.0 + 1*7.51 + 2*8.76 + 1*8.76 + 5*6.26 + 1*8.76 + 12*7.51 + 1*10.01 + 2*6.26 + 2*6.26 + 113*8.76 + 11*22.52 + 75*8.76 + 15*23.77",12743.84,"0.29 + 8.33 + 7.48 + 0.29 + 0.19",16.58,"1*3.14 + 1*0.98 + 1*2.48 + 7*5.9 + 37*1.65 + 1*1.78 + 30*4.06 + 15*2.58 + 2*0.97 + 5*2.37 + 10*1.48 + 25*1.92 + 5*5.59 + 1*3.4 + 21*1.57 + 230*8.44 + 61*2.09 + 623*2.12 + 28*2.25 + 31*1.03 + 7*0.53 + 92*1.97 + 70*2.18 + 15*0.93 + 2*0.58 + 1*10.66 + 9*2.21 + 74*1.04 + 1*2.87 + 2*1.09 + 1*2.76 + 5*1.31 + 1*2.07 + 12*1.7 + 1*1.66 + 2*1.26 + 2*1.28 + 113*2.07 + 11*15.62 + 75*4.28 + 15*15.22",5355.29
"profibus_master","1 a2111oi_0, 4 a211oi_1, 13 a21oi_1, 1 a2bb2oi_1, 3 a31oi_1, 1 and2_0, 2 and3_1, 1 conb_1, 34 dfxtp_1, 9 mux2_1, 6 mux2i_1, 26 nand2_1, 1 nand2b_1, 2 nand3_1, 1 nand4bb_1, 8 nor2_1, 1 nor2b_1, 6 nor3_1, 2 nor3b_1, 3 nor4_1, 1 nor4bb_1, 2 o211ai_1, 9 o21ai_0, 1 o21bai_1, 1 o311a_1, 2 o31ai_1, 1 or3b_1, 3 or4_1, 1 xnor2_1","1*8.76 + 4*7.51 + 13*5.0 + 1*8.76 + 3*6.26 + 1*6.26 + 2*6.26 + 1*3.75 + 34*20.02 + 9*11.26 + 6*10.01 + 26*3.75 + 1*6.26 + 2*5.0 + 1*11.26 + 8*3.75 + 1*6.26 + 6*5.0 + 2*7.51 + 3*6.26 + 1*10.01 + 2*7.51 + 9*5.0 + 1*7.51 + 1*10.01 + 2*7.51 + 1*8.76 + 3*7.51 + 1*8.76",1363.65,"0.42 + 1.06 + 0.16 + 0.45 + 0.35",2.44,"1*0.42 + 4*0.98 + 13*1.65 + 1*3.38 + 3*1.48 + 1*1.92 + 2*5.59 + 1*3.24 + 34*8.44 + 9*4.03 + 6*5.89 + 26*2.12 + 1*2.25 + 2*1.03 + 1*1.9 + 8*1.97 + 1*2.18 + 6*0.93 + 2*1.3 + 3*0.5 + 1*3.2 + 2*0.7 + 9*1.04 + 1*2.87 + 1*3.77 + 2*1.7 + 1*2.59 + 3*0.85 + 1*2.07",528.68
"opcode_decoder","1 a21oi_1, 1 a221oi_1, 1 a22o_1, 1 a31oi_1, 1 a41oi_1, 2 and2_0, 1 and4_1, 2 clkinv_1, 1 conb_1, 4 dfxtp_1, 1 mux2_1, 9 nand2_1, 2 nand2b_1, 1 nand3_1, 1 nand4_1, 2 nand4b_1, 5 nor2_1, 1 nor2b_1, 2 nor3_1, 1 nor3b_1, 2 nor4_1, 1 nor4b_1, 1 nor4bb_1, 1 o211ai_1, 1 o21a_1, 3 o21ai_0, 1 o311a_1, 3 or4_1","1*5.0 + 1*8.76 + 1*8.76 + 1*6.26 + 1*8.76 + 2*6.26 + 1*8.76 + 2*3.75 + 1*3.75 + 4*20.02 + 1*11.26 + 9*3.75 + 2*6.26 + 1*5.0 + 1*6.26 + 2*8.76 + 5*3.75 + 1*6.26 + 2*5.0 + 1*7.51 + 2*6.26 + 1*8.76 + 1*10.01 + 1*7.51 + 1*7.51 + 3*5.0 + 1*10.01 + 3*7.51",372.83,"0.42 + 0.14 + 0.34 + 0.09 + 0.22",1.21,"1*1.65 + 1*1.78 + 1*4.06 + 1*1.48 + 1*1.36 + 2*1.92 + 1*3.4 + 2*1.57 + 1*3.24 + 4*8.44 + 1*4.03 + 9*2.12 + 2*2.25 + 1*1.03 + 1*0.53 + 2*1.03 + 5*1.97 + 1*2.18 + 2*0.93 + 1*1.3 + 2*0.5 + 1*0.91 + 1*3.2 + 1*0.7 + 1*2.21 + 3*1.04 + 1*3.77 + 3*0.85",121.59
"four_bit_adder","3 maj3_1, 1 nand2_1, 1 o21ai_0, 8 xnor2_1","3*10.01 + 1*3.75 + 1*5.0 + 8*8.76",108.86,"0.37 + 0.39 + 0.38 + 0.12",1.26,"3*2.09 + 1*2.12 + 1*1.04 + 8*2.07",25.99
"counter_16bit","1 a21o_1, 9 a21oi_1, 2 and2_0, 3 and3_1, 4 and4_1, 2 clkinv_1, 16 dfxtp_1, 1 nand4_1, 7 nor2_1, 11 nor3_1, 2 o21a_1, 1 o21bai_1, 1 o31ai_1, 1 or4_1","1*7.51 + 9*5.0 + 2*6.26 + 3*6.26 + 4*8.76 + 2*3.75 + 16*20.02 + 1*6.26 + 7*3.75 + 11*5.0 + 2*7.51 + 1*7.51 + 1*7.51 + 1*7.51",571.73,"0.35 + 0.26 + 0.26 + 0.26 + 0.15 + 0.41 + 0.13",1.82,"1*5.9 + 9*1.65 + 2*1.92 + 3*5.59 + 4*3.4 + 2*1.57 + 16*8.44 + 1*0.53 + 7*1.97 + 11*0.93 + 2*2.21 + 1*2.87 + 1*1.7 + 1*0.85",227.53
"mux4to1_using_2to1","4 mux4_2","4*22.52",90.08,"0.43",0.43,"4*6.37",25.48
"adder_64","4 a211oi_1, 3 a21o_1, 14 a21oi_1, 1 a221oi_1, 3 a22o_1, 8 a311oi_1, 2 a31oi_1, 31 and2_0, 2 and3_1, 2 clkinv_1, 1 conb_1, 7 maj3_1, 40 nand2_1, 2 nand2b_1, 1 nand3_1, 58 nor2_1, 2 nor2b_1, 4 nor3_1, 1 o211a_1, 4 o21a_1, 11 o21ai_0, 1 o221ai_1, 9 o311ai_0, 5 o31ai_1, 3 o41ai_1, 19 or2_0, 61 xnor2_1, 26 xor2_1","4*7.51 + 3*7.51 + 14*5.0 + 1*8.76 + 3*8.76 + 8*8.76 + 2*6.26 + 31*6.26 + 2*6.26 + 2*3.75 + 1*3.75 + 7*10.01 + 40*3.75 + 2*6.26 + 1*5.0 + 58*3.75 + 2*6.26 + 4*5.0 + 1*10.01 + 4*7.51 + 11*5.0 + 1*8.76 + 9*8.76 + 5*7.51 + 3*8.76 + 19*6.26 + 61*8.76 + 26*8.76",2073.19,"0.07 + 0.13 + 0.4 + 0.39 + 0.39 + 0.39 + 0.39 + 0.4 + 0.3 + 0.17 + 0.3 + 0.16 + 0.3 + 0.16 + 0.36 + 0.2 + 0.31 + 0.16 + 0.39 + 0.17 + 0.34 + 0.17 + 0.39 + 0.17 + 0.34 + 0.2 + 0.31 + 0.16 + 0.39 + 0.17 + 0.34 + 0.17 + 0.13 + 0.1 + 0.41 + 0.15 + 0.14",9.62,"4*0.98 + 3*5.9 + 14*1.65 + 1*1.78 + 3*4.06 + 8*0.97 + 2*1.48 + 31*1.92 + 2*5.59 + 2*1.57 + 1*3.24 + 7*2.09 + 40*2.12 + 2*2.25 + 1*1.03 + 58*1.97 + 2*2.18 + 4*0.93 + 1*10.66 + 4*2.21 + 11*1.04 + 1*1.09 + 9*0.64 + 5*1.7 + 3*1.39 + 19*1.26 + 61*2.07 + 26*4.28",685.73
"byte_reversal","1 a211oi_1, 5 a21oi_1, 2 a311oi_1, 2 a31oi_1, 4 and2_0, 3 and3_1, 3 and4_1, 1 clkinv_1, 16 dfxtp_1, 16 dlxtn_1, 16 mux2i_1, 2 nand2_1, 1 nand4_1, 23 nor2_1, 4 nor3_1, 1 nor4_1, 1 o21bai_1, 2 xnor2_1, 3 xor2_1","1*7.51 + 5*5.0 + 2*8.76 + 2*6.26 + 4*6.26 + 3*6.26 + 3*8.76 + 1*3.75 + 16*20.02 + 16*15.01 + 16*10.01 + 2*3.75 + 1*6.26 + 23*3.75 + 4*5.0 + 1*6.26 + 1*7.51 + 2*8.76 + 3*8.76",1034.62,"0.32 + 0.13 + 0.04",0.49,"1*0.98 + 5*1.65 + 2*0.97 + 2*1.48 + 4*1.92 + 3*5.59 + 3*3.4 + 1*1.57 + 16*8.44 + 16*8.12 + 16*5.89 + 2*2.12 + 1*0.53 + 23*1.97 + 4*0.93 + 1*0.5 + 1*2.87 + 2*2.07 + 3*4.28",483.7
"async_to_sync_synchronizer","1 clkinv_1, 1 dfrtp_1","1*3.75 + 1*25.02",28.77,"0.31",0.31,"1*1.57 + 1*11.65",13.22
"gray_counter","2 a21oi_1, 7 clkinv_1, 7 dfrtp_1, 1 mux2_1, 1 nand2_1, 1 nand3_1, 1 nand4_1, 2 nor2_1, 5 xnor2_1, 1 xor2_1","2*5.0 + 7*3.75 + 7*25.02 + 1*11.26 + 1*3.75 + 1*5.0 + 1*6.26 + 2*3.75 + 5*8.76 + 1*8.76",297.72,"0.38 + 0.29",0.67,"2*1.65 + 7*1.57 + 7*11.65 + 1*4.03 + 1*2.12 + 1*1.03 + 1*0.53 + 2*1.97 + 5*2.07 + 1*4.28",122.12
"float_to_double","3 a2111oi_0, 1 a211oi_1, 1 a21o_1, 11 a21oi_1, 1 a221oi_1, 59 a22o_1, 1 a2bb2oi_1, 24 a31oi_1, 2 and2_0, 6 clkinv_1, 1 conb_1, 224 dfxtp_1, 117 mux2_1, 9 mux2i_1, 42 nand2_1, 24 nand2b_1, 2 nand3_1, 1 nand3b_1, 2 nand4_1, 33 nor2_1, 2 nor2b_1, 1 nor3_1, 9 nor4_1, 4 o2111ai_1, 1 o211a_1, 1 o211ai_1, 1 o21a_1, 35 o21ai_0, 1 o21ba_1, 1 o21bai_1, 2 o31ai_1, 1 o41a_1, 1 or2_0, 2 or4_1, 1 xnor2_1, 2 xor2_1","3*8.76 + 1*7.51 + 1*7.51 + 11*5.0 + 1*8.76 + 59*8.76 + 1*8.76 + 24*6.26 + 2*6.26 + 6*3.75 + 1*3.75 + 224*20.02 + 117*11.26 + 9*10.01 + 42*3.75 + 24*6.26 + 2*5.0 + 1*7.51 + 2*6.26 + 33*3.75 + 2*6.26 + 1*5.0 + 9*6.26 + 4*8.76 + 1*10.01 + 1*7.51 + 1*7.51 + 35*5.0 + 1*10.01 + 1*7.51 + 2*7.51 + 1*11.26 + 1*6.26 + 2*7.51 + 1*8.76 + 2*8.76",7573.47,"0.76 + 0.72 + 2.16 + 0.39",4.03,"3*0.42 + 1*0.98 + 1*5.9 + 11*1.65 + 1*1.78 + 59*4.06 + 1*3.38 + 24*1.48 + 2*1.92 + 6*1.57 + 1*3.24 + 224*8.44 + 117*4.03 + 9*5.89 + 42*2.12 + 24*2.25 + 2*1.03 + 1*1.4 + 2*0.53 + 33*1.97 + 2*2.18 + 1*0.93 + 9*0.5 + 4*0.58 + 1*10.66 + 1*0.7 + 1*2.21 + 35*1.04 + 1*7.27 + 1*2.87 + 2*1.7 + 1*1.37 + 1*1.26 + 2*0.85 + 1*2.07 + 2*4.28",3041.24
"tx","5 a21oi_1, 1 a221oi_1, 2 a22o_1, 1 a32o_1, 1 and2_0, 1 and3_1, 1 and4_1, 14 dfrtp_1, 2 dfstp_2, 8 mux2_1, 2 mux4_2, 3 nand2_1, 1 nand2b_1, 3 nor2_1, 1 nor2b_1, 4 nor3_1, 1 o21a_1, 1 o21ai_0","5*5.0 + 1*8.76 + 2*8.76 + 1*10.01 + 1*6.26 + 1*6.26 + 1*8.76 + 14*25.02 + 2*26.28 + 8*11.26 + 2*22.52 + 3*3.75 + 1*6.26 + 3*3.75 + 1*6.26 + 4*5.0 + 1*7.51 + 1*5.0",688.06,"0.55 + 0.19 + 0.35",1.09,"5*1.65 + 1*1.78 + 2*4.06 + 1*2.3 + 1*1.92 + 1*5.59 + 1*3.4 + 14*11.65 + 2*10.52 + 8*4.03 + 2*6.37 + 3*2.12 + 1*2.25 + 3*1.97 + 1*2.18 + 4*0.93 + 1*2.21 + 1*1.04",284.15
"flip_flop_selector","1 a21oi_1, 1 dfxtp_1, 1 nor2_1, 1 xnor2_1","1*5.0 + 1*20.02 + 1*3.75 + 1*8.76",37.53,"0.3 + 0.11 + 0.07",0.48,"1*1.65 + 1*8.44 + 1*1.97 + 1*2.07",14.13
"adder4","4 maj3_1, 8 xnor2_1","4*10.01 + 8*8.76",110.12,"0.37 + 0.39 + 0.39 + 0.33",1.48,"4*2.09 + 8*2.07",24.92
"clock_divider","9 a21oi_1, 2 a311oi_1, 5 a31oi_1, 2 and2_0, 2 and3_1, 6 and4_1, 1 and4b_1, 2 clkinv_1, 33 dfxtp_1, 8 nand2_1, 1 nand3_1, 4 nand4_1, 11 nor2_1, 1 nor2b_1, 6 nor3_1, 5 nor4_1, 2 nor4b_1, 4 o21bai_1, 9 xnor2_1, 5 xor2_1","9*5.0 + 2*8.76 + 5*6.26 + 2*6.26 + 2*6.26 + 6*8.76 + 1*10.01 + 2*3.75 + 33*20.02 + 8*3.75 + 1*5.0 + 4*6.26 + 11*3.75 + 1*6.26 + 6*5.0 + 5*6.26 + 2*8.76 + 4*7.51 + 9*8.76 + 5*8.76",1188.64,"0.34 + 0.28 + 0.25 + 0.16 + 0.47 + 0.31 + 0.26 + 0.26 + 0.29 + 0.29 + 0.13 + 0.13",3.17,"9*1.65 + 2*0.97 + 5*1.48 + 2*1.92 + 2*5.59 + 6*3.4 + 1*5.99 + 2*1.57 + 33*8.44 + 8*2.12 + 1*1.03 + 4*0.53 + 11*1.97 + 1*2.18 + 6*0.93 + 5*0.5 + 2*0.91 + 4*2.87 + 9*2.07 + 5*4.28",452.63
"sky130_fd_sc_hd__o2bb2ai","1 clkinv_1, 1 nor2b_1, 1 o22ai_1","1*3.75 + 1*6.26 + 1*6.26",16.27,"0.1 + 0.05",0.15,"1*1.57 + 1*2.18 + 1*1.31",5.06
"ternary_operator","1 a21bo_1, 1 a21o_1, 2 and3_1, 1 and4_1, 1 mux2_1, 8 mux2i_1, 1 nand2_1, 8 nand4_1, 1 nor2_1","1*10.01 + 1*7.51 + 2*6.26 + 1*8.76 + 1*11.26 + 8*10.01 + 1*3.75 + 8*6.26 + 1*3.75",187.72,"0.28 + 0.17",0.45,"1*7.27 + 1*5.9 + 2*5.59 + 1*3.4 + 1*4.03 + 8*5.89 + 1*2.12 + 8*0.53 + 1*1.97",87.23
"diode_module","1 a21oi_1, 1 nor2_1, 1 xor2_1","1*5.0 + 1*3.75 + 1*8.76",17.51,"0.14 + 0.12",0.26,"1*1.65 + 1*1.97 + 1*4.28",7.9
"counter","2 a21oi_1, 1 a41oi_1, 1 and3_1, 4 dfxtp_1, 1 nor2_1, 1 nor3_1, 1 o21a_1, 1 o21bai_1","2*5.0 + 1*8.76 + 1*6.26 + 4*20.02 + 1*3.75 + 1*5.0 + 1*7.51 + 1*7.51",128.87,"0.31 + 0.17 + 0.15",0.63,"2*1.65 + 1*1.36 + 1*5.59 + 4*8.44 + 1*1.97 + 1*0.93 + 1*2.21 + 1*2.87",51.99
"audio_shifter","1 a21oi_1, 1 a22o_1, 2 clkinv_1, 8 dfrtp_1, 17 dfxtp_1, 15 mux2_1, 3 nand2_1, 1 nand2b_1, 2 nor2_1, 1 nor4_1, 1 o21ai_0, 1 o31ai_1, 1 or3_1, 1 or4_1, 3 xnor2_1, 2 xor2_1","1*5.0 + 1*8.76 + 2*3.75 + 8*25.02 + 17*20.02 + 15*11.26 + 3*3.75 + 1*6.26 + 2*3.75 + 1*6.26 + 1*5.0 + 1*7.51 + 1*6.26 + 1*7.51 + 3*8.76 + 2*8.76",832.01,"0.38 + 0.61 + 0.35 + 0.11",1.45,"1*1.65 + 1*4.06 + 2*1.57 + 8*11.65 + 17*8.44 + 15*4.03 + 3*2.12 + 1*2.25 + 2*1.97 + 1*0.5 + 1*1.04 + 1*1.7 + 1*1.28 + 1*0.85 + 3*2.07 + 2*4.28",338.67
"hi_simulate","1 a211o_1, 1 a211oi_1, 1 a21oi_1, 1 a31oi_1, 8 clkinv_1, 1 conb_1, 14 dfxtp_1, 4 nand2_1, 1 nand2b_1, 1 nand3_1, 1 nand4_1, 3 nor2_1, 3 nor3_1, 1 o21ai_0, 1 o22ai_1, 1 o41ai_1, 5 xnor2_1, 4 xor2_1","1*8.76 + 1*7.51 + 1*5.0 + 1*6.26 + 8*3.75 + 1*3.75 + 14*20.02 + 4*3.75 + 1*6.26 + 1*5.0 + 1*6.26 + 3*3.75 + 3*5.0 + 1*5.0 + 1*6.26 + 1*8.76 + 5*8.76 + 4*8.76",499.19,"0.11 + 0.28 + 0.09",0.48,"1*3.14 + 1*0.98 + 1*1.65 + 1*1.48 + 8*1.57 + 1*3.24 + 14*8.44 + 4*2.12 + 1*2.25 + 1*1.03 + 1*0.53 + 3*1.97 + 3*0.93 + 1*1.04 + 1*1.31 + 1*1.39 + 5*2.07 + 4*4.28",193.41
"small_blk_mem_gen","1 a2111o_1, 15 a2111oi_0, 6 a211oi_1, 1 a21o_1, 457 a21oi_1, 4 a221o_1, 12 a221oi_1, 619 a222oi_1, 84 a22o_1, 1358 a22oi_1, 2 a31o_1, 167 a31oi_1, 7 a41o_1, 1 a41oi_1, 2 and2_0, 9 and3_1, 6 and3b_1, 2 and4b_1, 12288 dfxtp_1, 12288 mux2_1, 2551 mux4_2, 302 nand2_1, 2 nand2b_1, 151 nand3_1, 6 nand3b_1, 28 nand4_1, 1062 nor2_1, 4 nor2b_1, 34 nor3_1, 6 nor3b_1, 70 nor4_1, 3 nor4b_1, 1 nor4bb_1, 2 o2111ai_1, 1 o211ai_1, 1 o21a_1, 66 o21ai_0, 2 o221ai_1, 1 o22a_1, 8 o22ai_1, 4 o31a_1, 13 o31ai_1, 14 o41ai_1, 1 or2_0, 2 or3_1, 4 or3b_1, 11 or4_1","1*11.26 + 15*8.76 + 6*7.51 + 1*7.51 + 457*5.0 + 4*10.01 + 12*8.76 + 619*10.01 + 84*8.76 + 1358*7.51 + 2*8.76 + 167*6.26 + 7*10.01 + 1*8.76 + 2*6.26 + 9*6.26 + 6*8.76 + 2*10.01 + 12288*20.02 + 12288*11.26 + 2551*22.52 + 302*3.75 + 2*6.26 + 151*5.0 + 6*7.51 + 28*6.26 + 1062*3.75 + 4*6.26 + 34*5.0 + 6*7.51 + 70*6.26 + 3*8.76 + 1*10.01 + 2*8.76 + 1*7.51 + 1*7.51 + 66*5.0 + 2*8.76 + 1*8.76 + 8*6.26 + 4*8.76 + 13*7.51 + 14*8.76 + 1*6.26 + 2*6.26 + 4*8.76 + 11*7.51",470504.46,"18.13 + 1.84 + 1.1 + 0.19 + 0.05 + 0.07",21.38,"1*1.68 + 15*0.42 + 6*0.98 + 1*5.9 + 457*1.65 + 4*2.66 + 12*1.78 + 619*2.43 + 84*4.06 + 1358*2.58 + 2*2.37 + 167*1.48 + 7*6.61 + 1*1.36 + 2*1.92 + 9*5.59 + 6*7.06 + 2*5.99 + 12288*8.44 + 12288*4.03 + 2551*6.37 + 302*2.12 + 2*2.25 + 151*1.03 + 6*1.4 + 28*0.53 + 1062*1.97 + 4*2.18 + 34*0.93 + 6*1.3 + 70*0.5 + 3*0.91 + 1*3.2 + 2*0.58 + 1*0.7 + 1*2.21 + 66*1.04 + 2*1.09 + 1*2.76 + 8*1.31 + 4*2.07 + 13*1.7 + 14*1.39 + 1*1.26 + 2*1.28 + 4*2.59 + 11*0.85",179210.13
"shift_register","2 a21oi_1, 1 clkinv_1, 8 dfxtp_1, 1 maj3_1, 1 nand2_1, 1 nand4_1, 2 nor2_1, 4 nor2b_1, 1 o21a_1, 1 o21bai_1, 1 or4_1, 3 xnor2_1","2*5.0 + 1*3.75 + 8*20.02 + 1*10.01 + 1*3.75 + 1*6.26 + 2*3.75 + 4*6.26 + 1*7.51 + 1*7.51 + 1*7.51 + 3*8.76",275.28,"0.31 + 0.51 + 0.08 + 0.11 + 0.04",1.05,"2*1.65 + 1*1.57 + 8*8.44 + 1*2.09 + 1*2.12 + 1*0.53 + 2*1.97 + 4*2.18 + 1*2.21 + 1*2.87 + 1*0.85 + 3*2.07",101.93
"SNPS_CLOCK_GATE_HIGH_RegisterAdd_W32_1_0","4 dfxtp_1, 1 mux2_1, 1 nand2_1, 1 nor2b_1","4*20.02 + 1*11.26 + 1*3.75 + 1*6.26",101.35,"0.27 + 0.06 + 0.3",0.63,"4*8.44 + 1*4.03 + 1*2.12 + 1*2.18",42.09
"DataDelay","8 dfxtp_1","8*20.02",160.16,"0.26",0.26,"8*8.44",67.52
"feedforward_p_uOut_ram","2 a2111oi_0, 2 a211o_1, 19 a211oi_1, 33 a21boi_0, 7 a21o_1, 463 a21oi_1, 7 a221o_1, 8 a221oi_1, 107 a222oi_1, 682 a22o_1, 715 a22oi_1, 5 a311o_1, 17 a311oi_1, 12 a31o_1, 61 a31oi_1, 2 a32o_1, 1 a32oi_1, 8 a41o_1, 28 a41oi_1, 4 and2_0, 12 and3_1, 4 and4b_1, 33 clkinv_1, 4544 dfxtp_1, 4473 mux2_1, 135 mux2i_1, 1546 mux4_2, 290 nand2_1, 13 nand2b_1, 42 nand3_1, 17 nand4_1, 577 nor2_1, 20 nor2b_1, 34 nor3_1, 18 nor4_1, 5 nor4b_1, 12 nor4bb_1, 5 o2111ai_1, 2 o211a_1, 52 o211ai_1, 16 o21a_1, 829 o21ai_0, 2 o21bai_1, 15 o221a_1, 185 o221ai_1, 10 o22a_1, 49 o22ai_1, 19 o2bb2ai_1, 9 o311a_1, 16 o311ai_0, 14 o31a_1, 24 o31ai_1, 1 o32ai_1, 5 o41a_1, 26 o41ai_1, 14 or2_0, 3 or3_1, 8 or4_1, 2 or4b_1","2*8.76 + 2*8.76 + 19*7.51 + 33*7.51 + 7*7.51 + 463*5.0 + 7*10.01 + 8*8.76 + 107*10.01 + 682*8.76 + 715*7.51 + 5*10.01 + 17*8.76 + 12*8.76 + 61*6.26 + 2*10.01 + 1*8.76 + 8*10.01 + 28*8.76 + 4*6.26 + 12*6.26 + 4*10.01 + 33*3.75 + 4544*20.02 + 4473*11.26 + 135*10.01 + 1546*22.52 + 290*3.75 + 13*6.26 + 42*5.0 + 17*6.26 + 577*3.75 + 20*6.26 + 34*5.0 + 18*6.26 + 5*8.76 + 12*10.01 + 5*8.76 + 2*10.01 + 52*7.51 + 16*7.51 + 829*5.0 + 2*7.51 + 15*11.26 + 185*8.76 + 10*8.76 + 49*6.26 + 19*8.76 + 9*10.01 + 16*8.76 + 14*8.76 + 24*7.51 + 1*8.76 + 5*11.26 + 26*8.76 + 14*6.26 + 3*6.26 + 8*7.51 + 2*10.01",206474.61,"20.99 + 4.58 + 3.62 + 0.39",29.58,"2*0.42 + 2*3.14 + 19*0.98 + 33*2.48 + 7*5.9 + 463*1.65 + 7*2.66 + 8*1.78 + 107*2.43 + 682*4.06 + 715*2.58 + 5*1.57 + 17*0.97 + 12*2.37 + 61*1.48 + 2*2.3 + 1*1.25 + 8*6.61 + 28*1.36 + 4*1.92 + 12*5.59 + 4*5.99 + 33*1.57 + 4544*8.44 + 4473*4.03 + 135*5.89 + 1546*6.37 + 290*2.12 + 13*2.25 + 42*1.03 + 17*0.53 + 577*1.97 + 20*2.18 + 34*0.93 + 18*0.5 + 5*0.91 + 12*3.2 + 5*0.58 + 2*10.66 + 52*0.7 + 16*2.21 + 829*1.04 + 2*2.87 + 15*2.73 + 185*1.09 + 10*2.76 + 49*1.31 + 19*1.85 + 9*3.77 + 16*0.64 + 14*2.07 + 24*1.7 + 1*1.09 + 5*1.37 + 26*1.39 + 14*1.26 + 3*1.28 + 8*0.85 + 2*2.14",76714.63
"xrs","108 a222oi_1, 84 a22oi_1, 65 and2_0, 1 and3_1, 3 and3b_1, 2117 dfxtp_1, 2048 mux2_1, 512 mux4_2, 21 nand2_1, 172 nand3_1, 20 nand4_1, 2 nor2_1, 2 nor2b_1, 2 nor3_1, 3 nor3b_1","108*10.01 + 84*7.51 + 65*6.26 + 1*6.26 + 3*8.76 + 2117*20.02 + 2048*11.26 + 512*22.52 + 21*3.75 + 172*5.0 + 20*6.26 + 2*3.75 + 2*6.26 + 2*5.0 + 3*7.51",80240.92,"4.25 + 1.6 + 0.65",6.5,"108*2.43 + 84*2.58 + 65*1.92 + 1*5.59 + 3*7.06 + 2117*8.44 + 2048*4.03 + 512*6.37 + 21*2.12 + 172*1.03 + 20*0.53 + 2*1.97 + 2*2.18 + 2*0.93 + 3*1.3",30259.43
"up_counter_4bit","2 a21oi_1, 1 a41oi_1, 1 and3_1, 4 dfxtp_1, 1 nor2_1, 1 nor3_1, 1 o21a_1, 1 o21bai_1","2*5.0 + 1*8.76 + 1*6.26 + 4*20.02 + 1*3.75 + 1*5.0 + 1*7.51 + 1*7.51",128.87,"0.31 + 0.17 + 0.15",0.63,"2*1.65 + 1*1.36 + 1*5.59 + 4*8.44 + 1*1.97 + 1*0.93 + 1*2.21 + 1*2.87",51.99
"sky130_fd_sc_hd__nor2","1 nor2_1","1*3.75",3.75,"0.04",0.04,"1*1.97",1.97
"dp_ram_duo","5 a211o_1, 171 a21oi_1, 1 a221o_1, 4 a221oi_1, 4 a22o_1, 64 a2bb2oi_1, 228 a31oi_1, 3 and2_0, 1 and4_1, 3 and4b_1, 2 clkinv_1, 576 dfxtp_1, 4 mux2_1, 76 mux2i_1, 255 mux4_2, 654 nand2_1, 4 nand2b_1, 6 nand3_1, 2 nand4_1, 4 nand4b_1, 633 nor2_1, 10 nor2b_1, 65 nor3_1, 32 nor4_1, 2 nor4bb_1, 4 o21a_1, 264 o21ai_0, 35 o22a_1, 74 o22ai_1, 3 o31ai_1, 13 o32a_1, 2 or2_0, 4 or3_1","5*8.76 + 171*5.0 + 1*10.01 + 4*8.76 + 4*8.76 + 64*8.76 + 228*6.26 + 3*6.26 + 1*8.76 + 3*10.01 + 2*3.75 + 576*20.02 + 4*11.26 + 76*10.01 + 255*22.52 + 654*3.75 + 4*6.26 + 6*5.0 + 2*6.26 + 4*8.76 + 633*3.75 + 10*6.26 + 65*5.0 + 32*6.26 + 2*10.01 + 4*7.51 + 264*5.0 + 35*8.76 + 74*6.26 + 3*7.51 + 13*10.01 + 2*6.26 + 4*6.26",28958.69,"0.73 + 2.32 + 0.23 + 0.16",3.44,"5*3.14 + 171*1.65 + 1*2.66 + 4*1.78 + 4*4.06 + 64*3.38 + 228*1.48 + 3*1.92 + 1*3.4 + 3*5.99 + 2*1.57 + 576*8.44 + 4*4.03 + 76*5.89 + 255*6.37 + 654*2.12 + 4*2.25 + 6*1.03 + 2*0.53 + 4*1.03 + 633*1.97 + 10*2.18 + 65*0.93 + 32*0.5 + 2*3.2 + 4*2.21 + 264*1.04 + 35*2.76 + 74*1.31 + 3*1.7 + 13*1.66 + 2*1.26 + 4*1.28",11127.21
"sky130_fd_sc_lp__o21bai","1 o21bai_1","1*7.51",7.51,"0.11",0.11,"1*2.87",2.87
"full_adder","2 a21oi_1, 1 and2_0, 2 maj3_1, 3 nand2_1, 1 nand3_1, 1 nor2_1, 1 nor2b_1, 1 nor3_1, 1 o21ai_0, 1 or2_0, 4 xnor2_1","2*5.0 + 1*6.26 + 2*10.01 + 3*3.75 + 1*5.0 + 1*3.75 + 1*6.26 + 1*5.0 + 1*5.0 + 1*6.26 + 4*8.76",113.84,"0.38 + 0.25 + 0.14 + 0.33",1.1,"2*1.65 + 1*1.92 + 2*2.09 + 3*2.12 + 1*1.03 + 1*1.97 + 1*2.18 + 1*0.93 + 1*1.04 + 1*1.26 + 4*2.07",32.45
"playback_driver","1 a21o_1, 5 a21oi_1, 2 a22oi_1, 1 a32o_1, 1 and2_0, 3 and3_1, 1 conb_1, 9 dfxtp_1, 4 mux2_1, 1 mux2i_1, 6 mux4_2, 2 nand2_1, 1 nand2b_1, 1 nand3_1, 3 nor2_1, 2 nor2b_1, 5 nor3_1, 2 o211ai_1, 2 o21bai_1","1*7.51 + 5*5.0 + 2*7.51 + 1*10.01 + 1*6.26 + 3*6.26 + 1*3.75 + 9*20.02 + 4*11.26 + 1*10.01 + 6*22.52 + 2*3.75 + 1*6.26 + 1*5.0 + 3*3.75 + 2*6.26 + 5*5.0 + 2*7.51 + 2*7.51",554.25,"0.55 + 0.55 + 0.18 + 0.09 + 0.18 + 0.22",1.77,"1*5.9 + 5*1.65 + 2*2.58 + 1*2.3 + 1*1.92 + 3*5.59 + 1*3.24 + 9*8.44 + 4*4.03 + 1*5.89 + 6*6.37 + 2*2.12 + 1*2.25 + 1*1.03 + 3*1.97 + 2*2.18 + 5*0.93 + 2*0.7 + 2*2.87",209.31
"binary_adder","1 a21o_1, 1 a221oi_1, 1 a22o_1, 1 and2_0, 17 clkinv_1, 16 dfrtp_1, 2 maj3_1, 3 nand2_1, 3 nor2_1, 10 nor2b_1, 2 nor3_1, 1 o21a_1, 2 o21ai_0, 1 o311a_1, 1 o31a_1, 1 o31ai_1, 12 xnor2_1, 3 xor2_1","1*7.51 + 1*8.76 + 1*8.76 + 1*6.26 + 17*3.75 + 16*25.02 + 2*10.01 + 3*3.75 + 3*3.75 + 10*6.26 + 2*5.0 + 1*7.51 + 2*5.0 + 1*10.01 + 1*8.76 + 1*7.51 + 12*8.76 + 3*8.76",785.67,"0.37 + 0.4 + 0.4 + 0.23 + 0.13 + 0.09",1.62,"1*5.9 + 1*1.78 + 1*4.06 + 1*1.92 + 17*1.57 + 16*11.65 + 2*2.09 + 3*2.12 + 3*1.97 + 10*2.18 + 2*0.93 + 1*2.21 + 2*1.04 + 1*3.77 + 1*2.07 + 1*1.7 + 12*2.07 + 3*4.28",316.37
"OneHotStateMachine","4 dfxtp_1, 3 nor2b_1, 1 or2_0","4*20.02 + 3*6.26 + 1*6.26",105.12,"0.27 + 0.17",0.44,"4*8.44 + 3*2.18 + 1*1.26",41.56
"priority_encoder","1 a2111o_1, 2 a21oi_1, 4 clkinv_1, 1 mux2i_1, 2 nor2_1, 1 nor2b_1, 1 o21ai_0, 1 o21bai_1, 1 or2_0","1*11.26 + 2*5.0 + 4*3.75 + 1*10.01 + 2*3.75 + 1*6.26 + 1*5.0 + 1*7.51 + 1*6.26",78.8,"0.03 + 0.12 + 0.09 + 0.35 + 0.11",0.7,"1*1.68 + 2*1.65 + 4*1.57 + 1*5.89 + 2*1.97 + 1*2.18 + 1*1.04 + 1*2.87 + 1*1.26",28.44
"power_of_2_detection","1 a211o_1, 1 mux2i_1, 1 nor2_1, 1 xnor2_1","1*8.76 + 1*10.01 + 1*3.75 + 1*8.76",31.28,"0.26 + 0.08",0.34,"1*3.14 + 1*5.89 + 1*1.97 + 1*2.07",13.07
"PCIeGen2x8If128_pipe_drp","1 a2111oi_0, 4 a211oi_1, 24 a21oi_1, 4 a22oi_1, 1 a2bb2oi_1, 9 a31oi_1, 1 a32oi_1, 45 and2_0, 1 and3_1, 5 clkinv_1, 1 conb_1, 79 dfxtp_1, 25 nand2_1, 6 nand2b_1, 13 nand3_1, 2 nand3b_1, 6 nand4_1, 2 nand4b_1, 1 nand4bb_1, 26 nor2_1, 4 nor2b_1, 13 nor3_1, 4 nor3b_1, 3 nor4_1, 2 nor4b_1, 2 nor4bb_1, 3 o211ai_1, 13 o21ai_0, 1 o21bai_1, 2 o22ai_1, 2 o31a_1, 4 o31ai_1, 1 o41ai_1, 1 or2_0, 2 or3_1","1*8.76 + 4*7.51 + 24*5.0 + 4*7.51 + 1*8.76 + 9*6.26 + 1*8.76 + 45*6.26 + 1*6.26 + 5*3.75 + 1*3.75 + 79*20.02 + 25*3.75 + 6*6.26 + 13*5.0 + 2*7.51 + 6*6.26 + 2*8.76 + 1*11.26 + 26*3.75 + 4*6.26 + 13*5.0 + 4*7.51 + 3*6.26 + 2*8.76 + 2*10.01 + 3*7.51 + 13*5.0 + 1*7.51 + 2*6.26 + 2*8.76 + 4*7.51 + 1*8.76 + 1*6.26 + 2*6.26",2888.97,"0.55 + 0.7 + 0.29 + 0.21 + 0.1 + 0.14",1.99,"1*0.42 + 4*0.98 + 24*1.65 + 4*2.58 + 1*3.38 + 9*1.48 + 1*1.25 + 45*1.92 + 1*5.59 + 5*1.57 + 1*3.24 + 79*8.44 + 25*2.12 + 6*2.25 + 13*1.03 + 2*1.4 + 6*0.53 + 2*1.03 + 1*1.9 + 26*1.97 + 4*2.18 + 13*0.93 + 4*1.3 + 3*0.5 + 2*0.91 + 2*3.2 + 3*0.7 + 13*1.04 + 1*2.87 + 2*1.31 + 2*2.07 + 4*1.7 + 1*1.39 + 1*1.26 + 2*1.28",1056.09
"binary_adder","4 maj3_1, 8 xnor2_1","4*10.01 + 8*8.76",110.12,"0.37 + 0.39 + 0.39 + 0.33",1.48,"4*2.09 + 8*2.07",24.92
"chatgpt_generate_JC_counter","1 a21boi_0, 1 a21oi_1, 1 a311oi_1, 1 and3_1, 2 and4_1, 1 conb_1, 8 dfrtp_1, 4 dfxtp_1, 6 nand2_1, 2 nand2b_1, 2 nand3_1, 2 nand4_1, 5 nor2_1, 3 nor3_1, 2 nor4_1, 1 o21ai_0, 1 o221ai_1, 2 or4_1","1*7.51 + 1*5.0 + 1*8.76 + 1*6.26 + 2*8.76 + 1*3.75 + 8*25.02 + 4*20.02 + 6*3.75 + 2*6.26 + 2*5.0 + 2*6.26 + 5*3.75 + 3*5.0 + 2*6.26 + 1*5.0 + 1*8.76 + 2*7.51",461.63,"0.38 + 0.23 + 0.2 + 0.28 + 0.17",1.26,"1*2.48 + 1*1.65 + 1*0.97 + 1*5.59 + 2*3.4 + 1*3.24 + 8*11.65 + 4*8.44 + 6*2.12 + 2*2.25 + 2*1.03 + 2*0.53 + 5*1.97 + 3*0.93 + 2*0.5 + 1*1.04 + 1*1.09 + 2*0.85",185.5
"top_module","5 clkinv_1, 4 dfrtp_1, 4 dfxtp_1, 4 nand2_1, 1 nand3_1, 1 nor2_1, 1 o21ai_0, 4 xnor2_1, 4 xor2_1","5*3.75 + 4*25.02 + 4*20.02 + 4*3.75 + 1*5.0 + 1*3.75 + 1*5.0 + 4*8.76 + 4*8.76",297.74,"0.41 + 0.1 + 0.25 + 0.1 + 0.12",0.98,"5*1.57 + 4*11.65 + 4*8.44 + 4*2.12 + 1*1.03 + 1*1.97 + 1*1.04 + 4*2.07 + 4*4.28",126.13
"rxuartlite","21 a21oi_1, 1 a311oi_1, 3 a31o_1, 3 a31oi_1, 1 a32oi_1, 2 and2_0, 1 and3_1, 1 and4_1, 4 clkinv_1, 46 dfxtp_1, 17 mux2_1, 11 nand2_1, 2 nand2b_1, 1 nand3_1, 1 nand3b_1, 2 nand4_1, 12 nor2_1, 3 nor2b_1, 8 nor3_1, 3 nor4_1, 2 nor4b_1, 6 o21ai_0, 1 o221a_1, 1 o22ai_1, 3 o31ai_1, 4 or3_1, 1 or4_1, 3 xnor2_1, 4 xor2_1","21*5.0 + 1*8.76 + 3*8.76 + 3*6.26 + 1*8.76 + 2*6.26 + 1*6.26 + 1*8.76 + 4*3.75 + 46*20.02 + 17*11.26 + 11*3.75 + 2*6.26 + 1*5.0 + 1*7.51 + 2*6.26 + 12*3.75 + 3*6.26 + 8*5.0 + 3*6.26 + 2*8.76 + 6*5.0 + 1*11.26 + 1*6.26 + 3*7.51 + 4*6.26 + 1*7.51 + 3*8.76 + 4*8.76",1705.26,"0.34 + 0.41 + 0.51 + 0.37",1.63,"21*1.65 + 1*0.97 + 3*2.37 + 3*1.48 + 1*1.25 + 2*1.92 + 1*5.59 + 1*3.4 + 4*1.57 + 46*8.44 + 17*4.03 + 11*2.12 + 2*2.25 + 1*1.03 + 1*1.4 + 2*0.53 + 12*1.97 + 3*2.18 + 8*0.93 + 3*0.5 + 2*0.91 + 6*1.04 + 1*2.73 + 1*1.31 + 3*1.7 + 4*1.28 + 1*0.85 + 3*2.07 + 4*4.28",641.21
"my_module","1 nand2_1, 1 nor3_1, 1 xor2_1","1*3.75 + 1*5.0 + 1*8.76",17.51,"0.19 + 0.12",0.31,"1*2.12 + 1*0.93 + 1*4.28",7.33
"binary_counter","2 a21oi_1, 1 a41oi_1, 1 and3_1, 4 dfxtp_1, 1 nor2_1, 1 nor3_1, 1 o21a_1, 1 o21bai_1","2*5.0 + 1*8.76 + 1*6.26 + 4*20.02 + 1*3.75 + 1*5.0 + 1*7.51 + 1*7.51",128.87,"0.31 + 0.17 + 0.15",0.63,"2*1.65 + 1*1.36 + 1*5.59 + 4*8.44 + 1*1.97 + 1*0.93 + 1*2.21 + 1*2.87",51.99
"arbiter","2 a21boi_0, 4 clkinv_1, 2 dfrtp_1, 1 dfstp_2, 2 dlxtn_1, 2 nor2_1, 1 nor3_1","2*7.51 + 4*3.75 + 2*25.02 + 1*26.28 + 2*15.01 + 2*3.75 + 1*5.0",148.86,"0.5 + 0.03 + 0.14",0.67,"2*2.48 + 4*1.57 + 2*11.65 + 1*10.52 + 2*8.12 + 2*1.97 + 1*0.93",66.17
"stack","2 a2111o_1, 40 a2111oi_0, 1 a211o_1, 23 a211oi_1, 1 a21boi_0, 3 a21o_1, 1441 a21oi_1, 9 a221o_1, 42 a221oi_1, 594 a222oi_1, 100 a22o_1, 3634 a22oi_1, 1 a311oi_1, 4 a31o_1, 177 a31oi_1, 1 a32oi_1, 3 a41o_1, 5 a41oi_1, 3 and2_0, 14 and3_1, 6 and3b_1, 3 and4_1, 4 and4b_1, 2 clkinv_1, 16410 dfxtp_1, 1 maj3_1, 16384 mux2_1, 2453 mux4_2, 807 nand2_1, 6 nand2b_1, 120 nand3_1, 7 nand3b_1, 20 nand4_1, 1 nand4b_1, 851 nor2_1, 6 nor2b_1, 46 nor3_1, 8 nor3b_1, 212 nor4_1, 5 nor4b_1, 5 nor4bb_1, 5 o2111a_1, 5 o2111ai_1, 3 o211ai_1, 5 o21a_1, 117 o21ai_0, 2 o221a_1, 3 o221ai_1, 19 o22ai_1, 1 o311ai_0, 6 o31a_1, 27 o31ai_1, 23 o41ai_1, 4 or2_0, 11 or3_1, 2 or3b_1, 42 or4_1, 1 or4b_1, 7 xnor2_1, 3 xor2_1","2*11.26 + 40*8.76 + 1*8.76 + 23*7.51 + 1*7.51 + 3*7.51 + 1441*5.0 + 9*10.01 + 42*8.76 + 594*10.01 + 100*8.76 + 3634*7.51 + 1*8.76 + 4*8.76 + 177*6.26 + 1*8.76 + 3*10.01 + 5*8.76 + 3*6.26 + 14*6.26 + 6*8.76 + 3*8.76 + 4*10.01 + 2*3.75 + 16410*20.02 + 1*10.01 + 16384*11.26 + 2453*22.52 + 807*3.75 + 6*6.26 + 120*5.0 + 7*7.51 + 20*6.26 + 1*8.76 + 851*3.75 + 6*6.26 + 46*5.0 + 8*7.51 + 212*6.26 + 5*8.76 + 5*10.01 + 5*11.26 + 5*8.76 + 3*7.51 + 5*7.51 + 117*5.0 + 2*11.26 + 3*8.76 + 19*6.26 + 1*8.76 + 6*8.76 + 27*7.51 + 23*8.76 + 4*6.26 + 11*6.26 + 2*8.76 + 42*7.51 + 1*10.01 + 7*8.76 + 3*8.76",622784.7,"91.55 + 1215.87 + 241.6 + 19.97 + 6.06",1575.05,"2*1.68 + 40*0.42 + 1*3.14 + 23*0.98 + 1*2.48 + 3*5.9 + 1441*1.65 + 9*2.66 + 42*1.78 + 594*2.43 + 100*4.06 + 3634*2.58 + 1*0.97 + 4*2.37 + 177*1.48 + 1*1.25 + 3*6.61 + 5*1.36 + 3*1.92 + 14*5.59 + 6*7.06 + 3*3.4 + 4*5.99 + 2*1.57 + 16410*8.44 + 1*2.09 + 16384*4.03 + 2453*6.37 + 807*2.12 + 6*2.25 + 120*1.03 + 7*1.4 + 20*0.53 + 1*1.03 + 851*1.97 + 6*2.18 + 46*0.93 + 8*1.3 + 212*0.5 + 5*0.91 + 5*3.2 + 5*3.75 + 5*0.58 + 3*0.7 + 5*2.21 + 117*1.04 + 2*2.73 + 3*1.09 + 19*1.31 + 1*0.64 + 6*2.07 + 27*1.7 + 23*1.39 + 4*1.26 + 11*1.28 + 2*2.59 + 42*0.85 + 1*2.14 + 7*2.07 + 3*4.28",238496.25
"two_to_one_mux","1 mux2_1","1*11.26",11.26,"0.26",0.26,"1*4.03",4.03
"Calculator_Full_Adder","3 maj3_1, 1 nand2_1, 1 o21ai_0, 8 xnor2_1","3*10.01 + 1*3.75 + 1*5.0 + 8*8.76",108.86,"0.37 + 0.39 + 0.38 + 0.12",1.26,"3*2.09 + 1*2.12 + 1*1.04 + 8*2.07",25.99
"regfileww","2 a2111o_1, 108 a2111oi_0, 10 a211oi_1, 4 a21boi_0, 133 a21o_1, 1616 a21oi_1, 19 a221o_1, 737 a221oi_1, 1080 a222oi_1, 290 a22o_1, 1791 a22oi_1, 21 a2bb2oi_1, 10 a31o_1, 47 a31oi_1, 21 a32o_1, 3 a41oi_1, 39 and2_0, 276 and3_1, 3 and3b_1, 86 and4_1, 3 and4b_1, 1477 clkinv_1, 4352 dfxtp_1, 51 mux2i_1, 3033 nand2_1, 29 nand2b_1, 111 nand3_1, 703 nand4_1, 1 nand4b_1, 1840 nor2_1, 14 nor2b_1, 88 nor3_1, 4 nor3b_1, 208 nor4_1, 7 o2111a_1, 91 o2111ai_1, 24 o211ai_1, 411 o21a_1, 2218 o21ai_0, 5 o221a_1, 52 o221ai_1, 15 o22a_1, 825 o22ai_1, 157 o2bb2ai_1, 164 o31a_1, 15 o31ai_1, 11 o32ai_1, 2 o41a_1, 10 or2_0, 10 or3_1, 34 or4_1, 1 or4b_1","2*11.26 + 108*8.76 + 10*7.51 + 4*7.51 + 133*7.51 + 1616*5.0 + 19*10.01 + 737*8.76 + 1080*10.01 + 290*8.76 + 1791*7.51 + 21*8.76 + 10*8.76 + 47*6.26 + 21*10.01 + 3*8.76 + 39*6.26 + 276*6.26 + 3*8.76 + 86*8.76 + 3*10.01 + 1477*3.75 + 4352*20.02 + 51*10.01 + 3033*3.75 + 29*6.26 + 111*5.0 + 703*6.26 + 1*8.76 + 1840*3.75 + 14*6.26 + 88*5.0 + 4*7.51 + 208*6.26 + 7*11.26 + 91*8.76 + 24*7.51 + 411*7.51 + 2218*5.0 + 5*11.26 + 52*8.76 + 15*8.76 + 825*6.26 + 157*8.76 + 164*8.76 + 15*7.51 + 11*8.76 + 2*11.26 + 10*6.26 + 10*6.26 + 34*7.51 + 1*10.01",190114.81,"1.99 + 3.02 + 4.72 + 1.32 + 0.22 + 0.28 + 0.23 + 0.14",11.92,"2*1.68 + 108*0.42 + 10*0.98 + 4*2.48 + 133*5.9 + 1616*1.65 + 19*2.66 + 737*1.78 + 1080*2.43 + 290*4.06 + 1791*2.58 + 21*3.38 + 10*2.37 + 47*1.48 + 21*2.3 + 3*1.36 + 39*1.92 + 276*5.59 + 3*7.06 + 86*3.4 + 3*5.99 + 1477*1.57 + 4352*8.44 + 51*5.89 + 3033*2.12 + 29*2.25 + 111*1.03 + 703*0.53 + 1*1.03 + 1840*1.97 + 14*2.18 + 88*0.93 + 4*1.3 + 208*0.5 + 7*3.75 + 91*0.58 + 24*0.7 + 411*2.21 + 2218*1.04 + 5*2.73 + 52*1.09 + 15*2.76 + 825*1.31 + 157*1.85 + 164*2.07 + 15*1.7 + 11*1.09 + 2*1.37 + 10*1.26 + 10*1.28 + 34*0.85 + 1*2.14",70880.03
"adder","7 a21oi_1, 1 and2_0, 8 dfxtp_1, 6 maj3_1, 1 nor2_1, 1 nor3_1, 6 o21a_1, 1 o21bai_1, 7 xor2_1","7*5.0 + 1*6.26 + 8*20.02 + 6*10.01 + 1*3.75 + 1*5.0 + 6*7.51 + 1*7.51 + 7*8.76",384.12,"0.17 + 0.39 + 0.39 + 0.39 + 0.39 + 0.39 + 0.37 + 0.12 + 0.12",2.73,"7*1.65 + 1*1.92 + 8*8.44 + 6*2.09 + 1*1.97 + 1*0.93 + 6*2.21 + 1*2.87 + 7*4.28",142.52
"mux4to1","1 mux4_2","1*22.52",22.52,"0.43",0.43,"1*6.37",6.37
"acl_fp_convert_from_int","1 a21boi_0, 3 a21o_1, 76 a21oi_1, 8 a221o_1, 4 a221oi_1, 30 a222oi_1, 25 a22o_1, 15 a22oi_1, 45 a31oi_1, 9 and2_0, 11 and3_1, 5 and4_1, 1 and4b_1, 5 clkinv_1, 187 dfrtp_1, 2 mux2_1, 158 nand2_1, 5 nand2b_1, 22 nand3_1, 10 nand4_1, 101 nor2_1, 3 nor2b_1, 8 nor3_1, 2 nor3b_1, 16 nor4_1, 1 nor4b_1, 5 o211ai_1, 5 o21a_1, 51 o21ai_0, 1 o22ai_1, 10 o2bb2ai_1, 10 o31ai_1, 3 or2_0, 2 or4_1, 25 xnor2_1, 35 xor2_1","1*7.51 + 3*7.51 + 76*5.0 + 8*10.01 + 4*8.76 + 30*10.01 + 25*8.76 + 15*7.51 + 45*6.26 + 9*6.26 + 11*6.26 + 5*8.76 + 1*10.01 + 5*3.75 + 187*25.02 + 2*11.26 + 158*3.75 + 5*6.26 + 22*5.0 + 10*6.26 + 101*3.75 + 3*6.26 + 8*5.0 + 2*7.51 + 16*6.26 + 1*8.76 + 5*7.51 + 5*7.51 + 51*5.0 + 1*6.26 + 10*8.76 + 10*7.51 + 3*6.26 + 2*7.51 + 25*8.76 + 35*8.76",8754.16,"0.54 + 1.04 + 0.85 + 0.55",2.98,"1*2.48 + 3*5.9 + 76*1.65 + 8*2.66 + 4*1.78 + 30*2.43 + 25*4.06 + 15*2.58 + 45*1.48 + 9*1.92 + 11*5.59 + 5*3.4 + 1*5.99 + 5*1.57 + 187*11.65 + 2*4.03 + 158*2.12 + 5*2.25 + 22*1.03 + 10*0.53 + 101*1.97 + 3*2.18 + 8*0.93 + 2*1.3 + 16*0.5 + 1*0.91 + 5*0.7 + 5*2.21 + 51*1.04 + 1*1.31 + 10*1.85 + 10*1.7 + 3*1.26 + 2*0.85 + 25*2.07 + 35*4.28",3659.96
"init_mem_pattern_ctr","7 a211o_1, 1 a21o_1, 11 a21oi_1, 1 a311o_1, 8 and2_0, 4 and3_1, 1 clkinv_1, 2 conb_1, 49 dfxtp_1, 12 mux2i_1, 5 nand2_1, 5 nand2b_1, 3 nand3_1, 2 nand4_1, 22 nor2_1, 7 nor2b_1, 11 nor3_1, 2 nor3b_1, 3 nor4_1, 1 nor4b_1, 2 o21ai_0, 4 o21bai_1, 1 or3_1, 1 xor2_1","7*8.76 + 1*7.51 + 11*5.0 + 1*10.01 + 8*6.26 + 4*6.26 + 1*3.75 + 2*3.75 + 49*20.02 + 12*10.01 + 5*3.75 + 5*6.26 + 3*5.0 + 2*6.26 + 22*3.75 + 7*6.26 + 11*5.0 + 2*7.51 + 3*6.26 + 1*8.76 + 2*5.0 + 4*7.51 + 1*6.26 + 1*8.76",1677.82,"0.34 + 0.13 + 0.59 + 0.26 + 0.04 + 0.14",1.5,"7*3.14 + 1*5.9 + 11*1.65 + 1*1.57 + 8*1.92 + 4*5.59 + 1*1.57 + 2*3.24 + 49*8.44 + 12*5.89 + 5*2.12 + 5*2.25 + 3*1.03 + 2*0.53 + 22*1.97 + 7*2.18 + 11*0.93 + 2*1.3 + 3*0.5 + 1*0.91 + 2*1.04 + 4*2.87 + 1*1.28 + 1*4.28",696.57
"c432","3 a211o_1, 1 a211oi_1, 1 a21bo_1, 3 a21boi_0, 2 a21oi_1, 2 a221oi_1, 1 a222oi_1, 2 a32oi_1, 8 a41oi_1, 1 and2_0, 6 clkinv_1, 5 nand2_1, 2 nand2b_1, 1 nand4_1, 1 nor2_1, 8 nor2b_1, 2 nor3_1, 2 nor4_1, 1 nor4b_1, 2 o21a_1, 1 o21ai_0, 1 o221ai_1, 4 o22ai_1, 2 o31a_1, 4 o31ai_1, 1 o32a_1, 6 or2_0, 1 or3_1, 1 or4_1","3*8.76 + 1*7.51 + 1*10.01 + 3*7.51 + 2*5.0 + 2*8.76 + 1*10.01 + 2*8.76 + 8*8.76 + 1*6.26 + 6*3.75 + 5*3.75 + 2*6.26 + 1*6.26 + 1*3.75 + 8*6.26 + 2*5.0 + 2*6.26 + 1*8.76 + 2*7.51 + 1*5.0 + 1*8.76 + 4*6.26 + 2*8.76 + 4*7.51 + 1*10.01 + 6*6.26 + 1*6.26 + 1*7.51",505.58,"0.11 + 0.76 + 0.27 + 0.2 + 0.28 + 0.11 + 0.33 + 0.29 + 0.39 + 0.12 + 0.24",3.1,"3*3.14 + 1*0.98 + 1*7.27 + 3*2.48 + 2*1.65 + 2*1.78 + 1*2.43 + 2*1.25 + 8*1.36 + 1*1.92 + 6*1.57 + 5*2.12 + 2*2.25 + 1*0.53 + 1*1.97 + 8*2.18 + 2*0.93 + 2*0.5 + 1*0.91 + 2*2.21 + 1*1.04 + 1*1.09 + 4*1.31 + 2*2.07 + 4*1.7 + 1*1.66 + 6*1.26 + 1*1.28 + 1*0.85",132.01
"sync_ptr","10 dfrtp_1","10*25.02",250.2,"0.33",0.33,"10*11.65",116.5
"Anti_jitter","1 a211oi_1, 15 a21oi_1, 1 a221oi_1, 1 a311oi_1, 1 a31oi_1, 18 and2_0, 2 and3_1, 1 and4_1, 10 clkinv_1, 64 dfxtp_1, 46 nand2_1, 2 nand3_1, 3 nand4_1, 6 nor2_1, 8 nor3_1, 1 nor3b_1, 7 nor4_1, 1 o2111ai_1, 16 o21ai_0, 1 o22ai_1, 1 o2bb2ai_1, 1 or3_1, 4 xnor2_1, 5 xor2_1","1*7.51 + 15*5.0 + 1*8.76 + 1*8.76 + 1*6.26 + 18*6.26 + 2*6.26 + 1*8.76 + 10*3.75 + 64*20.02 + 46*3.75 + 2*5.0 + 3*6.26 + 6*3.75 + 8*5.0 + 1*7.51 + 7*6.26 + 1*8.76 + 16*5.0 + 1*6.26 + 1*8.76 + 1*6.26 + 4*8.76 + 5*8.76",2063.02,"0.28 + 0.25 + 0.07 + 0.56 + 0.21 + 0.38 + 0.32 + 0.1 + 0.14",2.31,"1*0.98 + 15*1.65 + 1*1.78 + 1*0.97 + 1*1.48 + 18*1.92 + 2*5.59 + 1*3.4 + 10*1.57 + 64*8.44 + 46*2.12 + 2*1.03 + 3*0.53 + 6*1.97 + 8*0.93 + 1*1.3 + 7*0.5 + 1*0.58 + 16*1.04 + 1*1.31 + 1*1.85 + 1*1.28 + 4*2.07 + 5*4.28",811.53
"cf_pnmon","3 a211oi_1, 2 a21boi_0, 1 a21o_1, 56 a21oi_1, 4 a221oi_1, 3 a22oi_1, 1 a2bb2oi_1, 8 a31oi_1, 2 and2_0, 2 and3_1, 19 clkinv_1, 68 dfxtp_1, 3 mux2_1, 22 mux2i_1, 13 nand2_1, 4 nand3_1, 4 nand4_1, 43 nor2_1, 1 nor2b_1, 6 nor3_1, 13 nor4_1, 1 nor4b_1, 2 o21a_1, 26 o21ai_0, 1 o21bai_1, 1 o221ai_1, 2 o22a_1, 6 o22ai_1, 5 o2bb2ai_1, 3 or2_0, 1 or3_1, 42 xnor2_1, 33 xor2_1","3*7.51 + 2*7.51 + 1*7.51 + 56*5.0 + 4*8.76 + 3*7.51 + 1*8.76 + 8*6.26 + 2*6.26 + 2*6.26 + 19*3.75 + 68*20.02 + 3*11.26 + 22*10.01 + 13*3.75 + 4*5.0 + 4*6.26 + 43*3.75 + 1*6.26 + 6*5.0 + 13*6.26 + 1*8.76 + 2*7.51 + 26*5.0 + 1*7.51 + 1*8.76 + 2*8.76 + 6*6.26 + 5*8.76 + 3*6.26 + 1*6.26 + 42*8.76 + 33*8.76",3476.77,"1.03 + 0.88 + 0.2 + 0.09 + 0.34 + 0.15 + 0.07",2.76,"3*0.98 + 2*2.48 + 1*5.9 + 56*1.65 + 4*1.78 + 3*2.58 + 1*3.38 + 8*1.48 + 2*1.92 + 2*5.59 + 19*1.57 + 68*8.44 + 3*4.03 + 22*5.89 + 13*2.12 + 4*1.03 + 4*0.53 + 43*1.97 + 1*2.18 + 6*0.93 + 13*0.5 + 1*0.91 + 2*2.21 + 26*1.04 + 1*2.87 + 1*1.09 + 2*2.76 + 6*1.31 + 5*1.85 + 3*1.26 + 1*1.28 + 42*2.07 + 33*4.28",1321.69
"memory","5 clkinv_1, 5 dfrtp_1, 1 mux2_1, 1 mux4_2","5*3.75 + 5*25.02 + 1*11.26 + 1*22.52",177.63,"0.45 + 0.29",0.74,"5*1.57 + 5*11.65 + 1*4.03 + 1*6.37",76.5
"Altera_UP_Slow_Clock_Generator","8 a21oi_1, 1 and2_0, 2 and3_1, 1 and4_1, 1 clkinv_1, 15 dfxtp_1, 1 nand2_1, 1 nand2b_1, 1 nand3_1, 1 nand4_1, 1 nand4b_1, 5 nor2_1, 8 nor3_1, 1 nor3b_1, 4 o21bai_1, 1 or3_1","8*5.0 + 1*6.26 + 2*6.26 + 1*8.76 + 1*3.75 + 15*20.02 + 1*3.75 + 1*6.26 + 1*5.0 + 1*6.26 + 1*8.76 + 5*3.75 + 8*5.0 + 1*7.51 + 4*7.51 + 1*6.26",504.18,"0.37 + 0.12 + 0.31 + 0.2 + 0.04",1.04,"8*1.65 + 1*1.92 + 2*5.59 + 1*3.4 + 1*1.57 + 15*8.44 + 1*2.12 + 1*2.25 + 1*1.03 + 1*0.53 + 1*1.03 + 5*1.97 + 8*0.93 + 1*1.3 + 4*2.87 + 1*1.28",196.18
"BITMASK","17 a2111oi_0, 2 a211o_1, 28 a211oi_1, 1 a21bo_1, 7 a21boi_0, 15 a21o_1, 432 a21oi_1, 11 a221o_1, 49 a221oi_1, 4 a222oi_1, 21 a22o_1, 42 a22oi_1, 1 a2bb2oi_1, 7 a311oi_1, 3 a31o_1, 65 a31oi_1, 2 a32o_1, 13 a32oi_1, 2 a41o_1, 6 a41oi_1, 29 and2_0, 23 and3_1, 4 and4_1, 1 and4b_1, 69 clkinv_1, 1 conb_1, 13 dfrtp_1, 88 dfxtp_1, 24 maj3_1, 33 mux2_1, 147 mux2i_1, 1 mux4_2, 442 nand2_1, 52 nand2b_1, 95 nand3_1, 9 nand3b_1, 41 nand4_1, 1 nand4b_1, 326 nor2_1, 46 nor2b_1, 46 nor3_1, 5 nor3b_1, 36 nor4_1, 7 nor4b_1, 2 nor4bb_1, 19 o2111ai_1, 3 o211a_1, 106 o211ai_1, 17 o21a_1, 515 o21ai_0, 1 o21ba_1, 5 o21bai_1, 32 o221ai_1, 6 o22a_1, 49 o22ai_1, 2 o311a_1, 6 o311ai_0, 2 o31a_1, 9 o31ai_1, 2 o32a_1, 8 o32ai_1, 1 o41ai_1, 14 or2_0, 16 or3_1, 11 or4_1, 2 or4b_1, 128 xnor2_1, 75 xor2_1","17*8.76 + 2*8.76 + 28*7.51 + 1*10.01 + 7*7.51 + 15*7.51 + 432*5.0 + 11*10.01 + 49*8.76 + 4*10.01 + 21*8.76 + 42*7.51 + 1*8.76 + 7*8.76 + 3*8.76 + 65*6.26 + 2*10.01 + 13*8.76 + 2*10.01 + 6*8.76 + 29*6.26 + 23*6.26 + 4*8.76 + 1*10.01 + 69*3.75 + 1*3.75 + 13*25.02 + 88*20.02 + 24*10.01 + 33*11.26 + 147*10.01 + 1*22.52 + 442*3.75 + 52*6.26 + 95*5.0 + 9*7.51 + 41*6.26 + 1*8.76 + 326*3.75 + 46*6.26 + 46*5.0 + 5*7.51 + 36*6.26 + 7*8.76 + 2*10.01 + 19*8.76 + 3*10.01 + 106*7.51 + 17*7.51 + 515*5.0 + 1*10.01 + 5*7.51 + 32*8.76 + 6*8.76 + 49*6.26 + 2*10.01 + 6*8.76 + 2*8.76 + 9*7.51 + 2*10.01 + 8*8.76 + 1*8.76 + 14*6.26 + 16*6.26 + 11*7.51 + 2*10.01 + 128*8.76 + 75*8.76",20909.74,"3.16 + 0.3 + 0.3 + 0.15 + 0.42 + 0.39 + 0.39 + 0.11 + 0.09 + 0.41 + 0.15 + 0.15 + 0.09 + 0.19 + 0.4 + 0.2 + 0.18 + 0.1 + 0.32 + 0.15 + 0.34 + 0.17 + 0.53 + 0.18 + 0.26 + 0.17 + 0.17 + 0.05 + 0.16 + 0.08 + 0.4",10.16,"17*0.42 + 2*3.14 + 28*0.98 + 1*7.27 + 7*2.48 + 15*5.9 + 432*1.65 + 11*2.66 + 49*1.78 + 4*2.43 + 21*4.06 + 42*2.58 + 1*3.38 + 7*0.97 + 3*2.37 + 65*1.48 + 2*2.3 + 13*1.25 + 2*6.61 + 6*1.36 + 29*1.92 + 23*5.59 + 4*3.4 + 1*5.99 + 69*1.57 + 1*3.24 + 13*11.65 + 88*8.44 + 24*2.09 + 33*4.03 + 147*5.89 + 1*6.37 + 442*2.12 + 52*2.25 + 95*1.03 + 9*1.4 + 41*0.53 + 1*1.03 + 326*1.97 + 46*2.18 + 46*0.93 + 5*1.3 + 36*0.5 + 7*0.91 + 2*3.2 + 19*0.58 + 3*10.66 + 106*0.7 + 17*2.21 + 515*1.04 + 1*7.27 + 5*2.87 + 32*1.09 + 6*2.76 + 49*1.31 + 2*3.77 + 6*0.64 + 2*2.07 + 9*1.7 + 2*1.66 + 8*1.09 + 1*1.39 + 14*1.26 + 16*1.28 + 11*0.85 + 2*2.14 + 128*2.07 + 75*4.28",7126.63
"ClockedNegativeOneShot","1 a31oi_1, 1 and3_1, 2 clkinv_1, 3 dfxtp_1, 1 nor2_1, 2 nor3_1","1*6.26 + 1*6.26 + 2*3.75 + 3*20.02 + 1*3.75 + 2*5.0",93.83,"0.28 + 0.16 + 0.05",0.49,"1*1.48 + 1*5.59 + 2*1.57 + 3*8.44 + 1*1.97 + 2*0.93",39.36
"PCIeGen2x8If128_gt_rx_valid_filter_7x","1 a211o_1, 1 a21oi_1, 1 and2_0, 3 clkinv_1, 30 dfxtp_1, 11 nand2_1, 2 nand2b_1, 1 nand3_1, 1 nand4b_1, 2 nand4bb_1, 6 nor2_1, 21 nor2b_1, 4 nor3_1, 1 nor3b_1, 3 nor4_1, 1 nor4b_1, 1 o211ai_1, 1 o22a_1","1*8.76 + 1*5.0 + 1*6.26 + 3*3.75 + 30*20.02 + 11*3.75 + 2*6.26 + 1*5.0 + 1*8.76 + 2*11.26 + 6*3.75 + 21*6.26 + 4*5.0 + 1*7.51 + 3*6.26 + 1*8.76 + 1*7.51 + 1*8.76",947.2,"0.27 + 0.18 + 0.46 + 0.21 + 0.09",1.21,"1*3.14 + 1*1.65 + 1*1.92 + 3*1.57 + 30*8.44 + 11*2.12 + 2*2.25 + 1*1.03 + 1*1.03 + 2*1.9 + 6*1.97 + 21*2.18 + 4*0.93 + 1*1.3 + 3*0.5 + 1*0.91 + 1*0.7 + 1*2.76",366.79
"barrel_shifter","1 a2111o_1, 1 a211o_1, 2 clkinv_1, 13 dfxtp_1, 2 mux2i_1, 2 nand2_1, 1 nand3b_1, 2 nor2_1, 2 nor3_1, 1 o211ai_1, 1 o2bb2ai_1, 1 o32ai_1, 1 or3b_1","1*11.26 + 1*8.76 + 2*3.75 + 13*20.02 + 2*10.01 + 2*3.75 + 1*7.51 + 2*3.75 + 2*5.0 + 1*7.51 + 1*8.76 + 1*8.76 + 1*8.76",374.1,"0.33 + 0.4 + 0.39 + 0.07",1.19,"1*1.68 + 1*3.14 + 2*1.57 + 13*8.44 + 2*5.89 + 2*2.12 + 1*1.4 + 2*1.97 + 2*0.93 + 1*0.7 + 1*1.85 + 1*1.09 + 1*2.59",147.13
"add_sub_4bit","2 a21oi_1, 1 a22oi_1, 1 a2bb2oi_1, 1 a311oi_1, 1 and2_0, 1 clkinv_1, 2 maj3_1, 4 nand2_1, 6 nand2b_1, 1 nand3_1, 1 nand4_1, 1 nor2_1, 2 nor2b_1, 1 o211ai_1, 2 o21ai_0, 1 or2_0, 4 xnor2_1, 1 xor2_1","2*5.0 + 1*7.51 + 1*8.76 + 1*8.76 + 1*6.26 + 1*3.75 + 2*10.01 + 4*3.75 + 6*6.26 + 1*5.0 + 1*6.26 + 1*3.75 + 2*6.26 + 1*7.51 + 2*5.0 + 1*6.26 + 4*8.76 + 1*8.76",212.72,"0.14 + 0.36 + 0.37 + 0.19 + 0.11",1.17,"2*1.65 + 1*2.58 + 1*3.38 + 1*0.97 + 1*1.92 + 1*1.57 + 2*2.09 + 4*2.12 + 6*2.25 + 1*1.03 + 1*0.53 + 1*1.97 + 2*2.18 + 1*0.7 + 2*1.04 + 1*1.26 + 4*2.07 + 1*4.28",64.37
"twos_complement","1 nor2_1, 1 nor3_1, 1 o21a_1, 1 xnor2_1, 1 xor2_1","1*3.75 + 1*5.0 + 1*7.51 + 1*8.76 + 1*8.76",33.78,"0.25 + 0.13",0.38,"1*1.97 + 1*0.93 + 1*2.21 + 1*2.07 + 1*4.28",11.46
"fsm_6bit_sequence_detection","2 dfxtp_1, 1 nor2b_1, 1 nor3b_1","2*20.02 + 1*6.26 + 1*7.51",53.81,"0.27 + 0.12",0.39,"2*8.44 + 1*2.18 + 1*1.3",20.36
"DPR16X4C","64 dfxtp_1, 64 mux2_1, 20 mux4_2, 2 nand2_1, 4 nand2b_1, 2 nand3_1, 3 nand3b_1, 8 nor2_1, 3 nor3b_1, 3 or3_1","64*20.02 + 64*11.26 + 20*22.52 + 2*3.75 + 4*6.26 + 2*5.0 + 3*7.51 + 8*3.75 + 3*7.51 + 3*6.26",2588.7,"0.45 + 0.44",0.89,"64*8.44 + 64*4.03 + 20*6.37 + 2*2.12 + 4*2.25 + 2*1.03 + 3*1.4 + 8*1.97 + 3*1.3 + 3*1.28",968.48
"cross_clock_reader","1 a21oi_1, 1 and3_1, 6 dfxtp_1, 1 mux2_1, 1 nor2b_1, 2 nor3_1, 1 nor4_1, 1 xnor2_1, 1 xor2_1","1*5.0 + 1*6.26 + 6*20.02 + 1*11.26 + 1*6.26 + 2*5.0 + 1*6.26 + 1*8.76 + 1*8.76",182.68,"0.34 + 0.18 + 0.31",0.83,"1*1.65 + 1*5.59 + 6*8.44 + 1*4.03 + 1*2.18 + 2*0.93 + 1*0.5 + 1*2.07 + 1*4.28",72.8
"xor4","2 xnor2_1, 1 xor2_1","2*8.76 + 1*8.76",26.28,"0.15 + 0.11",0.26,"2*2.07 + 1*4.28",8.42
"ff_reduce_secp256k1","5 a2111oi_0, 7 a211o_1, 140 a211oi_1, 1 a21bo_1, 3 a21boi_0, 41 a21o_1, 1012 a21oi_1, 22 a221o_1, 201 a221oi_1, 1 a22o_1, 74 a22oi_1, 21 a2bb2oi_1, 3 a311o_1, 22 a311oi_1, 5 a31o_1, 35 a31oi_1, 1 a32o_1, 2 a32oi_1, 2 a41o_1, 2 a41oi_1, 134 and2_0, 95 and3_1, 2 and3b_1, 44 and4_1, 297 clkinv_1, 619 dfxtp_1, 135 maj3_1, 280 mux2_1, 5 mux2i_1, 841 nand2_1, 90 nand2b_1, 171 nand3_1, 8 nand3b_1, 49 nand4_1, 3 nand4b_1, 1 nand4bb_1, 777 nor2_1, 64 nor2b_1, 124 nor3_1, 5 nor3b_1, 28 nor4_1, 6 nor4b_1, 1 nor4bb_1, 4 o2111ai_1, 2 o211a_1, 40 o211ai_1, 45 o21a_1, 832 o21ai_0, 1 o21ba_1, 2 o21bai_1, 2 o221a_1, 11 o221ai_1, 20 o22a_1, 60 o22ai_1, 5 o311a_1, 7 o311ai_0, 4 o31a_1, 25 o31ai_1, 2 o32a_1, 9 o32ai_1, 1 o41ai_1, 66 or2_0, 41 or3_1, 3 or4_1, 478 xnor2_1, 3 xnor3_1, 270 xor2_1, 2 xor3_1","5*8.76 + 7*8.76 + 140*7.51 + 1*10.01 + 3*7.51 + 41*7.51 + 1012*5.0 + 22*10.01 + 201*8.76 + 1*8.76 + 74*7.51 + 21*8.76 + 3*10.01 + 22*8.76 + 5*8.76 + 35*6.26 + 1*10.01 + 2*8.76 + 2*10.01 + 2*8.76 + 134*6.26 + 95*6.26 + 2*8.76 + 44*8.76 + 297*3.75 + 619*20.02 + 135*10.01 + 280*11.26 + 5*10.01 + 841*3.75 + 90*6.26 + 171*5.0 + 8*7.51 + 49*6.26 + 3*8.76 + 1*11.26 + 777*3.75 + 64*6.26 + 124*5.0 + 5*7.51 + 28*6.26 + 6*8.76 + 1*10.01 + 4*8.76 + 2*10.01 + 40*7.51 + 45*7.51 + 832*5.0 + 1*10.01 + 2*7.51 + 2*11.26 + 11*8.76 + 20*8.76 + 60*6.26 + 5*10.01 + 7*8.76 + 4*8.76 + 25*7.51 + 2*10.01 + 9*8.76 + 1*8.76 + 66*6.26 + 41*6.26 + 3*7.51 + 478*8.76 + 3*22.52 + 270*8.76 + 2*23.77",52270.09,"0.43 + 0.12 + 0.09 + 6.21 + 34.71 + 6.24",47.8,"5*0.42 + 7*3.14 + 140*0.98 + 1*7.27 + 3*2.48 + 41*5.9 + 1012*1.65 + 22*2.66 + 201*1.78 + 1*4.06 + 74*2.58 + 21*3.38 + 3*1.57 + 22*0.97 + 5*2.37 + 35*1.48 + 1*2.3 + 2*1.25 + 2*6.61 + 2*1.36 + 134*1.92 + 95*5.59 + 2*7.06 + 44*3.4 + 297*1.57 + 619*8.44 + 135*2.09 + 280*4.03 + 5*5.89 + 841*2.12 + 90*2.25 + 171*1.03 + 8*1.4 + 49*0.53 + 3*1.03 + 1*1.9 + 777*1.97 + 64*2.18 + 124*0.93 + 5*1.3 + 28*0.5 + 6*0.91 + 1*3.2 + 4*0.58 + 2*10.66 + 40*0.7 + 45*2.21 + 832*1.04 + 1*7.27 + 2*2.87 + 2*2.73 + 11*1.09 + 20*2.76 + 60*1.31 + 5*3.77 + 7*0.64 + 4*2.07 + 25*1.7 + 2*1.66 + 9*1.09 + 1*1.39 + 66*1.26 + 41*1.28 + 3*0.85 + 478*2.07 + 3*15.62 + 270*4.28 + 2*15.22",18611.3
"pram_sram_ctrl","1 a2111oi_0, 1 a211o_1, 3 a211oi_1, 2 a21o_1, 12 a21oi_1, 2 a22oi_1, 2 a31oi_1, 1 a32o_1, 4 and2_0, 2 and3_1, 4 and4_1, 35 clkinv_1, 30 dfrtp_1, 2 dfstp_2, 2 mux2_1, 7 nand2_1, 3 nand2b_1, 5 nand3_1, 5 nand4_1, 13 nor2_1, 2 nor2b_1, 7 nor3_1, 5 nor4_1, 10 o21ai_0, 1 o21ba_1, 1 o21bai_1, 1 or2_0, 2 or4_1, 4 xnor2_1, 1 xor2_1","1*8.76 + 1*8.76 + 3*7.51 + 2*7.51 + 12*5.0 + 2*7.51 + 2*6.26 + 1*10.01 + 4*6.26 + 2*6.26 + 4*8.76 + 35*3.75 + 30*25.02 + 2*26.28 + 2*11.26 + 7*3.75 + 3*6.26 + 5*5.0 + 5*6.26 + 13*3.75 + 2*6.26 + 7*5.0 + 5*6.26 + 10*5.0 + 1*10.01 + 1*7.51 + 1*6.26 + 2*7.51 + 4*8.76 + 1*8.76",1543.65,"0.53 + 0.1 + 0.79 + 0.19 + 0.27 + 0.23 + 0.07",2.18,"1*0.42 + 1*3.14 + 3*0.98 + 2*5.9 + 12*1.65 + 2*2.58 + 2*1.48 + 1*2.3 + 4*1.92 + 2*5.59 + 4*3.4 + 35*1.57 + 30*11.65 + 2*10.52 + 2*4.03 + 7*2.12 + 3*2.25 + 5*1.03 + 5*0.53 + 13*1.97 + 2*2.18 + 7*0.93 + 5*0.5 + 10*1.04 + 1*7.27 + 1*2.87 + 1*1.26 + 2*0.85 + 4*2.07 + 1*4.28",618.96
"binary_to_gray_rotation","3 buf_1, 6 xor2_1","3*3.75 + 6*8.76",63.81,"0.12",0.12,"3*1.18 + 6*4.28",29.22
"image_filter_Duplicate_1080_1920_32_32_s","3 a2111oi_0, 1 a211o_1, 2 a21o_1, 15 a21oi_1, 1 a221o_1, 2 a222oi_1, 2 a22o_1, 1 a31o_1, 4 and2_0, 7 and3_1, 14 clkinv_1, 40 dfxtp_1, 1 mux2_1, 11 mux2i_1, 14 nand2_1, 1 nand2b_1, 4 nand3_1, 1 nand3b_1, 3 nand4_1, 34 nor2_1, 4 nor2b_1, 1 nor3_1, 3 nor4_1, 1 nor4b_1, 1 o2111ai_1, 3 o21a_1, 5 o21ai_0, 2 o21bai_1, 1 o221a_1, 1 o22a_1, 2 o22ai_1, 5 o31ai_1, 1 o32ai_1, 2 or2_0, 13 xnor2_1, 9 xor2_1","3*8.76 + 1*8.76 + 2*7.51 + 15*5.0 + 1*10.01 + 2*10.01 + 2*8.76 + 1*8.76 + 4*6.26 + 7*6.26 + 14*3.75 + 40*20.02 + 1*11.26 + 11*10.01 + 14*3.75 + 1*6.26 + 4*5.0 + 1*7.51 + 3*6.26 + 34*3.75 + 4*6.26 + 1*5.0 + 3*6.26 + 1*8.76 + 1*8.76 + 3*7.51 + 5*5.0 + 2*7.51 + 1*11.26 + 1*8.76 + 2*6.26 + 5*7.51 + 1*8.76 + 2*6.26 + 13*8.76 + 9*8.76",1870.43,"0.3 + 0.13 + 0.32 + 0.1 + 0.62 + 0.44 + 0.15 + 0.18",2.24,"3*0.42 + 1*3.14 + 2*5.9 + 15*1.65 + 1*2.66 + 2*2.43 + 2*4.06 + 1*2.37 + 4*1.92 + 7*5.59 + 14*1.57 + 40*8.44 + 1*4.03 + 11*5.89 + 14*2.12 + 1*2.25 + 4*1.03 + 1*1.4 + 3*0.53 + 34*1.97 + 4*2.18 + 1*0.93 + 3*0.5 + 1*0.91 + 1*0.58 + 3*2.21 + 5*1.04 + 2*2.87 + 1*2.73 + 1*2.76 + 2*1.31 + 5*1.7 + 1*1.09 + 2*1.26 + 13*2.07 + 9*4.28",756.05
"util_adc_pack","11 a2111o_1, 26 a2111oi_0, 10 a211o_1, 35 a211oi_1, 10 a21boi_0, 9 a21o_1, 145 a21oi_1, 15 a221o_1, 17 a221oi_1, 51 a222oi_1, 6 a22o_1, 40 a22oi_1, 2 a31o_1, 35 a31oi_1, 9 a32o_1, 9 a32oi_1, 1 a41o_1, 6 a41oi_1, 30 and2_0, 18 and3_1, 1 and4_1, 22 clkinv_1, 278 dfxtp_1, 1 maj3_1, 13 mux2_1, 2 mux2i_1, 16 mux4_2, 544 nand2_1, 3 nand2b_1, 17 nand3_1, 130 nor2_1, 5 nor2b_1, 27 nor3_1, 2 nor3b_1, 11 nor4_1, 3 nor4b_1, 5 o2111ai_1, 6 o211a_1, 46 o211ai_1, 21 o21a_1, 131 o21ai_0, 1 o21bai_1, 4 o221ai_1, 6 o22a_1, 16 o22ai_1, 2 o311ai_0, 2 o31a_1, 10 o31ai_1, 8 o32a_1, 4 o32ai_1, 8 o41ai_1, 12 or2_0, 5 or3_1, 4 or4_1, 2 or4b_1, 9 xnor2_1, 12 xor2_1","11*11.26 + 26*8.76 + 10*8.76 + 35*7.51 + 10*7.51 + 9*7.51 + 145*5.0 + 15*10.01 + 17*8.76 + 51*10.01 + 6*8.76 + 40*7.51 + 2*8.76 + 35*6.26 + 9*10.01 + 9*8.76 + 1*10.01 + 6*8.76 + 30*6.26 + 18*6.26 + 1*8.76 + 22*3.75 + 278*20.02 + 1*10.01 + 13*11.26 + 2*10.01 + 16*22.52 + 544*3.75 + 3*6.26 + 17*5.0 + 130*3.75 + 5*6.26 + 27*5.0 + 2*7.51 + 11*6.26 + 3*8.76 + 5*8.76 + 6*10.01 + 46*7.51 + 21*7.51 + 131*5.0 + 1*7.51 + 4*8.76 + 6*8.76 + 16*6.26 + 2*8.76 + 2*8.76 + 10*7.51 + 8*10.01 + 4*8.76 + 8*8.76 + 12*6.26 + 5*6.26 + 4*7.51 + 2*10.01 + 9*8.76 + 12*8.76",14695.27,"2.94 + 1.94 + 0.57 + 0.14 + 0.36 + 0.2 + 0.06",6.21,"11*1.68 + 26*0.42 + 10*3.14 + 35*0.98 + 10*2.48 + 9*5.9 + 145*1.65 + 15*2.66 + 17*1.78 + 51*2.43 + 6*4.06 + 40*2.58 + 2*2.37 + 35*1.48 + 9*2.3 + 9*1.25 + 1*6.61 + 6*1.36 + 30*1.92 + 18*5.59 + 1*3.4 + 22*1.57 + 278*8.44 + 1*2.09 + 13*4.03 + 2*5.89 + 16*6.37 + 544*2.12 + 3*2.25 + 17*1.03 + 130*1.97 + 5*2.18 + 27*0.93 + 2*1.3 + 11*0.5 + 3*0.91 + 5*0.58 + 6*10.66 + 46*0.7 + 21*2.21 + 131*1.04 + 1*2.87 + 4*1.09 + 6*2.76 + 16*1.31 + 2*0.64 + 2*2.07 + 10*1.7 + 8*1.66 + 4*1.09 + 8*1.39 + 12*1.26 + 5*1.28 + 4*0.85 + 2*2.14 + 9*2.07 + 12*4.28",5505.13
"binary_adder","1 maj3_1, 2 nand2_1, 1 nor2_1, 1 o21ai_0, 5 xnor2_1, 2 xor2_1","1*10.01 + 2*3.75 + 1*3.75 + 1*5.0 + 5*8.76 + 2*8.76",87.58,"0.07 + 0.13 + 0.38 + 0.11",0.69,"1*2.09 + 2*2.12 + 1*1.97 + 1*1.04 + 5*2.07 + 2*4.28",28.25
"top_module","3 and2_0, 1 clkinv_1, 2 mux2_1, 1 nand2_1, 1 nand4_1, 4 xnor2_1","3*6.26 + 1*3.75 + 2*11.26 + 1*3.75 + 1*6.26 + 4*8.76",90.1,"0.12 + 0.14 + 0.3",0.56,"3*1.92 + 1*1.57 + 2*4.03 + 1*2.12 + 1*0.53 + 4*2.07",26.32
"barrel_shifter_4bit","4 mux2i_1, 1 nand3b_1, 1 nor2_1, 1 nor3b_1, 1 o21ai_0","4*10.01 + 1*7.51 + 1*3.75 + 1*7.51 + 1*5.0",63.81,"0.18 + 0.07",0.25,"4*5.89 + 1*1.4 + 1*1.97 + 1*1.3 + 1*1.04",29.27
"bitwise_and","8 and2_0","8*6.26",50.08,"0.1",0.1,"8*1.92",15.36
"arithmetic_module","4 a21oi_1, 2 maj3_1, 1 nand2_1, 3 nand2b_1, 1 o21ai_0, 3 o21bai_1, 1 o31ai_1, 2 xnor2_1, 4 xor2_1","4*5.0 + 2*10.01 + 1*3.75 + 3*6.26 + 1*5.0 + 3*7.51 + 1*7.51 + 2*8.76 + 4*8.76",150.15,"0.1 + 0.07 + 0.16 + 0.38 + 0.35 + 0.14 + 0.03",1.23,"4*1.65 + 2*2.09 + 1*2.12 + 3*2.25 + 1*1.04 + 3*2.87 + 1*1.7 + 2*2.07 + 4*4.28",52.26
"mkSoC_Map","1 a211oi_1, 1 a21o_1, 1 a21oi_1, 1 and3_1, 2 conb_1, 4 nand2_1, 3 nand3_1, 8 nand4_1, 3 nor2_1, 3 nor3_1, 35 nor4_1, 2 nor4b_1, 1 nor4bb_1, 1 or4_1","1*7.51 + 1*7.51 + 1*5.0 + 1*6.26 + 2*3.75 + 4*3.75 + 3*5.0 + 8*6.26 + 3*3.75 + 3*5.0 + 35*6.26 + 2*8.76 + 1*10.01 + 1*7.51",394.25,"0.5 + 0.16 + 0.11 + 0.08",0.85,"1*0.98 + 1*5.9 + 1*1.65 + 1*5.59 + 2*3.24 + 4*2.12 + 3*1.03 + 8*0.53 + 3*1.97 + 3*0.93 + 35*0.5 + 2*0.91 + 1*3.2 + 1*0.85",68.48
"acl_fp_fptoui","11 a2111oi_0, 2 a211oi_1, 1 a21o_1, 21 a21oi_1, 5 a221o_1, 12 a221oi_1, 52 a222oi_1, 61 a22o_1, 81 a22oi_1, 1 a31o_1, 15 a31oi_1, 1 a32o_1, 7 a32oi_1, 1 a41oi_1, 27 and2_0, 42 and3_1, 6 and4_1, 4 and4b_1, 5 clkinv_1, 98 dfrtp_1, 2 mux2_1, 13 nand2_1, 48 nand3_1, 37 nand4_1, 18 nor2_1, 1 nor3_1, 4 nor4_1, 5 nor4b_1, 6 nor4bb_1, 2 o21a_1, 2 o21ai_0, 8 o22a_1, 1 o22ai_1, 1 o2bb2ai_1, 4 o31a_1, 6 o32a_1, 2 o32ai_1, 5 or2_0, 1 or4_1, 1 or4b_1, 2 xnor2_1","11*8.76 + 2*7.51 + 1*7.51 + 21*5.0 + 5*10.01 + 12*8.76 + 52*10.01 + 61*8.76 + 81*7.51 + 1*8.76 + 15*6.26 + 1*10.01 + 7*8.76 + 1*8.76 + 27*6.26 + 42*6.26 + 6*8.76 + 4*10.01 + 5*3.75 + 98*25.02 + 2*11.26 + 13*3.75 + 48*5.0 + 37*6.26 + 18*3.75 + 1*5.0 + 4*6.26 + 5*8.76 + 6*10.01 + 2*7.51 + 2*5.0 + 8*8.76 + 1*6.26 + 1*8.76 + 4*8.76 + 6*10.01 + 2*8.76 + 5*6.26 + 1*7.51 + 1*10.01 + 2*8.76",6253.62,"0.38 + 3.27 + 0.84 + 0.22 + 0.22 + 0.12",5.05,"11*0.42 + 2*0.98 + 1*5.9 + 21*1.65 + 5*2.66 + 12*1.78 + 52*2.43 + 61*4.06 + 81*2.58 + 1*2.37 + 15*1.48 + 1*2.3 + 7*1.25 + 1*1.36 + 27*1.92 + 42*5.59 + 6*3.4 + 4*5.99 + 5*1.57 + 98*11.65 + 2*4.03 + 13*2.12 + 48*1.03 + 37*0.53 + 18*1.97 + 1*0.93 + 4*0.5 + 5*0.91 + 6*3.2 + 2*2.21 + 2*1.04 + 8*2.76 + 1*1.31 + 1*1.85 + 4*2.07 + 6*1.66 + 2*1.09 + 5*1.26 + 1*0.85 + 1*2.14 + 2*2.07",2414.7
"mig_7series_v1_9_ecc_merge_enc","495 a211o_1, 1050 a211oi_1, 1319 a22o_1, 788 a22oi_1, 12 a2bb2o_1, 1 a31oi_1, 739 and4_1, 360 clkinv_1, 1 conb_1, 584 dfxtp_1, 334 mux2_1, 178 mux2i_1, 1382 nand4_1, 12 nand4bb_1, 2 nor2b_1, 61 nor3b_1, 197 nor4_1, 377 o211a_1, 1172 o211ai_1, 184 o22a_1, 198 o22ai_1, 3 o41ai_1, 1 or2_0, 169 or4_1","495*8.76 + 1050*7.51 + 1319*8.76 + 788*7.51 + 12*10.01 + 1*6.26 + 739*8.76 + 360*3.75 + 1*3.75 + 584*20.02 + 334*11.26 + 178*10.01 + 1382*6.26 + 12*11.26 + 2*6.26 + 61*7.51 + 197*6.26 + 377*10.01 + 1172*7.51 + 184*8.76 + 198*6.26 + 3*8.76 + 1*6.26 + 169*7.51",82100.92,"0.27 + 0.31 + 0.3 + 0.53 + 0.13 + 0.48 + 0.29 + 0.12 + 0.13",2.56,"495*3.14 + 1050*0.98 + 1319*4.06 + 788*2.58 + 12*5.07 + 1*1.48 + 739*3.4 + 360*1.57 + 1*3.24 + 584*8.44 + 334*4.03 + 178*5.89 + 1382*0.53 + 12*1.9 + 2*2.18 + 61*1.3 + 197*0.5 + 377*10.66 + 1172*0.7 + 184*2.76 + 198*1.31 + 3*1.39 + 1*1.26 + 169*0.85",27131.18
"top_module","1 and2_0, 2 nand2_1, 2 o211ai_1","1*6.26 + 2*3.75 + 2*7.51",28.78,"0.2 + 0.12",0.32,"1*1.92 + 2*2.12 + 2*0.7",7.56
"mux_4to1","1 mux4_2","1*22.52",22.52,"0.43",0.43,"1*6.37",6.37
"FSM_Convert_Float_To_Fixed","1 a31oi_1, 1 and3_1, 1 and4b_1, 5 clkinv_1, 4 dfrtp_1, 3 nand2_1, 1 nand3_1, 1 nand3b_1, 3 nand4_1, 2 nand4b_1, 5 nor2_1, 1 nor4_1, 2 nor4b_1, 2 nor4bb_1, 1 o21ai_0","1*6.26 + 1*6.26 + 1*10.01 + 5*3.75 + 4*25.02 + 3*3.75 + 1*5.0 + 1*7.51 + 3*6.26 + 2*8.76 + 5*3.75 + 1*6.26 + 2*8.76 + 2*10.01 + 1*5.0",268.97,"0.39 + 0.21 + 0.11 + 0.24",0.95,"1*1.48 + 1*5.59 + 1*5.99 + 5*1.57 + 4*11.65 + 3*2.12 + 1*1.03 + 1*1.4 + 3*0.53 + 2*1.03 + 5*1.97 + 1*0.5 + 2*0.91 + 2*3.2 + 1*1.04",99.56
"divider","1 a2111o_1, 1 a2111oi_0, 4 a211o_1, 15 a211oi_1, 1 a21bo_1, 12 a21boi_0, 10 a21o_1, 103 a21oi_1, 1 a221o_1, 1 a221oi_1, 5 a22oi_1, 1 a2bb2oi_1, 1 a311o_1, 5 a311oi_1, 1 a31o_1, 12 a31oi_1, 1 a32oi_1, 3 a41oi_1, 42 and2_0, 5 and3_1, 3 and4_1, 71 clkinv_1, 106 maj3_1, 12 mux2_1, 22 mux2i_1, 158 nand2_1, 30 nand2b_1, 15 nand3_1, 1 nand3b_1, 7 nand4_1, 1 nand4b_1, 295 nor2_1, 18 nor2b_1, 24 nor3_1, 2 nor3b_1, 10 nor4_1, 1 nor4b_1, 3 o211a_1, 39 o211ai_1, 20 o21a_1, 129 o21ai_0, 2 o21bai_1, 3 o221ai_1, 3 o22a_1, 9 o22ai_1, 3 o311a_1, 2 o311ai_0, 4 o31a_1, 16 o31ai_1, 1 o41a_1, 16 or2_0, 9 or3_1, 9 or4_1, 1 or4b_1, 291 xnor2_1, 24 xnor3_1, 92 xor2_1, 12 xor3_1","1*11.26 + 1*8.76 + 4*8.76 + 15*7.51 + 1*10.01 + 12*7.51 + 10*7.51 + 103*5.0 + 1*10.01 + 1*8.76 + 5*7.51 + 1*8.76 + 1*10.01 + 5*8.76 + 1*8.76 + 12*6.26 + 1*8.76 + 3*8.76 + 42*6.26 + 5*6.26 + 3*8.76 + 71*3.75 + 106*10.01 + 12*11.26 + 22*10.01 + 158*3.75 + 30*6.26 + 15*5.0 + 1*7.51 + 7*6.26 + 1*8.76 + 295*3.75 + 18*6.26 + 24*5.0 + 2*7.51 + 10*6.26 + 1*8.76 + 3*10.01 + 39*7.51 + 20*7.51 + 129*5.0 + 2*7.51 + 3*8.76 + 3*8.76 + 9*6.26 + 3*10.01 + 2*8.76 + 4*8.76 + 16*7.51 + 1*11.26 + 16*6.26 + 9*6.26 + 9*7.51 + 1*10.01 + 291*8.76 + 24*22.52 + 92*8.76 + 12*23.77",11310.55,"0.56 + 0.26 + 0.49 + 0.5 + 1.66 + 0.43 + 0.08 + 0.35 + 0.23 + 0.13 + 0.35 + 0.21 + 0.37 + 0.25 + 0.14 + 0.38 + 0.38 + 0.3 + 0.13 + 0.17 + 0.37 + 0.39 + 0.38 + 0.2 + 0.11 + 0.18 + 0.37 + 0.39 + 0.39 + 0.41 + 0.62 + 0.28 + 0.07 + 0.35 + 0.2 + 0.38 + 0.2 + 0.19 + 0.12 + 0.18 + 0.37 + 0.39 + 0.39 + 0.39 + 0.4 + 0.17 + 0.11 + 0.33 + 0.18 + 0.23 + 0.15 + 0.4 + 0.39 + 0.39 + 0.41 + 0.3 + 0.2 + 0.12 + 0.37 + 0.39 + 0.39 + 0.39 + 0.24 + 0.14 + 0.26 + 0.13 + 0.42 + 0.23 + 0.39 + 0.27 + 0.28 + 0.16 + 0.09 + 0.37 + 0.46 + 0.17 + 0.38 + 0.39 + 0.39 + 0.39 + 0.39 + 0.39 + 0.4 + 0.3 + 0.17 + 0.22 + 0.42 + 0.36 + 0.19 + 0.15 + 0.41 + 0.23 + 0.14 + 0.3 + 0.14 + 1.54 + 0.44 + 0.25 + 0.15 + 0.32 + 0.29 + 0.14 + 0.08 + 0.28 + 0.26 + 0.18 + 0.94 + 0.29 + 0.3 + 0.24 + 0.12 + 0.33 + 0.43 + 0.16 + 0.92 + 0.6 + 0.38 + 0.16 + 0.12 + 0.58 + 0.29 + 0.17 + 0.37 + 0.15 + 0.58 + 0.14 + 0.47 + 0.37 + 0.4 + 0.14 + 0.4 + 0.39 + 0.21 + 0.15 + 0.29 + 0.13 + 0.26 + 0.15 + 0.27 + 0.16 + 0.16 + 0.1",44.63,"1*1.68 + 1*0.42 + 4*3.14 + 15*0.98 + 1*7.27 + 12*2.48 + 10*5.9 + 103*1.65 + 1*2.66 + 1*1.78 + 5*2.58 + 1*3.38 + 1*1.57 + 5*0.97 + 1*2.37 + 12*1.48 + 1*1.25 + 3*1.36 + 42*1.92 + 5*5.59 + 3*3.4 + 71*1.57 + 106*2.09 + 12*4.03 + 22*5.89 + 158*2.12 + 30*2.25 + 15*1.03 + 1*1.4 + 7*0.53 + 1*1.03 + 295*1.97 + 18*2.18 + 24*0.93 + 2*1.3 + 10*0.5 + 1*0.91 + 3*10.66 + 39*0.7 + 20*2.21 + 129*1.04 + 2*2.87 + 3*1.09 + 3*2.76 + 9*1.31 + 3*3.77 + 2*0.64 + 4*2.07 + 16*1.7 + 1*1.37 + 16*1.26 + 9*1.28 + 9*0.85 + 1*2.14 + 291*2.07 + 24*15.62 + 92*4.28 + 12*15.22",3964.23
"PCIEBus_axi_basic_rx_pipeline","130 a211oi_1, 134 a21oi_1, 2 a22o_1, 1 a31o_1, 3 a31oi_1, 1 a41oi_1, 3 clkinv_1, 2 conb_1, 294 dfxtp_1, 152 mux2i_1, 145 nand2_1, 5 nand2b_1, 4 nand3_1, 1 nand3b_1, 1 nand4_1, 278 nor2_1, 4 nor2b_1, 3 nor3_1, 1 o2111ai_1, 4 o211ai_1, 1 o21a_1, 10 o21ai_0, 2 or2_0, 1 or3_1, 1 or3b_1","130*7.51 + 134*5.0 + 2*8.76 + 1*8.76 + 3*6.26 + 1*8.76 + 3*3.75 + 2*3.75 + 294*20.02 + 152*10.01 + 145*3.75 + 5*6.26 + 4*5.0 + 1*7.51 + 1*6.26 + 278*3.75 + 4*6.26 + 3*5.0 + 1*8.76 + 4*7.51 + 1*7.51 + 10*5.0 + 2*6.26 + 1*6.26 + 1*8.76",10941.48,"2.7 + 3.11 + 0.72 + 0.13",6.66,"130*0.98 + 134*1.65 + 2*4.06 + 1*2.37 + 3*1.48 + 1*1.36 + 3*1.57 + 2*3.24 + 294*8.44 + 152*5.89 + 145*2.12 + 5*2.25 + 4*1.03 + 1*1.4 + 1*0.53 + 278*1.97 + 4*2.18 + 3*0.93 + 1*0.58 + 4*0.7 + 1*2.21 + 10*1.04 + 2*1.26 + 1*1.28 + 1*2.59",4658.87
"mux_adder","1 a21oi_1, 1 and2_0, 2 maj3_1, 3 nor2_1, 2 o21bai_1, 2 xnor2_1, 3 xor2_1","1*5.0 + 1*6.26 + 2*10.01 + 3*3.75 + 2*7.51 + 2*8.76 + 3*8.76",101.35,"0.17 + 0.39 + 0.37 + 0.15 + 0.03",1.11,"1*1.65 + 1*1.92 + 2*2.09 + 3*1.97 + 2*2.87 + 2*2.07 + 3*4.28",36.38
"acl_fp_convert_from_long","1 a211oi_1, 4 a21o_1, 83 a21oi_1, 28 a221o_1, 5 a221oi_1, 109 a222oi_1, 10 a22o_1, 6 a22oi_1, 1 a31o_1, 102 a31oi_1, 8 and2_0, 12 and3_1, 3 and4_1, 1 and4b_1, 13 clkinv_1, 317 dfrtp_1, 345 nand2_1, 5 nand2b_1, 31 nand3_1, 12 nand4_1, 2 nand4b_1, 1 nand4bb_1, 201 nor2_1, 4 nor2b_1, 14 nor3_1, 1 nor3b_1, 30 nor4_1, 1 nor4b_1, 2 nor4bb_1, 20 o211ai_1, 9 o21a_1, 116 o21ai_0, 5 o22ai_1, 2 o31a_1, 14 o31ai_1, 5 or2_0, 3 or3_1, 1 or3b_1, 4 or4_1, 63 xnor2_1, 57 xor2_1","1*7.51 + 4*7.51 + 83*5.0 + 28*10.01 + 5*8.76 + 109*10.01 + 10*8.76 + 6*7.51 + 1*8.76 + 102*6.26 + 8*6.26 + 12*6.26 + 3*8.76 + 1*10.01 + 13*3.75 + 317*25.02 + 345*3.75 + 5*6.26 + 31*5.0 + 12*6.26 + 2*8.76 + 1*11.26 + 201*3.75 + 4*6.26 + 14*5.0 + 1*7.51 + 30*6.26 + 1*8.76 + 2*10.01 + 20*7.51 + 9*7.51 + 116*5.0 + 5*6.26 + 2*8.76 + 14*7.51 + 5*6.26 + 3*6.26 + 1*8.76 + 4*7.51 + 63*8.76 + 57*8.76",15537.9,"0.62 + 1.75 + 1.36 + 1.09",4.82,"1*0.98 + 4*5.9 + 83*1.65 + 28*2.66 + 5*1.78 + 109*2.43 + 10*4.06 + 6*2.58 + 1*2.37 + 102*1.48 + 8*1.92 + 12*5.59 + 3*3.4 + 1*5.99 + 13*1.57 + 317*11.65 + 345*2.12 + 5*2.25 + 31*1.03 + 12*0.53 + 2*1.03 + 1*1.9 + 201*1.97 + 4*2.18 + 14*0.93 + 1*1.3 + 30*0.5 + 1*0.91 + 2*3.2 + 20*0.7 + 9*2.21 + 116*1.04 + 5*1.31 + 2*2.07 + 14*1.7 + 5*1.26 + 3*1.28 + 1*2.59 + 4*0.85 + 63*2.07 + 57*4.28",6337.02
"multiplexor","5 mux2_1","5*11.26",56.3,"0.26",0.26,"5*4.03",20.15
"db_qp","1 dfrtp_1, 1 nor4b_1","1*25.02 + 1*8.76",33.78,"0.25",0.25,"1*11.65 + 1*0.91",12.56
"DSPCalcModule","1 a211oi_1, 6 a21boi_0, 7 a21o_1, 53 a21oi_1, 1 a221oi_1, 3 a22o_1, 13 a22oi_1, 1 a2bb2oi_1, 1 a311oi_1, 2 a31oi_1, 1 a32oi_1, 28 and2_0, 9 and3_1, 10 clkinv_1, 74 dfxtp_1, 135 maj3_1, 255 nand2_1, 36 nand2b_1, 8 nand3_1, 3 nand4_1, 1 nand4b_1, 66 nor2_1, 31 nor2b_1, 7 nor3_1, 1 nor4_1, 2 o211a_1, 7 o21a_1, 38 o21ai_0, 1 o21ba_1, 5 o21bai_1, 6 o22a_1, 9 o22ai_1, 1 o2bb2ai_1, 1 o311ai_0, 1 o31ai_1, 1 o41ai_1, 2 or2_0, 2 or4_1, 200 xnor2_1, 51 xnor3_1, 89 xor2_1, 50 xor3_1","1*7.51 + 6*7.51 + 7*7.51 + 53*5.0 + 1*8.76 + 3*8.76 + 13*7.51 + 1*8.76 + 1*8.76 + 2*6.26 + 1*8.76 + 28*6.26 + 9*6.26 + 10*3.75 + 74*20.02 + 135*10.01 + 255*3.75 + 36*6.26 + 8*5.0 + 3*6.26 + 1*8.76 + 66*3.75 + 31*6.26 + 7*5.0 + 1*6.26 + 2*10.01 + 7*7.51 + 38*5.0 + 1*10.01 + 5*7.51 + 6*8.76 + 9*6.26 + 1*8.76 + 1*8.76 + 1*7.51 + 1*8.76 + 2*6.26 + 2*7.51 + 200*8.76 + 51*22.52 + 89*8.76 + 50*23.77",10724.57,"0.29 + 0.2 + 0.15 + 0.4 + 0.39 + 0.39 + 0.39 + 0.39 + 0.39 + 0.39 + 0.39 + 0.39 + 0.09 + 0.07 + 0.15 + 0.04",4.51,"1*0.98 + 6*2.48 + 7*5.9 + 53*1.65 + 1*1.78 + 3*4.06 + 13*2.58 + 1*3.38 + 1*0.97 + 2*1.48 + 1*1.25 + 28*1.92 + 9*5.59 + 10*1.57 + 74*8.44 + 135*2.09 + 255*2.12 + 36*2.25 + 8*1.03 + 3*0.53 + 1*1.03 + 66*1.97 + 31*2.18 + 7*0.93 + 1*0.5 + 2*10.66 + 7*2.21 + 38*1.04 + 1*7.27 + 5*2.87 + 6*2.76 + 9*1.31 + 1*1.85 + 1*0.64 + 1*1.7 + 1*1.39 + 2*1.26 + 2*0.85 + 200*2.07 + 51*15.62 + 89*4.28 + 50*15.22",4552.84
"alu","3 a21o_1, 3 a21oi_1, 1 a22o_1, 4 a31oi_1, 2 and2_0, 1 and3b_1, 8 dfxtp_1, 8 dlxtp_1, 16 nand2_1, 11 nand3_1, 1 nand4_1, 3 nor2_1, 1 nor2b_1, 1 nor3_1, 1 nor3b_1, 1 o21a_1, 16 o21ai_0, 1 o31ai_1, 1 or3b_1, 5 xnor2_1, 2 xor2_1","3*7.51 + 3*5.0 + 1*8.76 + 4*6.26 + 2*6.26 + 1*8.76 + 8*20.02 + 8*15.01 + 16*3.75 + 11*5.0 + 1*6.26 + 3*3.75 + 1*6.26 + 1*5.0 + 1*7.51 + 1*7.51 + 16*5.0 + 1*7.51 + 1*8.76 + 5*8.76 + 2*8.76",689.23,"0.26",0.26,"3*5.9 + 3*1.65 + 1*4.06 + 4*1.48 + 2*1.92 + 1*7.06 + 8*8.44 + 8*7.93 + 16*2.12 + 11*1.03 + 1*0.53 + 3*1.97 + 1*2.18 + 1*0.93 + 1*1.3 + 1*2.21 + 16*1.04 + 1*1.7 + 1*2.59 + 5*2.07 + 2*4.28",272.64
"mips_memory2","8 a2111o_1, 163 a2111oi_0, 265 a211o_1, 1968 a211oi_1, 3 a21bo_1, 52 a21boi_0, 142 a21o_1, 14247 a21oi_1, 158 a221o_1, 440 a221oi_1, 91 a222oi_1, 227 a22o_1, 1960 a22oi_1, 58 a2bb2oi_1, 11 a311o_1, 46 a311oi_1, 26 a31o_1, 2959 a31oi_1, 70 a32o_1, 108 a32oi_1, 8 a41o_1, 62 a41oi_1, 98 and2_0, 181 and3_1, 8 and3b_1, 61 and4_1, 7 and4b_1, 284 clkinv_1, 8336 dfxtp_1, 1311 mux2_1, 6432 mux2i_1, 1356 mux4_2, 10224 nand2_1, 103 nand2b_1, 1561 nand3_1, 12 nand3b_1, 708 nand4_1, 21 nand4b_1, 9951 nor2_1, 67 nor2b_1, 1246 nor3_1, 17 nor3b_1, 432 nor4_1, 16 nor4b_1, 3 nor4bb_1, 31 o2111a_1, 296 o2111ai_1, 29 o211a_1, 4019 o211ai_1, 156 o21a_1, 13990 o21ai_0, 2 o21bai_1, 80 o221a_1, 622 o221ai_1, 121 o22a_1, 3767 o22ai_1, 1 o2bb2a_1, 52 o2bb2ai_1, 15 o311a_1, 47 o311ai_0, 46 o31a_1, 527 o31ai_1, 10 o32a_1, 31 o32ai_1, 1 o41a_1, 20 o41ai_1, 32 or2_0, 82 or3_1, 5 or3b_1, 127 or4_1, 8 or4b_1, 32 xnor2_1, 9 xor2_1","8*11.26 + 163*8.76 + 265*8.76 + 1968*7.51 + 3*10.01 + 52*7.51 + 142*7.51 + 14247*5.0 + 158*10.01 + 440*8.76 + 91*10.01 + 227*8.76 + 1960*7.51 + 58*8.76 + 11*10.01 + 46*8.76 + 26*8.76 + 2959*6.26 + 70*10.01 + 108*8.76 + 8*10.01 + 62*8.76 + 98*6.26 + 181*6.26 + 8*8.76 + 61*8.76 + 7*10.01 + 284*3.75 + 8336*20.02 + 1311*11.26 + 6432*10.01 + 1356*22.52 + 10224*3.75 + 103*6.26 + 1561*5.0 + 12*7.51 + 708*6.26 + 21*8.76 + 9951*3.75 + 67*6.26 + 1246*5.0 + 17*7.51 + 432*6.26 + 16*8.76 + 3*10.01 + 31*11.26 + 296*8.76 + 29*10.01 + 4019*7.51 + 156*7.51 + 13990*5.0 + 2*7.51 + 80*11.26 + 622*8.76 + 121*8.76 + 3767*6.26 + 1*10.01 + 52*8.76 + 15*10.01 + 47*8.76 + 46*8.76 + 527*7.51 + 10*10.01 + 31*8.76 + 1*11.26 + 20*8.76 + 32*6.26 + 82*6.26 + 5*8.76 + 127*7.51 + 8*10.01 + 32*8.76 + 9*8.76",658597.29,"246.45 + 4745.14 + 261.99 + 4.61 + 0.4 + 0.38 + 0.18 + 0.13 + 0.31",5259.59,"8*1.68 + 163*0.42 + 265*3.14 + 1968*0.98 + 3*7.27 + 52*2.48 + 142*5.9 + 14247*1.65 + 158*2.66 + 440*1.78 + 91*2.43 + 227*4.06 + 1960*2.58 + 58*3.38 + 11*1.57 + 46*0.97 + 26*2.37 + 2959*1.48 + 70*2.3 + 108*1.25 + 8*6.61 + 62*1.36 + 98*1.92 + 181*5.59 + 8*7.06 + 61*3.4 + 7*5.99 + 284*1.57 + 8336*8.44 + 1311*4.03 + 6432*5.89 + 1356*6.37 + 10224*2.12 + 103*2.25 + 1561*1.03 + 12*1.4 + 708*0.53 + 21*1.03 + 9951*1.97 + 67*2.18 + 1246*0.93 + 17*1.3 + 432*0.5 + 16*0.91 + 3*3.2 + 31*3.75 + 296*0.58 + 29*10.66 + 4019*0.7 + 156*2.21 + 13990*1.04 + 2*2.87 + 80*2.73 + 622*1.09 + 121*2.76 + 3767*1.31 + 1*3.41 + 52*1.85 + 15*3.77 + 47*0.64 + 46*2.07 + 527*1.7 + 10*1.66 + 31*1.09 + 1*1.37 + 20*1.39 + 32*1.26 + 82*1.28 + 5*2.59 + 127*0.85 + 8*2.14 + 32*2.07 + 9*4.28",235206.13
"Debouncer","12 a21oi_1, 1 a22o_1, 1 a2bb2oi_1, 2 a31o_1, 4 a31oi_1, 2 a41o_1, 2 and2_0, 2 and4_1, 4 clkinv_1, 19 dfxtp_1, 16 nand2_1, 2 nand2b_1, 2 nand3_1, 3 nand4_1, 9 nor2_1, 2 nor3_1, 3 nor4_1, 1 o211ai_1, 7 o21ai_0, 1 o21bai_1, 3 o31ai_1, 1 or3_1, 2 xnor2_1, 2 xor2_1","12*5.0 + 1*8.76 + 1*8.76 + 2*8.76 + 4*6.26 + 2*10.01 + 2*6.26 + 2*8.76 + 4*3.75 + 19*20.02 + 16*3.75 + 2*6.26 + 2*5.0 + 3*6.26 + 9*3.75 + 2*5.0 + 3*6.26 + 1*7.51 + 7*5.0 + 1*7.51 + 3*7.51 + 1*6.26 + 2*8.76 + 2*8.76",843.2,"0.36 + 0.3 + 0.17 + 0.5 + 0.38 + 0.18 + 0.06",1.95,"12*1.65 + 1*4.06 + 1*3.38 + 2*2.37 + 4*1.48 + 2*6.61 + 2*1.92 + 2*3.4 + 4*1.57 + 19*8.44 + 16*2.12 + 2*2.25 + 2*1.03 + 3*0.53 + 9*1.97 + 2*0.93 + 3*0.5 + 1*0.7 + 7*1.04 + 1*2.87 + 3*1.7 + 1*1.28 + 2*2.07 + 2*4.28",321.49
"full_adder","2 a21oi_1, 1 and2_0, 2 maj3_1, 3 nand2_1, 1 nand3_1, 1 nor2_1, 1 nor2b_1, 1 nor3_1, 1 o21ai_0, 1 or2_0, 4 xnor2_1","2*5.0 + 1*6.26 + 2*10.01 + 3*3.75 + 1*5.0 + 1*3.75 + 1*6.26 + 1*5.0 + 1*5.0 + 1*6.26 + 4*8.76",113.84,"0.38 + 0.25 + 0.14 + 0.33",1.1,"2*1.65 + 1*1.92 + 2*2.09 + 3*2.12 + 1*1.03 + 1*1.97 + 1*2.18 + 1*0.93 + 1*1.04 + 1*1.26 + 4*2.07",32.45
"adder","1 maj3_1, 2 nand2_1, 1 nor2_1, 1 o21ai_0, 5 xnor2_1, 2 xor2_1","1*10.01 + 2*3.75 + 1*3.75 + 1*5.0 + 5*8.76 + 2*8.76",87.58,"0.07 + 0.13 + 0.38 + 0.11",0.69,"1*2.09 + 2*2.12 + 1*1.97 + 1*1.04 + 5*2.07 + 2*4.28",28.25
"tlu_controller_fsm","3 a2111oi_0, 2 a211o_1, 49 a211oi_1, 3 a21o_1, 72 a21oi_1, 1 a221oi_1, 1 a22o_1, 17 a22oi_1, 3 a311oi_1, 1 a31o_1, 6 a31oi_1, 1 a32o_1, 1 a32oi_1, 2 a41o_1, 3 a41oi_1, 157 and2_0, 23 and3_1, 23 and4_1, 31 clkinv_1, 2 conb_1, 356 dfxtp_1, 9 maj3_1, 104 mux2i_1, 52 nand2_1, 9 nand2b_1, 9 nand3_1, 1 nand3b_1, 7 nand4_1, 169 nor2_1, 8 nor2b_1, 61 nor3_1, 6 nor3b_1, 22 nor4_1, 1 o2111ai_1, 3 o211ai_1, 3 o21a_1, 66 o21ai_0, 5 o21bai_1, 6 o22ai_1, 4 o2bb2ai_1, 1 o31ai_1, 1 o41ai_1, 2 or2_0, 3 or3_1, 1 or3b_1, 4 or4_1, 18 xnor2_1, 6 xor2_1","3*8.76 + 2*8.76 + 49*7.51 + 3*7.51 + 72*5.0 + 1*8.76 + 1*8.76 + 17*7.51 + 3*8.76 + 1*8.76 + 6*6.26 + 1*10.01 + 1*8.76 + 2*10.01 + 3*8.76 + 157*6.26 + 23*6.26 + 23*8.76 + 31*3.75 + 2*3.75 + 356*20.02 + 9*10.01 + 104*10.01 + 52*3.75 + 9*6.26 + 9*5.0 + 1*7.51 + 7*6.26 + 169*3.75 + 8*6.26 + 61*5.0 + 6*7.51 + 22*6.26 + 1*8.76 + 3*7.51 + 3*7.51 + 66*5.0 + 5*7.51 + 6*6.26 + 4*8.76 + 1*7.51 + 1*8.76 + 2*6.26 + 3*6.26 + 1*8.76 + 4*7.51 + 18*8.76 + 6*8.76",13097.32,"0.38 + 0.37 + 0.39 + 0.22 + 0.12 + 0.27 + 0.24 + 0.15 + 0.08 + 2.31 + 1.4 + 0.06 + 0.23",6.22,"3*0.42 + 2*3.14 + 49*0.98 + 3*5.9 + 72*1.65 + 1*1.78 + 1*4.06 + 17*2.58 + 3*0.97 + 1*2.37 + 6*1.48 + 1*2.3 + 1*1.25 + 2*6.61 + 3*1.36 + 157*1.92 + 23*5.59 + 23*3.4 + 31*1.57 + 2*3.24 + 356*8.44 + 9*2.09 + 104*5.89 + 52*2.12 + 9*2.25 + 9*1.03 + 1*1.4 + 7*0.53 + 169*1.97 + 8*2.18 + 61*0.93 + 6*1.3 + 22*0.5 + 1*0.58 + 3*0.7 + 3*2.21 + 66*1.04 + 5*2.87 + 6*1.31 + 4*1.85 + 1*1.7 + 1*1.39 + 2*1.26 + 3*1.28 + 1*2.59 + 4*0.85 + 18*2.07 + 6*4.28",5232.85
"top_module","12 a21oi_1, 1 and3b_1, 4 mux2i_1, 13 nand2_1, 2 nor2_1, 1 nor3b_1, 8 o21ai_0, 1 or2_0, 2 or3b_1","12*5.0 + 1*8.76 + 4*10.01 + 13*3.75 + 2*3.75 + 1*7.51 + 8*5.0 + 1*6.26 + 2*8.76",236.34,"0.45 + 0.14 + 0.13 + 0.07 + 0.09",0.88,"12*1.65 + 1*7.06 + 4*5.89 + 13*2.12 + 2*1.97 + 1*1.3 + 8*1.04 + 1*1.26 + 2*2.59",97.98
"vendingMachine","3 a21oi_1, 1 a311oi_1, 2 a31oi_1, 1 a41oi_1, 1 and3b_1, 3 clkinv_1, 6 dfxtp_1, 6 nor2_1, 2 nor3_1, 1 o311a_1, 1 or2_0","3*5.0 + 1*8.76 + 2*6.26 + 1*8.76 + 1*8.76 + 3*3.75 + 6*20.02 + 6*3.75 + 2*5.0 + 1*10.01 + 1*6.26",233.94,"0.36 + 0.07 + 0.35 + 0.14",0.92,"3*1.65 + 1*0.97 + 2*1.48 + 1*1.36 + 1*7.06 + 3*1.57 + 6*8.44 + 6*1.97 + 2*0.93 + 1*3.77 + 1*1.26",91.36
"up_down_add_sub","1 a211o_1, 1 a211oi_1, 2 a21oi_1, 2 a31oi_1, 1 and2_0, 6 clkinv_1, 4 dfxtp_1, 4 maj3_1, 1 mux2_1, 1 mux2i_1, 11 nand2_1, 1 nand2b_1, 3 nand3_1, 9 nor2_1, 1 nor2b_1, 2 nor3_1, 1 o211ai_1, 1 o21a_1, 9 o21ai_0, 1 o22ai_1, 1 o32a_1, 9 xnor2_1, 5 xor2_1","1*8.76 + 1*7.51 + 2*5.0 + 2*6.26 + 1*6.26 + 6*3.75 + 4*20.02 + 4*10.01 + 1*11.26 + 1*10.01 + 11*3.75 + 1*6.26 + 3*5.0 + 9*3.75 + 1*6.26 + 2*5.0 + 1*7.51 + 1*7.51 + 9*5.0 + 1*6.26 + 1*10.01 + 9*8.76 + 5*8.76",520.39,"0.43 + 0.11 + 0.38 + 0.19 + 0.1 + 0.19 + 0.32 + 0.08",1.8,"1*3.14 + 1*0.98 + 2*1.65 + 2*1.48 + 1*1.92 + 6*1.57 + 4*8.44 + 4*2.09 + 1*4.03 + 1*5.89 + 11*2.12 + 1*2.25 + 3*1.03 + 9*1.97 + 1*2.18 + 2*0.93 + 1*0.7 + 1*2.21 + 9*1.04 + 1*1.31 + 1*1.66 + 9*2.07 + 5*4.28",179.46
"register","32 clkinv_1, 32 dfrtp_1, 32 mux2_1","32*3.75 + 32*25.02 + 32*11.26",1280.96,"0.33 + 0.27",0.6,"32*1.57 + 32*11.65 + 32*4.03",552.0
"mux_vector","4 mux2_1, 1 nor3b_1","4*11.26 + 1*7.51",52.55,"0.4 + 0.34",0.74,"4*4.03 + 1*1.3",17.42
"one_wire_interface","1 a21o_1, 1 a221oi_1, 12 a222oi_1, 2 a22oi_1, 3 and2_0, 2 and3b_1, 38 clkinv_1, 38 dfrtp_1, 1 dfstp_2, 3 dlxtp_1, 35 mux2_1, 13 nand2_1, 1 nand3b_1, 4 nor2_1, 2 nor2b_1, 1 nor3_1, 3 nor3b_1, 1 nor4b_1, 1 o31ai_1","1*7.51 + 1*8.76 + 12*10.01 + 2*7.51 + 3*6.26 + 2*8.76 + 38*3.75 + 38*25.02 + 1*26.28 + 3*15.01 + 35*11.26 + 13*3.75 + 1*7.51 + 4*3.75 + 2*6.26 + 1*5.0 + 3*7.51 + 1*8.76 + 1*7.51",1873.96,"0.35 + 0.28 + 0.04",0.67,"1*5.9 + 1*1.78 + 12*2.43 + 2*2.58 + 3*1.92 + 2*7.06 + 38*1.57 + 38*11.65 + 1*10.52 + 3*7.93 + 35*4.03 + 13*2.12 + 1*1.4 + 4*1.97 + 2*2.18 + 1*0.93 + 3*1.3 + 1*0.91 + 1*1.7",788.24
"sdi_interface_control","35 and2_0, 1 conb_1","35*6.26 + 1*3.75",222.85,"0.1",0.1,"35*1.92 + 1*3.24",70.44
"shift_comp","16 dfxtp_1, 16 mux2i_1, 16 nor2_1, 1 o21a_1","16*20.02 + 16*10.01 + 16*3.75 + 1*7.51",547.99,"0.29 + 0.12 + 0.04",0.45,"16*8.44 + 16*5.89 + 16*1.97 + 1*2.21",263.01
"four_bit_adder","1 and2_0, 4 clkinv_1, 4 dfrtp_1, 3 xor2_1, 1 xor3_1","1*6.26 + 4*3.75 + 4*25.02 + 3*8.76 + 1*23.77",171.39,"0.1",0.1,"1*1.92 + 4*1.57 + 4*11.65 + 3*4.28 + 1*15.22",82.86
"counter","1 a31oi_1, 1 and4_1, 1 clkinv_1, 8 dfxtp_1, 2 nand2_1, 1 nand3_1, 1 nand4_1, 2 nor2_1, 4 xnor2_1, 3 xor2_1","1*6.26 + 1*8.76 + 1*3.75 + 8*20.02 + 2*3.75 + 1*5.0 + 1*6.26 + 2*3.75 + 4*8.76 + 3*8.76",266.51,"0.34 + 0.27 + 0.15 + 0.13 + 0.13",1.02,"1*1.48 + 1*3.4 + 1*1.57 + 8*8.44 + 2*2.12 + 1*1.03 + 1*0.53 + 2*1.97 + 4*2.07 + 3*4.28",104.83
"mux4to1_en","4 and2_0, 4 mux4_2","4*6.26 + 4*22.52",115.12,"0.45 + 0.14",0.59,"4*1.92 + 4*6.37",33.16
"LUT_Z","5 a211oi_1, 1 a21boi_0, 1 a21o_1, 9 a21oi_1, 3 a31oi_1, 1 a41o_1, 1 and3_1, 1 buf_1, 3 clkinv_1, 1 conb_1, 27 dfxtp_1, 13 nand2_1, 3 nand2b_1, 4 nand3_1, 1 nand4_1, 12 nor2_1, 3 nor2b_1, 10 nor3_1, 1 nor4_1, 1 o21a_1, 23 o21ai_0, 2 o21bai_1, 1 o221ai_1, 1 o31a_1, 1 o31ai_1, 1 xnor2_1, 2 xor2_1","5*7.51 + 1*7.51 + 1*7.51 + 9*5.0 + 3*6.26 + 1*10.01 + 1*6.26 + 1*3.75 + 3*3.75 + 1*3.75 + 27*20.02 + 13*3.75 + 3*6.26 + 4*5.0 + 1*6.26 + 12*3.75 + 3*6.26 + 10*5.0 + 1*6.26 + 1*7.51 + 23*5.0 + 2*7.51 + 1*8.76 + 1*8.76 + 1*7.51 + 1*8.76 + 2*8.76",1094.58,"0.13 + 0.41 + 0.21 + 0.17",0.92,"5*0.98 + 1*2.48 + 1*5.9 + 9*1.65 + 3*1.48 + 1*6.61 + 1*5.59 + 1*1.18 + 3*1.57 + 1*3.24 + 27*8.44 + 13*2.12 + 3*2.25 + 4*1.03 + 1*0.53 + 12*1.97 + 3*2.18 + 10*0.93 + 1*0.5 + 1*2.21 + 23*1.04 + 2*2.87 + 1*1.09 + 1*2.07 + 1*1.7 + 1*2.07 + 2*4.28",408.08
"f1_TECH_AND18","1 xor2_1","1*8.76",8.76,"0.12",0.12,"1*4.28",4.28
"priority_encoder","1 and2_0","1*6.26",6.26,"0.1",0.1,"1*1.92",1.92
"constant_enable","1 clkinv_1, 1 dfrtp_1","1*3.75 + 1*25.02",28.77,"0.31",0.31,"1*1.57 + 1*11.65",13.22
"rising_edge_detector","64 dfxtp_1, 32 nor2b_1, 32 nor3b_1","64*20.02 + 32*6.26 + 32*7.51",1721.92,"0.27 + 0.15",0.42,"64*8.44 + 32*2.18 + 32*1.3",651.52
"stack_pointer","4 a21o_1, 11 a21oi_1, 10 a222oi_1, 6 a22oi_1, 1 a2bb2oi_1, 1 a31o_1, 7 a31oi_1, 3 and2_0, 3 clkinv_1, 75 dfxtp_1, 70 mux2_1, 1 mux2i_1, 10 nand2_1, 1 nand2b_1, 1 nand3b_1, 5 nor2_1, 2 nor2b_1, 3 nor3_1, 3 nor3b_1, 2 o211ai_1, 3 o21ai_0, 1 o311ai_0, 1 or3_1, 1 xor2_1","4*7.51 + 11*5.0 + 10*10.01 + 6*7.51 + 1*8.76 + 1*8.76 + 7*6.26 + 3*6.26 + 3*3.75 + 75*20.02 + 70*11.26 + 1*10.01 + 10*3.75 + 1*6.26 + 1*7.51 + 5*3.75 + 2*6.26 + 3*5.0 + 3*7.51 + 2*7.51 + 3*5.0 + 1*8.76 + 1*6.26 + 1*8.76",2795.15,"0.77 + 0.22 + 0.77 + 0.37",2.13,"4*5.9 + 11*1.65 + 10*2.43 + 6*2.58 + 1*3.38 + 1*2.37 + 7*1.48 + 3*1.92 + 3*1.57 + 75*8.44 + 70*4.03 + 1*5.89 + 10*2.12 + 1*2.25 + 1*1.4 + 5*1.97 + 2*2.18 + 3*0.93 + 3*1.3 + 2*0.7 + 3*1.04 + 1*0.64 + 1*1.28 + 1*4.28",1085.57
"rtc","4 a211o_1, 3 a211oi_1, 1 a21bo_1, 2 a21boi_0, 12 a21o_1, 166 a21oi_1, 1 a221o_1, 25 a221oi_1, 2 a222oi_1, 3 a22o_1, 16 a22oi_1, 5 a311oi_1, 14 a31oi_1, 1 a32oi_1, 20 and2_0, 24 and3_1, 6 and4_1, 3 and4b_1, 17 clkinv_1, 239 dfxtp_1, 31 maj3_1, 65 mux2_1, 6 mux2i_1, 191 nand2_1, 30 nand2b_1, 42 nand3_1, 1 nand3b_1, 13 nand4_1, 7 nand4b_1, 238 nor2_1, 23 nor2b_1, 58 nor3_1, 11 nor3b_1, 20 nor4_1, 4 nor4b_1, 2 nor4bb_1, 2 o2111ai_1, 3 o211ai_1, 16 o21a_1, 109 o21ai_0, 8 o21bai_1, 1 o221a_1, 14 o221ai_1, 1 o22a_1, 5 o22ai_1, 2 o311ai_0, 4 o31a_1, 2 o31ai_1, 3 o41ai_1, 13 or2_0, 6 or3_1, 3 or3b_1, 2 or4_1, 102 xnor2_1, 9 xnor3_1, 53 xor2_1, 8 xor3_1","4*8.76 + 3*7.51 + 1*10.01 + 2*7.51 + 12*7.51 + 166*5.0 + 1*10.01 + 25*8.76 + 2*10.01 + 3*8.76 + 16*7.51 + 5*8.76 + 14*6.26 + 1*8.76 + 20*6.26 + 24*6.26 + 6*8.76 + 3*10.01 + 17*3.75 + 239*20.02 + 31*10.01 + 65*11.26 + 6*10.01 + 191*3.75 + 30*6.26 + 42*5.0 + 1*7.51 + 13*6.26 + 7*8.76 + 238*3.75 + 23*6.26 + 58*5.0 + 11*7.51 + 20*6.26 + 4*8.76 + 2*10.01 + 2*8.76 + 3*7.51 + 16*7.51 + 109*5.0 + 8*7.51 + 1*11.26 + 14*8.76 + 1*8.76 + 5*6.26 + 2*8.76 + 4*8.76 + 2*7.51 + 3*8.76 + 13*6.26 + 6*6.26 + 3*8.76 + 2*7.51 + 102*8.76 + 9*22.52 + 53*8.76 + 8*23.77",13644.82,"0.62 + 0.44 + 0.4 + 0.37 + 0.2 + 0.16 + 0.13 + 0.08 + 0.38 + 0.21 + 0.35 + 0.26 + 0.13 + 0.25 + 0.17 + 0.11 + 0.09 + 0.07",4.42,"4*3.14 + 3*0.98 + 1*7.27 + 2*2.48 + 12*5.9 + 166*1.65 + 1*2.66 + 25*1.78 + 2*2.43 + 3*4.06 + 16*2.58 + 5*0.97 + 14*1.48 + 1*1.25 + 20*1.92 + 24*5.59 + 6*3.4 + 3*5.99 + 17*1.57 + 239*8.44 + 31*2.09 + 65*4.03 + 6*5.89 + 191*2.12 + 30*2.25 + 42*1.03 + 1*1.4 + 13*0.53 + 7*1.03 + 238*1.97 + 23*2.18 + 58*0.93 + 11*1.3 + 20*0.5 + 4*0.91 + 2*3.2 + 2*0.58 + 3*0.7 + 16*2.21 + 109*1.04 + 8*2.87 + 1*2.73 + 14*1.09 + 1*2.76 + 5*1.31 + 2*0.64 + 4*2.07 + 2*1.7 + 3*1.39 + 13*1.26 + 6*1.28 + 3*2.59 + 2*0.85 + 102*2.07 + 9*15.62 + 53*4.28 + 8*15.22",5213.27
"adder","3 maj3_1, 8 xnor2_1","3*10.01 + 8*8.76",100.11,"0.37 + 0.39 + 0.37 + 0.11",1.24,"3*2.09 + 8*2.07",22.83
"mux_2to1","1 mux2_1","1*11.26",11.26,"0.26",0.26,"1*4.03",4.03
"temperature_sensor","1 a211o_1, 2 a211oi_1, 1 a21bo_1, 2 a21boi_0, 7 a21o_1, 18 a21oi_1, 1 a221o_1, 1 a22o_1, 1 a2bb2oi_1, 2 a311o_1, 7 a31oi_1, 1 a32oi_1, 1 a41oi_1, 11 and2_0, 4 and3_1, 1 and4_1, 1 and4b_1, 14 clkinv_1, 18 dfxtp_1, 4 maj3_1, 1 mux2_1, 4 mux2i_1, 36 nand2_1, 7 nand2b_1, 12 nand3_1, 1 nand3b_1, 31 nor2_1, 15 nor2b_1, 12 nor3_1, 3 nor4_1, 1 o211a_1, 2 o211ai_1, 6 o21a_1, 25 o21ai_0, 1 o21ba_1, 1 o21bai_1, 2 o221ai_1, 1 o22a_1, 3 o22ai_1, 1 o311ai_0, 1 o31ai_1, 5 or2_0, 3 or3_1, 1 or4_1, 28 xnor2_1, 37 xor2_1","1*8.76 + 2*7.51 + 1*10.01 + 2*7.51 + 7*7.51 + 18*5.0 + 1*10.01 + 1*8.76 + 1*8.76 + 2*10.01 + 7*6.26 + 1*8.76 + 1*8.76 + 11*6.26 + 4*6.26 + 1*8.76 + 1*10.01 + 14*3.75 + 18*20.02 + 4*10.01 + 1*11.26 + 4*10.01 + 36*3.75 + 7*6.26 + 12*5.0 + 1*7.51 + 31*3.75 + 15*6.26 + 12*5.0 + 3*6.26 + 1*10.01 + 2*7.51 + 6*7.51 + 25*5.0 + 1*10.01 + 1*7.51 + 2*8.76 + 1*8.76 + 3*6.26 + 1*8.76 + 1*7.51 + 5*6.26 + 3*6.26 + 1*7.51 + 28*8.76 + 37*8.76",2353.33,"0.33 + 0.25 + 0.41 + 0.34 + 0.14 + 0.37 + 0.39 + 0.19 + 0.3 + 0.13 + 0.42 + 0.22 + 0.13 + 0.3 + 0.17 + 0.28 + 0.16 + 0.34 + 0.21 + 0.48 + 0.22 + 0.23 + 0.13 + 0.3 + 0.2 + 0.18 + 0.1 + 0.17 + 0.28 + 0.06",7.43,"1*3.14 + 2*0.98 + 1*7.27 + 2*2.48 + 7*5.9 + 18*1.65 + 1*2.66 + 1*4.06 + 1*3.38 + 2*1.57 + 7*1.48 + 1*1.25 + 1*1.36 + 11*1.92 + 4*5.59 + 1*3.4 + 1*5.99 + 14*1.57 + 18*8.44 + 4*2.09 + 1*4.03 + 4*5.89 + 36*2.12 + 7*2.25 + 12*1.03 + 1*1.4 + 31*1.97 + 15*2.18 + 12*0.93 + 3*0.5 + 1*10.66 + 2*0.7 + 6*2.21 + 25*1.04 + 1*7.27 + 1*2.87 + 2*1.09 + 1*2.76 + 3*1.31 + 1*0.64 + 1*1.7 + 5*1.26 + 3*1.28 + 1*0.85 + 28*2.07 + 37*4.28",889.5
"glitch_filter","30 a21oi_1, 2 a41oi_1, 17 and2_0, 11 and3_1, 17 and4_1, 1 clkinv_1, 65 dfxtp_1, 4 nand4_1, 36 nor2_1, 30 nor3_1, 14 nor4_1, 2 nor4b_1, 2 o21a_1, 30 o21ai_0","30*5.0 + 2*8.76 + 17*6.26 + 11*6.26 + 17*8.76 + 1*3.75 + 65*20.02 + 4*6.26 + 36*3.75 + 30*5.0 + 14*6.26 + 2*8.76 + 2*7.51 + 30*5.0",2376.99,"0.36 + 0.23 + 0.23 + 0.25 + 0.25 + 0.25 + 0.24 + 0.25 + 0.24 + 0.23 + 0.23 + 0.2 + 0.05",3.01,"30*1.65 + 2*1.36 + 17*1.92 + 11*5.59 + 17*3.4 + 1*1.57 + 65*8.44 + 4*0.53 + 36*1.97 + 30*0.93 + 14*0.5 + 2*0.91 + 2*2.21 + 30*1.04",899.7
"hpdmc_busif","1 and2_0, 1 clkinv_1, 1 dfxtp_1, 1 nor2_1, 1 o21ai_0","1*6.26 + 1*3.75 + 1*20.02 + 1*3.75 + 1*5.0",38.78,"0.3 + 0.05 + 0.12",0.47,"1*1.92 + 1*1.57 + 1*8.44 + 1*1.97 + 1*1.04",14.94
"Clock_SR","1 a22oi_1, 1 a31oi_1, 1 and4_1, 4 clkinv_1, 1 dfrtp_1, 2 dfstp_2, 3 mux2i_1, 19 mux4_2, 3 nand2_1, 2 nor2_1, 2 nor2b_1, 1 nor4b_1, 2 o21ai_0, 1 o22ai_1","1*7.51 + 1*6.26 + 1*8.76 + 4*3.75 + 1*25.02 + 2*26.28 + 3*10.01 + 19*22.52 + 3*3.75 + 2*3.75 + 2*6.26 + 1*8.76 + 2*5.0 + 1*6.26",629.31,"0.45 + 0.46 + 0.46 + 0.06",1.43,"1*2.58 + 1*1.48 + 1*3.4 + 4*1.57 + 1*11.65 + 2*10.52 + 3*5.89 + 19*6.37 + 3*2.12 + 2*1.97 + 2*2.18 + 1*0.91 + 2*1.04 + 1*1.31",204.09
"binary_counter","2 a21oi_1, 1 a41oi_1, 1 and3_1, 4 dfxtp_1, 1 nor2_1, 1 nor3_1, 1 o21a_1, 1 o21bai_1","2*5.0 + 1*8.76 + 1*6.26 + 4*20.02 + 1*3.75 + 1*5.0 + 1*7.51 + 1*7.51",128.87,"0.31 + 0.17 + 0.15",0.63,"2*1.65 + 1*1.36 + 1*5.59 + 4*8.44 + 1*1.97 + 1*0.93 + 1*2.21 + 1*2.87",51.99
"adder","1 maj3_1, 2 nand2_1, 1 nor2_1, 1 o21ai_0, 3 xnor2_1, 2 xor2_1","1*10.01 + 2*3.75 + 1*3.75 + 1*5.0 + 3*8.76 + 2*8.76",70.06,"0.07 + 0.13 + 0.33",0.53,"1*2.09 + 2*2.12 + 1*1.97 + 1*1.04 + 3*2.07 + 2*4.28",24.11
"clock_gate","1 and2_0, 1 dfxtp_1","1*6.26 + 1*20.02",26.28,"0.26",0.26,"1*1.92 + 1*8.44",10.36
"clk_test","4 a211oi_1, 24 a21oi_1, 4 a311oi_1, 4 a31oi_1, 1 a32oi_1, 1 a41oi_1, 7 and2_0, 7 and3_1, 7 and4_1, 1 and4b_1, 7 clkinv_1, 1 conb_1, 98 dfxtp_1, 31 mux2_1, 8 nand2_1, 8 nand4_1, 36 nor2_1, 1 nor2b_1, 32 nor3_1, 6 nor3b_1, 6 nor4_1, 1 nor4b_1, 1 o21a_1, 1 o21ai_0, 5 o21bai_1, 1 o32a_1, 6 xnor2_1, 3 xor2_1","4*7.51 + 24*5.0 + 4*8.76 + 4*6.26 + 1*8.76 + 1*8.76 + 7*6.26 + 7*6.26 + 7*8.76 + 1*10.01 + 7*3.75 + 1*3.75 + 98*20.02 + 31*11.26 + 8*3.75 + 8*6.26 + 36*3.75 + 1*6.26 + 32*5.0 + 6*7.51 + 6*6.26 + 1*8.76 + 1*7.51 + 1*5.0 + 5*7.51 + 1*10.01 + 6*8.76 + 3*8.76",3339.26,"0.33 + 0.1 + 0.17 + 0.15 + 0.04 + 5.35 + 0.53 + 0.05",6.72,"4*0.98 + 24*1.65 + 4*0.97 + 4*1.48 + 1*1.25 + 1*1.36 + 7*1.92 + 7*5.59 + 7*3.4 + 1*5.99 + 7*1.57 + 1*3.24 + 98*8.44 + 31*4.03 + 8*2.12 + 8*0.53 + 36*1.97 + 1*2.18 + 32*0.93 + 6*1.3 + 6*0.5 + 1*0.91 + 1*2.21 + 1*1.04 + 5*2.87 + 1*1.66 + 6*2.07 + 3*4.28",1284.86
"counter_2bit","1 clkinv_1, 2 dfrtp_1, 1 xor2_1","1*3.75 + 2*25.02 + 1*8.76",62.55,"0.36 + 0.14",0.5,"1*1.57 + 2*11.65 + 1*4.28",29.15
"sqrt2","5 a2111o_1, 35 a2111oi_0, 38 a211o_1, 72 a211oi_1, 3 a21bo_1, 35 a21boi_0, 85 a21o_1, 422 a21oi_1, 4 a221o_1, 16 a221oi_1, 1 a222oi_1, 6 a22o_1, 7 a22oi_1, 7 a2bb2oi_1, 12 a311o_1, 16 a311oi_1, 22 a31o_1, 91 a31oi_1, 5 a32o_1, 5 a32oi_1, 4 a41o_1, 9 a41oi_1, 59 and2_0, 51 and3_1, 1 and3b_1, 6 and4_1, 116 clkinv_1, 1 conb_1, 6 maj3_1, 4 mux2_1, 3 mux2i_1, 522 nand2_1, 46 nand2b_1, 133 nand3_1, 16 nand3b_1, 47 nand4_1, 9 nand4b_1, 4 nand4bb_1, 488 nor2_1, 22 nor2b_1, 165 nor3_1, 16 nor3b_1, 35 nor4_1, 11 nor4b_1, 6 nor4bb_1, 10 o2111a_1, 29 o2111ai_1, 23 o211a_1, 73 o211ai_1, 99 o21a_1, 384 o21ai_0, 7 o21ba_1, 25 o21bai_1, 3 o221a_1, 11 o221ai_1, 12 o22a_1, 27 o22ai_1, 1 o2bb2ai_1, 7 o311a_1, 19 o311ai_0, 23 o31a_1, 56 o31ai_1, 4 o32a_1, 6 o32ai_1, 10 o41a_1, 16 o41ai_1, 58 or2_0, 71 or3_1, 8 or3b_1, 5 or4_1, 6 or4b_1, 59 xnor2_1, 2 xor2_1","5*11.26 + 35*8.76 + 38*8.76 + 72*7.51 + 3*10.01 + 35*7.51 + 85*7.51 + 422*5.0 + 4*10.01 + 16*8.76 + 1*10.01 + 6*8.76 + 7*7.51 + 7*8.76 + 12*10.01 + 16*8.76 + 22*8.76 + 91*6.26 + 5*10.01 + 5*8.76 + 4*10.01 + 9*8.76 + 59*6.26 + 51*6.26 + 1*8.76 + 6*8.76 + 116*3.75 + 1*3.75 + 6*10.01 + 4*11.26 + 3*10.01 + 522*3.75 + 46*6.26 + 133*5.0 + 16*7.51 + 47*6.26 + 9*8.76 + 4*11.26 + 488*3.75 + 22*6.26 + 165*5.0 + 16*7.51 + 35*6.26 + 11*8.76 + 6*10.01 + 10*11.26 + 29*8.76 + 23*10.01 + 73*7.51 + 99*7.51 + 384*5.0 + 7*10.01 + 25*7.51 + 3*11.26 + 11*8.76 + 12*8.76 + 27*6.26 + 1*8.76 + 7*10.01 + 19*8.76 + 23*8.76 + 56*7.51 + 4*10.01 + 6*8.76 + 10*11.26 + 16*8.76 + 58*6.26 + 71*6.26 + 8*8.76 + 5*7.51 + 6*10.01 + 59*8.76 + 2*8.76",21123.65,"0.61 + 0.37 + 0.45 + 0.33 + 0.19 + 0.09 + 0.14 + 0.12 + 0.43 + 0.26 + 0.31 + 0.14 + 0.34 + 0.43 + 0.16 + 0.39 + 0.17 + 0.46 + 0.18 + 0.21 + 0.38 + 0.43 + 0.39 + 0.12 + 0.18 + 0.28 + 0.18 + 0.35 + 0.21 + 0.11 + 0.24 + 0.12 + 0.63 + 0.16 + 0.26 + 0.35 + 0.22 + 0.22 + 0.13 + 1.22 + 0.24 + 0.12 + 0.26 + 0.18 + 0.55 + 0.23 + 0.33 + 0.16 + 0.25 + 0.18 + 0.36 + 0.07 + 0.15 + 0.33 + 0.18 + 0.41 + 0.33 + 0.11 + 0.36 + 0.32 + 0.17 + 0.05 + 0.41 + 0.17 + 0.4 + 0.35 + 0.17 + 0.17 + 0.27 + 0.17 + 0.23 + 0.12 + 0.29 + 0.28 + 1.45 + 0.33 + 0.16 + 0.07 + 0.14 + 0.12 + 0.52 + 0.33 + 0.1 + 0.18 + 0.15 + 0.31 + 0.13 + 0.22 + 0.14 + 0.36 + 0.34 + 0.22 + 0.14 + 0.67 + 0.21 + 0.17 + 0.14 + 0.08 + 0.48 + 0.23 + 0.15 + 0.49 + 0.3 + 0.7 + 0.23 + 0.11 + 0.11 + 0.07 + 0.3 + 0.31 + 0.23 + 0.12 + 2.3 + 0.25 + 0.27 + 0.08 + 1.57 + 0.3 + 0.08 + 0.3 + 0.15 + 0.09 + 0.16 + 0.1 + 0.13 + 0.4 + 0.25 + 0.16 + 0.48 + 0.18 + 0.19 + 0.35 + 0.51 + 0.17 + 0.18 + 0.33 + 0.17 + 0.16 + 0.07 + 0.17 + 0.38 + 0.2 + 0.21 + 0.35 + 0.16 + 0.15 + 0.23 + 0.21 + 0.19 + 0.25 + 0.13 + 0.22 + 0.12 + 0.48 + 0.12 + 0.25 + 0.12 + 0.32 + 0.12 + 0.2 + 0.36 + 0.19 + 0.21 + 0.1 + 0.14 + 0.12 + 0.18 + 0.13 + 0.4 + 0.21 + 0.16 + 0.07 + 0.23 + 0.46 + 0.18 + 0.06 + 0.47 + 0.17 + 0.18 + 0.13 + 0.17 + 0.18 + 0.52 + 0.19 + 0.23 + 0.09 + 0.14 + 0.18 + 0.18 + 0.18 + 0.06 + 0.28 + 0.27 + 0.09 + 0.69 + 0.26 + 0.24 + 0.4 + 0.35 + 0.12 + 0.43 + 0.13 + 0.17 + 0.26 + 0.17 + 0.08 + 0.17 + 0.2 + 0.35 + 0.39 + 0.17 + 0.23 + 0.24 + 0.09 + 0.45 + 0.16 + 0.17 + 0.13 + 0.18 + 0.28 + 0.12 + 0.23 + 0.29 + 0.1 + 0.29 + 0.21 + 0.08 + 0.25 + 0.09 + 0.3 + 0.39 + 0.11 + 0.58 + 0.17 + 0.11 + 0.08 + 0.22 + 0.22 + 0.41 + 0.18 + 0.12 + 0.37 + 0.11 + 0.35 + 0.14 + 0.13 + 0.27 + 0.13 + 0.19 + 0.11 + 0.2 + 0.36 + 0.22 + 0.23 + 0.43 + 0.16 + 0.19 + 0.52 + 0.16 + 0.34 + 0.18 + 0.09 + 0.21 + 0.79 + 0.43 + 0.23 + 0.33 + 0.19 + 0.14 + 0.29 + 0.14 + 0.23 + 0.11 + 0.21 + 0.27 + 0.1 + 0.15 + 0.26 + 0.45 + 0.09 + 0.31 + 0.12 + 0.34 + 0.13 + 0.44 + 0.08 + 0.4 + 0.78 + 0.19 + 0.14 + 0.07 + 0.24 + 0.18 + 0.42 + 0.18 + 0.31 + 0.4 + 0.13 + 0.5 + 0.17 + 0.63 + 0.44 + 0.32 + 0.13 + 0.15 + 0.16 + 0.57 + 0.25 + 0.42 + 1.4 + 0.38 + 0.29 + 0.1 + 0.13 + 0.1 + 0.12 + 0.11 + 0.54 + 0.19 + 0.21 + 0.36 + 0.16 + 0.2 + 0.09 + 0.5 + 0.11 + 0.04 + 0.3 + 0.14 + 0.26 + 0.1 + 0.37 + 0.18 + 0.19 + 0.35 + 0.06 + 0.38 + 0.12 + 0.32 + 0.2 + 0.09 + 0.16 + 0.08 + 0.24 + 0.42 + 0.33 + 0.11 + 0.14 + 0.07 + 0.26 + 0.15 + 0.1 + 0.08 + 0.38 + 0.15 + 0.21 + 0.29 + 0.12 + 0.24 + 0.2 + 0.4 + 0.13 + 0.08 + 0.19 + 0.16 + 0.41 + 0.16 + 0.2 + 0.23 + 0.11 + 0.24 + 0.07 + 0.17 + 0.13 + 0.09 + 0.37 + 0.14 + 0.12 + 0.22 + 0.17 + 0.11 + 0.49 + 0.4 + 0.19 + 0.1 + 0.37 + 0.19 + 0.16 + 0.13 + 0.27 + 0.1 + 0.12 + 0.22 + 0.18 + 0.16 + 0.21 + 0.14 + 0.08 + 0.16 + 0.11 + 0.37 + 0.24 + 0.11 + 0.24 + 0.17 + 0.07 + 0.26 + 0.45 + 0.22 + 0.35 + 0.19 + 0.07 + 0.18 + 0.12 + 0.24 + 0.2 + 0.38 + 0.18 + 0.23 + 0.32 + 0.14 + 0.37 + 0.46 + 0.26 + 0.2 + 0.07 + 0.32 + 0.46 + 0.3 + 0.14 + 0.27 + 0.12 + 0.2 + 0.1 + 0.37 + 0.17 + 0.27 + 0.11 + 0.14 + 0.08 + 0.26 + 0.14 + 0.52 + 0.15 + 0.19 + 0.3 + 0.14 + 0.22 + 0.15 + 0.21 + 0.47 + 0.2 + 0.25 + 0.15 + 0.21 + 0.08 + 0.45 + 0.08 + 0.17 + 0.14 + 0.51 + 0.23 + 0.22 + 0.27 + 0.1 + 0.15 + 0.22 + 0.12 + 0.54 + 0.16 + 0.17 + 0.11 + 0.2 + 0.32 + 0.23 + 0.12 + 0.31 + 0.33 + 0.17 + 0.07 + 0.11 + 0.23 + 0.34 + 0.26 + 0.22 + 0.18 + 0.12 + 0.21 + 0.12 + 0.18 + 0.57 + 0.2 + 0.16 + 0.23 + 0.13 + 0.08 + 0.24 + 0.14 + 0.19 + 0.21 + 0.51 + 0.23 + 0.4 + 0.16 + 0.08 + 0.22 + 0.34 + 0.09 + 0.12 + 0.05 + 0.65 + 0.18 + 0.29 + 0.13 + 0.16 + 0.15 + 0.13 + 0.12 + 0.28 + 0.66 + 0.19 + 0.3 + 0.19 + 0.22 + 0.1 + 0.33 + 0.21 + 0.11 + 0.3 + 0.21 + 0.13 + 0.38 + 0.36 + 0.13 + 0.33 + 0.12 + 0.18 + 0.17 + 0.12 + 0.11 + 0.14 + 0.4 + 0.13 + 0.21 + 0.11 + 0.22 + 0.15 + 0.08 + 0.39 + 0.12 + 0.44 + 0.2 + 0.32 + 0.39 + 0.14 + 0.22 + 0.2 + 0.4 + 0.1 + 0.26 + 0.2 + 0.11 + 0.13 + 0.1 + 0.18 + 0.35 + 0.25 + 0.25 + 0.13 + 0.09 + 0.17 + 0.14 + 0.1 + 0.14 + 0.16 + 0.08 + 0.29 + 0.19 + 0.09 + 0.25 + 0.27 + 0.11 + 0.14 + 0.11 + 0.18 + 0.09 + 0.11 + 0.16 + 0.26 + 0.12",141.37,"5*1.68 + 35*0.42 + 38*3.14 + 72*0.98 + 3*7.27 + 35*2.48 + 85*5.9 + 422*1.65 + 4*2.66 + 16*1.78 + 1*2.43 + 6*4.06 + 7*2.58 + 7*3.38 + 12*1.57 + 16*0.97 + 22*2.37 + 91*1.48 + 5*2.3 + 5*1.25 + 4*6.61 + 9*1.36 + 59*1.92 + 51*5.59 + 1*7.06 + 6*3.4 + 116*1.57 + 1*3.24 + 6*2.09 + 4*4.03 + 3*5.89 + 522*2.12 + 46*2.25 + 133*1.03 + 16*1.4 + 47*0.53 + 9*1.03 + 4*1.9 + 488*1.97 + 22*2.18 + 165*0.93 + 16*1.3 + 35*0.5 + 11*0.91 + 6*3.2 + 10*3.75 + 29*0.58 + 23*10.66 + 73*0.7 + 99*2.21 + 384*1.04 + 7*7.27 + 25*2.87 + 3*2.73 + 11*1.09 + 12*2.76 + 27*1.31 + 1*1.85 + 7*3.77 + 19*0.64 + 23*2.07 + 56*1.7 + 4*1.66 + 6*1.09 + 10*1.37 + 16*1.39 + 58*1.26 + 71*1.28 + 8*2.59 + 5*0.85 + 6*2.14 + 59*2.07 + 2*4.28",6948.59
"FirstStage","1 a211oi_1, 1 a21boi_0, 4 a21o_1, 15 a21oi_1, 1 a221oi_1, 6 a22o_1, 3 a31o_1, 20 and2_0, 5 and3_1, 1 and4b_1, 19 clkinv_1, 14 dfrtp_1, 1 dfstp_2, 4 maj3_1, 1 mux2_1, 2 mux2i_1, 9 nand2_1, 4 nand2b_1, 1 nand3_1, 1 nand4b_1, 9 nor2_1, 2 nor2b_1, 7 nor3_1, 1 nor3b_1, 1 nor4_1, 1 nor4b_1, 1 o21a_1, 16 o21ai_0, 1 o31ai_1, 1 o41a_1, 1 o41ai_1, 5 or2_0, 1 or3_1, 1 or4_1, 6 xnor2_1, 4 xor2_1","1*7.51 + 1*7.51 + 4*7.51 + 15*5.0 + 1*8.76 + 6*8.76 + 3*8.76 + 20*6.26 + 5*6.26 + 1*10.01 + 19*3.75 + 14*25.02 + 1*26.28 + 4*10.01 + 1*11.26 + 2*10.01 + 9*3.75 + 4*6.26 + 1*5.0 + 1*8.76 + 9*3.75 + 2*6.26 + 7*5.0 + 1*7.51 + 1*6.26 + 1*8.76 + 1*7.51 + 16*5.0 + 1*7.51 + 1*11.26 + 1*8.76 + 5*6.26 + 1*6.26 + 1*7.51 + 6*8.76 + 4*8.76",1317.36,"0.17 + 0.13 + 0.37 + 0.36 + 0.36 + 0.47 + 0.17 + 0.2",2.23,"1*0.98 + 1*2.48 + 4*5.9 + 15*1.65 + 1*1.78 + 6*4.06 + 3*2.37 + 20*1.92 + 5*5.59 + 1*5.99 + 19*1.57 + 14*11.65 + 1*10.52 + 4*2.09 + 1*4.03 + 2*5.89 + 9*2.12 + 4*2.25 + 1*1.03 + 1*1.03 + 9*1.97 + 2*2.18 + 7*0.93 + 1*1.3 + 1*0.5 + 1*0.91 + 1*2.21 + 16*1.04 + 1*1.7 + 1*1.37 + 1*1.39 + 5*1.26 + 1*1.28 + 1*0.85 + 6*2.07 + 4*4.28",507.75
"binary_counter","1 a22oi_1, 1 nand2_1, 1 o22ai_1, 2 xnor2_1, 1 xor2_1","1*7.51 + 1*3.75 + 1*6.26 + 2*8.76 + 1*8.76",43.8,"0.15 + 0.11",0.26,"1*2.58 + 1*2.12 + 1*1.31 + 2*2.07 + 1*4.28",14.43
"top_module","1 a211oi_1, 4 a21oi_1, 1 a22o_1, 1 a22oi_1, 1 a2bb2oi_1, 2 a31oi_1, 1 and2_0, 1 mux2_1, 1 mux2i_1, 4 nand2_1, 2 nand2b_1, 6 nor2_1, 4 nor2b_1, 3 o21ai_0, 1 o21bai_1, 1 o311ai_0, 1 o31ai_1, 1 or2_0, 1 or3_1, 1 or4b_1","1*7.51 + 4*5.0 + 1*8.76 + 1*7.51 + 1*8.76 + 2*6.26 + 1*6.26 + 1*11.26 + 1*10.01 + 4*3.75 + 2*6.26 + 6*3.75 + 4*6.26 + 3*5.0 + 1*7.51 + 1*8.76 + 1*7.51 + 1*6.26 + 1*6.26 + 1*10.01",228.96,"0.08 + 0.17 + 0.43 + 0.2 + 0.48 + 0.05",1.41,"1*0.98 + 4*1.65 + 1*4.06 + 1*2.58 + 1*3.38 + 2*1.48 + 1*1.92 + 1*4.03 + 1*5.89 + 4*2.12 + 2*2.25 + 6*1.97 + 4*2.18 + 3*1.04 + 1*2.87 + 1*0.64 + 1*1.7 + 1*1.26 + 1*1.28 + 1*2.14",78.93
"alu","1 a21o_1, 11 a21oi_1, 1 a311oi_1, 3 a31oi_1, 1 and3_1, 4 clkinv_1, 6 maj3_1, 6 nand2_1, 1 nand2b_1, 4 nand3_1, 1 nand4_1, 10 nor2_1, 32 nor2b_1, 7 nor3_1, 1 nor4_1, 2 o211ai_1, 1 o21a_1, 4 o21ai_0, 1 o221ai_1, 1 o22ai_1, 2 or2_0, 1 or3_1, 4 or4_1, 57 xnor2_1, 15 xor2_1","1*7.51 + 11*5.0 + 1*8.76 + 3*6.26 + 1*6.26 + 4*3.75 + 6*10.01 + 6*3.75 + 1*6.26 + 4*5.0 + 1*6.26 + 10*3.75 + 32*6.26 + 7*5.0 + 1*6.26 + 2*7.51 + 1*7.51 + 4*5.0 + 1*8.76 + 1*6.26 + 2*6.26 + 1*6.26 + 4*7.51 + 57*8.76 + 15*8.76",1242.56,"0.11 + 0.13 + 0.21 + 0.13 + 0.39 + 0.39 + 0.39 + 0.39 + 0.39 + 0.4 + 0.29 + 0.17 + 0.13 + 0.13 + 0.08 + 0.13 + 0.45 + 0.09",4.4,"1*5.9 + 11*1.65 + 1*0.97 + 3*1.48 + 1*5.59 + 4*1.57 + 6*2.09 + 6*2.12 + 1*2.25 + 4*1.03 + 1*0.53 + 10*1.97 + 32*2.18 + 7*0.93 + 1*0.5 + 2*0.7 + 1*2.21 + 4*1.04 + 1*1.09 + 1*1.31 + 2*1.26 + 1*1.28 + 4*0.85 + 57*2.07 + 15*4.28",369.52
"dmi_jtag_to_core_sync","1 a21o_1, 1 clkinv_1, 6 dfrtp_1, 1 nor2b_1","1*7.51 + 1*3.75 + 6*25.02 + 1*6.26",167.64,"0.34 + 0.12 + 0.12",0.58,"1*5.9 + 1*1.57 + 6*11.65 + 1*2.18",79.55
"top_module","1 a21oi_1, 1 dfxtp_1, 1 nor2b_1, 1 o21ai_0","1*5.0 + 1*20.02 + 1*6.26 + 1*5.0",36.28,"0.28 + 0.06 + 0.07",0.41,"1*1.65 + 1*8.44 + 1*2.18 + 1*1.04",13.31
"cf_muls","1 a211oi_1, 7 a21o_1, 33 a21oi_1, 4 a221o_1, 11 a221oi_1, 78 a222oi_1, 17 a22o_1, 11 a22oi_1, 1 a311o_1, 4 a311oi_1, 1 a31o_1, 1 a31oi_1, 46 and2_0, 12 and3_1, 4 clkinv_1, 455 dfxtp_1, 23 maj3_1, 250 nand2_1, 13 nand2b_1, 12 nand3_1, 93 nor2_1, 25 nor2b_1, 9 nor3_1, 6 nor3b_1, 4 nor4_1, 1 o211ai_1, 2 o21a_1, 86 o21ai_0, 2 o22a_1, 4 o22ai_1, 4 o311a_1, 6 o311ai_0, 2 o31a_1, 26 o31ai_1, 7 o41ai_1, 14 or2_0, 3 or3_1, 4 or4_1, 204 xnor2_1, 68 xor2_1","1*7.51 + 7*7.51 + 33*5.0 + 4*10.01 + 11*8.76 + 78*10.01 + 17*8.76 + 11*7.51 + 1*10.01 + 4*8.76 + 1*8.76 + 1*6.26 + 46*6.26 + 12*6.26 + 4*3.75 + 455*20.02 + 23*10.01 + 250*3.75 + 13*6.26 + 12*5.0 + 93*3.75 + 25*6.26 + 9*5.0 + 6*7.51 + 4*6.26 + 1*7.51 + 2*7.51 + 86*5.0 + 2*8.76 + 4*6.26 + 4*10.01 + 6*8.76 + 2*8.76 + 26*7.51 + 7*8.76 + 14*6.26 + 3*6.26 + 4*7.51 + 204*8.76 + 68*8.76",16231.47,"0.29 + 0.16 + 0.08 + 0.31 + 0.14 + 0.4 + 0.3 + 0.17 + 0.42 + 0.18 + 0.43 + 0.21 + 0.15 + 0.09 + 0.39 + 0.39 + 0.37 + 0.13",4.61,"1*0.98 + 7*5.9 + 33*1.65 + 4*2.66 + 11*1.78 + 78*2.43 + 17*4.06 + 11*2.58 + 1*1.57 + 4*0.97 + 1*2.37 + 1*1.48 + 46*1.92 + 12*5.59 + 4*1.57 + 455*8.44 + 23*2.09 + 250*2.12 + 13*2.25 + 12*1.03 + 93*1.97 + 25*2.18 + 9*0.93 + 6*1.3 + 4*0.5 + 1*0.7 + 2*2.21 + 86*1.04 + 2*2.76 + 4*1.31 + 4*3.77 + 6*0.64 + 2*2.07 + 26*1.7 + 7*1.39 + 14*1.26 + 3*1.28 + 4*0.85 + 204*2.07 + 68*4.28",6221.14
"SingleCounter","2 a2111oi_0, 1 a211o_1, 7 a211oi_1, 1 a21bo_1, 3 a21o_1, 25 a21oi_1, 4 a221o_1, 24 a221oi_1, 1 a222oi_1, 15 a22o_1, 51 a22oi_1, 2 a2bb2oi_1, 3 a311oi_1, 12 a31o_1, 4 a31oi_1, 2 a32o_1, 17 and2_0, 9 and3_1, 44 clkinv_1, 67 dfxtp_1, 65 maj3_1, 11 mux2i_1, 61 nand2_1, 11 nand2b_1, 20 nand3_1, 55 nor2_1, 29 nor2b_1, 9 nor3_1, 1 nor3b_1, 3 nor4_1, 1 o2111ai_1, 2 o211a_1, 2 o211ai_1, 72 o21ai_0, 2 o21bai_1, 1 o221a_1, 2 o221ai_1, 10 o22ai_1, 4 o311ai_0, 1 o31a_1, 22 o31ai_1, 1 o32ai_1, 4 or2_0, 2 or3_1, 110 xnor2_1, 3 xnor3_1, 63 xor2_1","2*8.76 + 1*8.76 + 7*7.51 + 1*10.01 + 3*7.51 + 25*5.0 + 4*10.01 + 24*8.76 + 1*10.01 + 15*8.76 + 51*7.51 + 2*8.76 + 3*8.76 + 12*8.76 + 4*6.26 + 2*10.01 + 17*6.26 + 9*6.26 + 44*3.75 + 67*20.02 + 65*10.01 + 11*10.01 + 61*3.75 + 11*6.26 + 20*5.0 + 55*3.75 + 29*6.26 + 9*5.0 + 1*7.51 + 3*6.26 + 1*8.76 + 2*10.01 + 2*7.51 + 72*5.0 + 2*7.51 + 1*11.26 + 2*8.76 + 10*6.26 + 4*8.76 + 1*8.76 + 22*7.51 + 1*8.76 + 4*6.26 + 2*6.26 + 110*8.76 + 3*22.52 + 63*8.76",6840.2,"0.31 + 0.37 + 0.16 + 0.38 + 0.39 + 0.39 + 0.39 + 0.39 + 0.39 + 0.39 + 0.39 + 0.39 + 0.39 + 0.39 + 0.4 + 0.3 + 0.13 + 0.39 + 0.39 + 0.39 + 0.39 + 0.4 + 0.29 + 0.13 + 0.39 + 0.39 + 0.39 + 0.39 + 0.39 + 0.37 + 0.17 + 1.39 + 0.17 + 0.34",12.72,"2*0.42 + 1*3.14 + 7*0.98 + 1*7.27 + 3*5.9 + 25*1.65 + 4*2.66 + 24*1.78 + 1*2.43 + 15*4.06 + 51*2.58 + 2*3.38 + 3*0.97 + 12*2.37 + 4*1.48 + 2*2.3 + 17*1.92 + 9*5.59 + 44*1.57 + 67*8.44 + 65*2.09 + 11*5.89 + 61*2.12 + 11*2.25 + 20*1.03 + 55*1.97 + 29*2.18 + 9*0.93 + 1*1.3 + 3*0.5 + 1*0.58 + 2*10.66 + 2*0.7 + 72*1.04 + 2*2.87 + 1*2.73 + 2*1.09 + 10*1.31 + 4*0.64 + 1*2.07 + 22*1.7 + 1*1.09 + 4*1.26 + 2*1.28 + 110*2.07 + 3*15.62 + 63*4.28",2366.37
"four_bit_adder","4 maj3_1, 6 xnor2_1, 1 xor3_1","4*10.01 + 6*8.76 + 1*23.77",116.37,"0.37 + 0.39 + 0.39 + 0.33",1.48,"4*2.09 + 6*2.07 + 1*15.22",36.0
"dual_edge_triggered_flip_flop","2 dfxtp_1","2*20.02",40.04,"0.27",0.27,"2*8.44",16.88
"Multiplexer_AC__parameterized50","1 mux2_1","1*11.26",11.26,"0.26",0.26,"1*4.03",4.03
"decoder_4to16","11 nand2_1, 4 nand2b_1, 6 o21ai_0, 1 o22ai_1","11*3.75 + 4*6.26 + 6*5.0 + 1*6.26",102.55,"0.15 + 0.06",0.21,"11*2.12 + 4*2.25 + 6*1.04 + 1*1.31",39.87
"mux4_2","1 mux4_2","1*22.52",22.52,"0.43",0.43,"1*6.37",6.37
"adder","2 a21oi_1, 1 a22oi_1, 1 clkinv_1, 2 maj3_1, 3 mux2_1, 9 nand2_1, 1 nand2b_1, 4 nor2_1, 2 nor2b_1, 2 nor3_1, 1 o21ai_0, 1 o22ai_1, 3 or2_0, 1 or3_1, 10 xnor2_1, 4 xor2_1","2*5.0 + 1*7.51 + 1*3.75 + 2*10.01 + 3*11.26 + 9*3.75 + 1*6.26 + 4*3.75 + 2*6.26 + 2*5.0 + 1*5.0 + 1*6.26 + 3*6.26 + 1*6.26 + 10*8.76 + 4*8.76",311.53,"0.24 + 0.17 + 0.4 + 0.34 + 0.12 + 0.14 + 0.23 + 0.32",1.96,"2*1.65 + 1*2.58 + 1*1.57 + 2*2.09 + 3*4.03 + 9*2.12 + 1*2.25 + 4*1.97 + 2*2.18 + 2*0.93 + 1*1.04 + 1*1.31 + 3*1.26 + 1*1.28 + 10*2.07 + 4*4.28",104.38
"tx_fct_send","1 a2111oi_0, 1 a211oi_1, 8 a21oi_1, 1 a311oi_1, 2 a31oi_1, 1 a41oi_1, 4 clkinv_1, 12 dfrtp_1, 2 dfstp_2, 2 mux2_1, 6 nand2_1, 2 nand3_1, 5 nor2_1, 4 nor2b_1, 1 nor3_1, 1 o21a_1, 6 o21ai_0, 1 o31ai_1, 2 or3_1","1*8.76 + 1*7.51 + 8*5.0 + 1*8.76 + 2*6.26 + 1*8.76 + 4*3.75 + 12*25.02 + 2*26.28 + 2*11.26 + 6*3.75 + 2*5.0 + 5*3.75 + 4*6.26 + 1*5.0 + 1*7.51 + 6*5.0 + 1*7.51 + 2*6.26",615.46,"0.4 + 0.15 + 0.84 + 0.38",1.77,"1*0.42 + 1*0.98 + 8*1.65 + 1*0.97 + 2*1.48 + 1*1.36 + 4*1.57 + 12*11.65 + 2*10.52 + 2*4.03 + 6*2.12 + 2*1.03 + 5*1.97 + 4*2.18 + 1*0.93 + 1*2.21 + 6*1.04 + 1*1.7 + 2*1.28",242.06
"counter_mod","1 a211oi_1, 9 a21oi_1, 1 a221o_1, 7 a311oi_1, 1 a31oi_1, 1 a41o_1, 4 and2_0, 3 and3_1, 4 and4_1, 7 clkinv_1, 16 dfxtp_1, 3 nand2_1, 1 nand2b_1, 2 nand3_1, 1 nand4_1, 1 nand4b_1, 27 nor2_1, 1 nor2b_1, 11 nor3_1, 3 nor4_1, 7 o211ai_1, 2 o21a_1, 14 o21ai_0, 5 o221ai_1, 6 o311a_1, 1 o311ai_0, 1 o31a_1, 1 o31ai_1, 1 o41a_1, 1 o41ai_1, 1 or2_0, 2 or3_1, 1 or4_1, 12 xnor2_1, 10 xor2_1","1*7.51 + 9*5.0 + 1*10.01 + 7*8.76 + 1*6.26 + 1*10.01 + 4*6.26 + 3*6.26 + 4*8.76 + 7*3.75 + 16*20.02 + 3*3.75 + 1*6.26 + 2*5.0 + 1*6.26 + 1*8.76 + 27*3.75 + 1*6.26 + 11*5.0 + 3*6.26 + 7*7.51 + 2*7.51 + 14*5.0 + 5*8.76 + 6*10.01 + 1*8.76 + 1*8.76 + 1*7.51 + 1*11.26 + 1*8.76 + 1*6.26 + 2*6.26 + 1*7.51 + 12*8.76 + 10*8.76",1294.87,"0.32 + 0.61 + 0.56 + 0.36 + 0.57 + 0.17 + 0.08 + 0.22",2.89,"1*0.98 + 9*1.65 + 1*2.66 + 7*0.97 + 1*1.48 + 1*6.61 + 4*1.92 + 3*5.59 + 4*3.4 + 7*1.57 + 16*8.44 + 3*2.12 + 1*2.25 + 2*1.03 + 1*0.53 + 1*1.03 + 27*1.97 + 1*2.18 + 11*0.93 + 3*0.5 + 7*0.7 + 2*2.21 + 14*1.04 + 5*1.09 + 6*3.77 + 1*0.64 + 1*2.07 + 1*1.7 + 1*1.37 + 1*1.39 + 1*1.26 + 2*1.28 + 1*0.85 + 12*2.07 + 10*4.28",428.21
"i2s_tx","2 a211oi_1, 36 a21oi_1, 1 a22oi_1, 15 a311oi_1, 1 and2_0, 1 clkinv_1, 58 dfxtp_1, 2 mux2i_1, 85 nand2_1, 15 nand2b_1, 23 nor2_1, 2 nor2b_1, 4 nor3_1, 1 nor3b_1, 1 nor4_1, 2 nor4bb_1, 15 o211ai_1, 1 o21a_1, 3 o21ai_0, 1 o31a_1, 1 or2_0, 1 or4_1, 1 xnor2_1, 1 xor2_1","2*7.51 + 36*5.0 + 1*7.51 + 15*8.76 + 1*6.26 + 1*3.75 + 58*20.02 + 2*10.01 + 85*3.75 + 15*6.26 + 23*3.75 + 2*6.26 + 4*5.0 + 1*7.51 + 1*6.26 + 2*10.01 + 15*7.51 + 1*7.51 + 3*5.0 + 1*8.76 + 1*6.26 + 1*7.51 + 1*8.76 + 1*8.76",2265.54,"0.31 + 0.51 + 1.7 + 0.25 + 0.28",3.05,"2*0.98 + 36*1.65 + 1*2.58 + 15*0.97 + 1*1.92 + 1*1.57 + 58*8.44 + 2*5.89 + 85*2.12 + 15*2.25 + 23*1.97 + 2*2.18 + 4*0.93 + 1*1.3 + 1*0.5 + 2*3.2 + 15*0.7 + 1*2.21 + 3*1.04 + 1*2.07 + 1*1.26 + 1*0.85 + 1*2.07 + 1*4.28",885.18
"jt51_exp2lin","11 a222oi_1, 1 a22o_1, 13 a22oi_1, 1 and2_0, 1 and3_1, 3 and3b_1, 1 clkinv_1, 1 mux2_1, 8 nand2_1, 7 nand3_1, 3 nor3b_1, 2 o21ai_0, 1 o31a_1, 1 or2_0","11*10.01 + 1*8.76 + 13*7.51 + 1*6.26 + 1*6.26 + 3*8.76 + 1*3.75 + 1*11.26 + 8*3.75 + 7*5.0 + 3*7.51 + 2*5.0 + 1*8.76 + 1*6.26",382.86,"0.64 + 0.24 + 0.1",0.98,"11*2.43 + 1*4.06 + 13*2.58 + 1*1.92 + 1*5.59 + 3*7.06 + 1*1.57 + 1*4.03 + 8*2.12 + 7*1.03 + 3*1.3 + 2*1.04 + 1*2.07 + 1*1.26",132.1
"add16","1 a21oi_1, 1 a221oi_1, 1 a22oi_1, 15 clkinv_1, 1 conb_1, 16 dfxtp_1, 25 maj3_1, 15 nand2_1, 14 nand2b_1, 2 nor2_1, 1 o21a_1, 16 o21ai_0, 1 o22ai_1, 1 or2_0, 1 or3_1, 17 xnor2_1, 13 xnor3_1, 15 xor2_1","1*5.0 + 1*8.76 + 1*7.51 + 15*3.75 + 1*3.75 + 16*20.02 + 25*10.01 + 15*3.75 + 14*6.26 + 2*3.75 + 1*7.51 + 16*5.0 + 1*6.26 + 1*6.26 + 1*6.26 + 17*8.76 + 13*22.52 + 15*8.76",1482.6,"0.18 + 0.21 + 0.14 + 0.4 + 0.39 + 0.39 + 0.39 + 0.39 + 0.39 + 0.39 + 0.39 + 0.39 + 0.39 + 0.39 + 0.16 + 0.39 + 0.34 + 0.3 + 0.21",6.23,"1*1.65 + 1*1.78 + 1*2.58 + 15*1.57 + 1*3.24 + 16*8.44 + 25*2.09 + 15*2.12 + 14*2.25 + 2*1.97 + 1*2.21 + 16*1.04 + 1*1.31 + 1*1.26 + 1*1.28 + 17*2.07 + 13*15.62 + 15*4.28",612.48
"four_digit_seven_seg","1 a211oi_1, 1 a21oi_1, 1 a221o_1, 5 a31oi_1, 2 and2_0, 3 and4_1, 7 clkinv_1, 18 dfxtp_1, 11 nand2_1, 4 nand2b_1, 4 nand3_1, 2 nand4_1, 11 nor2_1, 1 nor3b_1, 2 o211ai_1, 6 o21ai_0, 1 o221a_1, 1 o221ai_1, 6 o22ai_1, 1 o31ai_1, 1 or2_0, 1 or3_1, 9 xnor2_1, 6 xor2_1","1*7.51 + 1*5.0 + 1*10.01 + 5*6.26 + 2*6.26 + 3*8.76 + 7*3.75 + 18*20.02 + 11*3.75 + 4*6.26 + 4*5.0 + 2*6.26 + 11*3.75 + 1*7.51 + 2*7.51 + 6*5.0 + 1*11.26 + 1*8.76 + 6*6.26 + 1*7.51 + 1*6.26 + 1*6.26 + 9*8.76 + 6*8.76",880.83,"0.36 + 0.27 + 0.15 + 0.21 + 0.3 + 0.29 + 0.13 + 0.14",1.85,"1*0.98 + 1*1.65 + 1*2.66 + 5*1.48 + 2*1.92 + 3*3.4 + 7*1.57 + 18*8.44 + 11*2.12 + 4*2.25 + 4*1.03 + 2*0.53 + 11*1.97 + 1*1.3 + 2*0.7 + 6*1.04 + 1*2.73 + 1*1.09 + 6*1.31 + 1*1.7 + 1*1.26 + 1*1.28 + 9*2.07 + 6*4.28",317.98
"RegisterAdd","1 a2111oi_0, 3 a211oi_1, 2 a21o_1, 32 a21oi_1, 1 a22o_1, 3 a311oi_1, 1 a31oi_1, 19 and2_0, 1 and3_1, 36 clkinv_1, 32 dfrtp_1, 2 maj3_1, 29 nand2_1, 2 nand3_1, 62 nor2_1, 1 nor3_1, 3 o21ai_0, 1 o22a_1, 2 o2bb2ai_1, 4 o311ai_0, 1 o31a_1, 4 o31ai_1, 5 or2_0, 28 xnor2_1, 13 xor2_1","1*8.76 + 3*7.51 + 2*7.51 + 32*5.0 + 1*8.76 + 3*8.76 + 1*6.26 + 19*6.26 + 1*6.26 + 36*3.75 + 32*25.02 + 2*10.01 + 29*3.75 + 2*5.0 + 62*3.75 + 1*5.0 + 3*5.0 + 1*8.76 + 2*8.76 + 4*8.76 + 1*8.76 + 4*7.51 + 5*6.26 + 28*8.76 + 13*8.76",2190.3,"0.37 + 0.15 + 0.29 + 0.14 + 0.32 + 0.29 + 0.09 + 0.4 + 0.17 + 0.34 + 0.16 + 0.32 + 0.29 + 0.1 + 0.33 + 0.15 + 0.44 + 0.2 + 0.49 + 0.19 + 0.23 + 0.14 + 0.06 + 0.12",5.78,"1*0.42 + 3*0.98 + 2*5.9 + 32*1.65 + 1*4.06 + 3*0.97 + 1*1.48 + 19*1.92 + 1*5.59 + 36*1.57 + 32*11.65 + 2*2.09 + 29*2.12 + 2*1.03 + 62*1.97 + 1*0.93 + 3*1.04 + 1*2.76 + 2*1.85 + 4*0.64 + 1*2.07 + 4*1.7 + 5*1.26 + 28*2.07 + 13*4.28",879.5
"hpdmc_busif","1 and2_0, 1 clkinv_1, 1 dfxtp_1, 1 nor2_1, 1 o21ai_0","1*6.26 + 1*3.75 + 1*20.02 + 1*3.75 + 1*5.0",38.78,"0.3 + 0.05 + 0.12",0.47,"1*1.92 + 1*1.57 + 1*8.44 + 1*1.97 + 1*1.04",14.94
"binary_multiplier","1 a2111o_1, 1 a211oi_1, 1 a21o_1, 21 a21oi_1, 1 a221o_1, 2 a22o_1, 7 a22oi_1, 3 a31oi_1, 4 and2_0, 1 and3_1, 35 clkinv_1, 30 dfrtp_1, 1 dfstp_2, 1 maj3_1, 10 mux2_1, 15 mux2i_1, 63 nand2_1, 2 nand2b_1, 3 nand3_1, 1 nand4_1, 31 nor2_1, 3 nor2b_1, 4 nor3_1, 2 nor4_1, 1 o21a_1, 18 o21ai_0, 6 o22ai_1, 1 o31ai_1, 1 o32ai_1, 1 o41ai_1, 1 or2_0, 8 xnor2_1, 6 xor2_1","1*11.26 + 1*7.51 + 1*7.51 + 21*5.0 + 1*10.01 + 2*8.76 + 7*7.51 + 3*6.26 + 4*6.26 + 1*6.26 + 35*3.75 + 30*25.02 + 1*26.28 + 1*10.01 + 10*11.26 + 15*10.01 + 63*3.75 + 2*6.26 + 3*5.0 + 1*6.26 + 31*3.75 + 3*6.26 + 4*5.0 + 2*6.26 + 1*7.51 + 18*5.0 + 6*6.26 + 1*7.51 + 1*8.76 + 1*8.76 + 1*6.26 + 8*8.76 + 6*8.76",2168.93,"0.38 + 0.21 + 0.16 + 0.28 + 0.13 + 0.41 + 0.16 + 0.39 + 0.19",2.31,"1*1.68 + 1*0.98 + 1*5.9 + 21*1.65 + 1*2.66 + 2*4.06 + 7*2.58 + 3*1.48 + 4*1.92 + 1*5.59 + 35*1.57 + 30*11.65 + 1*10.52 + 1*2.09 + 10*4.03 + 15*5.89 + 63*2.12 + 2*2.25 + 3*1.03 + 1*0.53 + 31*1.97 + 3*2.18 + 4*0.93 + 2*0.5 + 1*2.21 + 18*1.04 + 6*1.31 + 1*1.7 + 1*1.09 + 1*1.39 + 1*1.26 + 8*2.07 + 6*4.28",925.95
"fifo","3 a211o_1, 10 a211oi_1, 1 a21boi_0, 1 a21o_1, 16 a21oi_1, 5 a221o_1, 3 a221oi_1, 162 a22o_1, 9 a22oi_1, 13 a31oi_1, 2 a32o_1, 3 and2_0, 1 and3_1, 1 and3b_1, 1 and4_1, 3 clkinv_1, 175 dfrtp_1, 1 maj3_1, 5 mux2_1, 14 mux2i_1, 5 mux4_2, 23 nand2_1, 4 nand2b_1, 3 nand3_1, 2 nand3b_1, 1 nand4_1, 1 nand4b_1, 17 nor2_1, 4 nor3_1, 1 nor3b_1, 1 nor4_1, 1 o2111ai_1, 3 o211a_1, 13 o211ai_1, 12 o21ai_0, 1 o22a_1, 23 o22ai_1, 5 o2bb2ai_1, 1 o31a_1, 3 o31ai_1, 4 or2_0, 2 or3_1, 1 or3b_1, 2 or4_1, 8 xnor2_1, 3 xor2_1","3*8.76 + 10*7.51 + 1*7.51 + 1*7.51 + 16*5.0 + 5*10.01 + 3*8.76 + 162*8.76 + 9*7.51 + 13*6.26 + 2*10.01 + 3*6.26 + 1*6.26 + 1*8.76 + 1*8.76 + 3*3.75 + 175*25.02 + 1*10.01 + 5*11.26 + 14*10.01 + 5*22.52 + 23*3.75 + 4*6.26 + 3*5.0 + 2*7.51 + 1*6.26 + 1*8.76 + 17*3.75 + 4*5.0 + 1*7.51 + 1*6.26 + 1*8.76 + 3*10.01 + 13*7.51 + 12*5.0 + 1*8.76 + 23*6.26 + 5*8.76 + 1*8.76 + 3*7.51 + 4*6.26 + 2*6.26 + 1*8.76 + 2*7.51 + 8*8.76 + 3*8.76",7448.0,"0.4 + 8.67 + 0.87",9.94,"3*3.14 + 10*0.98 + 1*2.48 + 1*5.9 + 16*1.65 + 5*2.66 + 3*1.78 + 162*4.06 + 9*2.58 + 13*1.48 + 2*2.3 + 3*1.92 + 1*5.59 + 1*7.06 + 1*3.4 + 3*1.57 + 175*11.65 + 1*2.09 + 5*4.03 + 14*5.89 + 5*6.37 + 23*2.12 + 4*2.25 + 3*1.03 + 2*1.4 + 1*0.53 + 1*1.03 + 17*1.97 + 4*0.93 + 1*1.3 + 1*0.5 + 1*0.58 + 3*10.66 + 13*0.7 + 12*1.04 + 1*2.76 + 23*1.31 + 5*1.85 + 1*2.07 + 3*1.7 + 4*1.26 + 2*1.28 + 1*2.59 + 2*0.85 + 8*2.07 + 3*4.28",3228.2
"mig_7series_v1_8_round_robin_arb","1 a2111oi_0, 1 a211o_1, 3 a211oi_1, 4 clkinv_1, 6 dfxtp_1, 2 mux2i_1, 1 nand2_1, 2 nor2_1, 1 nor2b_1, 1 nor3_1, 1 o31ai_1","1*8.76 + 1*8.76 + 3*7.51 + 4*3.75 + 6*20.02 + 2*10.01 + 1*3.75 + 2*3.75 + 1*6.26 + 1*5.0 + 1*7.51",225.21,"0.27 + 0.11 + 0.27 + 0.34",0.99,"1*0.42 + 1*3.14 + 3*0.98 + 4*1.57 + 6*8.44 + 2*5.89 + 1*2.12 + 2*1.97 + 1*2.18 + 1*0.93 + 1*1.7",86.07
"rj45_led_controller","1 a2111o_1, 1 a211o_1, 20 a211oi_1, 1 a21o_1, 32 a21oi_1, 1 a311oi_1, 1 a31oi_1, 1 a41oi_1, 3 and2_0, 2 and3_1, 1 and3b_1, 1 and4_1, 2 clkinv_1, 1 conb_1, 48 dfxtp_1, 7 mux2i_1, 44 nand2_1, 2 nand2b_1, 6 nor2_1, 2 nor2b_1, 4 nor3_1, 2 nor4_1, 1 nor4bb_1, 1 o21a_1, 9 o21ai_0, 2 o21bai_1, 2 o31ai_1, 1 or3_1, 1 xnor2_1","1*11.26 + 1*8.76 + 20*7.51 + 1*7.51 + 32*5.0 + 1*8.76 + 1*6.26 + 1*8.76 + 3*6.26 + 2*6.26 + 1*8.76 + 1*8.76 + 2*3.75 + 1*3.75 + 48*20.02 + 7*10.01 + 44*3.75 + 2*6.26 + 6*3.75 + 2*6.26 + 4*5.0 + 2*6.26 + 1*10.01 + 1*7.51 + 9*5.0 + 2*7.51 + 2*7.51 + 1*6.26 + 1*8.76",1805.25,"0.74 + 0.13 + 1.38 + 0.61 + 0.13",2.99,"1*1.68 + 1*3.14 + 20*0.98 + 1*5.9 + 32*1.65 + 1*0.97 + 1*1.48 + 1*1.36 + 3*1.92 + 2*5.59 + 1*7.06 + 1*3.4 + 2*1.57 + 1*3.24 + 48*8.44 + 7*5.89 + 44*2.12 + 2*2.25 + 6*1.97 + 2*2.18 + 4*0.93 + 2*0.5 + 1*3.2 + 1*2.21 + 9*1.04 + 2*2.87 + 2*1.7 + 1*1.28 + 1*2.07",713.0
"rotator_encoder","2 a2111oi_0, 1 a211oi_1, 1 a21boi_0, 50 a21oi_1, 3 a221oi_1, 82 a22oi_1, 1 a2bb2oi_1, 3 a31oi_1, 4 a32oi_1, 1 and3b_1, 7 clkinv_1, 108 dfxtp_1, 1 mux2_1, 9 mux2i_1, 35 nand2_1, 2 nand2b_1, 7 nand3_1, 98 nor2_1, 2 nor2b_1, 4 nor3_1, 1 nor4_1, 1 nor4b_1, 1 o2111a_1, 1 o2111ai_1, 3 o211ai_1, 173 o21ai_0, 1 o21ba_1, 1 o21bai_1, 2 o221ai_1, 1 o22a_1, 20 o22ai_1, 2 o311ai_0, 1 o31a_1, 4 o31ai_1, 2 or2_0, 3 or3_1, 1 or4_1","2*8.76 + 1*7.51 + 1*7.51 + 50*5.0 + 3*8.76 + 82*7.51 + 1*8.76 + 3*6.26 + 4*8.76 + 1*8.76 + 7*3.75 + 108*20.02 + 1*11.26 + 9*10.01 + 35*3.75 + 2*6.26 + 7*5.0 + 98*3.75 + 2*6.26 + 4*5.0 + 1*6.26 + 1*8.76 + 1*11.26 + 1*8.76 + 3*7.51 + 173*5.0 + 1*10.01 + 1*7.51 + 2*8.76 + 1*8.76 + 20*6.26 + 2*8.76 + 1*8.76 + 4*7.51 + 2*6.26 + 3*6.26 + 1*7.51",5051.23,"2.72 + 0.31",3.03,"2*0.42 + 1*0.98 + 1*2.48 + 50*1.65 + 3*1.78 + 82*2.58 + 1*3.38 + 3*1.48 + 4*1.25 + 1*7.06 + 7*1.57 + 108*8.44 + 1*4.03 + 9*5.89 + 35*2.12 + 2*2.25 + 7*1.03 + 98*1.97 + 2*2.18 + 4*0.93 + 1*0.5 + 1*0.91 + 1*3.75 + 1*0.58 + 3*0.7 + 173*1.04 + 1*7.27 + 1*2.87 + 2*1.09 + 1*2.76 + 20*1.31 + 2*0.64 + 1*2.07 + 4*1.7 + 2*1.26 + 3*1.28 + 1*0.85",1836.58
"arbiter_for_OUT_req","2 a21boi_0, 3 a21oi_1, 1 a221o_1, 1 a31o_1, 3 and3_1, 2 clkinv_1, 6 dfxtp_1, 7 nand2_1, 1 nand2b_1, 11 nand3_1, 2 nor2b_1, 2 nor3_1, 2 o21a_1, 3 o21ai_0, 1 o311ai_0, 1 o31ai_1, 1 o32ai_1","2*7.51 + 3*5.0 + 1*10.01 + 1*8.76 + 3*6.26 + 2*3.75 + 6*20.02 + 7*3.75 + 1*6.26 + 11*5.0 + 2*6.26 + 2*5.0 + 2*7.51 + 3*5.0 + 1*8.76 + 1*7.51 + 1*8.76",360.27,"0.3 + 0.08 + 0.07 + 0.33",0.78,"2*2.48 + 3*1.65 + 1*2.66 + 1*2.37 + 3*5.59 + 2*1.57 + 6*8.44 + 7*2.12 + 1*2.25 + 11*1.03 + 2*2.18 + 2*0.93 + 2*2.21 + 3*1.04 + 1*0.64 + 1*1.7 + 1*1.09",131.1
"full_adder","1 maj3_1, 1 xor3_1","1*10.01 + 1*23.77",33.78,"0.33",0.33,"1*2.09 + 1*15.22",17.31
"combined_module","1 a221oi_1, 1 a222oi_1, 2 a22oi_1, 1 a41o_1, 1 and3_1, 1 clkinv_1, 8 dfxtp_1, 1 maj3_1, 2 mux2_1, 7 nand2_1, 2 nand3_1, 1 nor2_1, 2 nor2b_1, 1 nor4_1, 6 o21ai_0, 4 xnor2_1, 1 xor2_1","1*8.76 + 1*10.01 + 2*7.51 + 1*10.01 + 1*6.26 + 1*3.75 + 8*20.02 + 1*10.01 + 2*11.26 + 7*3.75 + 2*5.0 + 1*3.75 + 2*6.26 + 1*6.26 + 6*5.0 + 4*8.76 + 1*8.76",379.08,"0.38 + 0.11 + 0.25 + 0.13 + 0.26",1.13,"1*1.78 + 1*2.43 + 2*2.58 + 1*6.61 + 1*5.59 + 1*1.57 + 8*8.44 + 1*2.09 + 2*4.03 + 7*2.12 + 2*1.03 + 1*1.97 + 2*2.18 + 1*0.5 + 6*1.04 + 4*2.07 + 1*4.28",143.34
"NIOS_Sys_nios2_qsys_0_nios2_oci_fifocount_inc","1 a21o_1, 1 a21oi_1, 1 a311oi_1, 1 clkinv_1, 1 nand2_1, 1 nand2b_1, 1 nor2_1, 1 nor3_1","1*7.51 + 1*5.0 + 1*8.76 + 1*3.75 + 1*3.75 + 1*6.26 + 1*3.75 + 1*5.0",43.78,"0.04 + 0.24 + 0.03",0.31,"1*5.9 + 1*1.65 + 1*0.97 + 1*1.57 + 1*2.12 + 1*2.25 + 1*1.97 + 1*0.93",17.36
"Ctr","1 a21o_1, 2 and2_0, 1 clkinv_1, 3 nand2_1, 1 nand2b_1, 4 nor2_1, 2 nor4_1, 1 o21bai_1, 1 or3_1","1*7.51 + 2*6.26 + 1*3.75 + 3*3.75 + 1*6.26 + 4*3.75 + 2*6.26 + 1*7.51 + 1*6.26",82.58,"0.11 + 0.33 + 0.07 + 0.08",0.59,"1*5.9 + 2*1.92 + 1*1.57 + 3*2.12 + 1*2.25 + 4*1.97 + 2*0.5 + 1*2.87 + 1*1.28",32.95
"sinrom","2 a2111oi_0, 10 a211o_1, 21 a211oi_1, 2 a21bo_1, 4 a21boi_0, 6 a21o_1, 97 a21oi_1, 3 a221o_1, 11 a221oi_1, 6 a22oi_1, 2 a2bb2oi_1, 5 a311o_1, 15 a311oi_1, 2 a31o_1, 42 a31oi_1, 3 a32o_1, 7 a32oi_1, 2 a41oi_1, 11 and2_0, 14 and3_1, 2 and3b_1, 8 clkinv_1, 16 dfrtp_1, 1 mux2i_1, 107 nand2_1, 12 nand2b_1, 35 nand3_1, 3 nand3b_1, 3 nand4_1, 94 nor2_1, 10 nor2b_1, 35 nor3_1, 2 nor3b_1, 2 nor4_1, 7 o2111ai_1, 1 o211a_1, 35 o211ai_1, 4 o21a_1, 159 o21ai_0, 1 o21bai_1, 2 o221a_1, 17 o221ai_1, 1 o22a_1, 12 o22ai_1, 1 o2bb2ai_1, 3 o311a_1, 13 o311ai_0, 4 o31a_1, 11 o31ai_1, 2 o32a_1, 9 o32ai_1, 5 or2_0, 5 or3_1, 2 or3b_1, 1 or4_1, 5 xnor2_1, 2 xor2_1","2*8.76 + 10*8.76 + 21*7.51 + 2*10.01 + 4*7.51 + 6*7.51 + 97*5.0 + 3*10.01 + 11*8.76 + 6*7.51 + 2*8.76 + 5*10.01 + 15*8.76 + 2*8.76 + 42*6.26 + 3*10.01 + 7*8.76 + 2*8.76 + 11*6.26 + 14*6.26 + 2*8.76 + 8*3.75 + 16*25.02 + 1*10.01 + 107*3.75 + 12*6.26 + 35*5.0 + 3*7.51 + 3*6.26 + 94*3.75 + 10*6.26 + 35*5.0 + 2*7.51 + 2*6.26 + 7*8.76 + 1*10.01 + 35*7.51 + 4*7.51 + 159*5.0 + 1*7.51 + 2*11.26 + 17*8.76 + 1*8.76 + 12*6.26 + 1*8.76 + 3*10.01 + 13*8.76 + 4*8.76 + 11*7.51 + 2*10.01 + 9*8.76 + 5*6.26 + 5*6.26 + 2*8.76 + 1*7.51 + 5*8.76 + 2*8.76",5467.53,"0.66 + 0.95 + 0.12 + 0.21 + 0.16 + 0.08 + 0.18",2.36,"2*0.42 + 10*3.14 + 21*0.98 + 2*7.27 + 4*2.48 + 6*5.9 + 97*1.65 + 3*2.66 + 11*1.78 + 6*2.58 + 2*3.38 + 5*1.57 + 15*0.97 + 2*2.37 + 42*1.48 + 3*2.3 + 7*1.25 + 2*1.36 + 11*1.92 + 14*5.59 + 2*7.06 + 8*1.57 + 16*11.65 + 1*5.89 + 107*2.12 + 12*2.25 + 35*1.03 + 3*1.4 + 3*0.53 + 94*1.97 + 10*2.18 + 35*0.93 + 2*1.3 + 2*0.5 + 7*0.58 + 1*10.66 + 35*0.7 + 4*2.21 + 159*1.04 + 1*2.87 + 2*2.73 + 17*1.09 + 1*2.76 + 12*1.31 + 1*1.85 + 3*3.77 + 13*0.64 + 4*2.07 + 11*1.7 + 2*1.66 + 9*1.09 + 5*1.26 + 5*1.28 + 2*2.59 + 1*0.85 + 5*2.07 + 2*4.28",1645.35
"D_ff","3 and2_0, 2 and3_1, 1 and4_1, 1 and4b_1, 8 dfxtp_1, 1 nor2b_1","3*6.26 + 2*6.26 + 1*8.76 + 1*10.01 + 8*20.02 + 1*6.26",216.49,"0.28 + 0.21 + 0.21 + 0.17",0.87,"3*1.92 + 2*5.59 + 1*3.4 + 1*5.99 + 8*8.44 + 1*2.18",96.03
"key_Processor","14 mux2_1, 42 nor2b_1","14*11.26 + 42*6.26",420.56,"0.26",0.26,"14*4.03 + 42*2.18",147.98
"full_adder","4 maj3_1, 8 xnor2_1","4*10.01 + 8*8.76",110.12,"0.37 + 0.39 + 0.39 + 0.33",1.48,"4*2.09 + 8*2.07",24.92
"ulight_fifo_write_data_fifo_tx","9 and2_0, 1 conb_1, 9 dfrtp_1, 9 mux2_1, 1 nor2_1, 1 nor4b_1","9*6.26 + 1*3.75 + 9*25.02 + 9*11.26 + 1*3.75 + 1*8.76",399.12,"1.12 + 0.38",1.5,"9*1.92 + 1*3.24 + 9*11.65 + 9*4.03 + 1*1.97 + 1*0.91",164.52
"barrel_shifter","3 a211oi_1, 1 a21o_1, 8 a21oi_1, 1 and2_0, 6 mux2_1, 13 mux2i_1, 7 mux4_2, 2 nand2_1, 1 nand2b_1, 1 nand3b_1, 10 nor2_1, 3 nor2b_1, 1 nor3_1, 1 nor4_1, 1 o21a_1, 6 o21ai_0, 1 o31ai_1, 1 or2_0, 1 or3b_1","3*7.51 + 1*7.51 + 8*5.0 + 1*6.26 + 6*11.26 + 13*10.01 + 7*22.52 + 2*3.75 + 1*6.26 + 1*7.51 + 10*3.75 + 3*6.26 + 1*5.0 + 1*6.26 + 1*7.51 + 6*5.0 + 1*7.51 + 1*6.26 + 1*8.76",580.48,"0.32 + 0.46 + 0.09 + 0.03",0.9,"3*0.98 + 1*5.9 + 8*1.65 + 1*1.92 + 6*4.03 + 13*5.89 + 7*6.37 + 2*2.12 + 1*2.25 + 1*1.4 + 10*1.97 + 3*2.18 + 1*0.93 + 1*0.5 + 1*2.21 + 6*1.04 + 1*1.7 + 1*1.26 + 1*2.59",218.86
"dffsr","1 dfxtp_1, 1 nand2_1, 1 nor2_1, 1 o21ai_0","1*20.02 + 1*3.75 + 1*3.75 + 1*5.0",32.52,"0.27 + 0.05 + 0.06",0.38,"1*8.44 + 1*2.12 + 1*1.97 + 1*1.04",13.57
"byte_swapping","4 a21oi_1, 2 and3_1, 6 dfxtp_1, 2 nor2b_1, 2 nor3_1, 2 o21bai_1","4*5.0 + 2*6.26 + 6*20.02 + 2*6.26 + 2*5.0 + 2*7.51",190.18,"0.3 + 0.21 + 0.18 + 0.13",0.82,"4*1.65 + 2*5.59 + 6*8.44 + 2*2.18 + 2*0.93 + 2*2.87",80.38
"bin_gray_counter","1 a2111oi_0, 1 a211o_1, 2 a211oi_1, 3 a21oi_1, 10 clkinv_1, 3 dfrtn_1, 1 dfrtp_1, 2 dfstp_2, 24 dfxtp_1, 1 maj3_1, 25 mux2_1, 1 mux2i_1, 1 nand2_1, 1 nand2b_1, 2 nor2_1, 1 o21bai_1, 5 xnor2_1, 2 xor2_1","1*8.76 + 1*8.76 + 2*7.51 + 3*5.0 + 10*3.75 + 3*25.02 + 1*25.02 + 2*26.28 + 24*20.02 + 1*10.01 + 25*11.26 + 1*10.01 + 1*3.75 + 1*6.26 + 2*3.75 + 1*7.51 + 5*8.76 + 2*8.76",1106.02,"0.05 + 0.34 + 0.03",0.42,"1*0.42 + 1*3.14 + 2*0.98 + 3*1.65 + 10*1.57 + 3*11.65 + 1*11.65 + 2*10.52 + 24*8.44 + 1*2.09 + 25*4.03 + 1*5.89 + 1*2.12 + 1*2.25 + 2*1.97 + 1*2.87 + 5*2.07 + 2*4.28",435.19
"CDC_synchronizer","1 conb_1, 6 dfrtp_1, 1 mux2_1","1*3.75 + 6*25.02 + 1*11.26",165.13,"0.34 + 0.3",0.64,"1*3.24 + 6*11.65 + 1*4.03",77.17
"Mux_3x1_b","32 a221o_1, 2 nor2b_1, 32 nor3b_1","32*10.01 + 2*6.26 + 32*7.51",573.16,"1.08 + 0.27",1.35,"32*2.66 + 2*2.18 + 32*1.3",131.08
"vga_display","2 a211oi_1, 6 a21oi_1, 1 a31o_1, 4 a31oi_1, 2 a41oi_1, 2 and2_0, 6 and3_1, 2 and4_1, 3 clkinv_1, 20 dfxtp_1, 5 nand2_1, 3 nand3_1, 1 nand4_1, 14 nor2_1, 16 nor3_1, 1 nor4_1, 1 o211a_1, 2 o211ai_1, 1 o311ai_0, 1 o31ai_1, 1 or2_0, 3 or4_1, 2 xnor2_1","2*7.51 + 6*5.0 + 1*8.76 + 4*6.26 + 2*8.76 + 2*6.26 + 6*6.26 + 2*8.76 + 3*3.75 + 20*20.02 + 5*3.75 + 3*5.0 + 1*6.26 + 14*3.75 + 16*5.0 + 1*6.26 + 1*10.01 + 2*7.51 + 1*8.76 + 1*7.51 + 1*6.26 + 3*7.51 + 2*8.76",841.97,"0.31 + 0.24 + 0.42 + 0.32 + 0.08",1.37,"2*0.98 + 6*1.65 + 1*2.37 + 4*1.48 + 2*1.36 + 2*1.92 + 6*5.59 + 2*3.4 + 3*1.57 + 20*8.44 + 5*2.12 + 3*1.03 + 1*0.53 + 14*1.97 + 16*0.93 + 1*0.5 + 1*10.66 + 2*0.7 + 1*0.64 + 1*1.7 + 1*1.26 + 3*0.85 + 2*2.07",320.09
"comparator","1 a211oi_1, 2 nand2b_1, 1 nor2b_1","1*7.51 + 2*6.26 + 1*6.26",26.29,"0.11 + 0.16",0.27,"1*0.98 + 2*2.25 + 1*2.18",7.66
"half_word_splitter","7 a21oi_1, 1 a311oi_1, 1 a31o_1, 17 and2_0, 1 and4b_1, 24 clkinv_1, 24 dfrtp_1, 8 dfxtp_1, 5 maj3_1, 2 nor2_1, 1 nor4_1, 6 o21bai_1, 1 xnor2_1, 14 xor2_1","7*5.0 + 1*8.76 + 1*8.76 + 17*6.26 + 1*10.01 + 24*3.75 + 24*25.02 + 8*20.02 + 5*10.01 + 2*3.75 + 1*6.26 + 6*7.51 + 1*8.76 + 14*8.76",1259.86,"0.29 + 0.17 + 0.24 + 0.38 + 0.39 + 0.39 + 0.39 + 0.37 + 0.14 + 0.04",2.8,"7*1.65 + 1*0.97 + 1*2.37 + 17*1.92 + 1*5.99 + 24*1.57 + 24*11.65 + 8*8.44 + 5*2.09 + 2*1.97 + 1*0.5 + 6*2.87 + 1*2.07 + 14*4.28",532.42
"shift_reg","5 dfxtp_1, 1 nor2_1, 4 nor2b_1, 1 xnor2_1, 1 xor2_1","5*20.02 + 1*3.75 + 4*6.26 + 1*8.76 + 1*8.76",146.41,"0.33 + 0.12 + 0.04",0.49,"5*8.44 + 1*1.97 + 4*2.18 + 1*2.07 + 1*4.28",59.24
"div_top","1 a211oi_1, 3 dfxtp_1, 2 mux2i_1, 1 nand2_1, 3 nor2_1","1*7.51 + 3*20.02 + 2*10.01 + 1*3.75 + 3*3.75",102.59,"0.3 + 0.05 + 0.19",0.54,"1*0.98 + 3*8.44 + 2*5.89 + 1*2.12 + 3*1.97",46.11
"cmm_decoder","7 a2111oi_0, 9 a211oi_1, 3 a21bo_1, 3 a21boi_0, 1 a21o_1, 35 a21oi_1, 14 a221oi_1, 1 a222oi_1, 7 a22o_1, 7 a22oi_1, 8 a2bb2oi_1, 1 a32oi_1, 2 and2_0, 26 and3_1, 3 and3b_1, 1 and4b_1, 36 clkinv_1, 1 conb_1, 34 dfrtp_1, 353 nand2_1, 17 nand3_1, 3 nand3b_1, 53 nand4_1, 1 nand4b_1, 43 nor2_1, 24 nor3_1, 2 nor3b_1, 125 nor4_1, 7 o2111ai_1, 9 o211ai_1, 13 o21ai_0, 3 o221ai_1, 3 o22a_1, 29 o22ai_1, 20 o2bb2ai_1, 2 or2_0, 5 or3_1, 1 or3b_1, 9 or4_1, 125 xnor2_1, 98 xor2_1","7*8.76 + 9*7.51 + 3*10.01 + 3*7.51 + 1*7.51 + 35*5.0 + 14*8.76 + 1*10.01 + 7*8.76 + 7*7.51 + 8*8.76 + 1*8.76 + 2*6.26 + 26*6.26 + 3*8.76 + 1*10.01 + 36*3.75 + 1*3.75 + 34*25.02 + 353*3.75 + 17*5.0 + 3*7.51 + 53*6.26 + 1*8.76 + 43*3.75 + 24*5.0 + 2*7.51 + 125*6.26 + 7*8.76 + 9*7.51 + 13*5.0 + 3*8.76 + 3*8.76 + 29*6.26 + 20*8.76 + 2*6.26 + 5*6.26 + 1*8.76 + 9*7.51 + 125*8.76 + 98*8.76",7417.81,"0.13 + 0.07 + 0.44 + 0.52 + 0.16",1.32,"7*0.42 + 9*0.98 + 3*7.27 + 3*2.48 + 1*5.9 + 35*1.65 + 14*1.78 + 1*2.43 + 7*4.06 + 7*2.58 + 8*3.38 + 1*1.25 + 2*1.92 + 26*5.59 + 3*7.06 + 1*5.99 + 36*1.57 + 1*3.24 + 34*11.65 + 353*2.12 + 17*1.03 + 3*1.4 + 53*0.53 + 1*1.03 + 43*1.97 + 24*0.93 + 2*1.3 + 125*0.5 + 7*0.58 + 9*0.7 + 13*1.04 + 3*1.09 + 3*2.76 + 29*1.31 + 20*1.85 + 2*1.26 + 5*1.28 + 1*2.59 + 9*0.85 + 125*2.07 + 98*4.28",2618.08
"gtwizard_ultrascale_v1_7_1_bit_synchronizer","5 dfxtp_1","5*20.02",100.1,"0.27",0.27,"5*8.44",42.2
"barrel_shifter","96 clkinv_1, 96 dfrtp_1, 32 nor2b_1, 40 or2_0","96*3.75 + 96*25.02 + 32*6.26 + 40*6.26",3212.64,"0.33 + 0.2",0.53,"96*1.57 + 96*11.65 + 32*2.18 + 40*1.26",1389.28
"r_RX_BUF_OBJ1_BYTE_0","8 dfxtp_1, 8 mux2i_1, 8 nor2_1","8*20.02 + 8*10.01 + 8*3.75",270.24,"0.27 + 0.11 + 0.04",0.42,"8*8.44 + 8*5.89 + 8*1.97",130.4
"uart_tx","1 a211o_1, 3 a21o_1, 12 a21oi_1, 1 a22o_1, 1 a2bb2oi_1, 5 a31oi_1, 1 a41o_1, 2 and3_1, 7 clkinv_1, 22 dfrtp_1, 4 dfstp_2, 8 mux2i_1, 6 nand2_1, 19 nor2_1, 2 nor2b_1, 3 nor3_1, 3 nor4_1, 1 o211ai_1, 1 o21a_1, 7 o21ai_0, 1 o221ai_1, 1 o22ai_1, 6 o2bb2ai_1, 2 o31ai_1, 1 or3_1, 2 or4_1, 1 xor2_1","1*8.76 + 3*7.51 + 12*5.0 + 1*8.76 + 1*8.76 + 5*6.26 + 1*10.01 + 2*6.26 + 7*3.75 + 22*25.02 + 4*26.28 + 8*10.01 + 6*3.75 + 19*3.75 + 2*6.26 + 3*5.0 + 3*6.26 + 1*7.51 + 1*7.51 + 7*5.0 + 1*8.76 + 1*6.26 + 6*8.76 + 2*7.51 + 1*6.26 + 2*7.51 + 1*8.76",1227.24,"0.38 + 0.6 + 0.26 + 0.29 + 0.25 + 0.18",1.96,"1*3.14 + 3*5.9 + 12*1.65 + 1*4.06 + 1*3.38 + 5*1.48 + 1*6.61 + 2*5.59 + 7*1.57 + 22*11.65 + 4*10.52 + 8*5.89 + 6*2.12 + 19*1.97 + 2*2.18 + 3*0.93 + 3*0.5 + 1*0.7 + 1*2.21 + 7*1.04 + 1*1.09 + 1*1.31 + 6*1.85 + 2*1.7 + 1*1.28 + 2*0.85 + 1*4.28",522.91
"counter_4bit_sync_reset","2 a21oi_1, 1 a41oi_1, 1 and3_1, 4 dfxtp_1, 1 nor2_1, 1 nor3_1, 1 o21a_1, 1 o21bai_1","2*5.0 + 1*8.76 + 1*6.26 + 4*20.02 + 1*3.75 + 1*5.0 + 1*7.51 + 1*7.51",128.87,"0.31 + 0.17 + 0.15",0.63,"2*1.65 + 1*1.36 + 1*5.59 + 4*8.44 + 1*1.97 + 1*0.93 + 1*2.21 + 1*2.87",51.99
"simple_ddr3","64 a211oi_1, 1 a21o_1, 2 a21oi_1, 34 clkinv_1, 1 conb_1, 98 dfxtp_1, 60 mux2i_1, 2 nand2_1, 1 nand3_1, 61 nor2_1, 1 nor2b_1, 2 nor3_1, 1 nor3b_1, 1 nor4_1, 1 nor4bb_1, 1 or2_0, 1 or3b_1, 1 or4_1","64*7.51 + 1*7.51 + 2*5.0 + 34*3.75 + 1*3.75 + 98*20.02 + 60*10.01 + 2*3.75 + 1*5.0 + 61*3.75 + 1*6.26 + 2*5.0 + 1*7.51 + 1*6.26 + 1*10.01 + 1*6.26 + 1*8.76 + 1*7.51",3495.78,"2.51 + 0.82 + 0.15",3.48,"64*0.98 + 1*5.9 + 2*1.65 + 34*1.57 + 1*3.24 + 98*8.44 + 60*5.89 + 2*2.12 + 1*1.03 + 61*1.97 + 1*2.18 + 2*0.93 + 1*1.3 + 1*0.5 + 1*3.2 + 1*1.26 + 1*2.59 + 1*0.85",1448.24
"two_bit_sat_counter","1 a21o_1, 1 maj3_1, 1 nor3b_1, 1 xnor2_1","1*7.51 + 1*10.01 + 1*7.51 + 1*8.76",33.79,"0.31",0.31,"1*5.9 + 1*2.09 + 1*1.3 + 1*2.07",11.36
"rgb_selector","24 dfxtp_1, 24 mux2_1","24*20.02 + 24*11.26",750.72,"0.28",0.28,"24*8.44 + 24*4.03",299.28
"d_ff_reset","1 dfrtp_1","1*25.02",25.02,"0.31",0.31,"1*11.65",11.65
"top_module","2 a211o_1, 15 a211oi_1, 7 a21o_1, 109 a21oi_1, 2 a221o_1, 5 a221oi_1, 2 a31oi_1, 1 and2_0, 1 and3_1, 1 and4b_1, 1 clkinv_1, 1 mux2_1, 15 mux2i_1, 52 nand2_1, 5 nand2b_1, 3 nand3_1, 2 nand4b_1, 1 nand4bb_1, 33 nor2_1, 4 nor2b_1, 4 nor3_1, 4 o211a_1, 21 o211ai_1, 1 o21a_1, 96 o21ai_0, 1 o221a_1, 8 o221ai_1, 12 o22ai_1, 1 o2bb2ai_1, 1 or2_0, 1 or3_1","2*8.76 + 15*7.51 + 7*7.51 + 109*5.0 + 2*10.01 + 5*8.76 + 2*6.26 + 1*6.26 + 1*6.26 + 1*10.01 + 1*3.75 + 1*11.26 + 15*10.01 + 52*3.75 + 5*6.26 + 3*5.0 + 2*8.76 + 1*11.26 + 33*3.75 + 4*6.26 + 4*5.0 + 4*10.01 + 21*7.51 + 1*7.51 + 96*5.0 + 1*11.26 + 8*8.76 + 12*6.26 + 1*8.76 + 1*6.26 + 1*6.26",2293.64,"0.72 + 0.57 + 0.12 + 0.08 + 0.11 + 0.07 + 0.23 + 0.11 + 0.13 + 0.09 + 0.08 + 0.06",2.37,"2*3.14 + 15*0.98 + 7*5.9 + 109*1.65 + 2*2.66 + 5*1.78 + 2*1.48 + 1*1.92 + 1*5.59 + 1*5.99 + 1*1.57 + 1*4.03 + 15*5.89 + 52*2.12 + 5*2.25 + 3*1.03 + 2*1.03 + 1*1.9 + 33*1.97 + 4*2.18 + 4*0.93 + 4*10.66 + 21*0.7 + 1*2.21 + 96*1.04 + 1*2.73 + 8*1.09 + 12*1.31 + 1*1.85 + 1*1.26 + 1*1.28",763.7
"multiplier","1 a211oi_1, 1 a21boi_0, 1 a21o_1, 3 a21oi_1, 1 a22oi_1, 1 a31o_1, 1 a31oi_1, 1 a41oi_1, 2 and2_0, 2 and3_1, 3 clkinv_1, 3 maj3_1, 1 mux2_1, 2 mux2i_1, 9 nand2_1, 4 nand3_1, 4 nor2_1, 2 o21ai_0, 1 o22ai_1, 1 o31a_1, 1 o31ai_1, 1 or3_1, 1 or4_1, 6 xnor2_1, 1 xnor3_1, 3 xor2_1","1*7.51 + 1*7.51 + 1*7.51 + 3*5.0 + 1*7.51 + 1*8.76 + 1*6.26 + 1*8.76 + 2*6.26 + 2*6.26 + 3*3.75 + 3*10.01 + 1*11.26 + 2*10.01 + 9*3.75 + 4*5.0 + 4*3.75 + 2*5.0 + 1*6.26 + 1*8.76 + 1*7.51 + 1*6.26 + 1*7.51 + 6*8.76 + 1*22.52 + 3*8.76",382.83,"0.16 + 0.5 + 0.27 + 0.25 + 0.11 + 0.11 + 0.39 + 0.35 + 0.16 + 0.18",2.48,"1*0.98 + 1*2.48 + 1*5.9 + 3*1.65 + 1*2.58 + 1*2.37 + 1*1.48 + 1*1.36 + 2*1.92 + 2*5.59 + 3*1.57 + 3*2.09 + 1*4.03 + 2*5.89 + 9*2.12 + 4*1.03 + 4*1.97 + 2*1.04 + 1*1.31 + 1*2.07 + 1*1.7 + 1*1.28 + 1*0.85 + 6*2.07 + 1*15.62 + 3*4.28",145.16
"sky130_fd_sc_hd__a211o","1 a211o_1","1*8.76",8.76,"0.24",0.24,"1*3.14",3.14
"FSM","1 a221oi_1, 1 a41oi_1, 1 and2_0, 2 dfxtp_1, 1 nand3b_1, 1 nor2_1, 1 nor2b_1, 3 or3b_1","1*8.76 + 1*8.76 + 1*6.26 + 2*20.02 + 1*7.51 + 1*3.75 + 1*6.26 + 3*8.76",107.62,"0.31 + 0.39 + 0.22",0.92,"1*1.78 + 1*1.36 + 1*1.92 + 2*8.44 + 1*1.4 + 1*1.97 + 1*2.18 + 3*2.59",35.26
"shift_left","16 dfxtp_1, 15 mux2_1, 1 nor2b_1","16*20.02 + 15*11.26 + 1*6.26",495.48,"0.28",0.28,"16*8.44 + 15*4.03 + 1*2.18",197.67
"address","36 a211oi_1, 1 a21o_1, 1 and2_0, 2 and3_1, 1 and4_1, 38 clkinv_1, 6 nand2_1, 5 nand3_1, 7 nand4_1, 7 nor2_1, 7 nor3_1, 11 nor4_1, 1 nor4b_1, 2 or2_0, 5 or4_1","36*7.51 + 1*7.51 + 1*6.26 + 2*6.26 + 1*8.76 + 38*3.75 + 6*3.75 + 5*5.0 + 7*6.26 + 7*3.75 + 7*5.0 + 11*6.26 + 1*8.76 + 2*6.26 + 5*7.51",728.17,"0.5 + 1.05 + 0.51 + 0.19",2.25,"36*0.98 + 1*5.9 + 1*1.92 + 2*5.59 + 1*3.4 + 38*1.57 + 6*2.12 + 5*1.03 + 7*0.53 + 7*1.97 + 7*0.93 + 11*0.5 + 1*0.91 + 2*1.26 + 5*0.85",172.4
"clock_domain_bridge","2 and3_1, 2 conb_1, 2 dfxtp_1, 1 nand2_1","2*6.26 + 2*3.75 + 2*20.02 + 1*3.75",63.81,"0.29 + 0.05 + 0.16",0.5,"2*5.59 + 2*3.24 + 2*8.44 + 1*2.12",36.66
"gray_code_counter","1 a21oi_1, 1 clkinv_1, 20 dfxtp_1, 1 mux2_1, 1 mux2i_1, 1 nor2_1, 1 nor2b_1, 1 xnor2_1, 1 xor2_1","1*5.0 + 1*3.75 + 20*20.02 + 1*11.26 + 1*10.01 + 1*3.75 + 1*6.26 + 1*8.76 + 1*8.76",457.95,"0.3 + 0.14 + 0.32",0.76,"1*1.65 + 1*1.57 + 20*8.44 + 1*4.03 + 1*5.89 + 1*1.97 + 1*2.18 + 1*2.07 + 1*4.28",192.44
"adder_tree_top","1 a21boi_0, 8 a21o_1, 8 a21oi_1, 2 a311oi_1, 1 a32oi_1, 4 and2_0, 7 and3_1, 7 clkinv_1, 172 dfxtp_1, 83 maj3_1, 36 nand2_1, 27 nand2b_1, 6 nand3_1, 14 nor2_1, 5 nor2b_1, 1 nor4_1, 2 o2111ai_1, 1 o211ai_1, 13 o21ai_0, 3 or2_0, 122 xnor2_1, 11 xnor3_1, 43 xor2_1, 32 xor3_1","1*7.51 + 8*7.51 + 8*5.0 + 2*8.76 + 1*8.76 + 4*6.26 + 7*6.26 + 7*3.75 + 172*20.02 + 83*10.01 + 36*3.75 + 27*6.26 + 6*5.0 + 14*3.75 + 5*6.26 + 1*6.26 + 2*8.76 + 1*7.51 + 13*5.0 + 3*6.26 + 122*8.76 + 11*22.52 + 43*8.76 + 32*23.77",7489.9,"0.3 + 0.41 + 0.41 + 0.39 + 0.37 + 0.4 + 0.14 + 0.22 + 0.12 + 0.29 + 0.18 + 0.32 + 0.18 + 0.19 + 0.17 + 0.07 + 0.2 + 0.09",4.45,"1*2.48 + 8*5.9 + 8*1.65 + 2*0.97 + 1*1.25 + 4*1.92 + 7*5.59 + 7*1.57 + 172*8.44 + 83*2.09 + 36*2.12 + 27*2.25 + 6*1.03 + 14*1.97 + 5*2.18 + 1*0.5 + 2*0.58 + 1*0.7 + 13*1.04 + 3*1.26 + 122*2.07 + 11*15.62 + 43*4.28 + 32*15.22",3045.85
"edge_detect","3 dfxtp_1, 2 nor2b_1","3*20.02 + 2*6.26",72.58,"0.28 + 0.11",0.39,"3*8.44 + 2*2.18",29.68
"lookahead_carry_generator","1 a211o_1, 3 maj3_1, 3 o21a_1, 1 o22a_1, 1 o31a_1, 1 or3_1","1*8.76 + 3*10.01 + 3*7.51 + 1*8.76 + 1*8.76 + 1*6.26",85.1,"0.36 + 0.37 + 0.14",0.87,"1*3.14 + 3*2.09 + 3*2.21 + 1*2.76 + 1*2.07 + 1*1.28",22.15
"top_module","6 a222oi_1, 2 a22oi_1, 1 and2_0, 2 and3b_1, 1 conb_1, 4 nand2_1, 1 nand4_1, 2 nor2_1, 1 nor2b_1, 1 nor3_1, 3 nor3b_1, 1 o21ai_0","6*10.01 + 2*7.51 + 1*6.26 + 2*8.76 + 1*3.75 + 4*3.75 + 1*6.26 + 2*3.75 + 1*6.26 + 1*5.0 + 3*7.51 + 1*5.0",170.16,"0.18 + 0.32 + 0.05",0.55,"6*2.43 + 2*2.58 + 1*1.92 + 2*7.06 + 1*3.24 + 4*2.12 + 1*0.53 + 2*1.97 + 1*2.18 + 1*0.93 + 3*1.3 + 1*1.04",60.02
"twos_comp","1 and2_0, 1 clkinv_1, 1 nor4b_1, 1 o21ai_0, 1 o22ai_1, 1 xnor2_1","1*6.26 + 1*3.75 + 1*8.76 + 1*5.0 + 1*6.26 + 1*8.76",38.79,"0.22 + 0.13",0.35,"1*1.92 + 1*1.57 + 1*0.91 + 1*1.04 + 1*1.31 + 1*2.07",8.82
"full_adder_1bit","1 a311o_1, 1 a31o_1, 2 clkinv_1, 3 nand2_1, 2 nand3b_1, 3 xnor2_1, 1 xor2_1","1*10.01 + 1*8.76 + 2*3.75 + 3*3.75 + 2*7.51 + 3*8.76 + 1*8.76",87.58,"0.16 + 0.37 + 0.07",0.6,"1*1.57 + 1*2.37 + 2*1.57 + 3*2.12 + 2*1.4 + 3*2.07 + 1*4.28",26.73
"BBot_SimpleQuadratureCounter","3 a2111oi_0, 2 a211oi_1, 1 a21boi_0, 3 a21o_1, 33 a21oi_1, 1 a221oi_1, 1 a311oi_1, 1 a31o_1, 3 a31oi_1, 1 a32oi_1, 11 and2_0, 37 clkinv_1, 68 dfxtp_1, 4 maj3_1, 24 nand2_1, 3 nand3_1, 1 nand4_1, 23 nor2_1, 3 nor2b_1, 2 nor4_1, 1 o2111ai_1, 2 o211ai_1, 1 o21a_1, 40 o21ai_0, 1 o311ai_0, 1 o31ai_1, 2 o41a_1, 2 o41ai_1, 3 or3_1, 30 xnor2_1, 20 xor2_1","3*8.76 + 2*7.51 + 1*7.51 + 3*7.51 + 33*5.0 + 1*8.76 + 1*8.76 + 1*8.76 + 3*6.26 + 1*8.76 + 11*6.26 + 37*3.75 + 68*20.02 + 4*10.01 + 24*3.75 + 3*5.0 + 1*6.26 + 23*3.75 + 3*6.26 + 2*6.26 + 1*8.76 + 2*7.51 + 1*7.51 + 40*5.0 + 1*8.76 + 1*7.51 + 2*11.26 + 2*8.76 + 3*6.26 + 30*8.76 + 20*8.76",2872.36,"0.3 + 3.05 + 0.67 + 0.1 + 0.49 + 0.2 + 0.76 + 0.29 + 0.15 + 0.54 + 0.23 + 0.42 + 0.23 + 0.35 + 0.11 + 0.19",8.08,"3*0.42 + 2*0.98 + 1*2.48 + 3*5.9 + 33*1.65 + 1*1.78 + 1*0.97 + 1*2.37 + 3*1.48 + 1*1.25 + 11*1.92 + 37*1.57 + 68*8.44 + 4*2.09 + 24*2.12 + 3*1.03 + 1*0.53 + 23*1.97 + 3*2.18 + 2*0.5 + 1*0.58 + 2*0.7 + 1*2.21 + 40*1.04 + 1*0.64 + 1*1.7 + 2*1.37 + 2*1.39 + 3*1.28 + 30*2.07 + 20*4.28",1062.69
"four_bit_adder","1 a22oi_1, 1 maj3_1, 2 nand2_1, 1 nand2b_1, 3 nor2_1, 1 o31ai_1, 4 xnor2_1, 2 xor2_1","1*7.51 + 1*10.01 + 2*3.75 + 1*6.26 + 3*3.75 + 1*7.51 + 4*8.76 + 2*8.76",102.6,"0.19 + 0.12 + 0.33",0.64,"1*2.58 + 1*2.09 + 2*2.12 + 1*2.25 + 3*1.97 + 1*1.7 + 4*2.07 + 2*4.28",35.61
"sky130_fd_sc_ms__nor2","1 nor2_1","1*3.75",3.75,"0.04",0.04,"1*1.97",1.97
"synch_2","4 dfxtp_1, 1 nor2b_1","4*20.02 + 1*6.26",86.34,"0.28",0.28,"4*8.44 + 1*2.18",35.94
"xor_module","2 a21boi_0, 2 and2_0, 2 clkinv_1, 5 dfxtp_1, 2 dlxtn_1, 2 nor2_1, 2 nor3_1, 1 xor2_1","2*7.51 + 2*6.26 + 2*3.75 + 5*20.02 + 2*15.01 + 2*3.75 + 2*5.0 + 1*8.76",191.42,"0.31 + 0.05 + 0.13",0.49,"2*2.48 + 2*1.92 + 2*1.57 + 5*8.44 + 2*8.12 + 2*1.97 + 2*0.93 + 1*4.28",80.46
"synch_2","4 dfxtp_1, 1 nor2b_1","4*20.02 + 1*6.26",86.34,"0.28",0.28,"4*8.44 + 1*2.18",35.94
"top_module","2 conb_1, 1 nor3_1","2*3.75 + 1*5.0",12.5,"0.1",0.1,"2*3.24 + 1*0.93",7.41
"fourbitmux","1 mux4_2","1*22.52",22.52,"0.43",0.43,"1*6.37",6.37
"GreaterThan","1 a221oi_1, 1 a222oi_1, 2 a2bb2oi_1, 6 clkinv_1, 1 dfxtp_1, 1 nand2_1, 1 nand2b_1, 2 nor2b_1, 2 o221ai_1, 1 o22ai_1","1*8.76 + 1*10.01 + 2*8.76 + 6*3.75 + 1*20.02 + 1*3.75 + 1*6.26 + 2*6.26 + 2*8.76 + 1*6.26",125.12,"0.1 + 0.11 + 0.21 + 0.16 + 0.22",0.8,"1*1.78 + 1*2.43 + 2*3.38 + 6*1.57 + 1*8.44 + 1*2.12 + 1*2.25 + 2*2.18 + 2*1.09 + 1*1.31",41.05
"XOR_4bit","4 xor2_1","4*8.76",35.04,"0.12",0.12,"4*4.28",17.12
"COREAHBLITE_ADDRDEC","1 a31oi_1, 1 and4b_1, 1 mux2_1, 1 nand2_1, 2 nand2b_1, 1 nand3_1, 2 nand3b_1, 1 nand4b_1, 12 nor2_1, 1 nor2b_1, 4 nor3_1, 2 nor4_1, 1 or3_1, 1 or4_1, 1 xor2_1","1*6.26 + 1*10.01 + 1*11.26 + 1*3.75 + 2*6.26 + 1*5.0 + 2*7.51 + 1*8.76 + 12*3.75 + 1*6.26 + 4*5.0 + 2*6.26 + 1*6.26 + 1*7.51 + 1*8.76",178.89,"0.35 + 0.14 + 0.45 + 0.3",1.24,"1*1.48 + 1*5.99 + 1*4.03 + 1*2.12 + 2*2.25 + 1*1.03 + 2*1.4 + 1*1.03 + 12*1.97 + 1*2.18 + 4*0.93 + 2*0.5 + 1*1.28 + 1*0.85 + 1*4.28",59.93
"MUX4","1 mux4_2","1*22.52",22.52,"0.43",0.43,"1*6.37",6.37
"binary_edge_detector","1 a21o_1, 3 a21oi_1, 2 clkinv_1, 2 dfrtp_1, 4 dfxtp_1, 2 mux2_1, 1 nand2_1, 2 nand2b_1, 4 nor2_1, 1 nor2b_1, 1 o21a_1, 1 o21ai_0","1*7.51 + 3*5.0 + 2*3.75 + 2*25.02 + 4*20.02 + 2*11.26 + 1*3.75 + 2*6.26 + 4*3.75 + 1*6.26 + 1*7.51 + 1*5.0",232.69,"0.34 + 0.15 + 0.12",0.61,"1*5.9 + 3*1.65 + 2*1.57 + 2*11.65 + 4*8.44 + 2*4.03 + 1*2.12 + 2*2.25 + 4*1.97 + 1*2.18 + 1*2.21 + 1*1.04",99.04
"byte_order_adder","1 a211o_1, 5 a211oi_1, 6 a21o_1, 41 a21oi_1, 6 and2_0, 17 and3_1, 17 clkinv_1, 34 dfxtp_1, 6 maj3_1, 22 nand2_1, 3 nand2b_1, 17 nand3_1, 25 nor2_1, 8 nor2b_1, 28 nor3_1, 3 o211ai_1, 15 o21a_1, 4 o21ai_0, 1 o21bai_1, 3 o311a_1, 1 o311ai_0, 1 o31a_1, 1 o31ai_1, 3 or2_0, 7 xnor2_1, 28 xor2_1, 1 xor3_1","1*8.76 + 5*7.51 + 6*7.51 + 41*5.0 + 6*6.26 + 17*6.26 + 17*3.75 + 34*20.02 + 6*10.01 + 22*3.75 + 3*6.26 + 17*5.0 + 25*3.75 + 8*6.26 + 28*5.0 + 3*7.51 + 15*7.51 + 4*5.0 + 1*7.51 + 3*10.01 + 1*8.76 + 1*8.76 + 1*7.51 + 3*6.26 + 7*8.76 + 28*8.76 + 1*23.77",2281.85,"0.32 + 0.18 + 0.19 + 0.22 + 0.1 + 0.39 + 0.37 + 0.36 + 0.23 + 0.12 + 0.24 + 0.16 + 0.31 + 0.16 + 0.24 + 0.14 + 0.26 + 0.23 + 0.24 + 0.25 + 0.24 + 0.15 + 0.19",5.29,"1*3.14 + 5*0.98 + 6*5.9 + 41*1.65 + 6*1.92 + 17*5.59 + 17*1.57 + 34*8.44 + 6*2.09 + 22*2.12 + 3*2.25 + 17*1.03 + 25*1.97 + 8*2.18 + 28*0.93 + 3*0.7 + 15*2.21 + 4*1.04 + 1*2.87 + 3*3.77 + 1*0.64 + 1*2.07 + 1*1.7 + 3*1.26 + 7*2.07 + 28*4.28 + 1*15.22",918.79
"mux2to1","1 mux2_1","1*11.26",11.26,"0.26",0.26,"1*4.03",4.03
"sky130_fd_sc_ls__a32o","1 a32o_1","1*10.01",10.01,"0.21",0.21,"1*2.3",2.3
"dffpipe","1 dfrtp_1","1*25.02",25.02,"0.31",0.31,"1*11.65",11.65
"eth_outputcontrol","3 a21oi_1, 1 a311oi_1, 8 clkinv_1, 6 dfrtp_1, 2 mux2_1, 5 nor2_1, 1 o21ai_0, 1 o311ai_0, 1 o41ai_1, 1 or4b_1","3*5.0 + 1*8.76 + 8*3.75 + 6*25.02 + 2*11.26 + 5*3.75 + 1*5.0 + 1*8.76 + 1*8.76 + 1*10.01",277.68,"0.5 + 0.23 + 0.1",0.83,"3*1.65 + 1*0.97 + 8*1.57 + 6*11.65 + 2*4.03 + 5*1.97 + 1*1.04 + 1*0.64 + 1*1.39 + 1*2.14",111.5
"jkflipflop","1 a211oi_1, 1 a21o_1, 2 dfxtp_1, 1 nand2_1, 1 nor2_1, 1 or2_0","1*7.51 + 1*7.51 + 2*20.02 + 1*3.75 + 1*3.75 + 1*6.26",68.82,"0.28 + 0.2 + 0.17",0.65,"1*0.98 + 1*5.9 + 2*8.44 + 1*2.12 + 1*1.97 + 1*1.26",29.11
"M_uxa_ps2_fifo","2 a21o_1, 3 a21oi_1, 1 a22o_1, 1 a31o_1, 1 a41oi_1, 1 and3_1, 3 clkinv_1, 140 dfxtp_1, 129 mux2_1, 4 mux2i_1, 37 mux4_2, 7 nand2_1, 7 nand2b_1, 1 nand4_1, 1 nand4bb_1, 5 nor2_1, 2 nor2b_1, 4 nor3_1, 1 nor3b_1, 17 nor4_1, 3 o211ai_1, 4 o21ai_0, 1 o31ai_1, 4 o41ai_1, 2 or2_0, 1 or4_1, 5 xnor2_1","2*7.51 + 3*5.0 + 1*8.76 + 1*8.76 + 1*8.76 + 1*6.26 + 3*3.75 + 140*20.02 + 129*11.26 + 4*10.01 + 37*22.52 + 7*3.75 + 7*6.26 + 1*6.26 + 1*11.26 + 5*3.75 + 2*6.26 + 4*5.0 + 1*7.51 + 17*6.26 + 3*7.51 + 4*5.0 + 1*7.51 + 4*8.76 + 2*6.26 + 1*7.51 + 5*8.76",5604.13,"0.32 + 0.26 + 0.14 + 1.43 + 0.42 + 0.43",3.0,"2*5.9 + 3*1.65 + 1*4.06 + 1*2.37 + 1*1.36 + 1*5.59 + 3*1.57 + 140*8.44 + 129*4.03 + 4*5.89 + 37*6.37 + 7*2.12 + 7*2.25 + 1*0.53 + 1*1.9 + 5*1.97 + 2*2.18 + 4*0.93 + 1*1.3 + 17*0.5 + 3*0.7 + 4*1.04 + 1*1.7 + 4*1.39 + 2*1.26 + 1*0.85 + 5*2.07",2083.55
"binary_gray_barrel_shift","3 a211oi_1, 1 clkinv_1, 1 conb_1, 3 mux2i_1, 3 nor2b_1","3*7.51 + 1*3.75 + 1*3.75 + 3*10.01 + 3*6.26",78.84,"0.09 + 0.16",0.25,"3*0.98 + 1*1.57 + 1*3.24 + 3*5.89 + 3*2.18",31.96
"my_module","1 a41o_1","1*10.01",10.01,"0.19",0.19,"1*6.61",6.61
"d_ff_async_reset","1 clkinv_1, 1 dfrtp_1","1*3.75 + 1*25.02",28.77,"0.31",0.31,"1*1.57 + 1*11.65",13.22
"daala_idct4_stream_v1_0_S00_AXIS","1 a21boi_0, 2 a21oi_1, 1 a311oi_1, 1 a31oi_1, 1 a41oi_1, 2 and3_1, 1 and4_1, 1 clkinv_1, 5 dfxtp_1, 2 nor3_1, 1 o21ai_0, 1 o31a_1","1*7.51 + 2*5.0 + 1*8.76 + 1*6.26 + 1*8.76 + 2*6.26 + 1*8.76 + 1*3.75 + 5*20.02 + 2*5.0 + 1*5.0 + 1*8.76",190.18,"0.31 + 0.19 + 0.26",0.76,"1*2.48 + 2*1.65 + 1*0.97 + 1*1.48 + 1*1.36 + 2*5.59 + 1*3.4 + 1*1.57 + 5*8.44 + 2*0.93 + 1*1.04 + 1*2.07",72.91
"nios_system_alu","2 a2111oi_0, 1 a211o_1, 2 a211oi_1, 1 a21bo_1, 8 a21boi_0, 9 a21o_1, 117 a21oi_1, 1 a221o_1, 4 a221oi_1, 7 a22o_1, 24 a22oi_1, 6 a2bb2oi_1, 1 a311o_1, 2 a311oi_1, 3 a31o_1, 40 a31oi_1, 3 a32o_1, 3 a32oi_1, 2 a41oi_1, 56 and2_0, 6 and3_1, 1 and3b_1, 1 and4_1, 56 clkinv_1, 32 dfrtp_1, 191 maj3_1, 1 mux2i_1, 371 nand2_1, 37 nand2b_1, 19 nand3_1, 1 nand3b_1, 8 nand4_1, 2 nand4b_1, 199 nor2_1, 39 nor2b_1, 24 nor3_1, 2 nor3b_1, 5 nor4_1, 1 nor4bb_1, 6 o2111ai_1, 4 o211ai_1, 11 o21a_1, 86 o21ai_0, 5 o21bai_1, 1 o221ai_1, 7 o22a_1, 6 o22ai_1, 1 o311a_1, 2 o311ai_0, 2 o31a_1, 4 o31ai_1, 3 o32a_1, 1 o32ai_1, 2 o41ai_1, 22 or2_0, 13 or3_1, 1 or3b_1, 3 or4_1, 414 xnor2_1, 57 xnor3_1, 233 xor2_1, 34 xor3_1","2*8.76 + 1*8.76 + 2*7.51 + 1*10.01 + 8*7.51 + 9*7.51 + 117*5.0 + 1*10.01 + 4*8.76 + 7*8.76 + 24*7.51 + 6*8.76 + 1*10.01 + 2*8.76 + 3*8.76 + 40*6.26 + 3*10.01 + 3*8.76 + 2*8.76 + 56*6.26 + 6*6.26 + 1*8.76 + 1*8.76 + 56*3.75 + 32*25.02 + 191*10.01 + 1*10.01 + 371*3.75 + 37*6.26 + 19*5.0 + 1*7.51 + 8*6.26 + 2*8.76 + 199*3.75 + 39*6.26 + 24*5.0 + 2*7.51 + 5*6.26 + 1*10.01 + 6*8.76 + 4*7.51 + 11*7.51 + 86*5.0 + 5*7.51 + 1*8.76 + 7*8.76 + 6*6.26 + 1*10.01 + 2*8.76 + 2*8.76 + 4*7.51 + 3*10.01 + 1*8.76 + 2*8.76 + 22*6.26 + 13*6.26 + 1*8.76 + 3*7.51 + 414*8.76 + 57*22.52 + 233*8.76 + 34*23.77",16660.82,"0.18 + 0.44 + 0.39 + 0.39 + 0.39 + 0.39 + 0.17 + 0.36 + 0.39 + 0.16 + 0.17 + 0.08 + 0.24 + 0.13 + 0.16 + 0.21 + 0.16 + 0.15 + 0.09 + 0.25 + 0.18 + 0.13 + 0.08 + 0.2 + 0.13 + 0.19 + 0.29 + 0.11",6.21,"2*0.42 + 1*3.14 + 2*0.98 + 1*7.27 + 8*2.48 + 9*5.9 + 117*1.65 + 1*2.66 + 4*1.78 + 7*4.06 + 24*2.58 + 6*3.38 + 1*1.57 + 2*0.97 + 3*2.37 + 40*1.48 + 3*2.3 + 3*1.25 + 2*1.36 + 56*1.92 + 6*5.59 + 1*7.06 + 1*3.4 + 56*1.57 + 32*11.65 + 191*2.09 + 1*5.89 + 371*2.12 + 37*2.25 + 19*1.03 + 1*1.4 + 8*0.53 + 2*1.03 + 199*1.97 + 39*2.18 + 24*0.93 + 2*1.3 + 5*0.5 + 1*3.2 + 6*0.58 + 4*0.7 + 11*2.21 + 86*1.04 + 5*2.87 + 1*1.09 + 7*2.76 + 6*1.31 + 1*3.77 + 2*0.64 + 2*2.07 + 4*1.7 + 3*1.66 + 1*1.09 + 2*1.39 + 22*1.26 + 13*1.28 + 1*2.59 + 3*0.85 + 414*2.07 + 57*15.62 + 233*4.28 + 34*15.22",6403.85
"dff2","2 a221o_1, 2 and3b_1, 2 dfxtp_1, 1 nor2_1","2*10.01 + 2*8.76 + 2*20.02 + 1*3.75",81.33,"0.27 + 0.27",0.54,"2*2.66 + 2*7.06 + 2*8.44 + 1*1.97",38.29
"control_digitos_1","1 a211o_1, 1 a21oi_1, 3 a31oi_1, 1 a41oi_1, 1 and4_1, 2 and4b_1, 1 clkinv_1, 36 dfxtp_1, 36 mux2_1, 29 nand2_1, 3 nand2b_1, 1 nand4bb_1, 2 nor2_1, 1 nor2b_1, 2 nor3_1, 4 nor4_1, 4 nor4bb_1, 4 o21ai_0, 1 or4_1, 1 or4b_1","1*8.76 + 1*5.0 + 3*6.26 + 1*8.76 + 1*8.76 + 2*10.01 + 1*3.75 + 36*20.02 + 36*11.26 + 29*3.75 + 3*6.26 + 1*11.26 + 2*3.75 + 1*6.26 + 2*5.0 + 4*6.26 + 4*10.01 + 4*5.0 + 1*7.51 + 1*10.01",1465.06,"0.38 + 0.18 + 0.41 + 0.35",1.32,"1*3.14 + 1*1.65 + 3*1.48 + 1*1.36 + 1*3.4 + 2*5.99 + 1*1.57 + 36*8.44 + 36*4.03 + 29*2.12 + 3*2.25 + 1*1.9 + 2*1.97 + 1*2.18 + 2*0.93 + 4*0.5 + 4*3.2 + 4*1.04 + 1*0.85 + 1*2.14",576.52
"pointer_basic","2 a211oi_1, 7 a21oi_1, 5 a311oi_1, 19 and2_0, 1 clkinv_1, 32 dfxtp_1, 1 maj3_1, 12 mux2_1, 21 nand2_1, 95 nor2_1, 1 nor2b_1, 1 nor3_1, 3 o21ai_0, 1 o311a_1, 5 o311ai_0, 1 o31a_1, 6 o31ai_1, 7 or2_0, 31 xnor2_1, 12 xor2_1","2*7.51 + 7*5.0 + 5*8.76 + 19*6.26 + 1*3.75 + 32*20.02 + 1*10.01 + 12*11.26 + 21*3.75 + 95*3.75 + 1*6.26 + 1*5.0 + 3*5.0 + 1*10.01 + 5*8.76 + 1*8.76 + 6*7.51 + 7*6.26 + 31*8.76 + 12*8.76",1991.67,"0.31 + 0.17 + 0.09 + 0.28 + 0.13 + 0.4 + 0.34 + 0.18 + 0.3 + 0.16 + 0.38 + 0.17 + 0.38 + 0.17 + 0.38 + 0.17 + 0.37 + 0.2 + 0.13 + 0.06 + 0.28",5.05,"2*0.98 + 7*1.65 + 5*0.97 + 19*1.92 + 1*1.57 + 32*8.44 + 1*2.09 + 12*4.03 + 21*2.12 + 95*1.97 + 1*2.18 + 1*0.93 + 3*1.04 + 1*3.77 + 5*0.64 + 1*2.07 + 6*1.7 + 7*1.26 + 31*2.07 + 12*4.28",758.43
"mux_wire_connection","1 and2_0, 1 mux2_1, 1 nand2_1, 1 or2_0, 1 xor2_1","1*6.26 + 1*11.26 + 1*3.75 + 1*6.26 + 1*8.76",36.29,"0.13 + 0.25",0.38,"1*1.92 + 1*4.03 + 1*2.12 + 1*1.26 + 1*4.28",13.61
"myModule","2 a31oi_1, 98 and2_0, 7 and4b_1, 2 clkinv_1, 138 dfxtp_1, 2 mux2_1, 4 nand2_1, 32 nand2b_1, 2 nand3_1, 8 nand4_1, 6 nand4b_1, 5 nor2_1, 1 nor3_1, 4 nor4_1, 6 nor4b_1, 8 nor4bb_1, 3 o21ai_0, 1 or2_0, 3 or4_1, 2 or4b_1, 6 xnor2_1, 5 xor2_1","2*6.26 + 98*6.26 + 7*10.01 + 2*3.75 + 138*20.02 + 2*11.26 + 4*3.75 + 32*6.26 + 2*5.0 + 8*6.26 + 6*8.76 + 5*3.75 + 1*5.0 + 4*6.26 + 6*8.76 + 8*10.01 + 3*5.0 + 1*6.26 + 3*7.51 + 2*10.01 + 6*8.76 + 5*8.76",4158.41,"0.3 + 0.3 + 1.23 + 0.23",2.06,"2*1.48 + 98*1.92 + 7*5.99 + 2*1.57 + 138*8.44 + 2*4.03 + 4*2.12 + 32*2.25 + 2*1.03 + 8*0.53 + 6*1.03 + 5*1.97 + 1*0.93 + 4*0.5 + 6*0.91 + 8*3.2 + 3*1.04 + 1*1.26 + 3*0.85 + 2*2.14 + 6*2.07 + 5*4.28",1590.8
"voltage_level_shifter","2 mux2_1","2*11.26",22.52,"0.26",0.26,"2*4.03",8.06
"coeff_rom","1 a21boi_0, 1 a21o_1, 2 a21oi_1, 3 clkinv_1, 15 dfxtp_1, 1 mux2i_1, 8 nand2_1, 1 nand2b_1, 1 nor2_1, 1 nor2b_1, 6 o21ai_0","1*7.51 + 1*7.51 + 2*5.0 + 3*3.75 + 15*20.02 + 1*10.01 + 8*3.75 + 1*6.26 + 1*3.75 + 1*6.26 + 6*5.0",422.85,"0.14 + 0.14 + 0.09",0.37,"1*2.48 + 1*5.9 + 2*1.65 + 3*1.57 + 15*8.44 + 1*5.89 + 8*2.12 + 1*2.25 + 1*1.97 + 1*2.18 + 6*1.04",178.48
"d_flip_flop","1 dfxtp_1","1*20.02",20.02,"0.26",0.26,"1*8.44",8.44
"uart51_rx","2 a21oi_1, 1 a22o_1, 1 a311o_1, 1 and2_0, 2 and3_1, 1 and4b_1, 3 clkinv_1, 19 dfrtp_1, 2 dfstp_2, 1 dfxtp_1, 2 mux2_1, 17 nand2_1, 6 nand3_1, 2 nand3b_1, 2 nand4_1, 7 nor2_1, 3 nor2b_1, 1 nor3_1, 2 nor4bb_1, 1 o211a_1, 4 o211ai_1, 1 o21a_1, 9 o21ai_0, 1 o21bai_1, 1 o22ai_1, 3 o2bb2ai_1, 1 o311ai_0, 1 o31a_1, 1 o31ai_1, 2 or2_0, 4 or3_1, 1 or4_1, 10 xnor2_1, 3 xor2_1","2*5.0 + 1*8.76 + 1*10.01 + 1*6.26 + 2*6.26 + 1*10.01 + 3*3.75 + 19*25.02 + 2*26.28 + 1*20.02 + 2*11.26 + 17*3.75 + 6*5.0 + 2*7.51 + 2*6.26 + 7*3.75 + 3*6.26 + 1*5.0 + 2*10.01 + 1*10.01 + 4*7.51 + 1*7.51 + 9*5.0 + 1*7.51 + 1*6.26 + 3*8.76 + 1*8.76 + 1*8.76 + 1*7.51 + 2*6.26 + 4*6.26 + 1*7.51 + 10*8.76 + 3*8.76",1147.22,"0.38 + 0.37 + 0.36 + 0.14 + 0.06 + 0.45",1.76,"2*1.65 + 1*4.06 + 1*1.57 + 1*1.92 + 2*5.59 + 1*5.99 + 3*1.57 + 19*11.65 + 2*10.52 + 1*8.44 + 2*4.03 + 17*2.12 + 6*1.03 + 2*1.4 + 2*0.53 + 7*1.97 + 3*2.18 + 1*0.93 + 2*3.2 + 1*10.66 + 4*0.7 + 1*2.21 + 9*1.04 + 1*2.87 + 1*1.31 + 3*1.85 + 1*0.64 + 1*2.07 + 1*1.7 + 2*1.26 + 4*1.28 + 1*0.85 + 10*2.07 + 3*4.28",446.56
"clock_counter","1 a21o_1, 5 a21oi_1, 3 a31oi_1, 2 and2_0, 3 and3_1, 4 and4_1, 1 conb_1, 17 dfrtp_1, 1 nand2b_1, 2 nand3_1, 8 nor2_1, 9 nor3_1, 1 nor3b_1, 1 nor4_1, 2 o21ai_0, 4 xnor2_1, 1 xor2_1","1*7.51 + 5*5.0 + 3*6.26 + 2*6.26 + 3*6.26 + 4*8.76 + 1*3.75 + 17*25.02 + 1*6.26 + 2*5.0 + 8*3.75 + 9*5.0 + 1*7.51 + 1*6.26 + 2*5.0 + 4*8.76 + 1*8.76",705.55,"0.37 + 0.25 + 0.26 + 0.26 + 0.3 + 0.2 + 0.04",1.68,"1*5.9 + 5*1.65 + 3*1.48 + 2*1.92 + 3*5.59 + 4*3.4 + 1*3.24 + 17*11.65 + 1*2.25 + 2*1.03 + 8*1.97 + 9*0.93 + 1*1.3 + 1*0.5 + 2*1.04 + 4*2.07 + 1*4.28",298.97
"fmrv32im_timer","2 a211o_1, 4 a211oi_1, 1 a21o_1, 47 a21oi_1, 33 a22o_1, 2 a22oi_1, 1 a2bb2oi_1, 1 a311oi_1, 2 a31o_1, 4 a31oi_1, 3 and2_0, 3 and4_1, 27 clkinv_1, 64 dfxtp_1, 5 maj3_1, 15 nand2_1, 3 nand2b_1, 2 nand3_1, 1 nand3b_1, 5 nand4_1, 59 nor2_1, 10 nor2b_1, 4 nor3_1, 1 nor3b_1, 6 nor4_1, 2 nor4b_1, 2 o2111ai_1, 4 o211a_1, 2 o211ai_1, 1 o21a_1, 71 o21ai_0, 7 o22ai_1, 2 or3_1, 1 or3b_1, 17 xnor2_1, 12 xor2_1","2*8.76 + 4*7.51 + 1*7.51 + 47*5.0 + 33*8.76 + 2*7.51 + 1*8.76 + 1*8.76 + 2*8.76 + 4*6.26 + 3*6.26 + 3*8.76 + 27*3.75 + 64*20.02 + 5*10.01 + 15*3.75 + 3*6.26 + 2*5.0 + 1*7.51 + 5*6.26 + 59*3.75 + 10*6.26 + 4*5.0 + 1*7.51 + 6*6.26 + 2*8.76 + 2*8.76 + 4*10.01 + 2*7.51 + 1*7.51 + 71*5.0 + 7*6.26 + 2*6.26 + 1*8.76 + 17*8.76 + 12*8.76",3376.4,"2.54 + 1.56 + 0.44 + 0.06",4.6,"2*3.14 + 4*0.98 + 1*5.9 + 47*1.65 + 33*4.06 + 2*2.58 + 1*3.38 + 1*0.97 + 2*2.37 + 4*1.48 + 3*1.92 + 3*3.4 + 27*1.57 + 64*8.44 + 5*2.09 + 15*2.12 + 3*2.25 + 2*1.03 + 1*1.4 + 5*0.53 + 59*1.97 + 10*2.18 + 4*0.93 + 1*1.3 + 6*0.5 + 2*0.91 + 2*0.58 + 4*10.66 + 2*0.7 + 1*2.21 + 71*1.04 + 7*1.31 + 2*1.28 + 1*2.59 + 17*2.07 + 12*4.28",1271.41
"comparator","1 clkinv_1, 1 maj3_1, 2 nor2b_1, 1 nor3_1, 1 xor2_1","1*3.75 + 1*10.01 + 2*6.26 + 1*5.0 + 1*8.76",40.04,"0.12 + 0.31",0.43,"1*1.57 + 1*2.09 + 2*2.18 + 1*0.93 + 1*4.28",13.23
"cf_mul","1 a211oi_1, 3 a21boi_0, 2 a21o_1, 8 a21oi_1, 2 a221o_1, 13 a221oi_1, 30 a222oi_1, 12 a22oi_1, 1 a311oi_1, 1 a31oi_1, 33 and2_0, 5 and3_1, 9 clkinv_1, 248 dfxtp_1, 40 maj3_1, 113 nand2_1, 12 nand2b_1, 3 nand3_1, 36 nor2_1, 11 nor2b_1, 5 nor3_1, 1 nor4_1, 3 o21a_1, 34 o21ai_0, 6 o221ai_1, 4 o31ai_1, 7 or2_0, 1 or3_1, 106 xnor2_1, 41 xor2_1","1*7.51 + 3*7.51 + 2*7.51 + 8*5.0 + 2*10.01 + 13*8.76 + 30*10.01 + 12*7.51 + 1*8.76 + 1*6.26 + 33*6.26 + 5*6.26 + 9*3.75 + 248*20.02 + 40*10.01 + 113*3.75 + 12*6.26 + 3*5.0 + 36*3.75 + 11*6.26 + 5*5.0 + 1*6.26 + 3*7.51 + 34*5.0 + 6*8.76 + 4*7.51 + 7*6.26 + 1*6.26 + 106*8.76 + 41*8.76",8623.31,"0.29 + 0.08 + 0.13 + 0.4 + 0.39 + 0.39 + 0.38 + 0.25 + 0.14 + 0.4 + 0.39 + 0.39 + 0.39 + 0.39 + 0.39 + 0.39 + 0.39 + 0.37 + 0.13",6.08,"1*0.98 + 3*2.48 + 2*5.9 + 8*1.65 + 2*2.66 + 13*1.78 + 30*2.43 + 12*2.58 + 1*0.97 + 1*1.48 + 33*1.92 + 5*5.59 + 9*1.57 + 248*8.44 + 40*2.09 + 113*2.12 + 12*2.25 + 3*1.03 + 36*1.97 + 11*2.18 + 5*0.93 + 1*0.5 + 3*2.21 + 34*1.04 + 6*1.09 + 4*1.7 + 7*1.26 + 1*1.28 + 106*2.07 + 41*4.28",3280.38
"top_module","2 a211oi_1, 2 a21bo_1, 1 a21oi_1, 27 a221oi_1, 1 a2bb2oi_1, 1 a32oi_1, 4 clkinv_1, 66 dfxtp_1, 4 nand2_1, 1 nand2b_1, 1 nand3_1, 1 nand3b_1, 1 nand4_1, 1 nand4b_1, 35 nor2_1, 66 nor2b_1, 29 nor3_1, 1 nor4_1, 29 o21ai_0, 1 or2_0","2*7.51 + 2*10.01 + 1*5.0 + 27*8.76 + 1*8.76 + 1*8.76 + 4*3.75 + 66*20.02 + 4*3.75 + 1*6.26 + 1*5.0 + 1*7.51 + 1*6.26 + 1*8.76 + 35*3.75 + 66*6.26 + 29*5.0 + 1*6.26 + 29*5.0 + 1*6.26",2526.12,"0.37 + 0.1 + 0.25 + 0.09 + 2.05 + 0.31 + 0.19",3.36,"2*0.98 + 2*7.27 + 1*1.65 + 27*1.78 + 1*3.38 + 1*1.25 + 4*1.57 + 66*8.44 + 4*2.12 + 1*2.25 + 1*1.03 + 1*1.4 + 1*0.53 + 1*1.03 + 35*1.97 + 66*2.18 + 29*0.93 + 1*0.5 + 29*1.04 + 1*1.26",920.6
"ssio_sdr_in","1 dfxtp_1","1*20.02",20.02,"0.26",0.26,"1*8.44",8.44
"up_counter_4bit","2 a21oi_1, 1 a41oi_1, 1 and3_1, 4 dfxtp_1, 1 nor2_1, 1 nor3_1, 1 o21a_1, 1 o21bai_1","2*5.0 + 1*8.76 + 1*6.26 + 4*20.02 + 1*3.75 + 1*5.0 + 1*7.51 + 1*7.51",128.87,"0.31 + 0.17 + 0.15",0.63,"2*1.65 + 1*1.36 + 1*5.59 + 4*8.44 + 1*1.97 + 1*0.93 + 1*2.21 + 1*2.87",51.99
"mux2to1","1 mux2_1","1*11.26",11.26,"0.26",0.26,"1*4.03",4.03
"and_or_gate","1 and2_0","1*6.26",6.26,"0.1",0.1,"1*1.92",1.92
"Ctr","5 clkinv_1, 1 conb_1, 2 nand3_1, 3 nor2_1, 2 nor3_1, 1 nor3b_1, 1 o211ai_1, 1 o21bai_1, 1 o311ai_0, 1 or4_1","5*3.75 + 1*3.75 + 2*5.0 + 3*3.75 + 2*5.0 + 1*7.51 + 1*7.51 + 1*7.51 + 1*8.76 + 1*7.51",92.55,"0.54 + 0.13 + 0.1",0.77,"5*1.57 + 1*3.24 + 2*1.03 + 3*1.97 + 2*0.93 + 1*1.3 + 1*0.7 + 1*2.87 + 1*0.64 + 1*0.85",27.28
"fric_client_slave","2 a2111o_1, 1 a2111oi_0, 1 a211o_1, 2 a211oi_1, 20 a21oi_1, 5 a222oi_1, 8 a22o_1, 3 a22oi_1, 1 and4_1, 1 and4b_1, 55 dfxtp_1, 8 mux2i_1, 24 nand2_1, 4 nand3_1, 1 nand3b_1, 16 nor2_1, 13 nor2b_1, 2 nor3_1, 1 nor3b_1, 2 nor4b_1, 4 o21ai_0, 1 or2_0, 1 or3_1","2*11.26 + 1*8.76 + 1*8.76 + 2*7.51 + 20*5.0 + 5*10.01 + 8*8.76 + 3*7.51 + 1*8.76 + 1*10.01 + 55*20.02 + 8*10.01 + 24*3.75 + 4*5.0 + 1*7.51 + 16*3.75 + 13*6.26 + 2*5.0 + 1*7.51 + 2*8.76 + 4*5.0 + 1*6.26 + 1*6.26",1824.11,"0.31 + 0.36 + 0.8 + 0.19 + 0.16",1.82,"2*1.68 + 1*0.42 + 1*3.14 + 2*0.98 + 20*1.65 + 5*2.43 + 8*4.06 + 3*2.58 + 1*3.4 + 1*5.99 + 55*8.44 + 8*5.89 + 24*2.12 + 4*1.03 + 1*1.4 + 16*1.97 + 13*2.18 + 2*0.93 + 1*1.3 + 2*0.91 + 4*1.04 + 1*1.26 + 1*1.28",742.9
"adder_subtractor","1 a21boi_0, 1 a21oi_1, 2 and2_0, 1 clkinv_1, 7 maj3_1, 4 nand2_1, 2 nor2_1, 1 o21ai_0, 1 o22ai_1, 1 o31ai_1, 18 xnor2_1, 2 xor2_1","1*7.51 + 1*5.0 + 2*6.26 + 1*3.75 + 7*10.01 + 4*3.75 + 2*3.75 + 1*5.0 + 1*6.26 + 1*7.51 + 18*8.76 + 2*8.76",315.32,"0.22 + 0.14 + 0.39 + 0.37 + 0.37 + 0.37 + 0.37 + 0.37 + 0.3",2.9,"1*2.48 + 1*1.65 + 2*1.92 + 1*1.57 + 7*2.09 + 4*2.12 + 2*1.97 + 1*1.04 + 1*1.31 + 1*1.7 + 18*2.07 + 2*4.28",86.46
"sky130_fd_sc_lp__and3b","1 and3_1","1*6.26",6.26,"0.13",0.13,"1*5.59",5.59
"sky130_fd_sc_lp__a2111o_2","1 or2_0","1*6.26",6.26,"0.17",0.17,"1*1.26",1.26
"exponent_finder","8 a211oi_1, 1 a21boi_0, 1 a21o_1, 17 a21oi_1, 1 a222oi_1, 1 a22o_1, 3 a22oi_1, 1 a2bb2oi_1, 1 a311oi_1, 3 a31oi_1, 14 and2_0, 2 and3_1, 2 and4_1, 16 clkinv_1, 20 dfxtp_1, 28 maj3_1, 55 nand2_1, 2 nand2b_1, 2 nand3_1, 5 nand4_1, 18 nor2_1, 8 nor2b_1, 3 nor3_1, 13 nor4_1, 1 o21a_1, 11 o21ai_0, 3 o221ai_1, 1 o22a_1, 3 o22ai_1, 1 o31a_1, 2 or2_0, 2 or3_1, 1 or4_1, 22 xnor2_1, 15 xnor3_1, 21 xor2_1, 12 xor3_1","8*7.51 + 1*7.51 + 1*7.51 + 17*5.0 + 1*10.01 + 1*8.76 + 3*7.51 + 1*8.76 + 1*8.76 + 3*6.26 + 14*6.26 + 2*6.26 + 2*8.76 + 16*3.75 + 20*20.02 + 28*10.01 + 55*3.75 + 2*6.26 + 2*5.0 + 5*6.26 + 18*3.75 + 8*6.26 + 3*5.0 + 13*6.26 + 1*7.51 + 11*5.0 + 3*8.76 + 1*8.76 + 3*6.26 + 1*8.76 + 2*6.26 + 2*6.26 + 1*7.51 + 22*8.76 + 15*22.52 + 21*8.76 + 12*23.77",2727.45,"0.48 + 0.13 + 0.38 + 0.39 + 0.39 + 0.17 + 0.38 + 0.23 + 0.11 + 0.25 + 0.1 + 0.24",3.25,"8*0.98 + 1*2.48 + 1*5.9 + 17*1.65 + 1*2.43 + 1*4.06 + 3*2.58 + 1*3.38 + 1*0.97 + 3*1.48 + 14*1.92 + 2*5.59 + 2*3.4 + 16*1.57 + 20*8.44 + 28*2.09 + 55*2.12 + 2*2.25 + 2*1.03 + 5*0.53 + 18*1.97 + 8*2.18 + 3*0.93 + 13*0.5 + 1*2.21 + 11*1.04 + 3*1.09 + 1*2.76 + 3*1.31 + 1*2.07 + 2*1.26 + 2*1.28 + 1*0.85 + 22*2.07 + 15*15.62 + 21*4.28 + 12*15.22",1136.56
"up_down_counter","13 clkinv_1, 12 dfrtp_1, 1 nand2_1, 1 nand2b_1, 1 nand4_1, 1 o21ai_0, 1 or4_1, 2 xnor2_1, 3 xor2_1","13*3.75 + 12*25.02 + 1*3.75 + 1*6.26 + 1*6.26 + 1*5.0 + 1*7.51 + 2*8.76 + 3*8.76",421.57,"0.38 + 0.51 + 0.09 + 0.13",1.11,"13*1.57 + 12*11.65 + 1*2.12 + 1*2.25 + 1*0.53 + 1*1.04 + 1*0.85 + 2*2.07 + 3*4.28",183.98
"shift_register","4 a21oi_1, 4 a221oi_1, 8 clkinv_1, 20 dfxtp_1, 8 nand2_1, 5 nand2b_1, 4 nor2_1, 4 nor3_1, 4 o221a_1, 4 o221ai_1, 1 or2_0","4*5.0 + 4*8.76 + 8*3.75 + 20*20.02 + 8*3.75 + 5*6.26 + 4*3.75 + 4*5.0 + 4*11.26 + 4*8.76 + 1*6.26",668.08,"0.35 + 0.28",0.63,"4*1.65 + 4*1.78 + 8*1.57 + 20*8.44 + 8*2.12 + 5*2.25 + 4*1.97 + 4*0.93 + 4*2.73 + 4*1.09 + 1*1.26",251.43
"signal_combiner","2 xnor2_1, 1 xor2_1","2*8.76 + 1*8.76",26.28,"0.15 + 0.11",0.26,"2*2.07 + 1*4.28",8.42
"aurora_201_RX_STREAM","1 dfxtp_1, 1 nand2_1, 1 o21a_1","1*20.02 + 1*3.75 + 1*7.51",31.28,"0.28 + 0.17",0.45,"1*8.44 + 1*2.12 + 1*2.21",12.77
"counter_load_down_set","1 a22o_1, 1 a32o_1, 7 clkinv_1, 4 dfrtp_1, 1 nand2_1, 2 nand2b_1, 1 nor2b_1, 1 nor3_1, 1 nor4_1, 1 o211ai_1, 4 o21ai_0, 1 o21bai_1, 1 o22ai_1, 1 o31a_1, 1 o41ai_1","1*8.76 + 1*10.01 + 7*3.75 + 4*25.02 + 1*3.75 + 2*6.26 + 1*6.26 + 1*5.0 + 1*6.26 + 1*7.51 + 4*5.0 + 1*7.51 + 1*6.26 + 1*8.76 + 1*8.76",237.69,"0.37 + 0.29 + 0.16 + 0.09",0.91,"1*4.06 + 1*2.3 + 7*1.57 + 4*11.65 + 1*2.12 + 2*2.25 + 1*2.18 + 1*0.93 + 1*0.5 + 1*0.7 + 4*1.04 + 1*2.87 + 1*1.31 + 1*2.07 + 1*1.39",86.68
"full_adder","1 and2_0, 1 maj3_1, 1 xor2_1, 1 xor3_1","1*6.26 + 1*10.01 + 1*8.76 + 1*23.77",48.8,"0.33",0.33,"1*1.92 + 1*2.09 + 1*4.28 + 1*15.22",23.51
"adder_16","1 a211oi_1, 5 a21oi_1, 1 a311oi_1, 1 a31oi_1, 1 a41oi_1, 6 and2_0, 2 and3_1, 1 clkinv_1, 8 maj3_1, 6 nand2_1, 1 nand4_1, 23 nor2_1, 1 nor2b_1, 2 nor3_1, 1 o21a_1, 1 o21ai_0, 1 o311ai_0, 1 o31a_1, 2 o31ai_1, 4 or2_0, 2 or3_1, 21 xnor2_1, 14 xor2_1","1*7.51 + 5*5.0 + 1*8.76 + 1*6.26 + 1*8.76 + 6*6.26 + 2*6.26 + 1*3.75 + 8*10.01 + 6*3.75 + 1*6.26 + 23*3.75 + 1*6.26 + 2*5.0 + 1*7.51 + 1*5.0 + 1*8.76 + 1*8.76 + 2*7.51 + 4*6.26 + 2*6.26 + 21*8.76 + 14*8.76",710.68,"0.37 + 0.39 + 0.39 + 0.39 + 0.39 + 0.39 + 0.39 + 0.4 + 0.33 + 0.17 + 0.34 + 0.14 + 0.48 + 0.3 + 0.16 + 0.1",5.13,"1*0.98 + 5*1.65 + 1*0.97 + 1*1.48 + 1*1.36 + 6*1.92 + 2*5.59 + 1*1.57 + 8*2.09 + 6*2.12 + 1*0.53 + 23*1.97 + 1*2.18 + 2*0.93 + 1*2.21 + 1*1.04 + 1*0.64 + 1*2.07 + 2*1.7 + 4*1.26 + 2*1.28 + 21*2.07 + 14*4.28",236.98
"FB_DoorController","1 a211o_1, 1 a211oi_1, 2 a21oi_1, 1 a221oi_1, 3 dfxtp_1, 3 nand2_1, 2 nor2_1, 2 nor2b_1, 1 nor4b_1, 1 or2_0","1*8.76 + 1*7.51 + 2*5.0 + 1*8.76 + 3*20.02 + 3*3.75 + 2*3.75 + 2*6.26 + 1*8.76 + 1*6.26",141.38,"0.29 + 0.35 + 0.08 + 0.2",0.92,"1*3.14 + 1*0.98 + 2*1.65 + 1*1.78 + 3*8.44 + 3*2.12 + 2*1.97 + 2*2.18 + 1*0.91 + 1*1.26",51.35
"sky130_fd_sc_ls__a211oi","1 a211oi_1","1*7.51",7.51,"0.15",0.15,"1*0.98",0.98
"motor_control","1 a21o_1, 1 buf_1, 3 dfxtp_1, 1 or2_0","1*7.51 + 1*3.75 + 3*20.02 + 1*6.26",77.58,"0.19",0.19,"1*5.9 + 1*1.18 + 3*8.44 + 1*1.26",33.66
"counter","1 a21oi_1, 2 dfxtp_1, 1 nor2_1, 1 o21a_1","1*5.0 + 2*20.02 + 1*3.75 + 1*7.51",56.3,"0.28 + 0.13 + 0.12",0.53,"1*1.65 + 2*8.44 + 1*1.97 + 1*2.21",22.71
"flip_flop","1 a31o_1, 1 a31oi_1, 3 clkinv_1, 2 dfxtp_1, 1 nand2_1","1*8.76 + 1*6.26 + 3*3.75 + 2*20.02 + 1*3.75",70.06,"0.04 + 0.2",0.24,"1*2.37 + 1*1.48 + 3*1.57 + 2*8.44 + 1*2.12",27.56
"pc_next","26 a21oi_1, 4 a221o_1, 10 a221oi_1, 6 a222oi_1, 6 a22o_1, 6 a22oi_1, 4 a31oi_1, 7 and2_0, 4 and4_1, 46 clkinv_1, 1 conb_1, 30 dfrtp_1, 6 mux2i_1, 32 nand2_1, 2 nand2b_1, 3 nand3_1, 3 nand4_1, 19 nor2_1, 7 nor2b_1, 1 nor3_1, 2 nor4_1, 10 o211ai_1, 8 o21ai_0, 1 o31ai_1, 1 or3_1, 13 xnor2_1, 6 xor2_1","26*5.0 + 4*10.01 + 10*8.76 + 6*10.01 + 6*8.76 + 6*7.51 + 4*6.26 + 7*6.26 + 4*8.76 + 46*3.75 + 1*3.75 + 30*25.02 + 6*10.01 + 32*3.75 + 2*6.26 + 3*5.0 + 3*6.26 + 19*3.75 + 7*6.26 + 1*5.0 + 2*6.26 + 10*7.51 + 8*5.0 + 1*7.51 + 1*6.26 + 13*8.76 + 6*8.76",2100.33,"0.38 + 0.28 + 0.25 + 0.26 + 0.18 + 0.41 + 0.32 + 0.16 + 0.43 + 0.21 + 0.35 + 0.09 + 0.11",3.43,"26*1.65 + 4*2.66 + 10*1.78 + 6*2.43 + 6*4.06 + 6*2.58 + 4*1.48 + 7*1.92 + 4*3.4 + 46*1.57 + 1*3.24 + 30*11.65 + 6*5.89 + 32*2.12 + 2*2.25 + 3*1.03 + 3*0.53 + 19*1.97 + 7*2.18 + 1*0.93 + 2*0.5 + 10*0.7 + 8*1.04 + 1*1.7 + 1*1.28 + 13*2.07 + 6*4.28",821.55
"uart_transmitter","1 a211oi_1, 4 a21oi_1, 1 a31oi_1, 2 and2_0, 1 and3_1, 2 and4_1, 44 clkinv_1, 38 dfrtp_1, 1 dfstp_2, 18 mux2_1, 1 mux2i_1, 8 nand2_1, 3 nand3_1, 1 nand3b_1, 2 nand4_1, 7 nor2_1, 2 nor2b_1, 6 nor3_1, 2 nor4_1, 1 nor4bb_1, 1 o21ai_0, 1 o2bb2ai_1, 1 or3_1, 3 xnor2_1, 4 xor2_1","1*7.51 + 4*5.0 + 1*6.26 + 2*6.26 + 1*6.26 + 2*8.76 + 44*3.75 + 38*25.02 + 1*26.28 + 18*11.26 + 1*10.01 + 8*3.75 + 3*5.0 + 1*7.51 + 2*6.26 + 7*3.75 + 2*6.26 + 6*5.0 + 2*6.26 + 1*10.01 + 1*5.0 + 1*8.76 + 1*6.26 + 3*8.76 + 4*8.76",1662.47,"0.37 + 0.36 + 0.74 + 0.41 + 0.4",2.28,"1*0.98 + 4*1.65 + 1*1.48 + 2*1.92 + 1*5.59 + 2*3.4 + 44*1.57 + 38*11.65 + 1*10.52 + 18*4.03 + 1*5.89 + 8*2.12 + 3*1.03 + 1*1.4 + 2*0.53 + 7*1.97 + 2*2.18 + 6*0.93 + 2*0.5 + 1*3.2 + 1*1.04 + 1*1.85 + 1*1.28 + 3*2.07 + 4*4.28",703.96
"control_LED","1 and3_1, 3 and3b_1, 1 nor3_1, 3 nor3b_1","1*6.26 + 3*8.76 + 1*5.0 + 3*7.51",60.07,"0.15",0.15,"1*5.59 + 3*7.06 + 1*0.93 + 3*1.3",31.6
"rle_enc","2 a2111oi_0, 2 a21bo_1, 1 a21boi_0, 1 a21o_1, 102 a21oi_1, 23 a221oi_1, 4 a2bb2oi_1, 2 a311o_1, 1 a31o_1, 6 a31oi_1, 1 a41oi_1, 6 and2_0, 10 and3_1, 1 and4_1, 1 buf_1, 9 clkinv_1, 2 dfrtp_1, 112 dfxtp_1, 1 maj3_1, 7 mux2_1, 7 mux2i_1, 71 nand2_1, 6 nand2b_1, 23 nand3_1, 9 nand4_1, 55 nor2_1, 17 nor3_1, 10 nor4_1, 3 o2111ai_1, 1 o211ai_1, 1 o21a_1, 46 o21ai_0, 2 o21bai_1, 1 o221a_1, 3 o22ai_1, 1 o31a_1, 1 o32ai_1, 1 o41a_1, 3 or2_0, 6 or3_1, 1 or4_1, 6 xnor2_1, 22 xor2_1","2*8.76 + 2*10.01 + 1*7.51 + 1*7.51 + 102*5.0 + 23*8.76 + 4*8.76 + 2*10.01 + 1*8.76 + 6*6.26 + 1*8.76 + 6*6.26 + 10*6.26 + 1*8.76 + 1*3.75 + 9*3.75 + 2*25.02 + 112*20.02 + 1*10.01 + 7*11.26 + 7*10.01 + 71*3.75 + 6*6.26 + 23*5.0 + 9*6.26 + 55*3.75 + 17*5.0 + 10*6.26 + 3*8.76 + 1*7.51 + 1*7.51 + 46*5.0 + 2*7.51 + 1*11.26 + 3*6.26 + 1*8.76 + 1*8.76 + 1*11.26 + 3*6.26 + 6*6.26 + 1*7.51 + 6*8.76 + 22*8.76",4955.05,"0.31 + 1.18 + 1.45 + 0.59 + 0.06",3.59,"2*0.42 + 2*7.27 + 1*2.48 + 1*5.9 + 102*1.65 + 23*1.78 + 4*3.38 + 2*1.57 + 1*2.37 + 6*1.48 + 1*1.36 + 6*1.92 + 10*5.59 + 1*3.4 + 1*1.18 + 9*1.57 + 2*11.65 + 112*8.44 + 1*2.09 + 7*4.03 + 7*5.89 + 71*2.12 + 6*2.25 + 23*1.03 + 9*0.53 + 55*1.97 + 17*0.93 + 10*0.5 + 3*0.58 + 1*0.7 + 1*2.21 + 46*1.04 + 2*2.87 + 1*2.73 + 3*1.31 + 1*2.07 + 1*1.09 + 1*1.37 + 3*1.26 + 6*1.28 + 1*0.85 + 6*2.07 + 22*4.28",1898.46
"top_module","1 and2_0, 5 dfrtp_1, 1 nor2b_1, 1 xor2_1","1*6.26 + 5*25.02 + 1*6.26 + 1*8.76",146.38,"0.34 + 0.13",0.47,"1*1.92 + 5*11.65 + 1*2.18 + 1*4.28",66.63
"my_module","1 a21oi_1, 1 conb_1, 1 dlxtn_1, 2 nor2_1","1*5.0 + 1*3.75 + 1*15.01 + 2*3.75",31.26,"0.04 + 0.07 + 0.31",0.42,"1*1.65 + 1*3.24 + 1*8.12 + 2*1.97",16.95
"parallel_load_shift","8 clkinv_1, 1 conb_1, 8 dfrtp_1, 9 nand2_1, 1 nand3_1, 15 nand4_1, 9 nor2_1, 2 nor3_1, 13 nor4_1, 2 or4_1, 29 xnor2_1, 2 xnor3_1, 16 xor2_1","8*3.75 + 1*3.75 + 8*25.02 + 9*3.75 + 1*5.0 + 15*6.26 + 9*3.75 + 2*5.0 + 13*6.26 + 2*7.51 + 29*8.76 + 2*22.52 + 16*8.76",945.95,"0.14 + 0.16 + 0.13 + 0.39 + 0.33",1.15,"8*1.57 + 1*3.24 + 8*11.65 + 9*2.12 + 1*1.03 + 15*0.53 + 9*1.97 + 2*0.93 + 13*0.5 + 2*0.85 + 29*2.07 + 2*15.62 + 16*4.28",324.6
"adder_mux","1 a2111oi_0, 3 a211o_1, 1 a211oi_1, 3 a21boi_0, 5 a21o_1, 11 a21oi_1, 2 a221oi_1, 1 a311oi_1, 3 a31o_1, 1 a31oi_1, 17 and2_0, 4 clkinv_1, 2 maj3_1, 2 mux2i_1, 47 nand2_1, 2 nand2b_1, 4 nand3_1, 41 nor2_1, 5 nor2b_1, 5 nor3_1, 1 nor4_1, 1 o211a_1, 3 o211ai_1, 1 o21a_1, 42 o21ai_0, 2 o21bai_1, 1 o22ai_1, 6 o311ai_0, 7 o31ai_1, 16 or2_0, 2 or3_1, 23 xnor2_1, 15 xor2_1","1*8.76 + 3*8.76 + 1*7.51 + 3*7.51 + 5*7.51 + 11*5.0 + 2*8.76 + 1*8.76 + 3*8.76 + 1*6.26 + 17*6.26 + 4*3.75 + 2*10.01 + 2*10.01 + 47*3.75 + 2*6.26 + 4*5.0 + 41*3.75 + 5*6.26 + 5*5.0 + 1*6.26 + 1*10.01 + 3*7.51 + 1*7.51 + 42*5.0 + 2*7.51 + 1*6.26 + 6*8.76 + 7*7.51 + 16*6.26 + 2*6.26 + 23*8.76 + 15*8.76",1625.01,"0.15 + 0.24 + 0.13 + 0.23 + 0.22 + 0.16 + 0.25 + 0.13 + 0.4 + 0.2 + 0.08 + 0.4 + 0.2 + 0.08 + 0.39 + 0.2 + 0.08 + 0.38 + 0.17 + 0.18 + 0.15 + 0.35 + 0.15 + 0.24 + 0.12 + 0.37 + 0.19",5.84,"1*0.42 + 3*3.14 + 1*0.98 + 3*2.48 + 5*5.9 + 11*1.65 + 2*1.78 + 1*0.97 + 3*2.37 + 1*1.48 + 17*1.92 + 4*1.57 + 2*2.09 + 2*5.89 + 47*2.12 + 2*2.25 + 4*1.03 + 41*1.97 + 5*2.18 + 5*0.93 + 1*0.5 + 1*10.66 + 3*0.7 + 1*2.21 + 42*1.04 + 2*2.87 + 1*1.31 + 6*0.64 + 7*1.7 + 16*1.26 + 2*1.28 + 23*2.07 + 15*4.28",554.96
"I2S_receiver","2 a21o_1, 2 a21oi_1, 2 a31oi_1, 3 clkinv_1, 1 conb_1, 22 dfxtp_1, 1 nand4_1, 3 nor4_1, 1 nor4b_1","2*7.51 + 2*5.0 + 2*6.26 + 3*3.75 + 1*3.75 + 22*20.02 + 1*6.26 + 3*6.26 + 1*8.76",526.78,"0.28 + 0.27 + 0.14 + 0.19",0.88,"2*5.9 + 2*1.65 + 2*1.48 + 3*1.57 + 1*3.24 + 22*8.44 + 1*0.53 + 3*0.5 + 1*0.91",214.63
"abs_sum","12 a21oi_1, 9 clkinv_1, 11 maj3_1, 1 mux2i_1, 8 mux4_2, 11 nand2_1, 4 nand2b_1, 2 nand3_1, 1 nand3b_1, 6 nor2_1, 9 nor2b_1, 2 nor3_1, 1 o21a_1, 10 o21ai_0, 13 o22a_1, 7 o31ai_1, 2 o41ai_1, 1 or2_0, 2 or3_1, 6 or4_1, 29 xnor2_1, 4 xnor3_1, 30 xor2_1, 1 xor3_1","12*5.0 + 9*3.75 + 11*10.01 + 1*10.01 + 8*22.52 + 11*3.75 + 4*6.26 + 2*5.0 + 1*7.51 + 6*3.75 + 9*6.26 + 2*5.0 + 1*7.51 + 10*5.0 + 13*8.76 + 7*7.51 + 2*8.76 + 1*6.26 + 2*6.26 + 6*7.51 + 29*8.76 + 4*22.52 + 30*8.76 + 1*23.77",1502.68,"0.54 + 0.22 + 0.19 + 0.46 + 0.39 + 0.16 + 0.29 + 0.14 + 0.26 + 0.13 + 0.26 + 0.14 + 0.51 + 0.19",3.88,"12*1.65 + 9*1.57 + 11*2.09 + 1*5.89 + 8*6.37 + 11*2.12 + 4*2.25 + 2*1.03 + 1*1.4 + 6*1.97 + 9*2.18 + 2*0.93 + 1*2.21 + 10*1.04 + 13*2.76 + 7*1.7 + 2*1.39 + 1*1.26 + 2*1.28 + 6*0.85 + 29*2.07 + 4*15.62 + 30*4.28 + 1*15.22",521.07
"UART_Rx","2 a211oi_1, 14 a21oi_1, 6 clkinv_1, 33 dfxtp_1, 8 mux2_1, 19 nand2_1, 1 nand2b_1, 2 nand3_1, 5 nor2_1, 2 nor2b_1, 2 nor3_1, 1 nor4_1, 1 o2111ai_1, 2 o21a_1, 7 o21ai_0, 3 o22ai_1, 1 o2bb2ai_1, 1 o31a_1, 1 o32ai_1, 2 or3_1, 1 or3b_1, 2 or4_1, 1 or4b_1, 1 xnor2_1, 1 xor2_1","2*7.51 + 14*5.0 + 6*3.75 + 33*20.02 + 8*11.26 + 19*3.75 + 1*6.26 + 2*5.0 + 5*3.75 + 2*6.26 + 2*5.0 + 1*6.26 + 1*8.76 + 2*7.51 + 7*5.0 + 3*6.26 + 1*8.76 + 1*8.76 + 1*8.76 + 2*6.26 + 1*8.76 + 2*7.51 + 1*10.01 + 1*8.76 + 1*8.76",1160.97,"0.31 + 0.59 + 0.68 + 0.51 + 0.07",2.16,"2*0.98 + 14*1.65 + 6*1.57 + 33*8.44 + 8*4.03 + 19*2.12 + 1*2.25 + 2*1.03 + 5*1.97 + 2*2.18 + 2*0.93 + 1*0.5 + 1*0.58 + 2*2.21 + 7*1.04 + 3*1.31 + 1*1.85 + 1*2.07 + 1*1.09 + 2*1.28 + 1*2.59 + 2*0.85 + 1*2.14 + 1*2.07 + 1*4.28",442.96
"edge_detector","16 and3_1, 48 dfxtp_1, 16 nor2_1, 16 nor3_1","16*6.26 + 48*20.02 + 16*3.75 + 16*5.0",1201.12,"0.29 + 0.17 + 0.06",0.52,"16*5.59 + 48*8.44 + 16*1.97 + 16*0.93",540.96
"four_bit_adder","1 a21oi_1, 1 and2_0, 2 maj3_1, 1 nand2b_1, 1 nand3_1, 1 nor2_1, 5 xnor2_1, 1 xnor3_1, 1 xor2_1, 1 xor3_1","1*5.0 + 1*6.26 + 2*10.01 + 1*6.26 + 1*5.0 + 1*3.75 + 5*8.76 + 1*22.52 + 1*8.76 + 1*23.77",145.14,"0.15 + 0.38 + 0.37 + 0.18 + 0.11",1.19,"1*1.65 + 1*1.92 + 2*2.09 + 1*2.25 + 1*1.03 + 1*1.97 + 5*2.07 + 1*15.62 + 1*4.28 + 1*15.22",58.47
"lcd_driver","1 a2111oi_0, 8 a211oi_1, 8 a21oi_1, 1 a221oi_1, 7 a22oi_1, 2 a311oi_1, 1 and4b_1, 30 dfxtp_1, 1 maj3_1, 8 mux2i_1, 20 nand2_1, 1 nand3_1, 1 nand3b_1, 21 nor2_1, 3 nor2b_1, 5 nor3_1, 3 nor3b_1, 1 nor4_1, 1 o211ai_1, 1 o21a_1, 1 o21bai_1, 1 o32ai_1, 1 or2_0, 1 or3b_1, 1 or4b_1","1*8.76 + 8*7.51 + 8*5.0 + 1*8.76 + 7*7.51 + 2*8.76 + 1*10.01 + 30*20.02 + 1*10.01 + 8*10.01 + 20*3.75 + 1*5.0 + 1*7.51 + 21*3.75 + 3*6.26 + 5*5.0 + 3*7.51 + 1*6.26 + 1*7.51 + 1*7.51 + 1*7.51 + 1*8.76 + 1*6.26 + 1*8.76 + 1*10.01",1183.54,"0.32 + 0.55 + 2.06 + 0.2",3.13,"1*0.42 + 8*0.98 + 8*1.65 + 1*1.78 + 7*2.58 + 2*0.97 + 1*5.99 + 30*8.44 + 1*2.09 + 8*5.89 + 20*2.12 + 1*1.03 + 1*1.4 + 21*1.97 + 3*2.18 + 5*0.93 + 3*1.3 + 1*0.5 + 1*0.7 + 1*2.21 + 1*2.87 + 1*1.09 + 1*1.26 + 1*2.59 + 1*2.14",466.29
"nor_gate","1 or2_0","1*6.26",6.26,"0.17",0.17,"1*1.26",1.26
"mux4to1","8 mux4_2","8*22.52",180.16,"0.43",0.43,"8*6.37",50.96
"and_gate","1 and4_1","1*8.76",8.76,"0.15",0.15,"1*3.4",3.4
"clock_divider","1 a211oi_1, 11 a21oi_1, 1 a31oi_1, 5 and2_0, 1 and3_1, 4 and4_1, 1 clkinv_1, 17 dfxtp_1, 3 nand2_1, 2 nand3_1, 1 nand3b_1, 5 nor2_1, 9 nor3_1, 1 nor3b_1, 1 nor4_1, 5 o21bai_1, 1 xor2_1","1*7.51 + 11*5.0 + 1*6.26 + 5*6.26 + 1*6.26 + 4*8.76 + 1*3.75 + 17*20.02 + 3*3.75 + 2*5.0 + 1*7.51 + 5*3.75 + 9*5.0 + 1*7.51 + 1*6.26 + 5*7.51 + 1*8.76",638.05,"0.36 + 0.27 + 0.26 + 0.33 + 0.21 + 0.04",1.47,"1*0.98 + 11*1.65 + 1*1.48 + 5*1.92 + 1*5.59 + 4*3.4 + 1*1.57 + 17*8.44 + 3*2.12 + 2*1.03 + 1*1.4 + 5*1.97 + 9*0.93 + 1*1.3 + 1*0.5 + 5*2.87 + 1*4.28",242.92
"counter","1 a21oi_1, 1 a31oi_1, 1 and3_1, 1 and4_1, 4 dfrtp_1, 4 nand2_1, 2 o21ai_0, 2 o31ai_1, 1 xnor2_1","1*5.0 + 1*6.26 + 1*6.26 + 1*8.76 + 4*25.02 + 4*3.75 + 2*5.0 + 2*7.51 + 1*8.76",175.14,"0.39 + 0.18 + 0.17",0.74,"1*1.65 + 1*1.48 + 1*5.59 + 1*3.4 + 4*11.65 + 4*2.12 + 2*1.04 + 2*1.7 + 1*2.07",74.75
"moore_state_machine","2 buf_1, 3 clkinv_1, 1 conb_1, 2 dfrtp_1, 4 dlxtn_1, 1 xor2_1","2*3.75 + 3*3.75 + 1*3.75 + 2*25.02 + 4*15.01 + 1*8.76",141.34,"0.37 + 0.12 + 0.33",0.82,"2*1.18 + 3*1.57 + 1*3.24 + 2*11.65 + 4*8.12 + 1*4.28",70.37
"my_module","1 clkinv_1, 1 dfxtp_1","1*3.75 + 1*20.02",23.77,"0.29 + 0.03",0.32,"1*1.57 + 1*8.44",10.01
"alu","1 a2111oi_0, 5 a211o_1, 22 a211oi_1, 17 a21o_1, 189 a21oi_1, 1 a221o_1, 3 a221oi_1, 1 a22o_1, 3 a22oi_1, 1 a2bb2oi_1, 5 a311oi_1, 13 a31oi_1, 2 a32oi_1, 3 a41oi_1, 9 and2_0, 5 and3_1, 25 clkinv_1, 22 maj3_1, 9 mux2_1, 22 mux2i_1, 145 nand2_1, 21 nand2b_1, 15 nand3_1, 5 nand3b_1, 16 nand4_1, 1 nand4b_1, 117 nor2_1, 17 nor2b_1, 30 nor3_1, 5 nor3b_1, 3 nor4_1, 2 o2111ai_1, 15 o211ai_1, 1 o21a_1, 151 o21ai_0, 2 o21bai_1, 7 o22ai_1, 1 o311a_1, 11 o311ai_0, 1 o31a_1, 12 o31ai_1, 5 o32ai_1, 2 o41ai_1, 4 or2_0, 6 or3_1, 46 xnor2_1, 53 xor2_1","1*8.76 + 5*8.76 + 22*7.51 + 17*7.51 + 189*5.0 + 1*10.01 + 3*8.76 + 1*8.76 + 3*7.51 + 1*8.76 + 5*8.76 + 13*6.26 + 2*8.76 + 3*8.76 + 9*6.26 + 5*6.26 + 25*3.75 + 22*10.01 + 9*11.26 + 22*10.01 + 145*3.75 + 21*6.26 + 15*5.0 + 5*7.51 + 16*6.26 + 1*8.76 + 117*3.75 + 17*6.26 + 30*5.0 + 5*7.51 + 3*6.26 + 2*8.76 + 15*7.51 + 1*7.51 + 151*5.0 + 2*7.51 + 7*6.26 + 1*10.01 + 11*8.76 + 1*8.76 + 12*7.51 + 5*8.76 + 2*8.76 + 4*6.26 + 6*6.26 + 46*8.76 + 53*8.76",6055.05,"0.32 + 0.38 + 0.37 + 0.37 + 0.37 + 0.36 + 0.37 + 0.19 + 0.15 + 0.37 + 0.36 + 0.18 + 0.17 + 0.35 + 0.36 + 0.18 + 0.17 + 0.35 + 0.36 + 0.37 + 0.37 + 0.37 + 0.37 + 0.37 + 0.36 + 0.36 + 0.35 + 0.1 + 0.14 + 0.14 + 0.14 + 0.06 + 0.19",9.42,"1*0.42 + 5*3.14 + 22*0.98 + 17*5.9 + 189*1.65 + 1*2.66 + 3*1.78 + 1*4.06 + 3*2.58 + 1*3.38 + 5*0.97 + 13*1.48 + 2*1.25 + 3*1.36 + 9*1.92 + 5*5.59 + 25*1.57 + 22*2.09 + 9*4.03 + 22*5.89 + 145*2.12 + 21*2.25 + 15*1.03 + 5*1.4 + 16*0.53 + 1*1.03 + 117*1.97 + 17*2.18 + 30*0.93 + 5*1.3 + 3*0.5 + 2*0.58 + 15*0.7 + 1*2.21 + 151*1.04 + 2*2.87 + 7*1.31 + 1*3.77 + 11*0.64 + 1*2.07 + 12*1.7 + 5*1.09 + 2*1.39 + 4*1.26 + 6*1.28 + 46*2.07 + 53*4.28",2052.16
"uart_tx","1 a211o_1, 4 a211oi_1, 1 a21boi_0, 1 a21o_1, 3 a21oi_1, 2 a31o_1, 5 a31oi_1, 1 a41oi_1, 1 and2_0, 3 and3_1, 1 and4_1, 23 clkinv_1, 18 dfrtp_1, 1 mux2_1, 7 mux2i_1, 10 nand2_1, 3 nand2b_1, 1 nand4_1, 1 nor2_1, 1 nor2b_1, 2 nor3_1, 1 nor3b_1, 1 o211ai_1, 11 o21ai_0, 1 o21ba_1, 1 o31ai_1, 1 o32ai_1, 1 or2_0, 1 or3_1, 1 xor2_1","1*8.76 + 4*7.51 + 1*7.51 + 1*7.51 + 3*5.0 + 2*8.76 + 5*6.26 + 1*8.76 + 1*6.26 + 3*6.26 + 1*8.76 + 23*3.75 + 18*25.02 + 1*11.26 + 7*10.01 + 10*3.75 + 3*6.26 + 1*6.26 + 1*3.75 + 1*6.26 + 2*5.0 + 1*7.51 + 1*7.51 + 11*5.0 + 1*10.01 + 1*7.51 + 1*8.76 + 1*6.26 + 1*6.26 + 1*8.76",978.27,"0.46 + 0.39 + 0.3 + 0.22 + 0.2",1.57,"1*3.14 + 4*0.98 + 1*2.48 + 1*5.9 + 3*1.65 + 2*2.37 + 5*1.48 + 1*1.36 + 1*1.92 + 3*5.59 + 1*3.4 + 23*1.57 + 18*11.65 + 1*4.03 + 7*5.89 + 10*2.12 + 3*2.25 + 1*0.53 + 1*1.97 + 1*2.18 + 2*0.93 + 1*1.3 + 1*0.7 + 11*1.04 + 1*7.27 + 1*1.7 + 1*1.09 + 1*1.26 + 1*1.28 + 1*4.28",411.86
"parity_generator","1 a21oi_1, 14 clkinv_1, 14 dfrtp_1, 1 nand2_1, 1 nand2b_1, 1 nor3b_1, 1 o32ai_1, 7 xnor2_1, 2 xor2_1","1*5.0 + 14*3.75 + 14*25.02 + 1*3.75 + 1*6.26 + 1*7.51 + 1*8.76 + 7*8.76 + 2*8.76",512.9,"0.36 + 0.25 + 0.11 + 0.18 + 0.09",0.99,"1*1.65 + 14*1.57 + 14*11.65 + 1*2.12 + 1*2.25 + 1*1.3 + 1*1.09 + 7*2.07 + 2*4.28",216.54
"manchester_encoder","8 xor2_1","8*8.76",70.08,"0.12",0.12,"8*4.28",34.24
"up_down_counter","1 a21o_1, 1 a221oi_1, 1 a311oi_1, 3 dfxtp_1, 2 nand2b_1, 2 nor2_1, 1 nor2b_1, 2 xnor2_1","1*7.51 + 1*8.76 + 1*8.76 + 3*20.02 + 2*6.26 + 2*3.75 + 1*6.26 + 2*8.76",128.89,"0.29 + 0.24 + 0.13 + 0.22",0.88,"1*5.9 + 1*1.78 + 1*0.97 + 3*8.44 + 2*2.25 + 2*1.97 + 1*2.18 + 2*2.07",48.73
"RFID_transmitter","6 a21oi_1, 4 a22o_1, 1 a31o_1, 1 a41oi_1, 1 and2_0, 3 and3_1, 1 and4b_1, 1 clkinv_1, 25 dfxtp_1, 8 mux2_1, 1 nand2_1, 1 nand2b_1, 4 nor2_1, 1 nor2b_1, 3 nor3_1, 1 nor4b_1, 1 nor4bb_1, 1 o21a_1, 4 o21ai_0, 4 o2bb2ai_1","6*5.0 + 4*8.76 + 1*8.76 + 1*8.76 + 1*6.26 + 3*6.26 + 1*10.01 + 1*3.75 + 25*20.02 + 8*11.26 + 1*3.75 + 1*6.26 + 4*3.75 + 1*6.26 + 3*5.0 + 1*8.76 + 1*10.01 + 1*7.51 + 4*5.0 + 4*8.76",839.53,"0.32 + 0.24 + 0.24 + 0.24 + 0.37",1.41,"6*1.65 + 4*4.06 + 1*2.37 + 1*1.36 + 1*1.92 + 3*5.59 + 1*5.99 + 1*1.57 + 25*8.44 + 8*4.03 + 1*2.12 + 1*2.25 + 4*1.97 + 1*2.18 + 3*0.93 + 1*0.91 + 1*3.2 + 1*2.21 + 4*1.04 + 4*1.85",334.46
"mux_4to1_case","4 mux4_2","4*22.52",90.08,"0.43",0.43,"4*6.37",25.48
"mux_2_to_1","1 mux2_1","1*11.26",11.26,"0.26",0.26,"1*4.03",4.03
"DECO_CORDIC_EXT","1 a21oi_1, 1 nor2b_1, 1 nor3b_1, 3 xnor2_1","1*5.0 + 1*6.26 + 1*7.51 + 3*8.76",45.05,"0.1 + 0.16 + 0.11",0.37,"1*1.65 + 1*2.18 + 1*1.3 + 3*2.07",11.34
"mux2to1","1 mux2_1","1*11.26",11.26,"0.26",0.26,"1*4.03",4.03
"MODULE2","1 clkinv_1","1*3.75",3.75,"0.02",0.02,"1*1.57",1.57
"wifi_tx_rx","2 clkinv_1, 1 conb_1, 2 dfrtp_1, 1 nand2_1, 1 nor2b_1, 1 xnor2_1","2*3.75 + 1*3.75 + 2*25.02 + 1*3.75 + 1*6.26 + 1*8.76",80.06,"0.29 + 0.06 + 0.11",0.46,"2*1.57 + 1*3.24 + 2*11.65 + 1*2.12 + 1*2.18 + 1*2.07",36.05
"four_bit_adder","5 dfxtp_1, 4 maj3_1, 8 xnor2_1","5*20.02 + 4*10.01 + 8*8.76",210.22,"0.37 + 0.39 + 0.37 + 0.13",1.26,"5*8.44 + 4*2.09 + 8*2.07",67.12
"counter","2 a211oi_1, 1 a21boi_0, 2 a21oi_1, 4 dfxtp_1, 1 nand4_1, 3 nor2_1, 1 nor2b_1, 1 o21bai_1, 1 or4_1, 4 xnor2_1, 1 xor2_1","2*7.51 + 1*7.51 + 2*5.0 + 4*20.02 + 1*6.26 + 3*3.75 + 1*6.26 + 1*7.51 + 1*7.51 + 4*8.76 + 1*8.76",195.2,"0.3 + 0.5 + 0.2 + 0.08 + 0.09",1.17,"2*0.98 + 1*2.48 + 2*1.65 + 4*8.44 + 1*0.53 + 3*1.97 + 1*2.18 + 1*2.87 + 1*0.85 + 4*2.07 + 1*4.28",66.4
"bin2gray","3 dfxtp_1, 2 xor2_1","3*20.02 + 2*8.76",77.58,"0.26",0.26,"3*8.44 + 2*4.28",33.88
"top_module","6 a22oi_1, 2 a31oi_1, 29 clkinv_1, 21 dfrtn_1, 3 dfstp_2, 11 nand2_1, 1 nand2b_1, 1 nand3_1, 1 nand4_1, 2 nor2_1, 1 nor2b_1, 6 o221ai_1, 2 o22ai_1, 1 or2_0, 3 xnor2_1, 1 xor2_1","6*7.51 + 2*6.26 + 29*3.75 + 21*25.02 + 3*26.28 + 11*3.75 + 1*6.26 + 1*5.0 + 1*6.26 + 2*3.75 + 1*6.26 + 6*8.76 + 2*6.26 + 1*6.26 + 3*8.76 + 1*8.76",949.5,"0.44 + 0.12 + 0.13",0.69,"6*2.58 + 2*1.48 + 29*1.57 + 21*11.65 + 3*10.52 + 11*2.12 + 1*2.25 + 1*1.03 + 1*0.53 + 2*1.97 + 1*2.18 + 6*1.09 + 2*1.31 + 1*1.26 + 3*2.07 + 1*4.28",394.34
"add4bit","2 maj3_1, 2 nand2_1, 1 nor2_1, 1 o21ai_0, 5 xnor2_1, 2 xor2_1","2*10.01 + 2*3.75 + 1*3.75 + 1*5.0 + 5*8.76 + 2*8.76",97.59,"0.07 + 0.13 + 0.4 + 0.33",0.93,"2*2.09 + 2*2.12 + 1*1.97 + 1*1.04 + 5*2.07 + 2*4.28",30.34
"bitwise_xor","1 clkinv_1, 9 dfxtp_1, 8 nor2_1, 8 xnor2_1","1*3.75 + 9*20.02 + 8*3.75 + 8*8.76",284.01,"0.12 + 0.04",0.16,"1*1.57 + 9*8.44 + 8*1.97 + 8*2.07",109.85
"wb_mcb_32","1 a211o_1, 4 a21oi_1, 4 a31oi_1, 1 and2_0, 1 and3_1, 1 clkinv_1, 2 conb_1, 41 dfxtp_1, 32 mux2_1, 1 nand2_1, 1 nand3b_1, 1 nor2_1, 1 nor3_1, 1 nor3b_1, 1 o21ai_0","1*8.76 + 4*5.0 + 4*6.26 + 1*6.26 + 1*6.26 + 1*3.75 + 2*3.75 + 41*20.02 + 32*11.26 + 1*3.75 + 1*7.51 + 1*3.75 + 1*5.0 + 1*7.51 + 1*5.0",1291.23,"0.31 + 2.53 + 0.4",3.24,"1*3.14 + 4*1.65 + 4*1.48 + 1*1.92 + 1*5.59 + 1*1.57 + 2*3.24 + 41*8.44 + 32*4.03 + 1*2.12 + 1*1.4 + 1*1.97 + 1*0.93 + 1*1.3 + 1*1.04",514.98
"top_module","1 and2_0, 2 clkinv_1, 1 conb_1, 2 dfrtp_1, 1 nand2_1, 1 nor2_1, 2 nor2b_1, 2 xnor2_1, 1 xor2_1","1*6.26 + 2*3.75 + 1*3.75 + 2*25.02 + 1*3.75 + 1*3.75 + 2*6.26 + 2*8.76 + 1*8.76",113.85,"0.4 + 0.16 + 0.07 + 0.11",0.74,"1*1.92 + 2*1.57 + 1*3.24 + 2*11.65 + 1*2.12 + 1*1.97 + 2*2.18 + 2*2.07 + 1*4.28",48.47
"flag_cdc","4 dfrtp_1, 2 xor2_1","4*25.02 + 2*8.76",117.6,"0.36 + 0.14",0.5,"4*11.65 + 2*4.28",55.16
"byte_swapper","7 clkinv_1, 7 dfrtp_1, 7 mux2_1, 2 xnor2_1, 1 xor2_1","7*3.75 + 7*25.02 + 7*11.26 + 2*8.76 + 1*8.76",306.49,"0.14 + 0.47 + 0.37",0.98,"7*1.57 + 7*11.65 + 7*4.03 + 2*2.07 + 1*4.28",129.17
"booth_multiplier","1 a21boi_0, 1 a21o_1, 7 a21oi_1, 1 a41oi_1, 1 and2_0, 1 and3_1, 3 clkinv_1, 9 dfxtp_1, 2 maj3_1, 3 nand2_1, 2 nand3_1, 1 nor2_1, 1 nor2b_1, 3 nor3_1, 1 nor3b_1, 4 o21a_1, 7 o21ai_0, 1 o21bai_1, 1 o31ai_1, 2 or3_1, 1 or4_1, 8 xnor2_1","1*7.51 + 1*7.51 + 7*5.0 + 1*8.76 + 1*6.26 + 1*6.26 + 3*3.75 + 9*20.02 + 2*10.01 + 3*3.75 + 2*5.0 + 1*3.75 + 1*6.26 + 3*5.0 + 1*7.51 + 4*7.51 + 7*5.0 + 1*7.51 + 1*7.51 + 2*6.26 + 1*7.51 + 8*8.76",506.69,"0.33 + 0.16 + 0.14 + 0.4 + 0.36 + 0.2 + 0.26 + 0.14 + 0.11",2.1,"1*2.48 + 1*5.9 + 7*1.65 + 1*1.36 + 1*1.92 + 1*5.59 + 3*1.57 + 9*8.44 + 2*2.09 + 3*2.12 + 2*1.03 + 1*1.97 + 1*2.18 + 3*0.93 + 1*1.3 + 4*2.21 + 7*1.04 + 1*2.87 + 1*1.7 + 2*1.28 + 1*0.85 + 8*2.07",170.97
"ones_complement","4 clkinv_1","4*3.75",15.0,"0.02",0.02,"4*1.57",6.28
"bitwise_ops","8 and2_0, 8 clkinv_1, 8 or2_0, 8 xor2_1","8*6.26 + 8*3.75 + 8*6.26 + 8*8.76",200.24,"0.17",0.17,"8*1.92 + 8*1.57 + 8*1.26 + 8*4.28",72.24
"phase_detector","3 dfxtp_1, 1 xor2_1","3*20.02 + 1*8.76",68.82,"0.28 + 0.14",0.42,"3*8.44 + 1*4.28",29.6
"GDA_St_N8_M4_P2","1 a211oi_1, 2 a21oi_1, 1 a22oi_1, 1 maj3_1, 5 nand2_1, 5 nor2_1, 2 o21ai_0, 1 o31ai_1, 12 xnor2_1, 3 xor2_1","1*7.51 + 2*5.0 + 1*7.51 + 1*10.01 + 5*3.75 + 5*3.75 + 2*5.0 + 1*7.51 + 12*8.76 + 3*8.76",221.44,"0.07 + 0.13 + 0.38 + 0.11",0.69,"1*0.98 + 2*1.65 + 1*2.58 + 1*2.09 + 5*2.12 + 5*1.97 + 2*1.04 + 1*1.7 + 12*2.07 + 3*4.28",70.86
"pipelined_priority_encoder","1 a21oi_1, 1 clkinv_1, 10 dfxtp_1, 2 nand2_1, 1 nand2b_1, 3 nor2_1, 1 o21ai_0, 1 o21bai_1","1*5.0 + 1*3.75 + 10*20.02 + 2*3.75 + 1*6.26 + 3*3.75 + 1*5.0 + 1*7.51",246.47,"0.28 + 0.12 + 0.13 + 0.05 + 0.09",0.67,"1*1.65 + 1*1.57 + 10*8.44 + 2*2.12 + 1*2.25 + 3*1.97 + 1*1.04 + 1*2.87",103.93
"alu","1 a211o_1, 3 a21oi_1, 1 a221oi_1, 2 a31oi_1, 1 and2_0, 3 and3_1, 1 clkinv_1, 2 maj3_1, 4 nand2_1, 2 nand2b_1, 5 nand3_1, 4 nand4_1, 1 nor2_1, 1 nor2b_1, 1 o2111ai_1, 1 o211ai_1, 3 o21ai_0, 2 o22ai_1, 1 o31ai_1, 1 or3_1, 1 or3b_1, 4 xnor2_1, 4 xor2_1","1*8.76 + 3*5.0 + 1*8.76 + 2*6.26 + 1*6.26 + 3*6.26 + 1*3.75 + 2*10.01 + 4*3.75 + 2*6.26 + 5*5.0 + 4*6.26 + 1*3.75 + 1*6.26 + 1*8.76 + 1*7.51 + 3*5.0 + 2*6.26 + 1*7.51 + 1*6.26 + 1*8.76 + 4*8.76 + 4*8.76",317.82,"0.38 + 0.09 + 0.08 + 0.38 + 0.35 + 0.13 + 0.26",1.67,"1*3.14 + 3*1.65 + 1*1.78 + 2*1.48 + 1*1.92 + 3*5.59 + 1*1.57 + 2*2.09 + 4*2.12 + 2*2.25 + 5*1.03 + 4*0.53 + 1*1.97 + 1*2.18 + 1*0.58 + 1*0.7 + 3*1.04 + 2*1.31 + 1*1.7 + 1*1.28 + 1*2.59 + 4*2.07 + 4*4.28",99.66
"nfa_get_finals","1 a211oi_1, 1 a21o_1, 1 a221oi_1, 3 clkinv_1, 2 conb_1, 35 dfxtp_1, 98 nand2_1, 1 nand2b_1, 1 nand4b_1, 2 nor2_1, 1 nor2b_1, 2 nor3b_1, 2 o21ba_1, 1 o21bai_1, 1 o31ai_1, 1 or3_1","1*7.51 + 1*7.51 + 1*8.76 + 3*3.75 + 2*3.75 + 35*20.02 + 98*3.75 + 1*6.26 + 1*8.76 + 2*3.75 + 1*6.26 + 2*7.51 + 2*10.01 + 1*7.51 + 1*7.51 + 1*6.26",1195.83,"0.36 + 0.7 + 0.79 + 0.22 + 0.06",2.13,"1*0.98 + 1*5.9 + 1*1.78 + 3*1.57 + 2*3.24 + 35*8.44 + 98*2.12 + 1*2.25 + 1*1.03 + 2*1.97 + 1*2.18 + 2*1.3 + 2*7.27 + 1*2.87 + 1*1.7 + 1*1.28",555.4
"basic_ShieldCtrl","2 a21oi_1, 2 a31oi_1, 10 clkinv_1, 1 conb_1, 4 dfrtp_1, 2 dfstp_2, 4 mux2_1, 3 nand2_1","2*5.0 + 2*6.26 + 10*3.75 + 1*3.75 + 4*25.02 + 2*26.28 + 4*11.26 + 3*3.75",272.7,"0.5 + 0.03 + 0.13",0.66,"2*1.65 + 2*1.48 + 10*1.57 + 1*3.24 + 4*11.65 + 2*10.52 + 4*4.03 + 3*2.12",115.32
"shift_register","1 a211oi_1, 4 a21oi_1, 1 and3_1, 8 clkinv_1, 5 dfrtp_1, 3 dfstp_2, 4 dfxtp_1, 4 mux2_1, 8 mux2i_1, 9 nand2_1, 4 nor2b_1, 8 o211ai_1, 8 o21a_1, 2 o21ai_0, 1 or3b_1","1*7.51 + 4*5.0 + 1*6.26 + 8*3.75 + 5*25.02 + 3*26.28 + 4*20.02 + 4*11.26 + 8*10.01 + 9*3.75 + 4*6.26 + 8*7.51 + 8*7.51 + 2*5.0 + 1*8.76",670.62,"0.51 + 0.06 + 0.15 + 0.13",0.85,"1*0.98 + 4*1.65 + 1*5.59 + 8*1.57 + 5*11.65 + 3*10.52 + 4*8.44 + 4*4.03 + 8*5.89 + 9*2.12 + 4*2.18 + 8*0.7 + 8*2.21 + 2*1.04 + 1*2.59",268.29
"Counter","5 clkinv_1, 4 dfrtp_1, 1 nand2_1, 1 nand3_1, 2 xnor2_1, 1 xor2_1","5*3.75 + 4*25.02 + 1*3.75 + 1*5.0 + 2*8.76 + 1*8.76",153.86,"0.36 + 0.1 + 0.13",0.59,"5*1.57 + 4*11.65 + 1*2.12 + 1*1.03 + 2*2.07 + 1*4.28",66.02
"population_count","3 a21boi_0, 4 a21o_1, 11 a21oi_1, 1 a22oi_1, 6 and2_0, 1 and3_1, 36 clkinv_1, 211 maj3_1, 1 mux2i_1, 37 nand2_1, 11 nand2b_1, 3 nand3_1, 1 nand4_1, 18 nor2_1, 6 nor2b_1, 2 nor3_1, 3 o211ai_1, 1 o21a_1, 8 o21ai_0, 2 o21ba_1, 1 o22ai_1, 1 o2bb2ai_1, 1 o31ai_1, 3 or2_0, 1 or3_1, 1 or3b_1, 50 xnor2_1, 83 xnor3_1, 39 xor2_1, 133 xor3_1","3*7.51 + 4*7.51 + 11*5.0 + 1*7.51 + 6*6.26 + 1*6.26 + 36*3.75 + 211*10.01 + 1*10.01 + 37*3.75 + 11*6.26 + 3*5.0 + 1*6.26 + 18*3.75 + 6*6.26 + 2*5.0 + 3*7.51 + 1*7.51 + 8*5.0 + 2*10.01 + 1*6.26 + 1*8.76 + 1*7.51 + 3*6.26 + 1*6.26 + 1*8.76 + 50*8.76 + 83*22.52 + 39*8.76 + 133*23.77",8716.55,"0.4 + 0.38 + 0.4 + 0.4 + 0.38 + 0.4 + 0.44 + 0.36 + 0.4 + 0.37 + 0.39 + 0.15 + 0.16 + 0.24 + 0.13 + 0.39 + 0.38 + 0.14",5.91,"3*2.48 + 4*5.9 + 11*1.65 + 1*2.58 + 6*1.92 + 1*5.59 + 36*1.57 + 211*2.09 + 1*5.89 + 37*2.12 + 11*2.25 + 3*1.03 + 1*0.53 + 18*1.97 + 6*2.18 + 2*0.93 + 3*0.7 + 1*2.21 + 8*1.04 + 2*7.27 + 1*1.31 + 1*1.85 + 1*1.7 + 3*1.26 + 1*1.28 + 1*2.59 + 50*2.07 + 83*15.62 + 39*4.28 + 133*15.22",4360.31
"four_num_adder","1 a211o_1, 3 a211oi_1, 1 a21boi_0, 10 a21o_1, 20 a21oi_1, 4 a221oi_1, 1 a22o_1, 3 a22oi_1, 2 a311o_1, 6 a311oi_1, 3 a31oi_1, 25 and2_0, 1 and3_1, 4 clkinv_1, 239 dfxtp_1, 4 maj3_1, 87 nand2_1, 9 nand2b_1, 56 nor2_1, 9 nor2b_1, 4 nor3_1, 4 nor4_1, 4 o211ai_1, 41 o21ai_0, 4 o22ai_1, 7 o311ai_0, 37 o31ai_1, 16 or2_0, 21 or4_1, 152 xnor2_1, 26 xor2_1","1*8.76 + 3*7.51 + 1*7.51 + 10*7.51 + 20*5.0 + 4*8.76 + 1*8.76 + 3*7.51 + 2*10.01 + 6*8.76 + 3*6.26 + 25*6.26 + 1*6.26 + 4*3.75 + 239*20.02 + 4*10.01 + 87*3.75 + 9*6.26 + 56*3.75 + 9*6.26 + 4*5.0 + 4*6.26 + 4*7.51 + 41*5.0 + 4*6.26 + 7*8.76 + 37*7.51 + 16*6.26 + 21*7.51 + 152*8.76 + 26*8.76",8484.56,"0.29 + 0.16 + 0.08 + 0.31 + 0.14 + 0.4 + 0.38 + 0.18 + 0.36 + 0.17 + 0.42 + 0.21 + 0.3 + 0.12 + 0.4 + 0.16 + 0.14",4.22,"1*3.14 + 3*0.98 + 1*2.48 + 10*5.9 + 20*1.65 + 4*1.78 + 1*4.06 + 3*2.58 + 2*1.57 + 6*0.97 + 3*1.48 + 25*1.92 + 1*5.59 + 4*1.57 + 239*8.44 + 4*2.09 + 87*2.12 + 9*2.25 + 56*1.97 + 9*2.18 + 4*0.93 + 4*0.5 + 4*0.7 + 41*1.04 + 4*1.31 + 7*0.64 + 37*1.7 + 16*1.26 + 21*0.85 + 152*2.07 + 26*4.28",3140.61
"multiplier_4bit","2 a22oi_1, 2 and2_0, 1 and3_1, 1 conb_1, 10 dfxtp_1, 6 nand2_1, 1 nand3_1, 2 nor2_1, 1 o21ai_0, 1 o22ai_1, 1 or3_1, 5 xnor2_1, 5 xor2_1","2*7.51 + 2*6.26 + 1*6.26 + 1*3.75 + 10*20.02 + 6*3.75 + 1*5.0 + 2*3.75 + 1*5.0 + 1*6.26 + 1*6.26 + 5*8.76 + 5*8.76",377.87,"0.08 + 0.05 + 0.35 + 0.15 + 0.13",0.76,"2*2.58 + 2*1.92 + 1*5.59 + 1*3.24 + 10*8.44 + 6*2.12 + 1*1.03 + 2*1.97 + 1*1.04 + 1*1.31 + 1*1.28 + 5*2.07 + 5*4.28",155.3
"seven_segment_leds_x_4_no_leading_zeros","1 a21boi_0, 3 a21oi_1, 5 a222oi_1, 1 a31oi_1, 2 and2_0, 1 and3_1, 1 and4_1, 11 clkinv_1, 20 dfxtp_1, 11 nand2_1, 1 nand2b_1, 2 nand3_1, 3 nand4_1, 16 nor2_1, 2 nor3_1, 4 nor4_1, 2 o21a_1, 8 o21ai_0, 1 o2bb2ai_1, 1 or3_1, 1 or3b_1, 1 or4_1, 9 xnor2_1, 5 xor2_1","1*7.51 + 3*5.0 + 5*10.01 + 1*6.26 + 2*6.26 + 1*6.26 + 1*8.76 + 11*3.75 + 20*20.02 + 11*3.75 + 1*6.26 + 2*5.0 + 3*6.26 + 16*3.75 + 2*5.0 + 4*6.26 + 2*7.51 + 8*5.0 + 1*8.76 + 1*6.26 + 1*8.76 + 1*7.51 + 9*8.76 + 5*8.76",928.29,"0.36 + 0.27 + 0.16 + 0.48 + 0.23 + 0.52 + 0.2 + 0.15",2.37,"1*2.48 + 3*1.65 + 5*2.43 + 1*1.48 + 2*1.92 + 1*5.59 + 1*3.4 + 11*1.57 + 20*8.44 + 11*2.12 + 1*2.25 + 2*1.03 + 3*0.53 + 16*1.97 + 2*0.93 + 4*0.5 + 2*2.21 + 8*1.04 + 1*1.85 + 1*1.28 + 1*2.59 + 1*0.85 + 9*2.07 + 5*4.28",343.9
"uart_rx","1 a2111o_1, 2 a2111oi_0, 1 a211o_1, 16 a211oi_1, 1 a21boi_0, 2 a21o_1, 36 a21oi_1, 1 a221oi_1, 1 a22o_1, 1 a22oi_1, 1 a311o_1, 2 a311oi_1, 1 a31o_1, 2 a31oi_1, 1 a32o_1, 1 a32oi_1, 1 a41o_1, 1 a41oi_1, 4 and2_0, 9 and3_1, 22 clkinv_1, 89 dfxtp_1, 51 nand2_1, 13 nand2b_1, 6 nand3_1, 9 nand4_1, 1 nand4b_1, 54 nor2_1, 5 nor2b_1, 20 nor3_1, 5 nor3b_1, 10 nor4_1, 2 o2111a_1, 4 o2111ai_1, 1 o211a_1, 6 o21a_1, 9 o21ai_0, 1 o221ai_1, 3 o22ai_1, 1 o32ai_1, 1 or2_0, 1 or3_1, 31 xnor2_1, 18 xor2_1","1*11.26 + 2*8.76 + 1*8.76 + 16*7.51 + 1*7.51 + 2*7.51 + 36*5.0 + 1*8.76 + 1*8.76 + 1*7.51 + 1*10.01 + 2*8.76 + 1*8.76 + 2*6.26 + 1*10.01 + 1*8.76 + 1*10.01 + 1*8.76 + 4*6.26 + 9*6.26 + 22*3.75 + 89*20.02 + 51*3.75 + 13*6.26 + 6*5.0 + 9*6.26 + 1*8.76 + 54*3.75 + 5*6.26 + 20*5.0 + 5*7.51 + 10*6.26 + 2*11.26 + 4*8.76 + 1*10.01 + 6*7.51 + 9*5.0 + 1*8.76 + 3*6.26 + 1*8.76 + 1*6.26 + 1*6.26 + 31*8.76 + 18*8.76",3854.64,"0.33 + 0.17 + 0.25 + 0.26 + 0.15 + 0.39 + 0.67 + 0.12",2.34,"1*1.68 + 2*0.42 + 1*3.14 + 16*0.98 + 1*2.48 + 2*5.9 + 36*1.65 + 1*1.78 + 1*4.06 + 1*2.58 + 1*1.57 + 2*0.97 + 1*2.37 + 2*1.48 + 1*2.3 + 1*1.25 + 1*6.61 + 1*1.36 + 4*1.92 + 9*5.59 + 22*1.57 + 89*8.44 + 51*2.12 + 13*2.25 + 6*1.03 + 9*0.53 + 1*1.03 + 54*1.97 + 5*2.18 + 20*0.93 + 5*1.3 + 10*0.5 + 2*3.75 + 4*0.58 + 1*10.66 + 6*2.21 + 9*1.04 + 1*1.09 + 3*1.31 + 1*1.09 + 1*1.26 + 1*1.28 + 31*2.07 + 18*4.28",1457.18
"fsm_3bit_counter","1 a211oi_1, 1 a21oi_1, 2 clkinv_1, 4 dfxtp_1, 1 nand2b_1, 1 nand3b_1, 1 nor2_1, 2 nor2b_1, 1 nor3_1, 1 o211a_1, 1 xor2_1","1*7.51 + 1*5.0 + 2*3.75 + 4*20.02 + 1*6.26 + 1*7.51 + 1*3.75 + 2*6.26 + 1*5.0 + 1*10.01 + 1*8.76",153.9,"0.3 + 0.17 + 0.2",0.67,"1*0.98 + 1*1.65 + 2*1.57 + 4*8.44 + 1*2.25 + 1*1.4 + 1*1.97 + 2*2.18 + 1*0.93 + 1*10.66 + 1*4.28",65.38
"picorv32","14 a2111oi_0, 6 a211o_1, 37 a211oi_1, 3 a21bo_1, 28 a21boi_0, 44 a21o_1, 1332 a21oi_1, 6 a221o_1, 28 a221oi_1, 37 a222oi_1, 21 a22o_1, 45 a22oi_1, 6 a311o_1, 14 a311oi_1, 7 a31o_1, 43 a31oi_1, 3 a32o_1, 7 a32oi_1, 2 a41o_1, 3 a41oi_1, 72 and2_0, 56 and3_1, 25 and4_1, 32 buf_1, 93 clkinv_1, 1 conb_1, 1700 dfxtp_1, 9 maj3_1, 103 mux2_1, 90 mux2i_1, 511 mux4_2, 964 nand2_1, 47 nand2b_1, 73 nand3_1, 11 nand3b_1, 27 nand4_1, 5 nand4b_1, 1 nand4bb_1, 1524 nor2_1, 51 nor2b_1, 193 nor3_1, 10 nor3b_1, 22 nor4_1, 1 nor4b_1, 2 nor4bb_1, 4 o2111ai_1, 1 o211a_1, 33 o211ai_1, 19 o21a_1, 671 o21ai_0, 29 o21bai_1, 4 o221a_1, 76 o221ai_1, 2 o22a_1, 53 o22ai_1, 1 o2bb2ai_1, 3 o311a_1, 19 o311ai_0, 5 o31a_1, 34 o31ai_1, 12 o32a_1, 17 o32ai_1, 3 o41ai_1, 30 or2_0, 25 or3_1, 3 or3b_1, 11 or4_1, 1 or4b_1, 101 xnor2_1, 67 xor2_1","14*8.76 + 6*8.76 + 37*7.51 + 3*10.01 + 28*7.51 + 44*7.51 + 1332*5.0 + 6*10.01 + 28*8.76 + 37*10.01 + 21*8.76 + 45*7.51 + 6*10.01 + 14*8.76 + 7*8.76 + 43*6.26 + 3*10.01 + 7*8.76 + 2*10.01 + 3*8.76 + 72*6.26 + 56*6.26 + 25*8.76 + 32*3.75 + 93*3.75 + 1*3.75 + 1700*20.02 + 9*10.01 + 103*11.26 + 90*10.01 + 511*22.52 + 964*3.75 + 47*6.26 + 73*5.0 + 11*7.51 + 27*6.26 + 5*8.76 + 1*11.26 + 1524*3.75 + 51*6.26 + 193*5.0 + 10*7.51 + 22*6.26 + 1*8.76 + 2*10.01 + 4*8.76 + 1*10.01 + 33*7.51 + 19*7.51 + 671*5.0 + 29*7.51 + 4*11.26 + 76*8.76 + 2*8.76 + 53*6.26 + 1*8.76 + 3*10.01 + 19*8.76 + 5*8.76 + 34*7.51 + 12*10.01 + 17*8.76 + 3*8.76 + 30*6.26 + 25*6.26 + 3*8.76 + 11*7.51 + 1*10.01 + 101*8.76 + 67*8.76",78342.36,"9.83 + 1.28 + 0.5 + 0.16 + 0.22 + 0.09 + 0.3",12.38,"14*0.42 + 6*3.14 + 37*0.98 + 3*7.27 + 28*2.48 + 44*5.9 + 1332*1.65 + 6*2.66 + 28*1.78 + 37*2.43 + 21*4.06 + 45*2.58 + 6*1.57 + 14*0.97 + 7*2.37 + 43*1.48 + 3*2.3 + 7*1.25 + 2*6.61 + 3*1.36 + 72*1.92 + 56*5.59 + 25*3.4 + 32*1.18 + 93*1.57 + 1*3.24 + 1700*8.44 + 9*2.09 + 103*4.03 + 90*5.89 + 511*6.37 + 964*2.12 + 47*2.25 + 73*1.03 + 11*1.4 + 27*0.53 + 5*1.03 + 1*1.9 + 1524*1.97 + 51*2.18 + 193*0.93 + 10*1.3 + 22*0.5 + 1*0.91 + 2*3.2 + 4*0.58 + 1*10.66 + 33*0.7 + 19*2.21 + 671*1.04 + 29*2.87 + 4*2.73 + 76*1.09 + 2*2.76 + 53*1.31 + 1*1.85 + 3*3.77 + 19*0.64 + 5*2.07 + 34*1.7 + 12*1.66 + 17*1.09 + 3*1.39 + 30*1.26 + 25*1.28 + 3*2.59 + 11*0.85 + 1*2.14 + 101*2.07 + 67*4.28",29727.71
"adder32","32 maj3_1, 64 xnor2_1","32*10.01 + 64*8.76",880.96,"0.37 + 0.39 + 0.39 + 0.39 + 0.39 + 0.39 + 0.39 + 0.39 + 0.39 + 0.39 + 0.39 + 0.39 + 0.39 + 0.39 + 0.39 + 0.39 + 0.39 + 0.39 + 0.39 + 0.39 + 0.39 + 0.39 + 0.39 + 0.39 + 0.39 + 0.39 + 0.39 + 0.39 + 0.39 + 0.39 + 0.39 + 0.33",12.4,"32*2.09 + 64*2.07",199.36
"decoder_4to16_pipeline","1 conb_1, 7 dfxtp_1, 1 nand3b_1, 1 or3_1, 2 or3b_1","1*3.75 + 7*20.02 + 1*7.51 + 1*6.26 + 2*8.76",175.18,"0.31 + 0.33",0.64,"1*3.24 + 7*8.44 + 1*1.4 + 1*1.28 + 2*2.59",70.18
"mig_7series_v4_0_axi_mc_simple_fifo","1 a211o_1, 1 a21o_1, 5 a21oi_1, 1 a221oi_1, 26 a222oi_1, 2 a22o_1, 17 a22oi_1, 2 and3_1, 4 and4_1, 4 and4b_1, 132 dfxtp_1, 1 maj3_1, 128 mux2_1, 13 nand2_1, 1 nand2b_1, 6 nand3_1, 1 nand3b_1, 4 nand4_1, 1 nor2_1, 1 nor2b_1, 1 nor4_1, 4 nor4b_1, 6 nor4bb_1, 4 o21ai_0, 1 o22a_1, 1 or2_0, 2 or3_1, 1 or4b_1, 4 xnor2_1","1*8.76 + 1*7.51 + 5*5.0 + 1*8.76 + 26*10.01 + 2*8.76 + 17*7.51 + 2*6.26 + 4*8.76 + 4*10.01 + 132*20.02 + 1*10.01 + 128*11.26 + 13*3.75 + 1*6.26 + 6*5.0 + 1*7.51 + 4*6.26 + 1*3.75 + 1*6.26 + 1*6.26 + 4*8.76 + 6*10.01 + 4*5.0 + 1*8.76 + 1*6.26 + 2*6.26 + 1*10.01 + 4*8.76",4958.53,"0.57 + 0.79 + 0.17 + 0.25 + 0.05",1.83,"1*3.14 + 1*5.9 + 5*1.65 + 1*1.78 + 26*2.43 + 2*4.06 + 17*2.58 + 2*5.59 + 4*3.4 + 4*5.99 + 132*8.44 + 1*2.09 + 128*4.03 + 13*2.12 + 1*2.25 + 6*1.03 + 1*1.4 + 4*0.53 + 1*1.97 + 1*2.18 + 1*0.5 + 4*0.91 + 6*3.2 + 4*1.04 + 1*2.76 + 1*1.26 + 2*1.28 + 1*2.14 + 4*2.07",1903.14
"calculator","1 a2111oi_0, 7 a211o_1, 15 a211oi_1, 4 a21bo_1, 21 a21boi_0, 35 a21o_1, 408 a21oi_1, 1 a221oi_1, 6 a22o_1, 36 a22oi_1, 3 a2bb2oi_1, 1 a311o_1, 58 a311oi_1, 17 a31o_1, 44 a31oi_1, 3 a32oi_1, 1 a41o_1, 1 a41oi_1, 235 and2_0, 35 and3_1, 3 and4_1, 213 clkinv_1, 306 maj3_1, 44 mux2_1, 80 mux2i_1, 1016 nand2_1, 151 nand2b_1, 68 nand3_1, 1 nand3b_1, 19 nand4_1, 1 nand4b_1, 819 nor2_1, 107 nor2b_1, 60 nor3_1, 3 nor3b_1, 22 nor4_1, 1 nor4b_1, 2 o211a_1, 33 o211ai_1, 80 o21a_1, 288 o21ai_0, 1 o21ba_1, 29 o21bai_1, 4 o221ai_1, 17 o22a_1, 13 o22ai_1, 1 o2bb2ai_1, 9 o311a_1, 51 o311ai_0, 16 o31a_1, 20 o31ai_1, 37 or2_0, 23 or3_1, 1 or3b_1, 4 or4_1, 1147 xnor2_1, 12 xnor3_1, 469 xor2_1","1*8.76 + 7*8.76 + 15*7.51 + 4*10.01 + 21*7.51 + 35*7.51 + 408*5.0 + 1*8.76 + 6*8.76 + 36*7.51 + 3*8.76 + 1*10.01 + 58*8.76 + 17*8.76 + 44*6.26 + 3*8.76 + 1*10.01 + 1*8.76 + 235*6.26 + 35*6.26 + 3*8.76 + 213*3.75 + 306*10.01 + 44*11.26 + 80*10.01 + 1016*3.75 + 151*6.26 + 68*5.0 + 1*7.51 + 19*6.26 + 1*8.76 + 819*3.75 + 107*6.26 + 60*5.0 + 3*7.51 + 22*6.26 + 1*8.76 + 2*10.01 + 33*7.51 + 80*7.51 + 288*5.0 + 1*10.01 + 29*7.51 + 4*8.76 + 17*8.76 + 13*6.26 + 1*8.76 + 9*10.01 + 51*8.76 + 16*8.76 + 20*7.51 + 37*6.26 + 23*6.26 + 1*8.76 + 4*7.51 + 1147*8.76 + 12*22.52 + 469*8.76",38822.43,"0.54 + 0.4 + 0.28 + 0.15 + 0.31 + 0.27 + 0.07 + 0.14 + 0.14 + 0.4 + 0.38 + 0.17 + 0.14 + 0.18 + 0.37 + 0.2 + 0.19 + 0.23 + 0.18 + 0.39 + 0.2 + 0.2 + 0.18 + 0.35 + 0.18 + 0.38 + 0.39 + 0.2 + 0.19 + 0.19 + 0.26 + 0.19 + 0.39 + 0.2 + 0.38 + 0.39 + 0.2 + 0.18 + 0.28 + 0.19 + 0.37 + 0.2 + 0.19 + 0.19 + 0.38 + 0.2 + 0.17 + 0.3 + 0.2 + 0.4 + 0.39 + 0.2 + 0.19 + 0.2 + 0.22 + 0.26 + 0.71 + 0.24 + 0.41 + 0.39 + 0.39 + 0.39 + 0.39 + 0.4 + 0.17 + 0.12 + 0.62 + 0.24 + 0.43 + 0.39 + 0.39 + 0.39 + 0.39 + 0.39 + 0.4 + 0.2 + 0.12 + 0.2 + 0.4 + 0.25 + 0.41 + 0.2 + 0.19 + 0.19 + 0.38 + 0.39 + 0.39 + 0.4 + 0.2 + 0.14 + 1.32 + 0.31 + 0.47 + 0.39 + 0.39 + 0.39 + 0.4 + 0.23 + 0.14 + 0.37 + 0.17 + 0.36 + 0.22 + 0.38 + 0.39 + 0.39 + 0.39 + 0.39 + 0.4 + 0.19 + 0.11 + 0.36 + 0.16 + 1.05 + 0.29 + 0.45 + 0.39 + 0.39 + 0.39 + 0.39 + 0.39 + 0.4 + 0.2 + 0.14 + 0.36 + 0.23 + 0.54 + 0.3 + 0.43 + 0.39 + 0.39 + 0.4 + 0.23 + 0.13 + 0.44 + 0.19 + 0.37 + 0.17 + 1.2 + 0.3 + 0.46 + 0.39 + 0.39 + 0.39 + 0.4 + 0.24 + 0.15 + 0.45 + 0.2 + 0.37 + 0.17 + 1.22 + 0.3 + 0.43 + 0.39 + 0.39 + 0.39 + 0.39 + 0.4 + 0.24 + 0.13 + 0.45 + 0.2 + 0.37 + 0.17 + 2.07 + 0.4 + 0.51 + 0.39 + 0.39 + 0.39 + 0.39 + 0.39 + 0.4 + 0.25 + 0.15 + 0.45 + 0.2 + 0.37 + 0.17 + 1.96 + 0.21 + 0.44 + 0.39 + 0.39 + 0.39 + 0.39 + 0.39 + 0.39 + 0.4 + 0.25 + 0.15 + 0.45 + 0.19 + 0.29 + 0.15 + 1.22 + 0.31 + 0.46 + 0.39 + 0.39 + 0.39 + 0.39 + 0.39 + 0.39 + 0.39 + 0.4 + 0.21 + 0.14 + 0.45 + 0.2 + 0.33 + 0.29 + 1.07 + 0.29 + 0.43 + 0.39 + 0.2 + 0.38 + 0.39 + 0.4 + 0.25 + 0.15 + 0.37 + 0.18 + 0.45 + 0.19 + 0.29 + 0.15 + 2.38 + 0.25 + 0.49 + 0.39 + 0.39 + 0.39 + 0.2 + 0.38 + 0.21 + 0.21 + 0.29 + 0.43 + 0.19 + 0.32 + 0.32 + 0.17 + 0.27 + 1.13 + 0.28 + 0.28 + 0.14 + 0.22 + 0.21 + 0.12 + 0.43 + 0.2 + 0.35 + 0.15 + 0.44 + 0.19 + 0.37 + 0.17 + 1.63 + 0.36 + 0.5 + 0.2 + 0.14 + 0.41 + 0.24 + 0.15 + 0.45 + 0.2 + 0.35 + 0.15 + 0.36 + 0.18 + 0.37 + 0.15 + 1.44 + 0.34 + 0.45 + 0.21 + 0.22 + 0.13 + 0.44 + 0.2 + 0.46 + 0.2 + 0.35 + 0.17 + 0.45 + 0.18 + 0.29 + 0.16 + 1.82 + 0.38 + 0.5 + 0.2 + 0.39 + 0.22 + 0.13 + 0.36 + 0.18 + 0.34 + 0.15 + 0.28 + 0.14 + 0.44 + 0.2 + 0.34 + 0.33 + 1.49 + 0.26 + 0.31 + 0.15 + 0.41 + 0.24 + 0.13 + 0.44 + 0.19 + 0.37 + 0.18 + 0.29 + 0.14 + 0.28 + 0.14 + 0.33 + 0.18 + 1.61 + 0.33 + 0.47 + 0.2 + 0.14 + 0.41 + 0.24 + 0.13 + 0.44 + 0.17 + 0.42 + 0.17 + 0.34 + 0.15 + 0.44 + 0.17 + 0.37 + 0.19 + 1.94 + 0.34 + 0.49 + 0.33 + 0.17 + 0.38 + 0.18 + 0.27 + 0.19 + 0.13 + 0.31 + 0.33 + 0.23 + 0.11 + 0.37 + 0.16 + 0.32 + 0.34 + 0.91 + 0.41 + 0.24 + 0.21 + 0.26 + 0.19 + 0.06 + 0.39 + 0.11",130.82,"1*0.42 + 7*3.14 + 15*0.98 + 4*7.27 + 21*2.48 + 35*5.9 + 408*1.65 + 1*1.78 + 6*4.06 + 36*2.58 + 3*3.38 + 1*1.57 + 58*0.97 + 17*2.37 + 44*1.48 + 3*1.25 + 1*6.61 + 1*1.36 + 235*1.92 + 35*5.59 + 3*3.4 + 213*1.57 + 306*2.09 + 44*4.03 + 80*5.89 + 1016*2.12 + 151*2.25 + 68*1.03 + 1*1.4 + 19*0.53 + 1*1.03 + 819*1.97 + 107*2.18 + 60*0.93 + 3*1.3 + 22*0.5 + 1*0.91 + 2*10.66 + 33*0.7 + 80*2.21 + 288*1.04 + 1*7.27 + 29*2.87 + 4*1.09 + 17*2.76 + 13*1.31 + 1*1.85 + 9*3.77 + 51*0.64 + 16*2.07 + 20*1.7 + 37*1.26 + 23*1.28 + 1*2.59 + 4*0.85 + 1147*2.07 + 12*15.62 + 469*4.28",13542.3
"multiplier_block","1 a211o_1, 1 a211oi_1, 7 a21o_1, 11 a21oi_1, 1 a311oi_1, 1 a31oi_1, 11 and2_0, 4 and3_1, 14 clkinv_1, 1 conb_1, 22 maj3_1, 36 nand2_1, 9 nand2b_1, 9 nand3_1, 29 nor2_1, 9 nor2b_1, 2 nor3_1, 1 o2111ai_1, 1 o211ai_1, 2 o21a_1, 17 o21ai_0, 2 o21bai_1, 1 o22a_1, 1 o311ai_0, 2 or2_0, 82 xnor2_1, 37 xor2_1","1*8.76 + 1*7.51 + 7*7.51 + 11*5.0 + 1*8.76 + 1*6.26 + 11*6.26 + 4*6.26 + 14*3.75 + 1*3.75 + 22*10.01 + 36*3.75 + 9*6.26 + 9*5.0 + 29*3.75 + 9*6.26 + 2*5.0 + 1*8.76 + 1*7.51 + 2*7.51 + 17*5.0 + 2*7.51 + 1*8.76 + 1*8.76 + 2*6.26 + 82*8.76 + 37*8.76",2124.45,"0.07 + 0.13 + 0.4 + 0.39 + 0.39 + 0.39 + 0.39 + 0.39 + 0.39 + 0.39 + 0.39 + 0.11 + 0.16 + 0.15 + 0.4 + 0.21 + 0.07 + 0.16 + 0.21 + 0.18 + 0.21 + 0.1 + 0.12 + 0.11 + 0.12",6.03,"1*3.14 + 1*0.98 + 7*5.9 + 11*1.65 + 1*0.97 + 1*1.48 + 11*1.92 + 4*5.59 + 14*1.57 + 1*3.24 + 22*2.09 + 36*2.12 + 9*2.25 + 9*1.03 + 29*1.97 + 9*2.18 + 2*0.93 + 1*0.58 + 1*0.7 + 2*2.21 + 17*1.04 + 2*2.87 + 1*2.76 + 1*0.64 + 2*1.26 + 82*2.07 + 37*4.28",728.29
"TX_SYNC_GTP","17 a21oi_1, 1 a41oi_1, 3 and2_0, 5 and3_1, 1 and3b_1, 4 and4_1, 2 clkinv_1, 27 dfxtp_1, 1 nand2_1, 2 nand2b_1, 1 nand3_1, 8 nor2_1, 1 nor2b_1, 4 nor3_1, 2 nor3b_1, 1 o21a_1, 13 o21ai_0","17*5.0 + 1*8.76 + 3*6.26 + 5*6.26 + 1*8.76 + 4*8.76 + 2*3.75 + 27*20.02 + 1*3.75 + 2*6.26 + 1*5.0 + 8*3.75 + 1*6.26 + 4*5.0 + 2*7.51 + 1*7.51 + 13*5.0",900.74,"0.34 + 0.22 + 0.23 + 0.27 + 0.19 + 0.05",1.3,"17*1.65 + 1*1.36 + 3*1.92 + 5*5.59 + 1*7.06 + 4*3.4 + 2*1.57 + 27*8.44 + 1*2.12 + 2*2.25 + 1*1.03 + 8*1.97 + 1*2.18 + 4*0.93 + 2*1.3 + 1*2.21 + 13*1.04",362.44
"top_module","4 mux4_2","4*22.52",90.08,"0.43",0.43,"4*6.37",25.48
"SPIfrontend","1 a21o_1, 5 a21oi_1, 2 a31oi_1, 1 a41o_1, 2 and3_1, 15 clkinv_1, 1 conb_1, 12 dfrtp_1, 1 dfxtp_1, 1 mux2_1, 2 mux2i_1, 2 mux4_2, 9 nand2_1, 3 nand2b_1, 1 nand3_1, 1 nand3b_1, 10 nor2_1, 2 nor3_1, 1 nor3b_1, 1 nor4_1, 1 o21a_1, 6 o21ai_0, 1 o22ai_1, 4 o31ai_1, 1 xnor2_1","1*7.51 + 5*5.0 + 2*6.26 + 1*10.01 + 2*6.26 + 15*3.75 + 1*3.75 + 12*25.02 + 1*20.02 + 1*11.26 + 2*10.01 + 2*22.52 + 9*3.75 + 3*6.26 + 1*5.0 + 1*7.51 + 10*3.75 + 2*5.0 + 1*7.51 + 1*6.26 + 1*7.51 + 6*5.0 + 1*6.26 + 4*7.51 + 1*8.76",733.02,"0.49 + 0.53 + 0.29 + 0.06 + 0.06",1.43,"1*5.9 + 5*1.65 + 2*1.48 + 1*6.61 + 2*5.59 + 15*1.57 + 1*3.24 + 12*11.65 + 1*8.44 + 1*4.03 + 2*5.89 + 2*6.37 + 9*2.12 + 3*2.25 + 1*1.03 + 1*1.4 + 10*1.97 + 2*0.93 + 1*1.3 + 1*0.5 + 1*2.21 + 6*1.04 + 1*1.31 + 4*1.7 + 1*2.07",308.73
"qmults","1 a211o_1, 3 a211oi_1, 1 a21o_1, 87 a21oi_1, 1 a221o_1, 1 a221oi_1, 33 a22o_1, 31 a22oi_1, 2 a311o_1, 12 a311oi_1, 2 a31o_1, 5 a31oi_1, 1 a32o_1, 44 and2_0, 10 and3_1, 5 and4_1, 36 clkinv_1, 192 dfxtp_1, 2 maj3_1, 4 mux2i_1, 5 mux4_2, 159 nand2_1, 2 nand2b_1, 28 nand3_1, 1 nand3b_1, 3 nand4_1, 85 nor2_1, 4 nor2b_1, 23 nor3_1, 9 nor4_1, 2 nor4b_1, 3 o211ai_1, 2 o21a_1, 104 o21ai_0, 1 o2bb2ai_1, 1 o311a_1, 14 o311ai_0, 3 o31a_1, 8 o31ai_1, 15 or2_0, 3 or4_1, 37 xnor2_1, 36 xor2_1","1*8.76 + 3*7.51 + 1*7.51 + 87*5.0 + 1*10.01 + 1*8.76 + 33*8.76 + 31*7.51 + 2*10.01 + 12*8.76 + 2*8.76 + 5*6.26 + 1*10.01 + 44*6.26 + 10*6.26 + 5*8.76 + 36*3.75 + 192*20.02 + 2*10.01 + 4*10.01 + 5*22.52 + 159*3.75 + 2*6.26 + 28*5.0 + 1*7.51 + 3*6.26 + 85*3.75 + 4*6.26 + 23*5.0 + 9*6.26 + 2*8.76 + 3*7.51 + 2*7.51 + 104*5.0 + 1*8.76 + 1*10.01 + 14*8.76 + 3*8.76 + 8*7.51 + 15*6.26 + 3*7.51 + 37*8.76 + 36*8.76",8580.71,"0.35 + 0.16 + 0.16 + 0.28 + 0.13 + 0.4 + 0.3 + 0.17 + 0.42 + 0.18 + 0.26 + 0.15 + 0.42 + 0.18 + 0.43 + 0.18 + 0.42 + 0.18 + 0.37 + 0.17 + 0.4 + 0.18 + 0.4 + 0.18 + 0.42 + 0.25 + 0.41 + 0.37 + 0.31 + 0.1 + 0.31 + 0.15 + 0.4 + 0.16 + 0.19 + 0.13 + 0.05",9.72,"1*3.14 + 3*0.98 + 1*5.9 + 87*1.65 + 1*2.66 + 1*1.78 + 33*4.06 + 31*2.58 + 2*1.57 + 12*0.97 + 2*2.37 + 5*1.48 + 1*2.3 + 44*1.92 + 10*5.59 + 5*3.4 + 36*1.57 + 192*8.44 + 2*2.09 + 4*5.89 + 5*6.37 + 159*2.12 + 2*2.25 + 28*1.03 + 1*1.4 + 3*0.53 + 85*1.97 + 4*2.18 + 23*0.93 + 9*0.5 + 2*0.91 + 3*0.7 + 2*2.21 + 104*1.04 + 1*1.85 + 1*3.77 + 14*0.64 + 3*2.07 + 8*1.7 + 15*1.26 + 3*0.85 + 37*2.07 + 36*4.28",3275.6
"alu","7 a21oi_1, 1 a31o_1, 1 clkinv_1, 2 maj3_1, 6 nand2_1, 2 nand2b_1, 1 nand3b_1, 2 nor2_1, 2 nor3_1, 2 nor3b_1, 2 o211ai_1, 4 o21ai_0, 2 o31ai_1, 2 or2_0, 1 or3b_1, 1 or4b_1, 5 xnor2_1, 4 xor2_1","7*5.0 + 1*8.76 + 1*3.75 + 2*10.01 + 6*3.75 + 2*6.26 + 1*7.51 + 2*3.75 + 2*5.0 + 2*7.51 + 2*7.51 + 4*5.0 + 2*7.51 + 2*6.26 + 1*8.76 + 1*10.01 + 5*8.76 + 4*8.76",302.75,"0.38 + 0.09 + 0.08 + 0.38 + 0.35 + 0.13 + 0.11",1.52,"7*1.65 + 1*2.37 + 1*1.57 + 2*2.09 + 6*2.12 + 2*2.25 + 1*1.4 + 2*1.97 + 2*0.93 + 2*1.3 + 2*0.7 + 4*1.04 + 2*1.7 + 2*1.26 + 1*2.59 + 1*2.14 + 5*2.07 + 4*4.28",90.37
"mod","454 xnor2_1, 75 xor2_1","454*8.76 + 75*8.76",4634.04,"0.22 + 0.12",0.34,"454*2.07 + 75*4.28",1260.78
"dffs","1 dfxtp_1, 1 o21ba_1","1*20.02 + 1*10.01",30.03,"0.15",0.15,"1*8.44 + 1*7.27",15.71
"register_monitor","2 conb_1, 32 dfrtp_1","2*3.75 + 32*25.02",808.14,"0.31",0.31,"2*3.24 + 32*11.65",379.28
"mux_4to2","2 a22o_1","2*8.76",17.52,"0.18",0.18,"2*4.06",8.12
"sky130_fd_sc_ms__o32a","1 o32a_1","1*10.01",10.01,"0.29",0.29,"1*1.66",1.66
"ao22","1 a22o_1","1*8.76",8.76,"0.18",0.18,"1*4.06",4.06
"counter_4bit","2 a21oi_1, 1 and3_1, 1 and4_1, 4 dfxtp_1, 2 nor2_1, 2 nor3_1, 1 o21a_1, 1 xnor2_1","2*5.0 + 1*6.26 + 1*8.76 + 4*20.02 + 2*3.75 + 2*5.0 + 1*7.51 + 1*8.76",138.87,"0.34 + 0.23 + 0.12 + 0.04",0.73,"2*1.65 + 1*5.59 + 1*3.4 + 4*8.44 + 2*1.97 + 2*0.93 + 1*2.21 + 1*2.07",56.13
"sirv_qspi_physical","2 a211o_1, 3 a21o_1, 22 a21oi_1, 2 a2bb2oi_1, 3 a31oi_1, 4 a41oi_1, 3 and2_0, 2 and3_1, 1 and4_1, 1 and4b_1, 66 clkinv_1, 1 conb_1, 59 dfrtp_1, 2 dfstp_2, 32 mux2_1, 17 mux2i_1, 31 nand2_1, 11 nand3_1, 2 nand3b_1, 2 nand4_1, 1 nand4bb_1, 23 nor2_1, 5 nor2b_1, 5 nor3_1, 6 nor4_1, 1 o2111ai_1, 35 o21ai_0, 6 o22ai_1, 1 o2bb2ai_1, 1 or2_0, 3 or4_1, 1 or4b_1, 7 xnor2_1, 3 xor2_1","2*8.76 + 3*7.51 + 22*5.0 + 2*8.76 + 3*6.26 + 4*8.76 + 3*6.26 + 2*6.26 + 1*8.76 + 1*10.01 + 66*3.75 + 1*3.75 + 59*25.02 + 2*26.28 + 32*11.26 + 17*10.01 + 31*3.75 + 11*5.0 + 2*7.51 + 2*6.26 + 1*11.26 + 23*3.75 + 5*6.26 + 5*5.0 + 6*6.26 + 1*8.76 + 35*5.0 + 6*6.26 + 1*8.76 + 1*6.26 + 3*7.51 + 1*10.01 + 7*8.76 + 3*8.76",3328.58,"0.35 + 0.6 + 0.33 + 0.6 + 0.39 + 0.42 + 0.44",3.13,"2*3.14 + 3*5.9 + 22*1.65 + 2*3.38 + 3*1.48 + 4*1.36 + 3*1.92 + 2*5.59 + 1*3.4 + 1*5.99 + 66*1.57 + 1*3.24 + 59*11.65 + 2*10.52 + 32*4.03 + 17*5.89 + 31*2.12 + 11*1.03 + 2*1.4 + 2*0.53 + 1*1.9 + 23*1.97 + 5*2.18 + 5*0.93 + 6*0.5 + 1*0.58 + 35*1.04 + 6*1.31 + 1*1.85 + 1*1.26 + 3*0.85 + 1*2.14 + 7*2.07 + 3*4.28",1374.23
"logic_operation","1 a22o_1","1*8.76",8.76,"0.18",0.18,"1*4.06",4.06
"logic_circuit","1 a21oi_1, 1 and3b_1, 1 nor3_1, 1 nor3b_1","1*5.0 + 1*8.76 + 1*5.0 + 1*7.51",26.27,"0.22 + 0.08 + 0.07",0.37,"1*1.65 + 1*7.06 + 1*0.93 + 1*1.3",10.94
"sky130_fd_sc_lp__a2111o","1 a2111o_1","1*11.26",11.26,"0.35",0.35,"1*1.68",1.68
"nor_buf","1 nor3_1","1*5.0",5.0,"0.1",0.1,"1*0.93",0.93
"comparator","1 a2111oi_0, 5 a21oi_1, 1 a22oi_1, 2 a31oi_1, 4 a41oi_1, 2 and2_0, 2 and3_1, 13 clkinv_1, 2 maj3_1, 2 mux2_1, 6 mux2i_1, 2 nand2_1, 5 nand2b_1, 2 nand3_1, 1 nand4_1, 5 nor2_1, 2 nor2b_1, 4 nor3_1, 1 nor4_1, 5 o21ai_0, 1 o22ai_1, 2 o41ai_1, 1 or2_0, 6 xnor2_1, 1 xor2_1","1*8.76 + 5*5.0 + 1*7.51 + 2*6.26 + 4*8.76 + 2*6.26 + 2*6.26 + 13*3.75 + 2*10.01 + 2*11.26 + 6*10.01 + 2*3.75 + 5*6.26 + 2*5.0 + 1*6.26 + 5*3.75 + 2*6.26 + 4*5.0 + 1*6.26 + 5*5.0 + 1*6.26 + 2*8.76 + 1*6.26 + 6*8.76 + 1*8.76",494.17,"0.12 + 0.33 + 0.25 + 0.14 + 0.42 + 0.15 + 0.34 + 0.14 + 0.17 + 0.27",2.33,"1*0.42 + 5*1.65 + 1*2.58 + 2*1.48 + 4*1.36 + 2*1.92 + 2*5.59 + 13*1.57 + 2*2.09 + 2*4.03 + 6*5.89 + 2*2.12 + 5*2.25 + 2*1.03 + 1*0.53 + 5*1.97 + 2*2.18 + 4*0.93 + 1*0.5 + 5*1.04 + 1*1.31 + 2*1.39 + 1*1.26 + 6*2.07 + 1*4.28",166.42
"xorshift","10 a21oi_1, 4 a221oi_1, 1 and2_0, 128 dfxtp_1, 105 mux2i_1, 65 nand2_1, 4 nand3_1, 4 nand3b_1, 8 nand4_1, 62 nor2_1, 4 nor2b_1, 8 nor3_1, 34 nor4_1, 9 o211ai_1, 49 xnor2_1, 33 xor2_1","10*5.0 + 4*8.76 + 1*6.26 + 128*20.02 + 105*10.01 + 65*3.75 + 4*5.0 + 4*7.51 + 8*6.26 + 62*3.75 + 4*6.26 + 8*5.0 + 34*6.26 + 9*7.51 + 49*8.76 + 33*8.76",5345.07,"0.31 + 0.26 + 0.11 + 0.31 + 1.54 + 0.09",2.62,"10*1.65 + 4*1.78 + 1*1.92 + 128*8.44 + 105*5.89 + 65*2.12 + 4*1.03 + 4*1.4 + 8*0.53 + 62*1.97 + 4*2.18 + 8*0.93 + 34*0.5 + 9*0.7 + 49*2.07 + 33*4.28",2280.34
"magnitude_comparison","1 a21oi_1, 1 and4_1, 2 clkinv_1, 2 maj3_1, 2 nand2b_1, 2 nor2b_1, 1 nor3_1, 1 xnor2_1, 1 xor2_1","1*5.0 + 1*8.76 + 2*3.75 + 2*10.01 + 2*6.26 + 2*6.26 + 1*5.0 + 1*8.76 + 1*8.76",88.84,"0.13 + 0.34 + 0.1",0.57,"1*1.65 + 1*3.4 + 2*1.57 + 2*2.09 + 2*2.25 + 2*2.18 + 1*0.93 + 1*2.07 + 1*4.28",28.51
"internal_rom","1 a211oi_1, 2 a21oi_1, 1 a31o_1, 1 a31oi_1, 1 and2_0, 1 and3_1, 1 and4b_1, 2 clkinv_1, 13 dfxtp_1, 1 nand2b_1, 1 nand3b_1, 6 nor2_1, 1 nor2b_1, 1 nor3_1, 2 nor4_1, 1 o211ai_1, 4 o21ai_0, 1 o2bb2ai_1, 2 or3_1, 1 or4_1","1*7.51 + 2*5.0 + 1*8.76 + 1*6.26 + 1*6.26 + 1*6.26 + 1*10.01 + 2*3.75 + 13*20.02 + 1*6.26 + 1*7.51 + 6*3.75 + 1*6.26 + 1*5.0 + 2*6.26 + 1*7.51 + 4*5.0 + 1*8.76 + 2*6.26 + 1*7.51",439.17,"0.33 + 0.12 + 0.19 + 0.56 + 0.22 + 0.21",1.63,"1*0.98 + 2*1.65 + 1*2.37 + 1*1.48 + 1*1.92 + 1*5.59 + 1*5.99 + 2*1.57 + 13*8.44 + 1*2.25 + 1*1.4 + 6*1.97 + 1*2.18 + 1*0.93 + 2*0.5 + 1*0.7 + 4*1.04 + 1*1.85 + 2*1.28 + 1*0.85",164.19
"top_module","1 a211oi_1, 1 a21boi_0, 7 a21oi_1, 1 a41oi_1, 1 and2_0, 2 and3_1, 3 clkinv_1, 15 dfxtp_1, 5 nand2_1, 2 nand2b_1, 1 nand4b_1, 3 nor2_1, 2 nor3_1, 1 nor4_1, 5 o21ai_0, 1 o311ai_0, 1 o31ai_1, 1 o32ai_1, 1 or2_0, 2 or3_1","1*7.51 + 1*7.51 + 7*5.0 + 1*8.76 + 1*6.26 + 2*6.26 + 3*3.75 + 15*20.02 + 5*3.75 + 2*6.26 + 1*8.76 + 3*3.75 + 2*5.0 + 1*6.26 + 5*5.0 + 1*8.76 + 1*7.51 + 1*8.76 + 1*6.26 + 2*6.26",525.46,"0.35 + 0.19 + 0.56 + 0.2 + 0.15 + 0.11",1.56,"1*0.98 + 1*2.48 + 7*1.65 + 1*1.36 + 1*1.92 + 2*5.59 + 3*1.57 + 15*8.44 + 5*2.12 + 2*2.25 + 1*1.03 + 3*1.97 + 2*0.93 + 1*0.5 + 5*1.04 + 1*0.64 + 1*1.7 + 1*1.09 + 1*1.26 + 2*1.28",197.63
"pipelined_decoder","1 and2_0, 1 conb_1, 15 dfxtp_1, 1 nor2_1, 2 nor2b_1","1*6.26 + 1*3.75 + 15*20.02 + 1*3.75 + 2*6.26",326.58,"0.27",0.27,"1*1.92 + 1*3.24 + 15*8.44 + 1*1.97 + 2*2.18",138.09
"freqcount","1 a21o_1, 8 a21oi_1, 3 and3_1, 10 clkinv_1, 2 conb_1, 82 dfrtp_1, 35 nand2_1, 2 nand2b_1, 15 nand3_1, 2 nand3b_1, 10 nand4_1, 10 nor2_1, 8 nor2b_1, 10 nor3_1, 10 nor4_1, 1 o21ai_0, 1 or2_0, 1 or3b_1, 42 xnor2_1, 30 xor2_1","1*7.51 + 8*5.0 + 3*6.26 + 10*3.75 + 2*3.75 + 82*25.02 + 35*3.75 + 2*6.26 + 15*5.0 + 2*7.51 + 10*6.26 + 10*3.75 + 8*6.26 + 10*5.0 + 10*6.26 + 1*5.0 + 1*6.26 + 1*8.76 + 42*8.76 + 30*8.76",3310.24,"0.34 + 0.49 + 0.56 + 0.18 + 0.15",1.72,"1*5.9 + 8*1.65 + 3*5.59 + 10*1.57 + 2*3.24 + 82*11.65 + 35*2.12 + 2*2.25 + 15*1.03 + 2*1.4 + 10*0.53 + 10*1.97 + 8*2.18 + 10*0.93 + 10*0.5 + 1*1.04 + 1*1.26 + 1*2.59 + 42*2.07 + 30*4.28",1387.27
"clock_signals","6 a31oi_1, 6 and4_1, 2 clkinv_1, 27 dfxtp_1, 8 nand2_1, 2 nand3_1, 2 nand4_1, 7 nor2_1, 12 xnor2_1, 8 xor2_1","6*6.26 + 6*8.76 + 2*3.75 + 27*20.02 + 8*3.75 + 2*5.0 + 2*6.26 + 7*3.75 + 12*8.76 + 8*8.76",892.13,"0.36 + 0.28 + 0.15 + 0.21 + 0.3 + 0.28 + 0.28 + 0.28 + 0.29 + 0.13 + 0.13",2.69,"6*1.48 + 6*3.4 + 2*1.57 + 27*8.44 + 8*2.12 + 2*1.03 + 2*0.53 + 7*1.97 + 12*2.07 + 8*4.28",353.25
"var9_multi","2 a211oi_1, 1 a21bo_1, 1 a21boi_0, 4 a21o_1, 8 a21oi_1, 1 a221oi_1, 2 a22o_1, 2 a22oi_1, 1 a2bb2oi_1, 1 a31oi_1, 2 a32oi_1, 1 and2_0, 3 and3_1, 5 clkinv_1, 3 maj3_1, 1 mux2_1, 1 mux2i_1, 14 nand2_1, 2 nand2b_1, 5 nand3_1, 1 nand3b_1, 1 nand4_1, 11 nor2_1, 3 nor2b_1, 3 nor3_1, 2 nor4b_1, 1 o211ai_1, 3 o21a_1, 17 o21ai_0, 1 o22a_1, 2 o22ai_1, 1 o31ai_1, 1 or2_0, 2 or3_1, 11 xnor2_1, 8 xnor3_1, 7 xor2_1, 1 xor3_1","2*7.51 + 1*10.01 + 1*7.51 + 4*7.51 + 8*5.0 + 1*8.76 + 2*8.76 + 2*7.51 + 1*8.76 + 1*6.26 + 2*8.76 + 1*6.26 + 3*6.26 + 5*3.75 + 3*10.01 + 1*11.26 + 1*10.01 + 14*3.75 + 2*6.26 + 5*5.0 + 1*7.51 + 1*6.26 + 11*3.75 + 3*6.26 + 3*5.0 + 2*8.76 + 1*7.51 + 3*7.51 + 17*5.0 + 1*8.76 + 2*6.26 + 1*7.51 + 1*6.26 + 2*6.26 + 11*8.76 + 8*22.52 + 7*8.76 + 1*23.77",992.07,"0.38 + 0.2 + 0.29 + 0.43 + 0.23 + 0.09 + 0.23 + 0.06 + 0.04",1.95,"2*0.98 + 1*7.27 + 1*2.48 + 4*5.9 + 8*1.65 + 1*1.78 + 2*4.06 + 2*2.58 + 1*3.38 + 1*1.48 + 2*1.25 + 1*1.92 + 3*5.59 + 5*1.57 + 3*2.09 + 1*4.03 + 1*5.89 + 14*2.12 + 2*2.25 + 5*1.03 + 1*1.4 + 1*0.53 + 11*1.97 + 3*2.18 + 3*0.93 + 2*0.91 + 1*0.7 + 3*2.21 + 17*1.04 + 1*2.76 + 2*1.31 + 1*1.7 + 1*1.26 + 2*1.28 + 11*2.07 + 8*15.62 + 7*4.28 + 1*15.22",416.56
"ultrasonic","1 a211oi_1, 2 a21o_1, 19 a21oi_1, 3 a31oi_1, 1 and2_0, 9 and3_1, 5 and4_1, 6 clkinv_1, 36 dfxtp_1, 6 nand2_1, 2 nand2b_1, 6 nand3_1, 3 nand4_1, 16 nor2_1, 2 nor2b_1, 18 nor3_1, 2 nor3b_1, 1 nor4_1, 4 nor4b_1, 2 o21a_1, 13 o21ai_0, 1 o311a_1, 1 or3_1, 1 xor2_1","1*7.51 + 2*7.51 + 19*5.0 + 3*6.26 + 1*6.26 + 9*6.26 + 5*8.76 + 6*3.75 + 36*20.02 + 6*3.75 + 2*6.26 + 6*5.0 + 3*6.26 + 16*3.75 + 2*6.26 + 18*5.0 + 2*7.51 + 1*6.26 + 4*8.76 + 2*7.51 + 13*5.0 + 1*10.01 + 1*6.26 + 1*8.76",1393.62,"0.38 + 0.23 + 0.13 + 0.37 + 0.59 + 0.29 + 0.05",2.04,"1*0.98 + 2*5.9 + 19*1.65 + 3*1.48 + 1*1.92 + 9*5.59 + 5*3.4 + 6*1.57 + 36*8.44 + 6*2.12 + 2*2.25 + 6*1.03 + 3*0.53 + 16*1.97 + 2*2.18 + 18*0.93 + 2*1.3 + 1*0.5 + 4*0.91 + 2*2.21 + 13*1.04 + 1*3.77 + 1*1.28 + 1*4.28",542.68
"up_down_counter","1 and2_0, 5 clkinv_1, 4 dfrtp_1, 1 mux2i_1, 3 nand2_1, 2 nand3_1, 1 nor2_1, 1 nor4_1, 1 o21ai_0, 1 or3_1, 2 xor2_1","1*6.26 + 5*3.75 + 4*25.02 + 1*10.01 + 3*3.75 + 2*5.0 + 1*3.75 + 1*6.26 + 1*5.0 + 1*6.26 + 2*8.76",195.14,"0.39 + 0.41 + 0.16 + 0.14",1.1,"1*1.92 + 5*1.57 + 4*11.65 + 1*5.89 + 3*2.12 + 2*1.03 + 1*1.97 + 1*0.5 + 1*1.04 + 1*1.28 + 2*4.28",84.03
"cf_spi","2 a21oi_1, 1 a221o_1, 3 a22o_1, 1 a31oi_1, 1 a32o_1, 1 and2_0, 1 and3_1, 1 and4_1, 12 clkinv_1, 1 conb_1, 56 dfrtp_1, 2 dfstp_2, 47 mux2_1, 8 mux2i_1, 14 nand2_1, 1 nand2b_1, 1 nand3_1, 2 nand4_1, 4 nor2_1, 1 nor2b_1, 2 nor3_1, 1 o21a_1, 2 o21ai_0, 2 o22ai_1, 2 or2_0, 2 or3b_1, 2 xnor2_1, 1 xor2_1","2*5.0 + 1*10.01 + 3*8.76 + 1*6.26 + 1*10.01 + 1*6.26 + 1*6.26 + 1*8.76 + 12*3.75 + 1*3.75 + 56*25.02 + 2*26.28 + 47*11.26 + 8*10.01 + 14*3.75 + 1*6.26 + 1*5.0 + 2*6.26 + 4*3.75 + 1*6.26 + 2*5.0 + 1*7.51 + 2*5.0 + 2*6.26 + 2*6.26 + 2*8.76 + 2*8.76 + 1*8.76",2389.46,"1.0 + 0.76 + 0.37",2.13,"2*1.65 + 1*2.66 + 3*4.06 + 1*1.48 + 1*2.3 + 1*1.92 + 1*5.59 + 1*3.4 + 12*1.57 + 1*3.24 + 56*11.65 + 2*10.52 + 47*4.03 + 8*5.89 + 14*2.12 + 1*2.25 + 1*1.03 + 2*0.53 + 4*1.97 + 1*2.18 + 2*0.93 + 1*2.21 + 2*1.04 + 2*1.31 + 2*1.26 + 2*2.59 + 2*2.07 + 1*4.28",1033.85
"vending_machine","12 a211oi_1, 2 a21o_1, 11 a21oi_1, 1 a221o_1, 3 a221oi_1, 1 a22o_1, 2 a22oi_1, 2 a311oi_1, 2 a32oi_1, 2 and2_0, 1 and3_1, 1 and4b_1, 5 clkinv_1, 23 dfxtp_1, 1 maj3_1, 10 nand2_1, 5 nand2b_1, 5 nand3_1, 1 nand3b_1, 32 nor2_1, 8 nor2b_1, 6 nor3_1, 1 nor4b_1, 1 o2111a_1, 1 o211a_1, 1 o21a_1, 13 o21ai_0, 1 o221ai_1, 3 o22ai_1, 1 o311ai_0, 1 o31a_1, 2 o31ai_1, 2 or2_0, 5 or3_1, 17 xnor2_1, 7 xor2_1","12*7.51 + 2*7.51 + 11*5.0 + 1*10.01 + 3*8.76 + 1*8.76 + 2*7.51 + 2*8.76 + 2*8.76 + 2*6.26 + 1*6.26 + 1*10.01 + 5*3.75 + 23*20.02 + 1*10.01 + 10*3.75 + 5*6.26 + 5*5.0 + 1*7.51 + 32*3.75 + 8*6.26 + 6*5.0 + 1*8.76 + 1*11.26 + 1*10.01 + 1*7.51 + 13*5.0 + 1*8.76 + 3*6.26 + 1*8.76 + 1*8.76 + 2*7.51 + 2*6.26 + 5*6.26 + 17*8.76 + 7*8.76",1491.33,"0.4 + 0.44 + 0.32 + 0.08 + 0.42 + 0.31 + 0.31",2.28,"12*0.98 + 2*5.9 + 11*1.65 + 1*2.66 + 3*1.78 + 1*4.06 + 2*2.58 + 2*0.97 + 2*1.25 + 2*1.92 + 1*5.59 + 1*5.99 + 5*1.57 + 23*8.44 + 1*2.09 + 10*2.12 + 5*2.25 + 5*1.03 + 1*1.4 + 32*1.97 + 8*2.18 + 6*0.93 + 1*0.91 + 1*3.75 + 1*10.66 + 1*2.21 + 13*1.04 + 1*1.09 + 3*1.31 + 1*0.64 + 1*2.07 + 2*1.7 + 2*1.26 + 5*1.28 + 17*2.07 + 7*4.28",524.16
"binary_counter","4 a21oi_1, 2 and3_1, 4 dfxtp_1, 2 nor3_1, 2 o21bai_1","4*5.0 + 2*6.26 + 4*20.02 + 2*5.0 + 2*7.51",137.62,"0.3 + 0.21 + 0.18 + 0.13",0.82,"4*1.65 + 2*5.59 + 4*8.44 + 2*0.93 + 2*2.87",59.14
"HalfSubtractor","1 clkinv_1, 1 maj3_1, 2 xnor2_1","1*3.75 + 1*10.01 + 2*8.76",31.28,"0.03 + 0.29",0.32,"1*1.57 + 1*2.09 + 2*2.07",7.8
"edge_detect_pipeline","1 a31o_1, 1 a31oi_1, 3 clkinv_1, 6 dfrtp_1, 1 dfstp_2, 1 nand2b_1, 1 nand3b_1, 2 nor2_1, 1 nor3_1, 1 o2bb2ai_1, 1 o32ai_1, 1 or2_0, 1 or3b_1","1*8.76 + 1*6.26 + 3*3.75 + 6*25.02 + 1*26.28 + 1*6.26 + 1*7.51 + 2*3.75 + 1*5.0 + 1*8.76 + 1*8.76 + 1*6.26 + 1*8.76",261.48,"0.34 + 0.4 + 0.2 + 0.11",1.05,"1*2.37 + 1*1.48 + 3*1.57 + 6*11.65 + 1*10.52 + 1*2.25 + 1*1.4 + 2*1.97 + 1*0.93 + 1*1.85 + 1*1.09 + 1*1.26 + 1*2.59",104.29
"four_bit_adder","2 a21oi_1, 1 and2_0, 2 maj3_1, 3 nand2_1, 1 nand3_1, 1 nor2_1, 1 nor2b_1, 1 nor3_1, 1 o21ai_0, 1 or2_0, 4 xnor2_1","2*5.0 + 1*6.26 + 2*10.01 + 3*3.75 + 1*5.0 + 1*3.75 + 1*6.26 + 1*5.0 + 1*5.0 + 1*6.26 + 4*8.76",113.84,"0.38 + 0.25 + 0.14 + 0.33",1.1,"2*1.65 + 1*1.92 + 2*2.09 + 3*2.12 + 1*1.03 + 1*1.97 + 1*2.18 + 1*0.93 + 1*1.04 + 1*1.26 + 4*2.07",32.45
"sky130_fd_sc_ms__a311o","1 a311o_1","1*10.01",10.01,"0.29",0.29,"1*1.57",1.57
"vga_planar","1 a211o_1, 1 a211oi_1, 2 a21boi_0, 36 a21oi_1, 16 a222oi_1, 8 a22oi_1, 4 and2_0, 3 and3_1, 1 and3b_1, 6 clkinv_1, 197 dfxtp_1, 3 maj3_1, 4 mux2_1, 124 mux2i_1, 54 nand2_1, 2 nand2b_1, 11 nand3_1, 133 nor2_1, 36 nor2b_1, 11 nor3_1, 2 nor3b_1, 1 nor4_1, 14 o21a_1, 13 o21ai_0, 2 o21bai_1, 1 or3_1, 1 or4_1, 1 or4b_1, 13 xnor2_1, 10 xor2_1","1*8.76 + 1*7.51 + 2*7.51 + 36*5.0 + 16*10.01 + 8*7.51 + 4*6.26 + 3*6.26 + 1*8.76 + 6*3.75 + 197*20.02 + 3*10.01 + 4*11.26 + 124*10.01 + 54*3.75 + 2*6.26 + 11*5.0 + 133*3.75 + 36*6.26 + 11*5.0 + 2*7.51 + 1*6.26 + 14*7.51 + 13*5.0 + 2*7.51 + 1*6.26 + 1*7.51 + 1*10.01 + 13*8.76 + 10*8.76",7247.69,"0.31 + 0.11 + 0.22 + 0.25 + 0.25 + 0.19 + 0.5 + 0.31 + 0.23 + 0.19 + 0.04 + 0.18",2.78,"1*3.14 + 1*0.98 + 2*2.48 + 36*1.65 + 16*2.43 + 8*2.58 + 4*1.92 + 3*5.59 + 1*7.06 + 6*1.57 + 197*8.44 + 3*2.09 + 4*4.03 + 124*5.89 + 54*2.12 + 2*2.25 + 11*1.03 + 133*1.97 + 36*2.18 + 11*0.93 + 2*1.3 + 1*0.5 + 14*2.21 + 13*1.04 + 2*2.87 + 1*1.28 + 1*0.85 + 1*2.14 + 13*2.07 + 10*4.28",3192.67
"performance_counter","41 a211oi_1, 21 a21oi_1, 1 a221o_1, 4 a311oi_1, 3 a31oi_1, 8 and2_0, 10 and3_1, 5 clkinv_1, 96 dfxtp_1, 2 maj3_1, 21 mux2i_1, 6 nand2_1, 17 nand2b_1, 82 nor2_1, 24 nor2b_1, 24 nor3_1, 4 o21ai_0, 9 o21bai_1, 1 o221ai_1, 3 o311ai_0, 2 o31ai_1, 4 or2_0, 1 or3_1, 26 xnor2_1, 12 xor2_1","41*7.51 + 21*5.0 + 1*10.01 + 4*8.76 + 3*6.26 + 8*6.26 + 10*6.26 + 5*3.75 + 96*20.02 + 2*10.01 + 21*10.01 + 6*3.75 + 17*6.26 + 82*3.75 + 24*6.26 + 24*5.0 + 4*5.0 + 9*7.51 + 1*8.76 + 3*8.76 + 2*7.51 + 4*6.26 + 1*6.26 + 26*8.76 + 12*8.76",3968.81,"0.33 + 0.18 + 0.4 + 0.32 + 0.24 + 0.26 + 0.16 + 0.3 + 0.16 + 0.38 + 0.17 + 0.3 + 0.19 + 0.37 + 0.12 + 0.14 + 0.21",4.23,"41*0.98 + 21*1.65 + 1*2.66 + 4*0.97 + 3*1.48 + 8*1.92 + 10*5.59 + 5*1.57 + 96*8.44 + 2*2.09 + 21*5.89 + 6*2.12 + 17*2.25 + 82*1.97 + 24*2.18 + 24*0.93 + 4*1.04 + 9*2.87 + 1*1.09 + 3*0.64 + 2*1.7 + 4*1.26 + 1*1.28 + 26*2.07 + 12*4.28",1538.08
"top_module","1 dfxtp_1","1*20.02",20.02,"0.26",0.26,"1*8.44",8.44
"BOR","4 a21oi_1, 1 and2_0, 1 and3_1, 1 and4_1, 9 dfxtp_1, 1 nand2b_1, 1 nand4_1, 7 nor2_1, 1 nor2b_1, 2 nor3_1, 1 nor3b_1, 1 nor4_1, 3 o21ai_0, 1 xnor2_1, 1 xor2_1","4*5.0 + 1*6.26 + 1*6.26 + 1*8.76 + 9*20.02 + 1*6.26 + 1*6.26 + 7*3.75 + 1*6.26 + 2*5.0 + 1*7.51 + 1*6.26 + 3*5.0 + 1*8.76 + 1*8.76",322.78,"0.35 + 0.25 + 0.19 + 0.08 + 0.16",1.03,"4*1.65 + 1*1.92 + 1*5.59 + 1*3.4 + 9*8.44 + 1*2.25 + 1*0.53 + 7*1.97 + 1*2.18 + 2*0.93 + 1*1.3 + 1*0.5 + 3*1.04 + 1*2.07 + 1*4.28",125.35
"axis_histogram","1 a211o_1, 1 a21o_1, 39 a21oi_1, 2 a221oi_1, 2 a31oi_1, 7 and2_0, 14 and3_1, 11 and4_1, 7 clkinv_1, 21 dfxtp_1, 9 mux2_1, 1 mux2i_1, 14 nand2_1, 1 nand2b_1, 1 nand3_1, 1 nand4_1, 33 nor2_1, 1 nor2b_1, 26 nor3_1, 1 o211a_1, 7 o21a_1, 18 o21ai_0, 1 o21bai_1, 1 o41ai_1, 3 or3_1, 1 xnor2_1, 1 xor2_1","1*8.76 + 1*7.51 + 39*5.0 + 2*8.76 + 2*6.26 + 7*6.26 + 14*6.26 + 11*8.76 + 7*3.75 + 21*20.02 + 9*11.26 + 1*10.01 + 14*3.75 + 1*6.26 + 1*5.0 + 1*6.26 + 33*3.75 + 1*6.26 + 26*5.0 + 1*10.01 + 7*7.51 + 18*5.0 + 1*7.51 + 1*8.76 + 3*6.26 + 1*8.76 + 1*8.76",1562.33,"0.23 + 0.25 + 0.25 + 0.24 + 0.23 + 0.28 + 0.28 + 0.28 + 0.28 + 0.27 + 0.18 + 0.04",2.81,"1*3.14 + 1*5.9 + 39*1.65 + 2*1.78 + 2*1.48 + 7*1.92 + 14*5.59 + 11*3.4 + 7*1.57 + 21*8.44 + 9*4.03 + 1*5.89 + 14*2.12 + 1*2.25 + 1*1.03 + 1*0.53 + 33*1.97 + 1*2.18 + 26*0.93 + 1*10.66 + 7*2.21 + 18*1.04 + 1*2.87 + 1*1.39 + 3*1.28 + 1*2.07 + 1*4.28",623.56
"trace_memory_controller","1 a211oi_1, 41 a21oi_1, 18 a22oi_1, 7 a31oi_1, 2 a41oi_1, 39 and2_0, 1 and3_1, 3 clkinv_1, 47 dfrtp_1, 19 nand2_1, 2 nand2b_1, 2 nand3_1, 1 nand4_1, 38 nor2_1, 1 nor2b_1, 1 nor4_1, 1 nor4b_1, 1 o211ai_1, 1 o21ai_0, 1 o311ai_0, 1 o31a_1, 2 or3_1","1*7.51 + 41*5.0 + 18*7.51 + 7*6.26 + 2*8.76 + 39*6.26 + 1*6.26 + 3*3.75 + 47*25.02 + 19*3.75 + 2*6.26 + 2*5.0 + 1*6.26 + 38*3.75 + 1*6.26 + 1*6.26 + 1*8.76 + 1*7.51 + 1*5.0 + 1*8.76 + 1*8.76 + 2*6.26",2152.98,"1.16 + 0.12",1.28,"1*0.98 + 41*1.65 + 18*2.58 + 7*1.48 + 2*1.36 + 39*1.92 + 1*5.59 + 3*1.57 + 47*11.65 + 19*2.12 + 2*2.25 + 2*1.03 + 1*0.53 + 38*1.97 + 1*2.18 + 1*0.5 + 1*0.91 + 1*0.7 + 1*1.04 + 1*0.64 + 1*2.07 + 2*1.28",893.71
"clock_gating","1 and2_0, 1 dfxtp_1","1*6.26 + 1*20.02",26.28,"0.26",0.26,"1*1.92 + 1*8.44",10.36
"hw1_B","48 a221oi_1, 16 a222oi_1, 2 a22o_1, 4 and2_0, 4 and3b_1, 48 clkinv_1, 64 dfrtp_1, 21 nand2_1, 4 nor2_1, 1 nor3_1, 4 nor3b_1, 1 o211ai_1, 17 o21ai_0, 46 o221ai_1, 48 o22ai_1, 1 or2_0, 3 or3_1","48*8.76 + 16*10.01 + 2*8.76 + 4*6.26 + 4*8.76 + 48*3.75 + 64*25.02 + 21*3.75 + 4*3.75 + 1*5.0 + 4*7.51 + 1*7.51 + 17*5.0 + 46*8.76 + 48*6.26 + 1*6.26 + 3*6.26",3389.3,"0.55 + 0.4 + 0.27 + 0.08",1.3,"48*1.78 + 16*2.43 + 2*4.06 + 4*1.92 + 4*7.06 + 48*1.57 + 64*11.65 + 21*2.12 + 4*1.97 + 1*0.93 + 4*1.3 + 1*0.7 + 17*1.04 + 46*1.09 + 48*1.31 + 1*1.26 + 3*1.28",1184.35
"decoder","1 a21oi_1, 3 a22o_1, 1 a22oi_1, 17 and2_0, 2 and4_1, 3 clkinv_1, 4 nand2_1, 2 nand2b_1, 1 nand3b_1, 3 nor2_1, 4 nor2b_1, 1 nor3_1, 1 nor3b_1, 2 nor4b_1, 3 o21ai_0, 1 o21bai_1, 1 or2_0","1*5.0 + 3*8.76 + 1*7.51 + 17*6.26 + 2*8.76 + 3*3.75 + 4*3.75 + 2*6.26 + 1*7.51 + 3*3.75 + 4*6.26 + 1*5.0 + 1*7.51 + 2*8.76 + 3*5.0 + 1*7.51 + 1*6.26",304.1,"0.3 + 0.19 + 0.17",0.66,"1*1.65 + 3*4.06 + 1*2.58 + 17*1.92 + 2*3.4 + 3*1.57 + 4*2.12 + 2*2.25 + 1*1.4 + 3*1.97 + 4*2.18 + 1*0.93 + 1*1.3 + 2*0.91 + 3*1.04 + 1*2.87 + 1*1.26",100.87
"sky130_fd_sc_lp__or4bb","1 nand4bb_1","1*11.26",11.26,"0.13",0.13,"1*1.9",1.9
"wifi_transceiver","32 dfxtp_1, 32 mux2i_1, 32 nor2_1","32*20.02 + 32*10.01 + 32*3.75",1080.96,"0.28 + 0.12 + 0.04",0.44,"32*8.44 + 32*5.89 + 32*1.97",521.6
"axi_mux","10 mux2_1, 1 or2_0","10*11.26 + 1*6.26",118.86,"0.26",0.26,"10*4.03 + 1*1.26",41.56
"display","3 a211oi_1, 2 a21o_1, 11 a21oi_1, 1 a221o_1, 1 a221oi_1, 4 a222oi_1, 2 a22o_1, 3 a22oi_1, 7 a31oi_1, 1 and2_0, 1 and3_1, 2 and3b_1, 3 and4_1, 22 clkinv_1, 19 dfrtp_1, 18 nand2_1, 2 nand2b_1, 2 nand3_1, 3 nand3b_1, 1 nand4_1, 14 nor2_1, 6 nor2b_1, 1 nor3b_1, 1 nor4_1, 1 o211ai_1, 2 o21a_1, 6 o21ai_0, 1 o21bai_1, 2 o22ai_1, 1 o31ai_1, 1 o32ai_1, 3 or2_0, 1 or3_1, 8 xnor2_1, 5 xor2_1","3*7.51 + 2*7.51 + 11*5.0 + 1*10.01 + 1*8.76 + 4*10.01 + 2*8.76 + 3*7.51 + 7*6.26 + 1*6.26 + 1*6.26 + 2*8.76 + 3*8.76 + 22*3.75 + 19*25.02 + 18*3.75 + 2*6.26 + 2*5.0 + 3*7.51 + 1*6.26 + 14*3.75 + 6*6.26 + 1*7.51 + 1*6.26 + 1*7.51 + 2*7.51 + 6*5.0 + 1*7.51 + 2*6.26 + 1*7.51 + 1*8.76 + 3*6.26 + 1*6.26 + 8*8.76 + 5*8.76",1299.82,"0.37 + 0.27 + 0.15 + 0.21 + 0.3 + 0.27 + 0.1 + 0.12",1.79,"3*0.98 + 2*5.9 + 11*1.65 + 1*2.66 + 1*1.78 + 4*2.43 + 2*4.06 + 3*2.58 + 7*1.48 + 1*1.92 + 1*5.59 + 2*7.06 + 3*3.4 + 22*1.57 + 19*11.65 + 18*2.12 + 2*2.25 + 2*1.03 + 3*1.4 + 1*0.53 + 14*1.97 + 6*2.18 + 1*1.3 + 1*0.5 + 1*0.7 + 2*2.21 + 6*1.04 + 1*2.87 + 2*1.31 + 1*1.7 + 1*1.09 + 3*1.26 + 1*1.28 + 8*2.07 + 5*4.28",515.56
"binary_adder","2 clkinv_1, 2 maj3_1, 3 nand2_1, 3 nor2_1, 1 o21ai_0, 1 o22ai_1, 8 xnor2_1, 4 xor2_1","2*3.75 + 2*10.01 + 3*3.75 + 3*3.75 + 1*5.0 + 1*6.26 + 8*8.76 + 4*8.76",166.4,"0.03 + 0.35 + 0.23 + 0.09 + 0.2 + 0.11",1.01,"2*1.57 + 2*2.09 + 3*2.12 + 3*1.97 + 1*1.04 + 1*1.31 + 8*2.07 + 4*4.28",55.62
"d_flip_flop","1 clkinv_1, 3 dfxtp_1, 1 nand2_1, 1 xnor2_1, 1 xor2_1","1*3.75 + 3*20.02 + 1*3.75 + 1*8.76 + 1*8.76",85.08,"0.31 + 0.06 + 0.11",0.48,"1*1.57 + 3*8.44 + 1*2.12 + 1*2.07 + 1*4.28",35.36
"mux4to1","4 mux4_2","4*22.52",90.08,"0.43",0.43,"4*6.37",25.48
"sky130_fd_sc_lp__a41o","1 a41o_1","1*10.01",10.01,"0.19",0.19,"1*6.61",6.61
"shift_register","1 dfxtp_1, 1 or2_0","1*20.02 + 1*6.26",26.28,"0.19",0.19,"1*8.44 + 1*1.26",9.7
"bram1","2 a211o_1, 1 a211oi_1, 4 a21boi_0, 4 a21o_1, 79 a21oi_1, 4 a221o_1, 15 a221oi_1, 3 a311o_1, 4 a311oi_1, 3 a31oi_1, 1 a32oi_1, 1 and2_0, 1 and3_1, 16 clkinv_1, 2056 dfxtp_1, 2050 mux2_1, 41 mux2i_1, 537 mux4_2, 185 nand2_1, 18 nand2b_1, 16 nand3_1, 4 nand4_1, 290 nor2_1, 9 nor2b_1, 11 nor3_1, 2 nor4_1, 3 o211a_1, 12 o211ai_1, 140 o21ai_0, 7 o221a_1, 36 o221ai_1, 1 o22a_1, 17 o22ai_1, 2 o2bb2ai_1, 2 o311a_1, 9 o311ai_0, 1 o31a_1, 5 o31ai_1, 1 o32a_1, 2 o32ai_1, 5 or2_0, 1 or3_1","2*8.76 + 1*7.51 + 4*7.51 + 4*7.51 + 79*5.0 + 4*10.01 + 15*8.76 + 3*10.01 + 4*8.76 + 3*6.26 + 1*8.76 + 1*6.26 + 1*6.26 + 16*3.75 + 2056*20.02 + 2050*11.26 + 41*10.01 + 537*22.52 + 185*3.75 + 18*6.26 + 16*5.0 + 4*6.26 + 290*3.75 + 9*6.26 + 11*5.0 + 2*6.26 + 3*10.01 + 12*7.51 + 140*5.0 + 7*11.26 + 36*8.76 + 1*8.76 + 17*6.26 + 2*8.76 + 2*10.01 + 9*8.76 + 1*8.76 + 5*7.51 + 1*10.01 + 2*8.76 + 5*6.26 + 1*6.26",81244.57,"2.09 + 1.48 + 0.48 + 0.45",4.5,"2*3.14 + 1*0.98 + 4*2.48 + 4*5.9 + 79*1.65 + 4*2.66 + 15*1.78 + 3*1.57 + 4*0.97 + 3*1.48 + 1*1.25 + 1*1.92 + 1*5.59 + 16*1.57 + 2056*8.44 + 2050*4.03 + 41*5.89 + 537*6.37 + 185*2.12 + 18*2.25 + 16*1.03 + 4*0.53 + 290*1.97 + 9*2.18 + 11*0.93 + 2*0.5 + 3*10.66 + 12*0.7 + 140*1.04 + 7*2.73 + 36*1.09 + 1*2.76 + 17*1.31 + 2*1.85 + 2*3.77 + 9*0.64 + 1*2.07 + 5*1.7 + 1*1.66 + 2*1.09 + 5*1.26 + 1*1.28",30893.5
"xor_shift_register","2 a2111oi_0, 101 a21oi_1, 3 clkinv_1, 100 dfxtp_1, 100 mux2i_1, 2 nand2_1, 6 nand3_1, 6 nand4_1, 100 nor2_1, 4 nor2b_1, 7 nor3_1, 14 nor4_1, 1 o2111a_1, 1 o211a_1, 1 o21ai_0, 1 or3_1, 1 or4_1, 26 xnor2_1, 69 xor2_1","2*8.76 + 101*5.0 + 3*3.75 + 100*20.02 + 100*10.01 + 2*3.75 + 6*5.0 + 6*6.26 + 100*3.75 + 4*6.26 + 7*5.0 + 14*6.26 + 1*11.26 + 1*10.01 + 1*5.0 + 1*6.26 + 1*7.51 + 26*8.76 + 69*8.76",5006.75,"3.11 + 0.1",3.21,"2*0.42 + 101*1.65 + 3*1.57 + 100*8.44 + 100*5.89 + 2*2.12 + 6*1.03 + 6*0.53 + 100*1.97 + 4*2.18 + 7*0.93 + 14*0.5 + 1*3.75 + 1*10.66 + 1*1.04 + 1*1.28 + 1*0.85 + 26*2.07 + 69*4.28",2204.75
"rw_manager_bitcheck","2 dfrtp_1, 1 o21ba_1","2*25.02 + 1*10.01",60.05,"0.33 + 0.17",0.5,"2*11.65 + 1*7.27",30.57
"ripple_carry_adder","4 maj3_1, 8 xnor2_1","4*10.01 + 8*8.76",110.12,"0.37 + 0.39 + 0.39 + 0.33",1.48,"4*2.09 + 8*2.07",24.92
"lfsr","1 a21oi_1, 1 clkinv_1, 16 dfxtp_1, 15 mux2i_1, 16 nand2_1, 1 nand2b_1, 15 nor2_1, 1 o21ai_0, 11 xnor2_1, 4 xor2_1","1*5.0 + 1*3.75 + 16*20.02 + 15*10.01 + 16*3.75 + 1*6.26 + 15*3.75 + 1*5.0 + 11*8.76 + 4*8.76",738.13,"0.31 + 0.06 + 0.16 + 0.18 + 0.15 + 0.12 + 0.07",1.05,"1*1.65 + 1*1.57 + 16*8.44 + 15*5.89 + 16*2.12 + 1*2.25 + 15*1.97 + 1*1.04 + 11*2.07 + 4*4.28",333.26
"priority_encoder","2 a21oi_1, 2 clkinv_1, 1 conb_1, 3 dlxtn_1, 1 nand2_1, 2 nand4_1, 5 nor2_1, 1 nor2b_1, 1 nor3_1, 2 nor4_1, 1 o21ai_0, 1 o21bai_1","2*5.0 + 2*3.75 + 1*3.75 + 3*15.01 + 1*3.75 + 2*6.26 + 5*3.75 + 1*6.26 + 1*5.0 + 2*6.26 + 1*5.0 + 1*7.51",137.59,"0.1 + 0.1 + 0.07 + 0.11 + 0.32",0.7,"2*1.65 + 2*1.57 + 1*3.24 + 3*8.12 + 1*2.12 + 2*0.53 + 5*1.97 + 1*2.18 + 1*0.93 + 2*0.5 + 1*1.04 + 1*2.87",55.09
"jt51_noise_lfsr","17 clkinv_1, 9 dfrtp_1, 8 dfstp_2, 17 mux2_1, 1 nand2_1, 1 xnor2_1","17*3.75 + 9*25.02 + 8*26.28 + 17*11.26 + 1*3.75 + 1*8.76",703.1,"0.51 + 0.05 + 0.27",0.83,"17*1.57 + 9*11.65 + 8*10.52 + 17*4.03 + 1*2.12 + 1*2.07",288.4
"nor2_gate","1 nor2_1","1*3.75",3.75,"0.04",0.04,"1*1.97",1.97
"delay_element","1 a21o_1, 8 a21oi_1, 1 and2_0, 1 and3_1, 2 and4_1, 2 clkinv_1, 11 dfxtp_1, 1 mux2i_1, 1 nand3_1, 1 nand4_1, 4 nor2_1, 6 nor3_1, 1 nor4_1, 1 nor4bb_1, 1 o211a_1, 1 o21bai_1, 1 o31ai_1, 1 or4_1","1*7.51 + 8*5.0 + 1*6.26 + 1*6.26 + 2*8.76 + 2*3.75 + 11*20.02 + 1*10.01 + 1*5.0 + 1*6.26 + 4*3.75 + 6*5.0 + 1*6.26 + 1*10.01 + 1*10.01 + 1*7.51 + 1*7.51 + 1*7.51",420.35,"0.36 + 0.27 + 0.15 + 0.41 + 0.13",1.32,"1*5.9 + 8*1.65 + 1*1.92 + 1*5.59 + 2*3.4 + 2*1.57 + 11*8.44 + 1*5.89 + 1*1.03 + 1*0.53 + 4*1.97 + 6*0.93 + 1*0.5 + 1*3.2 + 1*10.66 + 1*2.87 + 1*1.7 + 1*0.85",170.08
"sumwrap_uint16_to1_1","14 a21oi_1, 1 and2_0, 1 and3_1, 1 clkinv_1, 13 maj3_1, 2 nand2_1, 1 nand4_1, 3 nor4_1, 1 nor4b_1, 15 o21ai_0, 1 or2_0, 2 xnor2_1, 14 xor2_1","14*5.0 + 1*6.26 + 1*6.26 + 1*3.75 + 13*10.01 + 2*3.75 + 1*6.26 + 3*6.26 + 1*8.76 + 15*5.0 + 1*6.26 + 2*8.76 + 14*8.76",479.12,"0.18 + 0.14 + 0.39 + 0.39 + 0.39 + 0.39 + 0.39 + 0.39 + 0.39 + 0.39 + 0.39 + 0.39 + 0.39 + 0.39 + 0.37 + 0.16 + 0.03",5.56,"14*1.65 + 1*1.92 + 1*5.59 + 1*1.57 + 13*2.09 + 2*2.12 + 1*0.53 + 3*0.5 + 1*0.91 + 15*1.04 + 1*1.26 + 2*2.07 + 14*4.28",147.45
"premuat1_8","96 a31oi_1, 96 nand2_1, 96 nand2b_1, 96 nor2_1","96*6.26 + 96*3.75 + 96*6.26 + 96*3.75",1921.92,"0.11 + 0.11",0.22,"96*1.48 + 96*2.12 + 96*2.25 + 96*1.97",750.72
"multiplier","1 conb_1, 14 dfxtp_1, 7 nand2_1, 7 xnor2_1","1*3.75 + 14*20.02 + 7*3.75 + 7*8.76",371.6,"0.29 + 0.11",0.4,"1*3.24 + 14*8.44 + 7*2.12 + 7*2.07",150.73
"up_down_counter","5 clkinv_1, 4 dfrtp_1, 1 nand2_1, 1 nand2b_1, 1 nand4_1, 1 o21ai_0, 1 or4_1, 2 xnor2_1, 3 xor2_1","5*3.75 + 4*25.02 + 1*3.75 + 1*6.26 + 1*6.26 + 1*5.0 + 1*7.51 + 2*8.76 + 3*8.76",191.41,"0.38 + 0.51 + 0.09 + 0.13",1.11,"5*1.57 + 4*11.65 + 1*2.12 + 1*2.25 + 1*0.53 + 1*1.04 + 1*0.85 + 2*2.07 + 3*4.28",78.22
"parity","7 mux2_1, 1 nand2_1, 1 nor2b_1, 3 xnor2_1, 1 xnor3_1, 2 xor2_1, 1 xor3_1","7*11.26 + 1*3.75 + 1*6.26 + 3*8.76 + 1*22.52 + 2*8.76 + 1*23.77",178.92,"0.37 + 0.23 + 0.4",1.0,"7*4.03 + 1*2.12 + 1*2.18 + 3*2.07 + 1*15.62 + 2*4.28 + 1*15.22",78.12
"memory1","1 a21o_1, 2 a21oi_1, 1 a311o_1, 1 a31oi_1, 1 a41o_1, 1 clkinv_1, 12 dfxtp_1, 1 mux2i_1, 6 nand2_1, 1 nand3_1, 4 nor2_1, 1 nor3_1, 1 nor3b_1, 1 o21a_1, 2 o21ai_0, 1 o311a_1, 1 o31a_1, 1 o41ai_1, 1 or3_1, 5 xnor2_1, 2 xor2_1","1*7.51 + 2*5.0 + 1*10.01 + 1*6.26 + 1*10.01 + 1*3.75 + 12*20.02 + 1*10.01 + 6*3.75 + 1*5.0 + 4*3.75 + 1*5.0 + 1*7.51 + 1*7.51 + 2*5.0 + 1*10.01 + 1*8.76 + 1*8.76 + 1*6.26 + 5*8.76 + 2*8.76",465.42,"0.36 + 0.3 + 0.11 + 0.13",0.9,"1*5.9 + 2*1.65 + 1*1.57 + 1*1.48 + 1*6.61 + 1*1.57 + 12*8.44 + 1*5.89 + 6*2.12 + 1*1.03 + 4*1.97 + 1*0.93 + 1*1.3 + 1*2.21 + 2*1.04 + 1*3.77 + 1*2.07 + 1*1.39 + 1*1.28 + 5*2.07 + 2*4.28",183.17
"binary_adder","4 a21oi_1, 1 and2_0, 1 clkinv_1, 7 dfxtp_1, 3 maj3_1, 6 nor2_1, 1 nor2b_1, 1 o21ai_0, 2 o2bb2ai_1, 4 xnor2_1, 3 xor2_1","4*5.0 + 1*6.26 + 1*3.75 + 7*20.02 + 3*10.01 + 6*3.75 + 1*6.26 + 1*5.0 + 2*8.76 + 4*8.76 + 3*8.76",312.78,"0.37 + 0.39 + 0.37 + 0.15 + 0.07",1.35,"4*1.65 + 1*1.92 + 1*1.57 + 7*8.44 + 3*2.09 + 6*1.97 + 1*2.18 + 1*1.04 + 2*1.85 + 4*2.07 + 3*4.28",115.3
"register_decoder","1 a211oi_1, 1 a21boi_0, 2 a21oi_1, 1 and3b_1, 1 and4_1, 1 and4b_1, 1 dfrtp_1, 1 mux2i_1, 2 nand2_1, 1 nand3_1, 2 nand4_1, 1 nand4bb_1, 5 nor2_1, 2 nor2b_1, 1 nor3_1, 1 nor4_1, 1 o211ai_1, 1 o21a_1, 1 o22a_1, 1 o31a_1, 1 o41ai_1, 1 or2_0, 1 or3b_1, 1 or4_1","1*7.51 + 1*7.51 + 2*5.0 + 1*8.76 + 1*8.76 + 1*10.01 + 1*25.02 + 1*10.01 + 2*3.75 + 1*5.0 + 2*6.26 + 1*11.26 + 5*3.75 + 2*6.26 + 1*5.0 + 1*6.26 + 1*7.51 + 1*7.51 + 1*8.76 + 1*8.76 + 1*8.76 + 1*6.26 + 1*8.76 + 1*7.51",230.22,"0.52 + 0.29 + 0.12 + 0.17 + 0.08",1.18,"1*0.98 + 1*2.48 + 2*1.65 + 1*7.06 + 1*3.4 + 1*5.99 + 1*11.65 + 1*5.89 + 2*2.12 + 1*1.03 + 2*0.53 + 1*1.9 + 5*1.97 + 2*2.18 + 1*0.93 + 1*0.5 + 1*0.7 + 1*2.21 + 1*2.76 + 1*2.07 + 1*1.39 + 1*1.26 + 1*2.59 + 1*0.85",78.45
"fifo_ctr","1 a211oi_1, 4 a21oi_1, 3 a22o_1, 2 a31oi_1, 5 clkinv_1, 1 conb_1, 12 dfrtp_1, 4 nand2_1, 4 nand2b_1, 2 nand4_1, 5 nor2_1, 3 nor2b_1, 2 nor3_1, 1 nor3b_1, 2 nor4_1, 1 nor4b_1, 1 o2111a_1, 2 o211ai_1, 2 o21a_1, 5 o21ai_0, 2 or2_0, 13 xnor2_1, 5 xor2_1","1*7.51 + 4*5.0 + 3*8.76 + 2*6.26 + 5*3.75 + 1*3.75 + 12*25.02 + 4*3.75 + 4*6.26 + 2*6.26 + 5*3.75 + 3*6.26 + 2*5.0 + 1*7.51 + 2*6.26 + 1*8.76 + 1*11.26 + 2*7.51 + 2*7.51 + 5*5.0 + 2*6.26 + 13*8.76 + 5*8.76",754.43,"0.44 + 0.35 + 0.15 + 0.11 + 0.27 + 0.15",1.47,"1*0.98 + 4*1.65 + 3*4.06 + 2*1.48 + 5*1.57 + 1*3.24 + 12*11.65 + 4*2.12 + 4*2.25 + 2*0.53 + 5*1.97 + 3*2.18 + 2*0.93 + 1*1.3 + 2*0.5 + 1*0.91 + 1*3.75 + 2*0.7 + 2*2.21 + 5*1.04 + 2*1.26 + 13*2.07 + 5*4.28",279.21
"instructionmemory","2 a211oi_1, 2 a21boi_0, 2 a21o_1, 23 a21oi_1, 1 a221o_1, 3 a221oi_1, 4 a22oi_1, 8 a31oi_1, 1 a32o_1, 8 a32oi_1, 6 and2_0, 1 and3_1, 33 clkinv_1, 32 dfxtp_1, 28 nand2_1, 6 nand2b_1, 10 nand3_1, 3 nand4_1, 23 nor2_1, 8 nor2b_1, 3 nor3_1, 1 nor3b_1, 5 nor4_1, 6 o211ai_1, 19 o21ai_0, 3 o21bai_1, 1 o221ai_1, 2 o22a_1, 8 o22ai_1, 1 o2bb2ai_1, 4 o311ai_0, 2 o31ai_1, 5 o32ai_1, 4 or2_0, 1 or4_1, 5 xnor2_1, 6 xor2_1","2*7.51 + 2*7.51 + 2*7.51 + 23*5.0 + 1*10.01 + 3*8.76 + 4*7.51 + 8*6.26 + 1*10.01 + 8*8.76 + 6*6.26 + 1*6.26 + 33*3.75 + 32*20.02 + 28*3.75 + 6*6.26 + 10*5.0 + 3*6.26 + 23*3.75 + 8*6.26 + 3*5.0 + 1*7.51 + 5*6.26 + 6*7.51 + 19*5.0 + 3*7.51 + 1*8.76 + 2*8.76 + 8*6.26 + 1*8.76 + 4*8.76 + 2*7.51 + 5*8.76 + 4*6.26 + 1*7.51 + 5*8.76 + 6*8.76",2036.73,"0.28 + 0.13 + 0.52 + 0.13 + 0.2",1.26,"2*0.98 + 2*2.48 + 2*5.9 + 23*1.65 + 1*2.66 + 3*1.78 + 4*2.58 + 8*1.48 + 1*2.3 + 8*1.25 + 6*1.92 + 1*5.59 + 33*1.57 + 32*8.44 + 28*2.12 + 6*2.25 + 10*1.03 + 3*0.53 + 23*1.97 + 8*2.18 + 3*0.93 + 1*1.3 + 5*0.5 + 6*0.7 + 19*1.04 + 3*2.87 + 1*1.09 + 2*2.76 + 8*1.31 + 1*1.85 + 4*0.64 + 2*1.7 + 5*1.09 + 4*1.26 + 1*0.85 + 5*2.07 + 6*4.28",697.06
"top_module","1 a2111o_1, 9 a2111oi_0, 4 a211oi_1, 14 a21boi_0, 30 a21o_1, 96 a21oi_1, 3 a221o_1, 6 a221oi_1, 1 a22o_1, 13 a22oi_1, 1 a311o_1, 3 a311oi_1, 1 a31o_1, 13 a31oi_1, 2 a41oi_1, 37 and2_0, 1 and3_1, 97 clkinv_1, 38 maj3_1, 179 nand2_1, 46 nand2b_1, 16 nand3_1, 1 nand3b_1, 1 nand4_1, 1 nand4b_1, 81 nor2_1, 47 nor2b_1, 9 nor3_1, 3 nor4_1, 4 o2111ai_1, 1 o211ai_1, 11 o21a_1, 156 o21ai_0, 4 o21bai_1, 16 o22ai_1, 2 o2bb2ai_1, 2 o311a_1, 4 o311ai_0, 3 o31ai_1, 66 or2_0, 5 or3_1, 1 or4_1, 171 xnor2_1, 90 xor2_1","1*11.26 + 9*8.76 + 4*7.51 + 14*7.51 + 30*7.51 + 96*5.0 + 3*10.01 + 6*8.76 + 1*8.76 + 13*7.51 + 1*10.01 + 3*8.76 + 1*8.76 + 13*6.26 + 2*8.76 + 37*6.26 + 1*6.26 + 97*3.75 + 38*10.01 + 179*3.75 + 46*6.26 + 16*5.0 + 1*7.51 + 1*6.26 + 1*8.76 + 81*3.75 + 47*6.26 + 9*5.0 + 3*6.26 + 4*8.76 + 1*7.51 + 11*7.51 + 156*5.0 + 4*7.51 + 16*6.26 + 2*8.76 + 2*10.01 + 4*8.76 + 3*7.51 + 66*6.26 + 5*6.26 + 1*7.51 + 171*8.76 + 90*8.76",7837.81,"0.17 + 0.26 + 0.26 + 0.09 + 0.27 + 0.26 + 0.21 + 0.22 + 0.1 + 0.31 + 0.34 + 0.14 + 0.44 + 0.16 + 0.45 + 0.18 + 0.34 + 0.39 + 0.22 + 0.41 + 0.31 + 0.13 + 0.42 + 0.22 + 0.46 + 0.26 + 0.14 + 0.56 + 0.26 + 0.25 + 0.58 + 0.25 + 0.43 + 0.25 + 0.13 + 0.24 + 0.13 + 0.29 + 0.15",10.68,"1*1.68 + 9*0.42 + 4*0.98 + 14*2.48 + 30*5.9 + 96*1.65 + 3*2.66 + 6*1.78 + 1*4.06 + 13*2.58 + 1*1.57 + 3*0.97 + 1*2.37 + 13*1.48 + 2*1.36 + 37*1.92 + 1*5.59 + 97*1.57 + 38*2.09 + 179*2.12 + 46*2.25 + 16*1.03 + 1*1.4 + 1*0.53 + 1*1.03 + 81*1.97 + 47*2.18 + 9*0.93 + 3*0.5 + 4*0.58 + 1*0.7 + 11*2.21 + 156*1.04 + 4*2.87 + 16*1.31 + 2*1.85 + 2*3.77 + 4*0.64 + 3*1.7 + 66*1.26 + 5*1.28 + 1*0.85 + 171*2.07 + 90*4.28",2617.72
"decoder_3to8","1 and3_1, 3 and3b_1, 1 nor3_1, 3 nor3b_1","1*6.26 + 3*8.76 + 1*5.0 + 3*7.51",60.07,"0.15",0.15,"1*5.59 + 3*7.06 + 1*0.93 + 3*1.3",31.6
"DFF","1 and2_0, 1 dfxtp_1","1*6.26 + 1*20.02",26.28,"0.12",0.12,"1*1.92 + 1*8.44",10.36
"logic_circuit","1 dfxtp_1, 1 mux2_1","1*20.02 + 1*11.26",31.28,"0.28",0.28,"1*8.44 + 1*4.03",12.47
"sky130_fd_sc_ms__fahcon","1 a21o_1, 1 o21ai_0, 2 xnor2_1","1*7.51 + 1*5.0 + 2*8.76",30.03,"0.15 + 0.11",0.26,"1*5.9 + 1*1.04 + 2*2.07",11.08
"pipelined_addsub","3 a211oi_1, 6 a21oi_1, 1 a222oi_1, 2 a22o_1, 7 a22oi_1, 1 buf_1, 1 conb_1, 66 dfxtp_1, 1 mux2i_1, 10 nand2_1, 4 nor2_1, 1 nor3_1, 2 nor4_1, 2 o2111ai_1, 6 o211ai_1, 2 o21a_1, 9 o21ai_0, 1 o221ai_1, 1 o22a_1, 8 o22ai_1, 1 o41ai_1, 3 or2_0, 1 or3_1, 2 xnor2_1, 1 xor2_1","3*7.51 + 6*5.0 + 1*10.01 + 2*8.76 + 7*7.51 + 1*3.75 + 1*3.75 + 66*20.02 + 1*10.01 + 10*3.75 + 4*3.75 + 1*5.0 + 2*6.26 + 2*8.76 + 6*7.51 + 2*7.51 + 9*5.0 + 1*8.76 + 1*8.76 + 8*6.26 + 1*8.76 + 3*6.26 + 1*6.26 + 2*8.76 + 1*8.76",1791.76,"0.3 + 0.12 + 0.09 + 0.1 + 0.26 + 0.09 + 0.16 + 0.08 + 0.33 + 0.1 + 0.2 + 0.16",1.99,"3*0.98 + 6*1.65 + 1*2.43 + 2*4.06 + 7*2.58 + 1*1.18 + 1*3.24 + 66*8.44 + 1*5.89 + 10*2.12 + 4*1.97 + 1*0.93 + 2*0.5 + 2*0.58 + 6*0.7 + 2*2.21 + 9*1.04 + 1*1.09 + 1*2.76 + 8*1.31 + 1*1.39 + 3*1.26 + 1*1.28 + 2*2.07 + 1*4.28",688.15
"RegisterFile","8 a211o_1, 11 a21oi_1, 8 a22o_1, 3 a22oi_1, 1 and3_1, 1028 clkinv_1, 1024 dfxtp_1, 1024 mux2_1, 42 mux2i_1, 534 mux4_2, 21 nand2_1, 2 nand3_1, 3 nand3b_1, 212 nor2_1, 8 nor2b_1, 1 nor3_1, 4 nor3b_1, 49 o21a_1, 155 o21ai_0, 49 o221ai_1, 44 o22ai_1, 2 or2_0, 1 or3b_1","8*8.76 + 11*5.0 + 8*8.76 + 3*7.51 + 1*6.26 + 1028*3.75 + 1024*20.02 + 1024*11.26 + 42*10.01 + 534*22.52 + 21*3.75 + 2*5.0 + 3*7.51 + 212*3.75 + 8*6.26 + 1*5.0 + 4*7.51 + 49*7.51 + 155*5.0 + 49*8.76 + 44*6.26 + 2*6.26 + 1*8.76",51416.12,"1.56 + 1.21 + 0.17",2.94,"8*3.14 + 11*1.65 + 8*4.06 + 3*2.58 + 1*5.59 + 1028*1.57 + 1024*8.44 + 1024*4.03 + 42*5.89 + 534*6.37 + 21*2.12 + 2*1.03 + 3*1.4 + 212*1.97 + 8*2.18 + 1*0.93 + 4*1.3 + 49*2.21 + 155*1.04 + 49*1.09 + 44*1.31 + 2*1.26 + 1*2.59",18998.92
"mig_7series_v4_0_data_prbs_gen","12 a21oi_1, 25 a221o_1, 25 and3_1, 1 clkinv_1, 32 dfxtp_1, 7 nand2_1, 4 nor2_1, 3 nor3_1, 1 o21ai_0, 1 or2_0, 1 xnor2_1, 2 xor2_1","12*5.0 + 25*10.01 + 25*6.26 + 1*3.75 + 32*20.02 + 7*3.75 + 4*3.75 + 3*5.0 + 1*5.0 + 1*6.26 + 1*8.76 + 2*8.76",1204.93,"1.45 + 0.31",1.76,"12*1.65 + 25*2.66 + 25*5.59 + 1*1.57 + 32*8.44 + 7*2.12 + 4*1.97 + 3*0.93 + 1*1.04 + 1*1.26 + 1*2.07 + 2*4.28",536.14
"nor4","1 o22ai_1","1*6.26",6.26,"0.1",0.1,"1*1.31",1.31
"block_mem_gen","8 dfxtp_1, 8 mux2_1, 1 nand2_1","8*20.02 + 8*11.26 + 1*3.75",253.99,"0.27 + 0.27",0.54,"8*8.44 + 8*4.03 + 1*2.12",101.88
"digit","1 conb_1, 1 nor2_1, 1 o21ai_0","1*3.75 + 1*3.75 + 1*5.0",12.5,"0.08",0.08,"1*3.24 + 1*1.97 + 1*1.04",6.25
"motor_control","1 a211o_1, 2 a211oi_1, 1 a21bo_1, 3 a21o_1, 23 a21oi_1, 2 a22o_1, 1 a31o_1, 4 a31oi_1, 1 a41o_1, 5 and2_0, 14 and3_1, 1 and4_1, 12 clkinv_1, 40 dfxtp_1, 1 mux2i_1, 4 nand2_1, 6 nand2b_1, 5 nand3_1, 5 nand4_1, 20 nor2_1, 18 nor3_1, 7 nor4_1, 1 o211a_1, 4 o211ai_1, 9 o21ai_0, 6 o21bai_1, 5 o22ai_1, 2 o311ai_0, 1 o31ai_1, 2 or2_0, 1 or3_1, 2 or4b_1, 30 xnor2_1, 15 xor2_1","1*8.76 + 2*7.51 + 1*10.01 + 3*7.51 + 23*5.0 + 2*8.76 + 1*8.76 + 4*6.26 + 1*10.01 + 5*6.26 + 14*6.26 + 1*8.76 + 12*3.75 + 40*20.02 + 1*10.01 + 4*3.75 + 6*6.26 + 5*5.0 + 5*6.26 + 20*3.75 + 18*5.0 + 7*6.26 + 1*10.01 + 4*7.51 + 9*5.0 + 6*7.51 + 5*6.26 + 2*8.76 + 1*7.51 + 2*6.26 + 1*6.26 + 2*10.01 + 30*8.76 + 15*8.76",2153.28,"0.73 + 0.25 + 0.11 + 0.4 + 0.2 + 0.31 + 0.09 + 0.51 + 0.31 + 0.17 + 0.11 + 0.07",3.26,"1*3.14 + 2*0.98 + 1*7.27 + 3*5.9 + 23*1.65 + 2*4.06 + 1*2.37 + 4*1.48 + 1*6.61 + 5*1.92 + 14*5.59 + 1*3.4 + 12*1.57 + 40*8.44 + 1*5.89 + 4*2.12 + 6*2.25 + 5*1.03 + 5*0.53 + 20*1.97 + 18*0.93 + 7*0.5 + 1*10.66 + 4*0.7 + 9*1.04 + 6*2.87 + 5*1.31 + 2*0.64 + 1*1.7 + 2*1.26 + 1*1.28 + 2*2.14 + 30*2.07 + 15*4.28",818.0
"shift_register","8 dfxtp_1","8*20.02",160.16,"0.27",0.27,"8*8.44",67.52
"fsm_3bit_sequence_detection","1 a31o_1, 4 clkinv_1, 3 dfrtp_1, 2 nor3b_1","1*8.76 + 4*3.75 + 3*25.02 + 2*7.51",113.84,"0.36 + 0.2",0.56,"1*2.37 + 4*1.57 + 3*11.65 + 2*1.3",46.2
"top_module","1 a21o_1, 6 a21oi_1, 2 a22oi_1, 1 and3_1, 1 and3b_1, 10 clkinv_1, 1 conb_1, 3 maj3_1, 6 nand2b_1, 4 nand3_1, 2 nand3b_1, 5 nor2_1, 4 nor2b_1, 1 nor3_1, 3 nor4b_1, 1 o211ai_1, 1 o21ai_0, 1 o21bai_1, 1 o22ai_1, 1 o311ai_0, 1 o32ai_1, 1 or3_1, 3 xnor2_1, 2 xor2_1","1*7.51 + 6*5.0 + 2*7.51 + 1*6.26 + 1*8.76 + 10*3.75 + 1*3.75 + 3*10.01 + 6*6.26 + 4*5.0 + 2*7.51 + 5*3.75 + 4*6.26 + 1*5.0 + 3*8.76 + 1*7.51 + 1*5.0 + 1*7.51 + 1*6.26 + 1*8.76 + 1*8.76 + 1*6.26 + 3*8.76 + 2*8.76",380.34,"0.11 + 0.37 + 0.36 + 0.12 + 0.2 + 0.18",1.34,"1*5.9 + 6*1.65 + 2*2.58 + 1*5.59 + 1*7.06 + 10*1.57 + 1*3.24 + 3*2.09 + 6*2.25 + 4*1.03 + 2*1.4 + 5*1.97 + 4*2.18 + 1*0.93 + 3*0.91 + 1*0.7 + 1*1.04 + 1*2.87 + 1*1.31 + 1*0.64 + 1*1.09 + 1*1.28 + 3*2.07 + 2*4.28",125.17
"cic_decim_8_12_20","134 a211oi_1, 4 a21boi_0, 8 a21o_1, 363 a21oi_1, 1 a221o_1, 9 a221oi_1, 172 a22oi_1, 3 a2bb2oi_1, 3 a311oi_1, 8 a31oi_1, 2 a32o_1, 1 a32oi_1, 52 and2_0, 8 and3_1, 202 clkinv_1, 600 dfxtp_1, 272 maj3_1, 16 mux2i_1, 135 nand2_1, 157 nand2b_1, 16 nand3_1, 1 nand4_1, 646 nor2_1, 178 nor2b_1, 142 nor3_1, 2 nor3b_1, 1 o211a_1, 5 o211ai_1, 17 o21a_1, 320 o21ai_0, 1 o21ba_1, 3 o21bai_1, 2 o221a_1, 4 o22ai_1, 21 o2bb2ai_1, 2 o311ai_0, 1 o31a_1, 12 o31ai_1, 1 o32ai_1, 2 o41a_1, 3 o41ai_1, 19 or2_0, 17 or3_1, 326 xnor2_1, 172 xnor3_1, 245 xor2_1, 45 xor3_1","134*7.51 + 4*7.51 + 8*7.51 + 363*5.0 + 1*10.01 + 9*8.76 + 172*7.51 + 3*8.76 + 3*8.76 + 8*6.26 + 2*10.01 + 1*8.76 + 52*6.26 + 8*6.26 + 202*3.75 + 600*20.02 + 272*10.01 + 16*10.01 + 135*3.75 + 157*6.26 + 16*5.0 + 1*6.26 + 646*3.75 + 178*6.26 + 142*5.0 + 2*7.51 + 1*10.01 + 5*7.51 + 17*7.51 + 320*5.0 + 1*10.01 + 3*7.51 + 2*11.26 + 4*6.26 + 21*8.76 + 2*8.76 + 1*8.76 + 12*7.51 + 1*8.76 + 2*11.26 + 3*8.76 + 19*6.26 + 17*6.26 + 326*8.76 + 172*22.52 + 245*8.76 + 45*23.77",38672.22,"3.79 + 1.66 + 13.2 + 1.6 + 0.82 + 0.2",21.27,"134*0.98 + 4*2.48 + 8*5.9 + 363*1.65 + 1*2.66 + 9*1.78 + 172*2.58 + 3*3.38 + 3*0.97 + 8*1.48 + 2*2.3 + 1*1.25 + 52*1.92 + 8*5.59 + 202*1.57 + 600*8.44 + 272*2.09 + 16*5.89 + 135*2.12 + 157*2.25 + 16*1.03 + 1*0.53 + 646*1.97 + 178*2.18 + 142*0.93 + 2*1.3 + 1*10.66 + 5*0.7 + 17*2.21 + 320*1.04 + 1*7.27 + 3*2.87 + 2*2.73 + 4*1.31 + 21*1.85 + 2*0.64 + 1*2.07 + 12*1.7 + 1*1.09 + 2*1.37 + 3*1.39 + 19*1.26 + 17*1.28 + 326*2.07 + 172*15.62 + 245*4.28 + 45*15.22",15543.14
"des_sbox1","1 a21boi_0, 1 a21o_1, 7 a21oi_1, 1 a221o_1, 1 a311o_1, 1 a311oi_1, 4 a31oi_1, 1 and3b_1, 2 clkinv_1, 10 nand2_1, 2 nand2b_1, 5 nand3_1, 7 nor2_1, 4 nor2b_1, 3 nor3_1, 1 o2111ai_1, 5 o211ai_1, 2 o21a_1, 3 o21ai_0, 2 o21bai_1, 1 o2bb2ai_1, 1 o31ai_1, 1 o32ai_1, 2 or2_0, 1 or3_1, 1 xnor2_1, 1 xor2_1","1*7.51 + 1*7.51 + 7*5.0 + 1*10.01 + 1*10.01 + 1*8.76 + 4*6.26 + 1*8.76 + 2*3.75 + 10*3.75 + 2*6.26 + 5*5.0 + 7*3.75 + 4*6.26 + 3*5.0 + 1*8.76 + 5*7.51 + 2*7.51 + 3*5.0 + 2*7.51 + 1*8.76 + 1*7.51 + 1*8.76 + 2*6.26 + 1*6.26 + 1*8.76 + 1*8.76",414.09,"0.2 + 0.09 + 0.36 + 0.09 + 0.15",0.89,"1*2.48 + 1*5.9 + 7*1.65 + 1*2.66 + 1*1.57 + 1*0.97 + 4*1.48 + 1*7.06 + 2*1.57 + 10*2.12 + 2*2.25 + 5*1.03 + 7*1.97 + 4*2.18 + 3*0.93 + 1*0.58 + 5*0.7 + 2*2.21 + 3*1.04 + 2*2.87 + 1*1.85 + 1*1.7 + 1*1.09 + 2*1.26 + 1*1.28 + 1*2.07 + 1*4.28",129.55
"mux_2to1","32 mux2_1","32*11.26",360.32,"0.26",0.26,"32*4.03",128.96
"sky130_fd_sc_ms__and4","1 and4_1","1*8.76",8.76,"0.15",0.15,"1*3.4",3.4
"top_module","1 a211oi_1, 7 a21boi_0, 7 a21o_1, 65 a21oi_1, 11 a22o_1, 8 a22oi_1, 1 a2bb2oi_1, 1 a311oi_1, 3 a31o_1, 6 a31oi_1, 1 a41oi_1, 50 and2_0, 8 and3_1, 1 and4_1, 15 clkinv_1, 32 dfxtp_1, 121 maj3_1, 1 mux2_1, 305 nand2_1, 32 nand2b_1, 19 nand3_1, 1 nand3b_1, 14 nand4_1, 101 nor2_1, 23 nor2b_1, 15 nor3_1, 2 o211a_1, 2 o211ai_1, 10 o21a_1, 45 o21ai_0, 1 o21ba_1, 1 o21bai_1, 3 o22a_1, 4 o22ai_1, 9 o2bb2ai_1, 2 o311ai_0, 6 o31ai_1, 3 or2_0, 7 or3_1, 202 xnor2_1, 36 xnor3_1, 131 xor2_1, 21 xor3_1","1*7.51 + 7*7.51 + 7*7.51 + 65*5.0 + 11*8.76 + 8*7.51 + 1*8.76 + 1*8.76 + 3*8.76 + 6*6.26 + 1*8.76 + 50*6.26 + 8*6.26 + 1*8.76 + 15*3.75 + 32*20.02 + 121*10.01 + 1*11.26 + 305*3.75 + 32*6.26 + 19*5.0 + 1*7.51 + 14*6.26 + 101*3.75 + 23*6.26 + 15*5.0 + 2*10.01 + 2*7.51 + 10*7.51 + 45*5.0 + 1*10.01 + 1*7.51 + 3*8.76 + 4*6.26 + 9*8.76 + 2*8.76 + 6*7.51 + 3*6.26 + 7*6.26 + 202*8.76 + 36*22.52 + 131*8.76 + 21*23.77",9942.33,"0.13 + 0.41 + 0.39 + 0.38 + 0.37 + 0.09 + 0.43 + 0.16 + 0.2 + 0.12 + 0.25 + 0.13 + 0.39 + 0.16 + 0.21 + 0.19 + 0.19 + 0.19 + 0.19 + 0.13 + 0.37 + 0.17 + 0.21 + 0.19 + 0.19 + 0.18 + 0.33 + 0.2",6.55,"1*0.98 + 7*2.48 + 7*5.9 + 65*1.65 + 11*4.06 + 8*2.58 + 1*3.38 + 1*0.97 + 3*2.37 + 6*1.48 + 1*1.36 + 50*1.92 + 8*5.59 + 1*3.4 + 15*1.57 + 32*8.44 + 121*2.09 + 1*4.03 + 305*2.12 + 32*2.25 + 19*1.03 + 1*1.4 + 14*0.53 + 101*1.97 + 23*2.18 + 15*0.93 + 2*10.66 + 2*0.7 + 10*2.21 + 45*1.04 + 1*7.27 + 1*2.87 + 3*2.76 + 4*1.31 + 9*1.85 + 2*0.64 + 6*1.7 + 3*1.26 + 7*1.28 + 202*2.07 + 36*15.62 + 131*4.28 + 21*15.22",3975.52
"CSADD","2 clkinv_1, 2 dfrtp_1, 1 maj3_1, 1 nor2_1, 1 nor2b_1, 1 xnor3_1","2*3.75 + 2*25.02 + 1*10.01 + 1*3.75 + 1*6.26 + 1*22.52",100.08,"0.35 + 0.33 + 0.12",0.8,"2*1.57 + 2*11.65 + 1*2.09 + 1*1.97 + 1*2.18 + 1*15.62",48.3
"TLATNTSCAX2TS","1 and2_0","1*6.26",6.26,"0.1",0.1,"1*1.92",1.92
"sky130_fd_sc_ms__or4bb","1 nand4bb_1","1*11.26",11.26,"0.13",0.13,"1*1.9",1.9
"to_driver_sd_avs","32 and2_0, 2 clkinv_1, 1 conb_1, 1 dfxtp_1, 34 mux2_1, 2 nand2_1, 1 nand3_1, 1 nand4_1, 1 nor2_1, 32 nor2b_1, 7 nor4_1, 2 o32ai_1","32*6.26 + 2*3.75 + 1*3.75 + 1*20.02 + 34*11.26 + 2*3.75 + 1*5.0 + 1*6.26 + 1*3.75 + 32*6.26 + 7*6.26 + 2*8.76",898.6,"0.24 + 0.13 + 0.21",0.58,"32*1.92 + 2*1.57 + 1*3.24 + 1*8.44 + 34*4.03 + 2*2.12 + 1*1.03 + 1*0.53 + 1*1.97 + 32*2.18 + 7*0.5 + 2*1.09",296.49
"hcrt","5 a2111oi_0, 1 a21o_1, 14 a21oi_1, 4 a221oi_1, 3 a222oi_1, 1 a22o_1, 2 a31oi_1, 1 a41oi_1, 2 and2_0, 2 and3_1, 1 and4_1, 2 and4b_1, 26 clkinv_1, 1 conb_1, 99 dfrtp_1, 2 dfxtp_1, 71 mux2_1, 1 mux2i_1, 2 mux4_2, 15 nand2_1, 1 nand2b_1, 4 nand3_1, 3 nand3b_1, 4 nand4_1, 22 nor2_1, 2 nor2b_1, 10 nor3_1, 8 nor4_1, 3 nor4b_1, 2 nor4bb_1, 1 o211ai_1, 16 o21ai_0, 2 o21bai_1, 4 o221ai_1, 6 o22ai_1, 2 o2bb2ai_1, 1 o31a_1, 1 o31ai_1, 1 o41ai_1, 1 or3_1, 1 or4_1, 8 xnor2_1, 12 xor2_1","5*8.76 + 1*7.51 + 14*5.0 + 4*8.76 + 3*10.01 + 1*8.76 + 2*6.26 + 1*8.76 + 2*6.26 + 2*6.26 + 1*8.76 + 2*10.01 + 26*3.75 + 1*3.75 + 99*25.02 + 2*20.02 + 71*11.26 + 1*10.01 + 2*22.52 + 15*3.75 + 1*6.26 + 4*5.0 + 3*7.51 + 4*6.26 + 22*3.75 + 2*6.26 + 10*5.0 + 8*6.26 + 3*8.76 + 2*10.01 + 1*7.51 + 16*5.0 + 2*7.51 + 4*8.76 + 6*6.26 + 2*8.76 + 1*8.76 + 1*7.51 + 1*8.76 + 1*6.26 + 1*7.51 + 8*8.76 + 12*8.76",4521.15,"0.45 + 0.28 + 0.21 + 0.2 + 0.18 + 0.12 + 0.04",1.48,"5*0.42 + 1*5.9 + 14*1.65 + 4*1.78 + 3*2.43 + 1*4.06 + 2*1.48 + 1*1.36 + 2*1.92 + 2*5.59 + 1*3.4 + 2*5.99 + 26*1.57 + 1*3.24 + 99*11.65 + 2*8.44 + 71*4.03 + 1*5.89 + 2*6.37 + 15*2.12 + 1*2.25 + 4*1.03 + 3*1.4 + 4*0.53 + 22*1.97 + 2*2.18 + 10*0.93 + 8*0.5 + 3*0.91 + 2*3.2 + 1*0.7 + 16*1.04 + 2*2.87 + 4*1.09 + 6*1.31 + 2*1.85 + 1*2.07 + 1*1.7 + 1*1.39 + 1*1.28 + 1*0.85 + 8*2.07 + 12*4.28",1832.17
"tawas_rcn_master","3 and2_0, 204 clkinv_1, 1 conb_1, 138 dfrtp_1, 64 mux2i_1, 1 nand2_1, 3 nand2b_1, 2 nor3_1, 64 o21ai_0, 1 o41ai_1, 1 or3_1","3*6.26 + 204*3.75 + 1*3.75 + 138*25.02 + 64*10.01 + 1*3.75 + 3*6.26 + 2*5.0 + 64*5.0 + 1*8.76 + 1*6.26",5248.48,"0.35 + 0.5 + 1.66 + 0.72",3.23,"3*1.92 + 204*1.57 + 1*3.24 + 138*11.65 + 64*5.89 + 1*2.12 + 3*2.25 + 2*0.93 + 64*1.04 + 1*1.39 + 1*1.28",2393.9
"SPI_24_slave","4 a21oi_1, 8 a311oi_1, 1 a31oi_1, 1 and2_0, 1 and4b_1, 1 clkinv_1, 51 dfxtp_1, 24 mux2_1, 15 nand2_1, 2 nand2b_1, 1 nand3b_1, 1 nand4_1, 12 nor2_1, 3 nor2b_1, 2 nor3_1, 2 nor4_1, 1 o21a_1, 5 o21ai_0, 1 o21bai_1, 1 or4b_1","4*5.0 + 8*8.76 + 1*6.26 + 1*6.26 + 1*10.01 + 1*3.75 + 51*20.02 + 24*11.26 + 15*3.75 + 2*6.26 + 1*7.51 + 1*6.26 + 12*3.75 + 3*6.26 + 2*5.0 + 2*6.26 + 1*7.51 + 5*5.0 + 1*7.51 + 1*10.01",1626.49,"0.38 + 0.58 + 0.48 + 0.36",1.8,"4*1.65 + 8*0.97 + 1*1.48 + 1*1.92 + 1*5.99 + 1*1.57 + 51*8.44 + 24*4.03 + 15*2.12 + 2*2.25 + 1*1.4 + 1*0.53 + 12*1.97 + 3*2.18 + 2*0.93 + 2*0.5 + 1*2.21 + 5*1.04 + 1*2.87 + 1*2.14",636.17
"and_or_array","2 nand4_1, 1 nor2_1","2*6.26 + 1*3.75",16.27,"0.07 + 0.07",0.14,"2*0.53 + 1*1.97",3.03
"tiny_spi","1 a2111oi_0, 3 a21o_1, 7 a21oi_1, 8 a221o_1, 6 a22o_1, 2 a22oi_1, 1 a31oi_1, 1 and2_0, 7 clkinv_1, 1 conb_1, 3 dfrtp_1, 37 dfxtp_1, 2 dlxtn_1, 8 mux2_1, 8 mux2i_1, 16 nand2_1, 1 nand2b_1, 2 nand3_1, 1 nand3b_1, 21 nor2_1, 2 nor2b_1, 2 nor3_1, 1 nor3b_1, 8 nor4_1, 1 o211ai_1, 1 o21a_1, 25 o21ai_0, 1 o22a_1, 1 o311ai_0, 2 o31ai_1, 1 o32a_1, 1 o41ai_1, 1 or2_0, 1 or3b_1, 2 or4_1, 1 or4b_1, 2 xnor2_1, 3 xor2_1","1*8.76 + 3*7.51 + 7*5.0 + 8*10.01 + 6*8.76 + 2*7.51 + 1*6.26 + 1*6.26 + 7*3.75 + 1*3.75 + 3*25.02 + 37*20.02 + 2*15.01 + 8*11.26 + 8*10.01 + 16*3.75 + 1*6.26 + 2*5.0 + 1*7.51 + 21*3.75 + 2*6.26 + 2*5.0 + 1*7.51 + 8*6.26 + 1*7.51 + 1*7.51 + 25*5.0 + 1*8.76 + 1*8.76 + 2*7.51 + 1*10.01 + 1*8.76 + 1*6.26 + 1*8.76 + 2*7.51 + 1*10.01 + 2*8.76 + 3*8.76",1790.26,"0.61 + 0.18 + 0.07",0.86,"1*0.42 + 3*5.9 + 7*1.65 + 8*2.66 + 6*4.06 + 2*2.58 + 1*1.48 + 1*1.92 + 7*1.57 + 1*3.24 + 3*11.65 + 37*8.44 + 2*8.12 + 8*4.03 + 8*5.89 + 16*2.12 + 1*2.25 + 2*1.03 + 1*1.4 + 21*1.97 + 2*2.18 + 2*0.93 + 1*1.3 + 8*0.5 + 1*0.7 + 1*2.21 + 25*1.04 + 1*2.76 + 1*0.64 + 2*1.7 + 1*1.66 + 1*1.39 + 1*1.26 + 1*2.59 + 2*0.85 + 1*2.14 + 2*2.07 + 3*4.28",696.88
"shift_register","1 and2_0, 1 dfxtp_1","1*6.26 + 1*20.02",26.28,"0.27 + 0.11",0.38,"1*1.92 + 1*8.44",10.36
"pipelined_priority_encoder","2 a21oi_1, 2 clkinv_1, 11 dfxtp_1, 1 nand2_1, 2 nand3_1, 4 nor2_1, 1 nor3b_1, 1 o21ai_0, 1 o21bai_1, 1 o31ai_1","2*5.0 + 2*3.75 + 11*20.02 + 1*3.75 + 2*5.0 + 4*3.75 + 1*7.51 + 1*5.0 + 1*7.51 + 1*7.51",294.0,"0.29 + 0.1 + 0.09 + 0.12 + 0.06",0.66,"2*1.65 + 2*1.57 + 11*8.44 + 1*2.12 + 2*1.03 + 4*1.97 + 1*1.3 + 1*1.04 + 1*2.87 + 1*1.7",118.25
"switch_reader","4 dfrtp_1","4*25.02",100.08,"0.31",0.31,"4*11.65",46.6
"bit_counter","1 a21boi_0, 3 a21oi_1, 1 a2bb2oi_1, 5 and2_0, 2 and3_1, 1 and3b_1, 6 clkinv_1, 16 dfxtp_1, 5 maj3_1, 8 nand2_1, 2 nand3_1, 2 nand4_1, 9 nor2_1, 1 nor3_1, 1 o2111a_1, 1 o2bb2ai_1, 1 or2_0, 1 or4_1, 9 xnor2_1, 5 xnor3_1, 6 xor2_1, 5 xor3_1","1*7.51 + 3*5.0 + 1*8.76 + 5*6.26 + 2*6.26 + 1*8.76 + 6*3.75 + 16*20.02 + 5*10.01 + 8*3.75 + 2*5.0 + 2*6.26 + 9*3.75 + 1*5.0 + 1*11.26 + 1*8.76 + 1*6.26 + 1*7.51 + 9*8.76 + 5*22.52 + 6*8.76 + 5*23.77",964.63,"0.29 + 0.43 + 0.28 + 0.17 + 0.38 + 0.28 + 0.29 + 0.38 + 0.2 + 0.24 + 0.28 + 0.11 + 0.09",3.42,"1*2.48 + 3*1.65 + 1*3.38 + 5*1.92 + 2*5.59 + 1*7.06 + 6*1.57 + 16*8.44 + 5*2.09 + 8*2.12 + 2*1.03 + 2*0.53 + 9*1.97 + 1*0.93 + 1*3.75 + 1*1.85 + 1*1.26 + 1*0.85 + 9*2.07 + 5*15.62 + 6*4.28 + 5*15.22",438.52
"adder_4bit","4 maj3_1, 8 xnor2_1","4*10.01 + 8*8.76",110.12,"0.37 + 0.39 + 0.39 + 0.33",1.48,"4*2.09 + 8*2.07",24.92
"adder","2 a21o_1, 6 a21oi_1, 25 a22o_1, 2 a22oi_1, 1 a32o_1, 1 a32oi_1, 5 and2_0, 4 clkinv_1, 56 dfxtp_1, 3 maj3_1, 36 nand2_1, 1 nand2b_1, 3 nand3_1, 1 nand4_1, 27 nor2_1, 2 nor2b_1, 1 nor3_1, 1 o211ai_1, 25 o21ai_0, 1 o22ai_1, 1 o31ai_1, 1 or2_0, 6 xnor2_1, 2 xnor3_1, 4 xor2_1, 1 xor3_1","2*7.51 + 6*5.0 + 25*8.76 + 2*7.51 + 1*10.01 + 1*8.76 + 5*6.26 + 4*3.75 + 56*20.02 + 3*10.01 + 36*3.75 + 1*6.26 + 3*5.0 + 1*6.26 + 27*3.75 + 2*6.26 + 1*5.0 + 1*7.51 + 25*5.0 + 1*6.26 + 1*7.51 + 1*6.26 + 6*8.76 + 2*22.52 + 4*8.76 + 1*23.77",2085.5,"0.36 + 0.1 + 0.39 + 0.38 + 0.21 + 0.14 + 0.19 + 0.1 + 0.17",2.04,"2*5.9 + 6*1.65 + 25*4.06 + 2*2.58 + 1*2.3 + 1*1.25 + 5*1.92 + 4*1.57 + 56*8.44 + 3*2.09 + 36*2.12 + 1*2.25 + 3*1.03 + 1*0.53 + 27*1.97 + 2*2.18 + 1*0.93 + 1*0.7 + 25*1.04 + 1*1.31 + 1*1.7 + 1*1.26 + 6*2.07 + 2*15.62 + 4*4.28 + 1*15.22",874.34
"mux_2to1","1 dfxtp_1, 1 mux2i_1, 1 nor2_1","1*20.02 + 1*10.01 + 1*3.75",33.78,"0.15 + 0.04",0.19,"1*8.44 + 1*5.89 + 1*1.97",16.3
"uart_rx","21 clkinv_1, 20 dfrtp_1, 16 mux2_1, 1 nand4b_1, 1 nor2_1, 1 nor3_1, 1 nor4b_1, 1 xnor2_1, 2 xor2_1","21*3.75 + 20*25.02 + 16*11.26 + 1*8.76 + 1*3.75 + 1*5.0 + 1*8.76 + 1*8.76 + 2*8.76",811.86,"0.39 + 1.05 + 0.38",1.82,"21*1.57 + 20*11.65 + 16*4.03 + 1*1.03 + 1*1.97 + 1*0.93 + 1*0.91 + 1*2.07 + 2*4.28",345.92
"mux_4to1_case","4 mux4_2","4*22.52",90.08,"0.43",0.43,"4*6.37",25.48
"ParamModule","5 a21o_1, 10 a21oi_1, 3 a31oi_1, 2 and2_0, 3 and3_1, 1 and3b_1, 2 and4_1, 1 conb_1, 17 dfxtp_1, 4 maj3_1, 8 nand2_1, 3 nand2b_1, 5 nand3_1, 5 nor2_1, 1 nor2b_1, 1 nor3b_1, 2 o21a_1, 9 o21ai_0, 1 o31ai_1, 2 or2_0, 3 xnor2_1, 2 xnor3_1, 7 xor2_1","5*7.51 + 10*5.0 + 3*6.26 + 2*6.26 + 3*6.26 + 1*8.76 + 2*8.76 + 1*3.75 + 17*20.02 + 4*10.01 + 8*3.75 + 3*6.26 + 5*5.0 + 5*3.75 + 1*6.26 + 1*7.51 + 2*7.51 + 9*5.0 + 1*7.51 + 2*6.26 + 3*8.76 + 2*22.52 + 7*8.76",867.03,"0.36 + 0.17 + 0.24 + 0.13 + 0.2 + 0.22 + 0.2 + 0.19 + 0.21 + 0.18 + 0.29 + 0.22 + 0.11",2.72,"5*5.9 + 10*1.65 + 3*1.48 + 2*1.92 + 3*5.59 + 1*7.06 + 2*3.4 + 1*3.24 + 17*8.44 + 4*2.09 + 8*2.12 + 3*2.25 + 5*1.03 + 5*1.97 + 1*2.18 + 1*1.3 + 2*2.21 + 9*1.04 + 1*1.7 + 2*1.26 + 3*2.07 + 2*15.62 + 7*4.28",367.59
"shift_register","3 a31oi_1, 9 dfxtp_1, 3 nand2_1, 3 nand2b_1, 3 nor2_1","3*6.26 + 9*20.02 + 3*3.75 + 3*6.26 + 3*3.75",240.24,"0.31 + 0.05 + 0.11",0.47,"3*1.48 + 9*8.44 + 3*2.12 + 3*2.25 + 3*1.97",99.42
"sky130_fd_sc_ls__inv","1 clkinv_1","1*3.75",3.75,"0.02",0.02,"1*1.57",1.57
"bit_reverser","9 dfxtp_1","9*20.02",180.18,"0.27",0.27,"9*8.44",75.96
"vid_score","1 a2111oi_0, 1 a211o_1, 2 a211oi_1, 1 a21boi_0, 9 a21oi_1, 1 a221o_1, 1 a31oi_1, 1 and2_0, 3 and3_1, 1 and4_1, 1 dfxtp_1, 1 mux2i_1, 3 nand2_1, 2 nand2b_1, 3 nand3_1, 4 nand4_1, 5 nor2_1, 4 nor2b_1, 6 nor3_1, 1 nor3b_1, 4 nor4b_1, 1 nor4bb_1, 1 o211ai_1, 1 o21a_1, 5 o21ai_0, 1 o21bai_1, 1 o221ai_1, 3 o311ai_0, 1 o31ai_1, 1 o41ai_1, 1 or4b_1","1*8.76 + 1*8.76 + 2*7.51 + 1*7.51 + 9*5.0 + 1*10.01 + 1*6.26 + 1*6.26 + 3*6.26 + 1*8.76 + 1*20.02 + 1*10.01 + 3*3.75 + 2*6.26 + 3*5.0 + 4*6.26 + 5*3.75 + 4*6.26 + 6*5.0 + 1*7.51 + 4*8.76 + 1*10.01 + 1*7.51 + 1*7.51 + 5*5.0 + 1*7.51 + 1*8.76 + 3*8.76 + 1*7.51 + 1*8.76 + 1*10.01",464.16,"0.48 + 0.5 + 0.35 + 0.13 + 0.16 + 0.14 + 0.14",1.9,"1*0.42 + 1*3.14 + 2*0.98 + 1*2.48 + 9*1.65 + 1*2.66 + 1*1.48 + 1*1.92 + 3*5.59 + 1*3.4 + 1*8.44 + 1*5.89 + 3*2.12 + 2*2.25 + 3*1.03 + 4*0.53 + 5*1.97 + 4*2.18 + 6*0.93 + 1*1.3 + 4*0.91 + 1*3.2 + 1*0.7 + 1*2.21 + 5*1.04 + 1*2.87 + 1*1.09 + 3*0.64 + 1*1.7 + 1*1.39 + 1*2.14",130.99
"up_counter","1 clkinv_1, 4 dfrtp_1, 1 nand2_1, 1 nand3_1, 2 xnor2_1, 1 xor2_1","1*3.75 + 4*25.02 + 1*3.75 + 1*5.0 + 2*8.76 + 1*8.76",138.86,"0.36 + 0.1 + 0.12",0.58,"1*1.57 + 4*11.65 + 1*2.12 + 1*1.03 + 2*2.07 + 1*4.28",59.74
"Problem4","2 a21oi_1, 1 a31oi_1, 1 clkinv_1, 1 nand3b_1, 1 nor2_1, 1 o21ai_0, 1 xnor2_1, 2 xor2_1","2*5.0 + 1*6.26 + 1*3.75 + 1*7.51 + 1*3.75 + 1*5.0 + 1*8.76 + 2*8.76",62.55,"0.14 + 0.14 + 0.12",0.4,"2*1.65 + 1*1.48 + 1*1.57 + 1*1.4 + 1*1.97 + 1*1.04 + 1*2.07 + 2*4.28",21.39
"axi_basic_tx_pipeline","1 a21o_1, 1 a21oi_1, 1 a221oi_1, 1 a31oi_1, 1 clkinv_1, 141 dfxtp_1, 2 nand2_1, 1 nand4b_1, 140 nor2b_1, 1 nor4b_1, 1 o21a_1","1*7.51 + 1*5.0 + 1*8.76 + 1*6.26 + 1*3.75 + 141*20.02 + 2*3.75 + 1*8.76 + 140*6.26 + 1*8.76 + 1*7.51",3763.03,"0.29 + 0.15 + 0.24",0.68,"1*5.9 + 1*1.65 + 1*1.78 + 1*1.48 + 1*1.57 + 141*8.44 + 2*2.12 + 1*1.03 + 140*2.18 + 1*0.91 + 1*2.21",1516.01
"PE_ctrl","2 a211oi_1, 2 a21oi_1, 1 a311oi_1, 1 and2_0, 6 and3_1, 3 clkinv_1, 6 nand2_1, 2 nand2b_1, 2 nand3_1, 3 nand3b_1, 1 nand4_1, 13 nor2_1, 2 nor2b_1, 14 nor3_1, 2 nor3b_1, 4 nor4_1, 1 o211ai_1, 1 o21ai_0, 1 o21bai_1, 1 o2bb2ai_1, 1 o31ai_1, 1 or3b_1, 1 xor2_1","2*7.51 + 2*5.0 + 1*8.76 + 1*6.26 + 6*6.26 + 3*3.75 + 6*3.75 + 2*6.26 + 2*5.0 + 3*7.51 + 1*6.26 + 13*3.75 + 2*6.26 + 14*5.0 + 2*7.51 + 4*6.26 + 1*7.51 + 1*5.0 + 1*7.51 + 1*8.76 + 1*7.51 + 1*8.76 + 1*8.76",387.8,"0.39 + 0.1 + 0.06",0.55,"2*0.98 + 2*1.65 + 1*0.97 + 1*1.92 + 6*5.59 + 3*1.57 + 6*2.12 + 2*2.25 + 2*1.03 + 3*1.4 + 1*0.53 + 13*1.97 + 2*2.18 + 14*0.93 + 2*1.3 + 4*0.5 + 1*0.7 + 1*1.04 + 1*2.87 + 1*1.85 + 1*1.7 + 1*2.59 + 1*4.28",133.03
"logic_n","1 a2111o_1, 18 a2111oi_0, 3 a211o_1, 12 a211oi_1, 3 a21boi_0, 7 a21o_1, 52 a21oi_1, 3 a221o_1, 23 a221oi_1, 5 a222oi_1, 4 a22o_1, 19 a22oi_1, 1 a2bb2o_1, 6 a2bb2oi_1, 1 a311o_1, 20 a31oi_1, 2 a32o_1, 4 a32oi_1, 5 a41oi_1, 8 and2_0, 6 and3_1, 3 and3b_1, 1 and4_1, 9 clkinv_1, 1 conb_1, 5 mux2_1, 28 mux2i_1, 3 mux4_2, 99 nand2_1, 8 nand2b_1, 18 nand3_1, 3 nand3b_1, 17 nand4_1, 4 nand4b_1, 86 nor2_1, 10 nor2b_1, 18 nor3_1, 2 nor3b_1, 26 nor4_1, 4 nor4b_1, 1 o2111a_1, 11 o2111ai_1, 2 o211a_1, 20 o211ai_1, 1 o21a_1, 68 o21ai_0, 3 o21bai_1, 3 o221a_1, 7 o221ai_1, 3 o22a_1, 33 o22ai_1, 6 o2bb2ai_1, 2 o311ai_0, 8 o31ai_1, 1 o32ai_1, 1 o41ai_1, 8 or2_0, 7 or3_1, 2 or3b_1, 11 or4_1, 3 or4b_1, 7 xnor2_1, 4 xor2_1","1*11.26 + 18*8.76 + 3*8.76 + 12*7.51 + 3*7.51 + 7*7.51 + 52*5.0 + 3*10.01 + 23*8.76 + 5*10.01 + 4*8.76 + 19*7.51 + 1*10.01 + 6*8.76 + 1*10.01 + 20*6.26 + 2*10.01 + 4*8.76 + 5*8.76 + 8*6.26 + 6*6.26 + 3*8.76 + 1*8.76 + 9*3.75 + 1*3.75 + 5*11.26 + 28*10.01 + 3*22.52 + 99*3.75 + 8*6.26 + 18*5.0 + 3*7.51 + 17*6.26 + 4*8.76 + 86*3.75 + 10*6.26 + 18*5.0 + 2*7.51 + 26*6.26 + 4*8.76 + 1*11.26 + 11*8.76 + 2*10.01 + 20*7.51 + 1*7.51 + 68*5.0 + 3*7.51 + 3*11.26 + 7*8.76 + 3*8.76 + 33*6.26 + 6*8.76 + 2*8.76 + 8*7.51 + 1*8.76 + 1*8.76 + 8*6.26 + 7*6.26 + 2*8.76 + 11*7.51 + 3*10.01 + 7*8.76 + 4*8.76",4747.87,"0.05 + 1.13 + 0.55 + 0.39 + 0.1 + 0.27 + 0.45 + 0.14 + 0.14",3.22,"1*1.68 + 18*0.42 + 3*3.14 + 12*0.98 + 3*2.48 + 7*5.9 + 52*1.65 + 3*2.66 + 23*1.78 + 5*2.43 + 4*4.06 + 19*2.58 + 1*5.07 + 6*3.38 + 1*1.57 + 20*1.48 + 2*2.3 + 4*1.25 + 5*1.36 + 8*1.92 + 6*5.59 + 3*7.06 + 1*3.4 + 9*1.57 + 1*3.24 + 5*4.03 + 28*5.89 + 3*6.37 + 99*2.12 + 8*2.25 + 18*1.03 + 3*1.4 + 17*0.53 + 4*1.03 + 86*1.97 + 10*2.18 + 18*0.93 + 2*1.3 + 26*0.5 + 4*0.91 + 1*3.75 + 11*0.58 + 2*10.66 + 20*0.7 + 1*2.21 + 68*1.04 + 3*2.87 + 3*2.73 + 7*1.09 + 3*2.76 + 33*1.31 + 6*1.85 + 2*0.64 + 8*1.7 + 1*1.09 + 1*1.39 + 8*1.26 + 7*1.28 + 2*2.59 + 11*0.85 + 3*2.14 + 7*2.07 + 4*4.28",1444.57
"top_module","8 a222oi_1, 2 and3b_1, 1 conb_1, 3 dfxtp_1, 4 nand2_1, 3 nor2b_1, 1 nor3_1, 3 nor3b_1","8*10.01 + 2*8.76 + 1*3.75 + 3*20.02 + 4*3.75 + 3*6.26 + 1*5.0 + 3*7.51",222.72,"0.18 + 0.32 + 0.05",0.55,"8*2.43 + 2*7.06 + 1*3.24 + 3*8.44 + 4*2.12 + 3*2.18 + 1*0.93 + 3*1.3",81.97
"wasca_external_sdram_controller_input_efifo_module","4 clkinv_1, 4 dfrtp_1, 86 dfxtp_1, 130 mux2_1, 3 nand2b_1, 2 nand3_1, 1 nor2_1, 1 nor3b_1, 1 o211ai_1, 4 o21ai_0, 2 xnor2_1","4*3.75 + 4*25.02 + 86*20.02 + 130*11.26 + 3*6.26 + 2*5.0 + 1*3.75 + 1*7.51 + 1*7.51 + 4*5.0 + 2*8.76",3385.67,"0.36 + 0.15 + 0.06 + 3.29 + 0.42",4.28,"4*1.57 + 4*11.65 + 86*8.44 + 130*4.03 + 3*2.25 + 2*1.03 + 1*1.97 + 1*1.3 + 1*0.7 + 4*1.04 + 2*2.07",1323.7
"top_module","2 a21oi_1, 1 and3_1, 12 dfxtp_1, 2 maj3_1, 3 nand2_1, 1 nand3_1, 1 nand4_1, 3 nor2_1, 5 nor2b_1, 1 nor3_1, 1 o21ai_0, 1 o21bai_1, 3 or2_0, 9 xnor2_1, 3 xor2_1","2*5.0 + 1*6.26 + 12*20.02 + 2*10.01 + 3*3.75 + 1*5.0 + 1*6.26 + 3*3.75 + 5*6.26 + 1*5.0 + 1*5.0 + 1*7.51 + 3*6.26 + 9*8.76 + 3*8.76",482.99,"0.33 + 0.1 + 0.13 + 0.4 + 0.41 + 0.12 + 0.09",1.58,"2*1.65 + 1*5.59 + 12*8.44 + 2*2.09 + 3*2.12 + 1*1.03 + 1*0.53 + 3*1.97 + 5*2.18 + 1*0.93 + 1*1.04 + 1*2.87 + 3*1.26 + 9*2.07 + 3*4.28",179.17
"pcieCore_gtp_pipe_drp","1 a211o_1, 2 a211oi_1, 5 a21oi_1, 1 a22oi_1, 1 a311oi_1, 1 a31oi_1, 2 a32oi_1, 1 a41oi_1, 51 and2_0, 2 and3_1, 1 and3b_1, 3 clkinv_1, 1 conb_1, 64 dfxtp_1, 1 nand2_1, 2 nand2b_1, 1 nand3_1, 1 nand3b_1, 1 nand4_1, 2 nand4b_1, 5 nor2_1, 1 nor2b_1, 5 nor3_1, 1 nor3b_1, 2 nor4bb_1, 1 o21ai_0, 1 o31a_1, 1 or3_1, 1 or3b_1, 1 xor2_1","1*8.76 + 2*7.51 + 5*5.0 + 1*7.51 + 1*8.76 + 1*6.26 + 2*8.76 + 1*8.76 + 51*6.26 + 2*6.26 + 1*8.76 + 3*3.75 + 1*3.75 + 64*20.02 + 1*3.75 + 2*6.26 + 1*5.0 + 1*7.51 + 1*6.26 + 2*8.76 + 5*3.75 + 1*6.26 + 5*5.0 + 1*7.51 + 2*10.01 + 1*5.0 + 1*8.76 + 1*6.26 + 1*8.76 + 1*8.76",1902.05,"0.35 + 0.45 + 0.23 + 0.09",1.12,"1*3.14 + 2*0.98 + 5*1.65 + 1*2.58 + 1*0.97 + 1*1.48 + 2*1.25 + 1*1.36 + 51*1.92 + 2*5.59 + 1*7.06 + 3*1.57 + 1*3.24 + 64*8.44 + 1*2.12 + 2*2.25 + 1*1.03 + 1*1.4 + 1*0.53 + 2*1.03 + 5*1.97 + 1*2.18 + 5*0.93 + 1*1.3 + 2*3.2 + 1*1.04 + 1*2.07 + 1*1.28 + 1*2.59 + 1*4.28",733.79
"magnitude","1 a211o_1, 2 a211oi_1, 1 a21o_1, 30 a21oi_1, 1 a221oi_1, 1 a222oi_1, 1 a22o_1, 3 a22oi_1, 1 a31oi_1, 4 and2_0, 1 and3_1, 17 clkinv_1, 12 maj3_1, 12 mux2i_1, 52 nand2_1, 13 nand2b_1, 2 nand3_1, 3 nand3b_1, 33 nor2_1, 10 nor2b_1, 6 nor3_1, 4 nor4_1, 2 o211ai_1, 3 o21a_1, 40 o21ai_0, 1 o21bai_1, 3 o221ai_1, 5 o22ai_1, 1 o2bb2ai_1, 9 o31ai_1, 2 o32ai_1, 5 or2_0, 4 or4_1, 60 xnor2_1, 2 xnor3_1, 40 xor2_1","1*8.76 + 2*7.51 + 1*7.51 + 30*5.0 + 1*8.76 + 1*10.01 + 1*8.76 + 3*7.51 + 1*6.26 + 4*6.26 + 1*6.26 + 17*3.75 + 12*10.01 + 12*10.01 + 52*3.75 + 13*6.26 + 2*5.0 + 3*7.51 + 33*3.75 + 10*6.26 + 6*5.0 + 4*6.26 + 2*7.51 + 3*7.51 + 40*5.0 + 1*7.51 + 3*8.76 + 5*6.26 + 1*8.76 + 9*7.51 + 2*8.76 + 5*6.26 + 4*7.51 + 60*8.76 + 2*22.52 + 40*8.76",2502.09,"0.56 + 0.25 + 0.14 + 0.24 + 0.24 + 0.11 + 0.11 + 0.05 + 2.01 + 0.48 + 0.36 + 0.1 + 0.36 + 0.39 + 0.39 + 0.39 + 0.39 + 0.39 + 0.39 + 0.4 + 0.21 + 0.11",8.07,"1*3.14 + 2*0.98 + 1*5.9 + 30*1.65 + 1*1.78 + 1*2.43 + 1*4.06 + 3*2.58 + 1*1.48 + 4*1.92 + 1*5.59 + 17*1.57 + 12*2.09 + 12*5.89 + 52*2.12 + 13*2.25 + 2*1.03 + 3*1.4 + 33*1.97 + 10*2.18 + 6*0.93 + 4*0.5 + 2*0.7 + 3*2.21 + 40*1.04 + 1*2.87 + 3*1.09 + 5*1.31 + 1*1.85 + 9*1.7 + 2*1.09 + 5*1.26 + 4*0.85 + 60*2.07 + 2*15.62 + 40*4.28",871.84
"up_down_counter","2 a211oi_1, 1 a21boi_0, 2 a21oi_1, 4 dfxtp_1, 1 nand4_1, 3 nor2_1, 1 nor2b_1, 1 o21bai_1, 1 or4_1, 4 xnor2_1, 1 xor2_1","2*7.51 + 1*7.51 + 2*5.0 + 4*20.02 + 1*6.26 + 3*3.75 + 1*6.26 + 1*7.51 + 1*7.51 + 4*8.76 + 1*8.76",195.2,"0.3 + 0.5 + 0.2 + 0.08 + 0.09",1.17,"2*0.98 + 1*2.48 + 2*1.65 + 4*8.44 + 1*0.53 + 3*1.97 + 1*2.18 + 1*2.87 + 1*0.85 + 4*2.07 + 1*4.28",66.4
"transition_counter","2 a21oi_1, 1 and3b_1, 1 and4b_1, 5 clkinv_1, 5 dfxtp_1, 1 nand4b_1, 3 nor2_1, 1 nor2b_1, 4 nor3_1, 1 nor4_1, 1 o21ai_0, 2 o22ai_1, 1 or3_1","2*5.0 + 1*8.76 + 1*10.01 + 5*3.75 + 5*20.02 + 1*8.76 + 3*3.75 + 1*6.26 + 4*5.0 + 1*6.26 + 1*5.0 + 2*6.26 + 1*6.26",223.93,"0.36 + 0.13 + 0.31 + 0.13",0.93,"2*1.65 + 1*7.06 + 1*5.99 + 5*1.57 + 5*8.44 + 1*1.03 + 3*1.97 + 1*2.18 + 4*0.93 + 1*0.5 + 1*1.04 + 2*1.31 + 1*1.28",84.68
"MUX4","1 mux4_2","1*22.52",22.52,"0.43",0.43,"1*6.37",6.37
"one0_handler","1 a211oi_1, 1 a21o_1, 1 a31o_1, 4 and2_0, 3 and3_1, 1 and3b_1, 1 clkinv_1, 1 conb_1, 3 nand2_1, 1 nand2b_1, 1 nand3b_1, 2 nor2_1, 8 nor2b_1, 1 nor3_1, 1 nor4bb_1, 1 o21a_1, 1 o31a_1","1*7.51 + 1*7.51 + 1*8.76 + 4*6.26 + 3*6.26 + 1*8.76 + 1*3.75 + 1*3.75 + 3*3.75 + 1*6.26 + 1*7.51 + 2*3.75 + 8*6.26 + 1*5.0 + 1*10.01 + 1*7.51 + 1*8.76",197.74,"0.15 + 0.56 + 0.06",0.77,"1*0.98 + 1*5.9 + 1*2.37 + 4*1.92 + 3*5.59 + 1*7.06 + 1*1.57 + 1*3.24 + 3*2.12 + 1*2.25 + 1*1.4 + 2*1.97 + 8*2.18 + 1*0.93 + 1*3.2 + 1*2.21 + 1*2.07",85.37
"fifo_memory","2 a211oi_1, 1 a21boi_0, 142 a21oi_1, 82 a222oi_1, 20 a22o_1, 136 a22oi_1, 1 a31o_1, 2 a31oi_1, 1 a41oi_1, 5 and2_0, 9 clkinv_1, 8 dfrtp_1, 2048 dfxtp_1, 2048 mux2_1, 473 mux4_2, 132 nand2_1, 6 nand2b_1, 28 nand3_1, 3 nand4_1, 243 nor2_1, 9 nor2b_1, 18 nor3_1, 7 nor4_1, 3 o2111ai_1, 1 o211ai_1, 13 o21ai_0, 2 o22a_1, 3 o22ai_1, 6 o31ai_1, 5 o32a_1, 11 o41ai_1, 5 or2_0, 1 or4_1","2*7.51 + 1*7.51 + 142*5.0 + 82*10.01 + 20*8.76 + 136*7.51 + 1*8.76 + 2*6.26 + 1*8.76 + 5*6.26 + 9*3.75 + 8*25.02 + 2048*20.02 + 2048*11.26 + 473*22.52 + 132*3.75 + 6*6.26 + 28*5.0 + 3*6.26 + 243*3.75 + 9*6.26 + 18*5.0 + 7*6.26 + 3*8.76 + 1*7.51 + 13*5.0 + 2*8.76 + 3*6.26 + 6*7.51 + 5*10.01 + 11*8.76 + 5*6.26 + 1*7.51",79916.68,"4.06 + 1.08 + 0.98 + 0.37",6.49,"2*0.98 + 1*2.48 + 142*1.65 + 82*2.43 + 20*4.06 + 136*2.58 + 1*2.37 + 2*1.48 + 1*1.36 + 5*1.92 + 9*1.57 + 8*11.65 + 2048*8.44 + 2048*4.03 + 473*6.37 + 132*2.12 + 6*2.25 + 28*1.03 + 3*0.53 + 243*1.97 + 9*2.18 + 18*0.93 + 7*0.5 + 3*0.58 + 1*0.7 + 13*1.04 + 2*2.76 + 3*1.31 + 6*1.7 + 5*1.66 + 11*1.39 + 5*1.26 + 1*0.85",30453.96
"status_token_fifo","1 a21o_1, 1 a21oi_1, 2 a311oi_1, 2 a31oi_1, 2 clkinv_1, 1 conb_1, 8 dfxtp_1, 2 nand2_1, 1 nand2b_1, 1 nand3b_1, 5 nor2_1, 2 nor2b_1, 3 nor3_1, 1 o21a_1","1*7.51 + 1*5.0 + 2*8.76 + 2*6.26 + 2*3.75 + 1*3.75 + 8*20.02 + 2*3.75 + 1*6.26 + 1*7.51 + 5*3.75 + 2*6.26 + 3*5.0 + 1*7.51",289.01,"0.28 + 0.22 + 0.1 + 0.21",0.81,"1*5.9 + 1*1.65 + 2*0.97 + 2*1.48 + 2*1.57 + 1*3.24 + 8*8.44 + 2*2.12 + 1*2.25 + 1*1.4 + 5*1.97 + 2*2.18 + 3*0.93 + 1*2.21",113.45
"RegAligned","1 clkinv_1, 1 dfrtp_1, 1 mux2_1","1*3.75 + 1*25.02 + 1*11.26",40.03,"0.33 + 0.27",0.6,"1*1.57 + 1*11.65 + 1*4.03",17.25
"priority_encoder","1 a21boi_0, 3 a21oi_1, 1 a41oi_1, 1 and2_0, 1 and3_1, 1 and4b_1, 5 clkinv_1, 1 conb_1, 20 dfxtp_1, 1 mux2_1, 3 mux2i_1, 1 nand2_1, 3 nand3_1, 1 nand4b_1, 9 nor2_1, 6 nor2b_1, 3 nor3_1, 2 nor4_1, 3 nor4b_1, 1 o21ai_0, 2 o22ai_1","1*7.51 + 3*5.0 + 1*8.76 + 1*6.26 + 1*6.26 + 1*10.01 + 5*3.75 + 1*3.75 + 20*20.02 + 1*11.26 + 3*10.01 + 1*3.75 + 3*5.0 + 1*8.76 + 9*3.75 + 6*6.26 + 3*5.0 + 2*6.26 + 3*8.76 + 1*5.0 + 2*6.26",688.13,"0.4 + 0.17 + 0.19 + 0.49 + 0.36",1.61,"1*2.48 + 3*1.65 + 1*1.36 + 1*1.92 + 1*5.59 + 1*5.99 + 5*1.57 + 1*3.24 + 20*8.44 + 1*4.03 + 3*5.89 + 1*2.12 + 3*1.03 + 1*1.03 + 9*1.97 + 6*2.18 + 3*0.93 + 2*0.5 + 3*0.91 + 1*1.04 + 2*1.31",271.11
"memory_wb","15 a2111o_1, 230 a2111oi_0, 9 a211oi_1, 2 a21boi_0, 3013 a21oi_1, 30 a221o_1, 745 a221oi_1, 4 a222oi_1, 2244 a22o_1, 5013 a22oi_1, 9 a2bb2o_1, 21 a2bb2oi_1, 6 a311oi_1, 35 a31oi_1, 449 a32o_1, 1207 a32oi_1, 125 and2_0, 97 and3_1, 1 and3b_1, 638 and4_1, 23 and4b_1, 3177 clkinv_1, 2 conb_1, 72 dfrtp_1, 1 dfstp_2, 32768 dfxtp_1, 29741 mux2_1, 601 nand2_1, 4 nand2b_1, 596 nand3_1, 19 nand3b_1, 12048 nand4_1, 75 nand4b_1, 21 nand4bb_1, 3201 nor2_1, 5 nor2b_1, 1357 nor3_1, 3 nor3b_1, 1582 nor4_1, 16 nor4b_1, 17 nor4bb_1, 184 o2111a_1, 2003 o2111ai_1, 77 o21ai_0, 34 o22a_1, 310 o22ai_1, 20 o2bb2ai_1, 1 o311ai_0, 1 o31a_1, 33 o32a_1, 1 o32ai_1, 2 or2_0, 16 or3_1, 333 or4_1, 27 or4b_1","15*11.26 + 230*8.76 + 9*7.51 + 2*7.51 + 3013*5.0 + 30*10.01 + 745*8.76 + 4*10.01 + 2244*8.76 + 5013*7.51 + 9*10.01 + 21*8.76 + 6*8.76 + 35*6.26 + 449*10.01 + 1207*8.76 + 125*6.26 + 97*6.26 + 1*8.76 + 638*8.76 + 23*10.01 + 3177*3.75 + 2*3.75 + 72*25.02 + 1*26.28 + 32768*20.02 + 29741*11.26 + 601*3.75 + 4*6.26 + 596*5.0 + 19*7.51 + 12048*6.26 + 75*8.76 + 21*11.26 + 3201*3.75 + 5*6.26 + 1357*5.0 + 3*7.51 + 1582*6.26 + 16*8.76 + 17*10.01 + 184*11.26 + 2003*8.76 + 77*5.0 + 34*8.76 + 310*6.26 + 20*8.76 + 1*8.76 + 1*8.76 + 33*10.01 + 1*8.76 + 2*6.26 + 16*6.26 + 333*7.51 + 27*10.01",1245410.82,"100.03 + 45.77 + 4.25",150.05,"15*1.68 + 230*0.42 + 9*0.98 + 2*2.48 + 3013*1.65 + 30*2.66 + 745*1.78 + 4*2.43 + 2244*4.06 + 5013*2.58 + 9*5.07 + 21*3.38 + 6*0.97 + 35*1.48 + 449*2.3 + 1207*1.25 + 125*1.92 + 97*5.59 + 1*7.06 + 638*3.4 + 23*5.99 + 3177*1.57 + 2*3.24 + 72*11.65 + 1*10.52 + 32768*8.44 + 29741*4.03 + 601*2.12 + 4*2.25 + 596*1.03 + 19*1.4 + 12048*0.53 + 75*1.03 + 21*1.9 + 3201*1.97 + 5*2.18 + 1357*0.93 + 3*1.3 + 1582*0.5 + 16*0.91 + 17*3.2 + 184*3.75 + 2003*0.58 + 77*1.04 + 34*2.76 + 310*1.31 + 20*1.85 + 1*0.64 + 1*2.07 + 33*1.66 + 1*1.09 + 2*1.26 + 16*1.28 + 333*0.85 + 27*2.14",456400.71
"spi_state_machine","3 a21oi_1, 2 a22o_1, 1 a31o_1, 3 a31oi_1, 23 clkinv_1, 1 conb_1, 15 dfrtp_1, 1 dfstp_2, 11 dfxtp_1, 7 mux2_1, 4 mux2i_1, 10 nand2_1, 4 nand2b_1, 1 nand3_1, 10 nor2_1, 3 nor2b_1, 2 nor3_1, 3 nor4_1, 1 o211ai_1, 2 o21a_1, 7 o21ai_0, 1 o21bai_1, 1 o221ai_1, 1 o311ai_0, 1 o41ai_1, 2 xnor2_1, 1 xor2_1","3*5.0 + 2*8.76 + 1*8.76 + 3*6.26 + 23*3.75 + 1*3.75 + 15*25.02 + 1*26.28 + 11*20.02 + 7*11.26 + 4*10.01 + 10*3.75 + 4*6.26 + 1*5.0 + 10*3.75 + 3*6.26 + 2*5.0 + 3*6.26 + 1*7.51 + 2*7.51 + 7*5.0 + 1*7.51 + 1*8.76 + 1*8.76 + 1*8.76 + 2*8.76 + 1*8.76",1160.92,"0.32 + 0.1 + 0.11 + 0.48 + 0.19",1.2,"3*1.65 + 2*4.06 + 1*2.37 + 3*1.48 + 23*1.57 + 1*3.24 + 15*11.65 + 1*10.52 + 11*8.44 + 7*4.03 + 4*5.89 + 10*2.12 + 4*2.25 + 1*1.03 + 10*1.97 + 3*2.18 + 2*0.93 + 3*0.5 + 1*0.7 + 2*2.21 + 7*1.04 + 1*2.87 + 1*1.09 + 1*0.64 + 1*1.39 + 2*2.07 + 1*4.28",476.75
"ClockGate","1 and3b_1, 1 dfxtp_1","1*8.76 + 1*20.02",28.78,"0.15",0.15,"1*7.06 + 1*8.44",15.5
"mux_4to1","4 mux4_2","4*22.52",90.08,"0.43",0.43,"4*6.37",25.48
"FIR_filter","1 a21oi_1, 13 and2_0, 1 and3_1, 272 clkinv_1, 272 dfrtp_1, 13 maj3_1, 2 nand2_1, 1 nand3_1, 1 nor2_1, 1 o21bai_1, 29 xnor2_1, 1 xor2_1","1*5.0 + 13*6.26 + 1*6.26 + 272*3.75 + 272*25.02 + 13*10.01 + 2*3.75 + 1*5.0 + 1*3.75 + 1*7.51 + 29*8.76 + 1*8.76",8334.77,"0.34 + 0.18 + 0.17 + 0.36 + 0.37 + 0.37 + 0.37 + 0.37 + 0.37 + 0.37 + 0.37 + 0.37 + 0.37 + 0.37 + 0.37 + 0.35 + 0.13",5.6,"1*1.65 + 13*1.92 + 1*5.59 + 272*1.57 + 272*11.65 + 13*2.09 + 2*2.12 + 1*1.03 + 1*1.97 + 1*2.87 + 29*2.07 + 1*4.28",3729.63
"c6288","1 a21o_1, 6 a21oi_1, 11 a22o_1, 1 a22oi_1, 1 a2bb2oi_1, 2 a31oi_1, 8 and2_0, 1 and3_1, 4 clkinv_1, 208 maj3_1, 246 nand2_1, 2 nand3_1, 11 nand4_1, 10 nor2_1, 1 nor2b_1, 1 nor3b_1, 1 o2111ai_1, 6 o21ai_0, 1 o21bai_1, 1 o22a_1, 1 o22ai_1, 172 xnor2_1, 2 xnor3_1, 22 xor2_1, 124 xor3_1","1*7.51 + 6*5.0 + 11*8.76 + 1*7.51 + 1*8.76 + 2*6.26 + 8*6.26 + 1*6.26 + 4*3.75 + 208*10.01 + 246*3.75 + 2*5.0 + 11*6.26 + 10*3.75 + 1*6.26 + 1*7.51 + 1*8.76 + 6*5.0 + 1*7.51 + 1*8.76 + 1*6.26 + 172*8.76 + 2*22.52 + 22*8.76 + 124*23.77",8121.96,"0.1 + 0.09 + 0.39 + 0.39 + 0.39 + 0.39 + 0.39 + 0.39 + 0.39 + 0.39 + 0.39 + 0.39 + 0.39 + 0.39 + 0.4 + 0.36 + 0.16 + 0.24 + 0.13 + 0.26 + 0.13 + 0.26 + 0.13 + 0.26 + 0.13 + 0.26 + 0.13 + 0.26 + 0.14 + 0.39 + 0.33",8.84,"1*5.9 + 6*1.65 + 11*4.06 + 1*2.58 + 1*3.38 + 2*1.48 + 8*1.92 + 1*5.59 + 4*1.57 + 208*2.09 + 246*2.12 + 2*1.03 + 11*0.53 + 10*1.97 + 1*2.18 + 1*1.3 + 1*0.58 + 6*1.04 + 1*2.87 + 1*2.76 + 1*1.31 + 172*2.07 + 2*15.62 + 22*4.28 + 124*15.22",3466.4
"lpddr2_cntrlr_p0_reset_sync","1 conb_1, 4 dfrtp_1","1*3.75 + 4*25.02",103.83,"0.33",0.33,"1*3.24 + 4*11.65",49.84
"my_or_gate","1 or3_1","1*6.26",6.26,"0.32",0.32,"1*1.28",1.28
"top_module","1 a21o_1, 11 a21oi_1, 3 a2bb2oi_1, 1 a311oi_1, 2 a31o_1, 1 a31oi_1, 1 and2_0, 17 clkinv_1, 1 conb_1, 10 dfrtp_1, 11 nand2_1, 4 nand2b_1, 2 nand3_1, 1 nand3b_1, 7 nor2_1, 2 nor2b_1, 1 nor3_1, 1 o211ai_1, 5 o21ai_0, 1 o21bai_1, 1 o221a_1, 2 o221ai_1, 5 o22ai_1, 1 o31a_1, 1 or2_0, 4 xnor2_1, 2 xor2_1","1*7.51 + 11*5.0 + 3*8.76 + 1*8.76 + 2*8.76 + 1*6.26 + 1*6.26 + 17*3.75 + 1*3.75 + 10*25.02 + 11*3.75 + 4*6.26 + 2*5.0 + 1*7.51 + 7*3.75 + 2*6.26 + 1*5.0 + 1*7.51 + 5*5.0 + 1*7.51 + 1*11.26 + 2*8.76 + 5*6.26 + 1*8.76 + 1*6.26 + 4*8.76 + 2*8.76",740.54,"0.3 + 0.26 + 0.09 + 0.23 + 0.13 + 0.34 + 0.24 + 0.29 + 0.17 + 0.21 + 0.15 + 0.26 + 0.08 + 0.14",2.89,"1*5.9 + 11*1.65 + 3*3.38 + 1*0.97 + 2*2.37 + 1*1.48 + 1*1.92 + 17*1.57 + 1*3.24 + 10*11.65 + 11*2.12 + 4*2.25 + 2*1.03 + 1*1.4 + 7*1.97 + 2*2.18 + 1*0.93 + 1*0.7 + 5*1.04 + 1*2.87 + 1*2.73 + 2*1.09 + 5*1.31 + 1*2.07 + 1*1.26 + 4*2.07 + 2*4.28",284.99
"counter","1 clkinv_1, 4 dfxtp_1, 1 nand2_1, 1 nand3_1, 2 xnor2_1, 1 xor2_1","1*3.75 + 4*20.02 + 1*3.75 + 1*5.0 + 2*8.76 + 1*8.76",118.86,"0.35 + 0.1 + 0.12",0.57,"1*1.57 + 4*8.44 + 1*2.12 + 1*1.03 + 2*2.07 + 1*4.28",46.9
"counter_mux_module","8 a21oi_1, 4 and3_1, 4 and3b_1, 12 dfxtp_1, 8 dlxtn_1, 12 nor2_1, 8 nor3_1, 4 nor4_1, 4 xnor2_1","8*5.0 + 4*6.26 + 4*8.76 + 12*20.02 + 8*15.01 + 12*3.75 + 8*5.0 + 4*6.26 + 4*8.76",605.48,"0.38 + 0.22 + 0.19",0.79,"8*1.65 + 4*5.59 + 4*7.06 + 12*8.44 + 8*8.12 + 12*1.97 + 8*0.93 + 4*0.5 + 4*2.07",271.4
"fifo_buffer","1 a211oi_1, 10 a21oi_1, 3 and3_1, 1 and4b_1, 2 clkinv_1, 1 conb_1, 284 dfxtp_1, 256 mux2_1, 9 mux2i_1, 64 mux4_2, 14 nand2_1, 1 nand2b_1, 1 nand3_1, 2 nand3b_1, 1 nand4_1, 43 nor2_1, 4 nor2b_1, 15 nor3_1, 5 nor3b_1, 2 nor4_1, 2 o21a_1, 30 o21ai_0, 4 o21bai_1, 16 o22a_1, 1 o41a_1, 1 or2_0, 2 xnor2_1, 2 xor2_1","1*7.51 + 10*5.0 + 3*6.26 + 1*10.01 + 2*3.75 + 1*3.75 + 284*20.02 + 256*11.26 + 9*10.01 + 64*22.52 + 14*3.75 + 1*6.26 + 1*5.0 + 2*7.51 + 1*6.26 + 43*3.75 + 4*6.26 + 15*5.0 + 5*7.51 + 2*6.26 + 2*7.51 + 30*5.0 + 4*7.51 + 16*8.76 + 1*11.26 + 1*6.26 + 2*8.76 + 2*8.76",10981.34,"2.71 + 0.72 + 0.14 + 0.09 + 0.21",3.87,"1*0.98 + 10*1.65 + 3*5.59 + 1*5.99 + 2*1.57 + 1*3.24 + 284*8.44 + 256*4.03 + 9*5.89 + 64*6.37 + 14*2.12 + 1*2.25 + 1*1.03 + 2*1.4 + 1*0.53 + 43*1.97 + 4*2.18 + 15*0.93 + 5*1.3 + 2*0.5 + 2*2.21 + 30*1.04 + 4*2.87 + 16*2.76 + 1*1.37 + 1*1.26 + 2*2.07 + 2*4.28",4193.71
"sky130_fd_sc_hd__o311a","1 a32o_1","1*10.01",10.01,"0.21",0.21,"1*2.3",2.3
"clk_div_module","1 clkinv_1, 2 dfrtp_1, 1 xor2_1","1*3.75 + 2*25.02 + 1*8.76",62.55,"0.36 + 0.14",0.5,"1*1.57 + 2*11.65 + 1*4.28",29.15
"compute_tm_count","1 maj3_1, 1 xor3_1","1*10.01 + 1*23.77",33.78,"0.33",0.33,"1*2.09 + 1*15.22",17.31
"top_module","1 a211oi_1, 15 a21oi_1, 1 a31oi_1, 3 and2_0, 12 and3_1, 16 dfxtp_1, 4 maj3_1, 4 nand2_1, 1 nand2b_1, 1 nand3_1, 1 nand4_1, 7 nor2_1, 9 nor3_1, 2 o21a_1, 5 o21bai_1, 14 xnor2_1, 3 xor2_1","1*7.51 + 15*5.0 + 1*6.26 + 3*6.26 + 12*6.26 + 16*20.02 + 4*10.01 + 4*3.75 + 1*6.26 + 1*5.0 + 1*6.26 + 7*3.75 + 9*5.0 + 2*7.51 + 5*7.51 + 14*8.76 + 3*8.76",848.29,"0.33 + 0.39 + 0.37 + 0.37 + 0.41 + 0.24 + 0.21 + 0.11 + 0.09",2.52,"1*0.98 + 15*1.65 + 1*1.48 + 3*1.92 + 12*5.59 + 16*8.44 + 4*2.09 + 4*2.12 + 1*2.25 + 1*1.03 + 1*0.53 + 7*1.97 + 9*0.93 + 2*2.21 + 5*2.87 + 14*2.07 + 3*4.28",338.49
"control","2 a31oi_1, 6 dfxtp_1, 18 nand4_1, 2 nor2_1, 4 nor2b_1, 2 nor3_1, 74 nor4_1","2*6.26 + 6*20.02 + 18*6.26 + 2*3.75 + 4*6.26 + 2*5.0 + 74*6.26",751.1,"0.24 + 0.11 + 0.26 + 0.1",0.71,"2*1.48 + 6*8.44 + 18*0.53 + 2*1.97 + 4*2.18 + 2*0.93 + 74*0.5",114.66
"counter","6 a21oi_1, 1 and2_0, 2 and3_1, 2 and4_1, 8 dfxtp_1, 2 nor2_1, 5 nor3_1, 1 o21a_1, 2 o21bai_1","6*5.0 + 1*6.26 + 2*6.26 + 2*8.76 + 8*20.02 + 2*3.75 + 5*5.0 + 1*7.51 + 2*7.51",281.49,"0.34 + 0.24 + 0.26 + 0.16 + 0.04",1.04,"6*1.65 + 1*1.92 + 2*5.59 + 2*3.4 + 8*8.44 + 2*1.97 + 5*0.93 + 1*2.21 + 2*2.87",113.86
"boolean_func","2 nand2_1, 1 nand4_1, 1 o21ai_0","2*3.75 + 1*6.26 + 1*5.0",18.76,"0.07 + 0.08",0.15,"2*2.12 + 1*0.53 + 1*1.04",5.81
"d_ff_en_clr","32 dfxtp_1, 32 mux2i_1, 32 nor2_1","32*20.02 + 32*10.01 + 32*3.75",1080.96,"0.27 + 0.11 + 0.04",0.42,"32*8.44 + 32*5.89 + 32*1.97",521.6
"counter","1 a211oi_1, 1 a21boi_0, 2 a21o_1, 23 a21oi_1, 2 a221o_1, 1 a22o_1, 1 a22oi_1, 1 a2bb2oi_1, 2 a31oi_1, 3 and2_0, 9 and3_1, 1 and3b_1, 4 and4_1, 20 clkinv_1, 33 dfxtp_1, 5 nand2_1, 9 nand2b_1, 9 nand3_1, 14 nand4_1, 14 nor2_1, 4 nor2b_1, 24 nor3_1, 2 nor3b_1, 5 nor4_1, 1 nor4b_1, 1 o2111ai_1, 2 o21a_1, 5 o21ai_0, 4 o21bai_1, 2 o221ai_1, 2 o22ai_1, 5 or4_1, 14 xnor2_1, 17 xor2_1","1*7.51 + 1*7.51 + 2*7.51 + 23*5.0 + 2*10.01 + 1*8.76 + 1*7.51 + 1*8.76 + 2*6.26 + 3*6.26 + 9*6.26 + 1*8.76 + 4*8.76 + 20*3.75 + 33*20.02 + 5*3.75 + 9*6.26 + 9*5.0 + 14*6.26 + 14*3.75 + 4*6.26 + 24*5.0 + 2*7.51 + 5*6.26 + 1*8.76 + 1*8.76 + 2*7.51 + 5*5.0 + 4*7.51 + 2*8.76 + 2*6.26 + 5*7.51 + 14*8.76 + 17*8.76",1935.51,"0.32 + 0.15 + 0.13 + 0.5 + 2.23 + 0.31 + 0.05",3.69,"1*0.98 + 1*2.48 + 2*5.9 + 23*1.65 + 2*2.66 + 1*4.06 + 1*2.58 + 1*3.38 + 2*1.48 + 3*1.92 + 9*5.59 + 1*7.06 + 4*3.4 + 20*1.57 + 33*8.44 + 5*2.12 + 9*2.25 + 9*1.03 + 14*0.53 + 14*1.97 + 4*2.18 + 24*0.93 + 2*1.3 + 5*0.5 + 1*0.91 + 1*0.58 + 2*2.21 + 5*1.04 + 4*2.87 + 2*1.09 + 2*1.31 + 5*0.85 + 14*2.07 + 17*4.28",702.8
"fifo","1 a21o_1, 1 a22o_1, 1 conb_1, 3 dfrtp_1, 8 dlxtp_1, 2 nand2_1, 1 nand4b_1, 2 nor2_1, 1 nor3_1, 1 o21a_1, 1 o31a_1, 2 xnor2_1, 1 xor2_1","1*7.51 + 1*8.76 + 1*3.75 + 3*25.02 + 8*15.01 + 2*3.75 + 1*8.76 + 2*3.75 + 1*5.0 + 1*7.51 + 1*8.76 + 2*8.76 + 1*8.76",286.47,"0.41 + 0.38 + 0.17 + 0.16",1.12,"1*5.9 + 1*4.06 + 1*3.24 + 3*11.65 + 8*7.93 + 2*2.12 + 1*1.03 + 2*1.97 + 1*0.93 + 1*2.21 + 1*2.07 + 2*2.07 + 1*4.28",134.43
"input_output","3 a21oi_1, 1 a221oi_1, 3 and2_0, 1 and3_1, 1 clkinv_1, 16 dfxtp_1, 4 maj3_1, 5 nand2_1, 2 nand2b_1, 5 nor2_1, 1 o2111ai_1, 1 o21a_1, 3 o21ai_0, 1 o311ai_0, 1 o31a_1, 1 o31ai_1, 1 o41ai_1, 2 or2_0, 19 xnor2_1, 8 xor2_1","3*5.0 + 1*8.76 + 3*6.26 + 1*6.26 + 1*3.75 + 16*20.02 + 4*10.01 + 5*3.75 + 2*6.26 + 5*3.75 + 1*8.76 + 1*7.51 + 3*5.0 + 1*8.76 + 1*8.76 + 1*7.51 + 1*8.76 + 2*6.26 + 19*8.76 + 8*8.76",777.03,"0.32 + 0.08 + 0.3 + 0.14 + 0.32 + 0.28 + 0.22 + 0.16 + 0.35 + 0.49 + 0.29 + 0.13",3.08,"3*1.65 + 1*1.78 + 3*1.92 + 1*5.59 + 1*1.57 + 16*8.44 + 4*2.09 + 5*2.12 + 2*2.25 + 5*1.97 + 1*0.58 + 1*2.21 + 3*1.04 + 1*0.64 + 1*2.07 + 1*1.7 + 1*1.39 + 2*1.26 + 19*2.07 + 8*4.28",275.8
"data_processor","2 mux2_1","2*11.26",22.52,"0.26",0.26,"2*4.03",8.06
"processing_unit","1 a211o_1, 5 a21boi_0, 2 a21o_1, 41 a21oi_1, 6 a22o_1, 5 a22oi_1, 1 a2bb2oi_1, 3 a311oi_1, 3 a31o_1, 7 a31oi_1, 29 and2_0, 6 and3_1, 1 and4_1, 10 clkinv_1, 1 dfrtp_1, 32 dfxtp_1, 125 maj3_1, 289 nand2_1, 26 nand2b_1, 7 nand3_1, 9 nand4_1, 79 nor2_1, 29 nor2b_1, 7 nor3_1, 1 o211a_1, 6 o21a_1, 26 o21ai_0, 2 o21ba_1, 1 o221a_1, 5 o22a_1, 1 o22ai_1, 1 o311ai_0, 1 o31a_1, 1 o41ai_1, 4 or2_0, 5 or3_1, 206 xnor2_1, 32 xnor3_1, 136 xor2_1, 23 xor3_1","1*8.76 + 5*7.51 + 2*7.51 + 41*5.0 + 6*8.76 + 5*7.51 + 1*8.76 + 3*8.76 + 3*8.76 + 7*6.26 + 29*6.26 + 6*6.26 + 1*8.76 + 10*3.75 + 1*25.02 + 32*20.02 + 125*10.01 + 289*3.75 + 26*6.26 + 7*5.0 + 9*6.26 + 79*3.75 + 29*6.26 + 7*5.0 + 1*10.01 + 6*7.51 + 26*5.0 + 2*10.01 + 1*11.26 + 5*8.76 + 1*6.26 + 1*8.76 + 1*8.76 + 1*8.76 + 4*6.26 + 5*6.26 + 206*8.76 + 32*22.52 + 136*8.76 + 23*23.77",9106.79,"0.13 + 0.41 + 0.39 + 0.38 + 0.37 + 0.09 + 0.43 + 0.14 + 0.35 + 0.3 + 0.13 + 0.21 + 0.16 + 0.24 + 0.17 + 0.14 + 0.09 + 0.14 + 0.49 + 0.26 + 0.16 + 0.1 + 0.27 + 0.37 + 0.16",6.08,"1*3.14 + 5*2.48 + 2*5.9 + 41*1.65 + 6*4.06 + 5*2.58 + 1*3.38 + 3*0.97 + 3*2.37 + 7*1.48 + 29*1.92 + 6*5.59 + 1*3.4 + 10*1.57 + 1*11.65 + 32*8.44 + 125*2.09 + 289*2.12 + 26*2.25 + 7*1.03 + 9*0.53 + 79*1.97 + 29*2.18 + 7*0.93 + 1*10.66 + 6*2.21 + 26*1.04 + 2*7.27 + 1*2.73 + 5*2.76 + 1*1.31 + 1*0.64 + 1*2.07 + 1*1.39 + 4*1.26 + 5*1.28 + 206*2.07 + 32*15.62 + 136*4.28 + 23*15.22",3673.11
"reset_logic","28 dfxtp_1, 1 nand4_1","28*20.02 + 1*6.26",566.82,"0.29 + 0.08",0.37,"28*8.44 + 1*0.53",236.85
"counter","3 a21oi_1, 1 and3_1, 5 clkinv_1, 4 dfrtp_1, 1 nand2_1, 1 nand2b_1, 1 nor2_1, 1 o22a_1","3*5.0 + 1*6.26 + 5*3.75 + 4*25.02 + 1*3.75 + 1*6.26 + 1*3.75 + 1*8.76",162.61,"0.37 + 0.18 + 0.05 + 0.16",0.76,"3*1.65 + 1*5.59 + 5*1.57 + 4*11.65 + 1*2.12 + 1*2.25 + 1*1.97 + 1*2.76",74.09
"sim_camera","2 a211oi_1, 1 a21boi_0, 2 a21o_1, 21 a21oi_1, 1 a311oi_1, 1 a31o_1, 6 a31oi_1, 1 a32oi_1, 54 and2_0, 58 and3_1, 2 and3b_1, 4 and4_1, 5 clkinv_1, 1 conb_1, 149 dfxtp_1, 19 nand2_1, 2 nand2b_1, 5 nand3_1, 6 nand4_1, 31 nor2_1, 3 nor2b_1, 17 nor3_1, 2 nor3b_1, 32 nor4_1, 1 o211a_1, 14 o21ai_0, 2 o21bai_1, 1 o311a_1, 1 o31a_1, 1 o31ai_1, 1 or2_0, 3 or3_1, 1 xor2_1","2*7.51 + 1*7.51 + 2*7.51 + 21*5.0 + 1*8.76 + 1*8.76 + 6*6.26 + 1*8.76 + 54*6.26 + 58*6.26 + 2*8.76 + 4*8.76 + 5*3.75 + 1*3.75 + 149*20.02 + 19*3.75 + 2*6.26 + 5*5.0 + 6*6.26 + 31*3.75 + 3*6.26 + 17*5.0 + 2*7.51 + 32*6.26 + 1*10.01 + 14*5.0 + 2*7.51 + 1*10.01 + 1*8.76 + 1*7.51 + 1*6.26 + 3*6.26 + 1*8.76",4702.36,"0.28 + 0.25 + 0.18 + 0.86 + 0.22 + 0.68 + 0.25",2.72,"2*0.98 + 1*2.48 + 2*5.9 + 21*1.65 + 1*0.97 + 1*2.37 + 6*1.48 + 1*1.25 + 54*1.92 + 58*5.59 + 2*7.06 + 4*3.4 + 5*1.57 + 1*3.24 + 149*8.44 + 19*2.12 + 2*2.25 + 5*1.03 + 6*0.53 + 31*1.97 + 3*2.18 + 17*0.93 + 2*1.3 + 32*0.5 + 1*10.66 + 14*1.04 + 2*2.87 + 1*3.77 + 1*2.07 + 1*1.7 + 1*1.26 + 3*1.28 + 1*4.28",1991.64
"qadd","4 a211oi_1, 4 a21boi_0, 1 a21o_1, 65 a21oi_1, 1 a22oi_1, 1 a311oi_1, 1 a31o_1, 6 a31oi_1, 1 a32o_1, 1 a32oi_1, 7 and2_0, 3 and3_1, 12 clkinv_1, 22 maj3_1, 1 mux2i_1, 48 nand2_1, 27 nand2b_1, 5 nand3_1, 4 nand4_1, 44 nor2_1, 36 nor2b_1, 4 nor3_1, 4 nor4_1, 1 o2111ai_1, 2 o211ai_1, 2 o21a_1, 60 o21ai_0, 7 o21bai_1, 1 o221ai_1, 1 o22a_1, 1 o311a_1, 3 o31ai_1, 3 or2_0, 1 or3_1, 1 or4b_1, 44 xnor2_1, 41 xor2_1","4*7.51 + 4*7.51 + 1*7.51 + 65*5.0 + 1*7.51 + 1*8.76 + 1*8.76 + 6*6.26 + 1*10.01 + 1*8.76 + 7*6.26 + 3*6.26 + 12*3.75 + 22*10.01 + 1*10.01 + 48*3.75 + 27*6.26 + 5*5.0 + 4*6.26 + 44*3.75 + 36*6.26 + 4*5.0 + 4*6.26 + 1*8.76 + 2*7.51 + 2*7.51 + 60*5.0 + 7*7.51 + 1*8.76 + 1*8.76 + 1*10.01 + 3*7.51 + 3*6.26 + 1*6.26 + 1*10.01 + 44*8.76 + 41*8.76",2867.32,"0.19 + 0.12 + 0.39 + 0.39 + 0.39 + 0.39 + 0.22 + 0.2 + 0.11 + 0.4 + 0.2 + 0.15 + 0.41 + 0.4 + 0.29 + 0.13 + 0.21 + 0.11 + 0.3 + 0.38 + 0.39 + 0.39 + 0.38 + 0.39 + 0.39 + 0.37 + 0.13 + 0.08",7.9,"4*0.98 + 4*2.48 + 1*5.9 + 65*1.65 + 1*2.58 + 1*0.97 + 1*2.37 + 6*1.48 + 1*2.3 + 1*1.25 + 7*1.92 + 3*5.59 + 12*1.57 + 22*2.09 + 1*5.89 + 48*2.12 + 27*2.25 + 5*1.03 + 4*0.53 + 44*1.97 + 36*2.18 + 4*0.93 + 4*0.5 + 1*0.58 + 2*0.7 + 2*2.21 + 60*1.04 + 7*2.87 + 1*1.09 + 1*2.76 + 1*3.77 + 3*1.7 + 3*1.26 + 1*1.28 + 1*2.14 + 44*2.07 + 41*4.28",962.29
"retiming_block","4 clkinv_1, 4 dfrtp_1","4*3.75 + 4*25.02",115.08,"0.33",0.33,"4*1.57 + 4*11.65",52.88
"clock_gate","1 and2_0","1*6.26",6.26,"0.1",0.1,"1*1.92",1.92
"up_down_counter","2 a21oi_1, 1 and4_1, 1 clkinv_1, 4 dfrtp_1, 1 maj3_1, 2 nor2_1, 1 nor4_1, 1 o21ai_0, 5 xnor2_1, 1 xor2_1","2*5.0 + 1*8.76 + 1*3.75 + 4*25.02 + 1*10.01 + 2*3.75 + 1*6.26 + 1*5.0 + 5*8.76 + 1*8.76",203.92,"0.4 + 0.37 + 0.15 + 0.07",0.99,"2*1.65 + 1*3.4 + 1*1.57 + 4*11.65 + 1*2.09 + 2*1.97 + 1*0.5 + 1*1.04 + 5*2.07 + 1*4.28",77.07
"counter","2 a21oi_1, 1 and3b_1, 3 clkinv_1, 3 dfrtp_1, 1 nand2_1, 1 nand3_1, 1 nor2_1, 1 nor2b_1, 1 o21ai_0","2*5.0 + 1*8.76 + 3*3.75 + 3*25.02 + 1*3.75 + 1*5.0 + 1*3.75 + 1*6.26 + 1*5.0",128.83,"0.39 + 0.13 + 0.17",0.69,"2*1.65 + 1*7.06 + 3*1.57 + 3*11.65 + 1*2.12 + 1*1.03 + 1*1.97 + 1*2.18 + 1*1.04",58.36
"shift_register_OR","4 clkinv_1, 4 dfxtp_1, 4 mux2i_1, 4 nor2_1, 4 or2_0","4*3.75 + 4*20.02 + 4*10.01 + 4*3.75 + 4*6.26",175.16,"0.29 + 0.12 + 0.04",0.45,"4*1.57 + 4*8.44 + 4*5.89 + 4*1.97 + 4*1.26",76.52
"top_module","1 a21o_1, 2 a21oi_1, 8 dfxtp_1, 1 maj3_1, 2 nand2_1, 1 nand3_1, 5 nor2_1, 6 nor2b_1, 3 nor3_1, 1 o21ai_0, 6 xnor2_1, 3 xor2_1","1*7.51 + 2*5.0 + 8*20.02 + 1*10.01 + 2*3.75 + 1*5.0 + 5*3.75 + 6*6.26 + 3*5.0 + 1*5.0 + 6*8.76 + 3*8.76",355.33,"0.39 + 0.1 + 0.27 + 0.24 + 0.09",1.09,"1*5.9 + 2*1.65 + 8*8.44 + 1*2.09 + 2*2.12 + 1*1.03 + 5*1.97 + 6*2.18 + 3*0.93 + 1*1.04 + 6*2.07 + 3*4.28",136.1
"Bit_Counter","1 a21o_1, 3 a21oi_1, 3 a31oi_1, 4 clkinv_1, 6 dfxtp_1, 1 nand2_1, 2 nor2_1, 1 o2111ai_1, 2 o211ai_1, 2 o21ai_0, 1 o31a_1, 1 o31ai_1, 1 o41ai_1, 1 or4_1","1*7.51 + 3*5.0 + 3*6.26 + 4*3.75 + 6*20.02 + 1*3.75 + 2*3.75 + 1*8.76 + 2*7.51 + 2*5.0 + 1*8.76 + 1*7.51 + 1*8.76 + 1*7.51",253.98,"0.29 + 0.58 + 0.26 + 0.12",1.25,"1*5.9 + 3*1.65 + 3*1.48 + 4*1.57 + 6*8.44 + 1*2.12 + 2*1.97 + 1*0.58 + 2*0.7 + 2*1.04 + 1*2.07 + 1*1.7 + 1*1.39 + 1*0.85",88.34
"binary_multiplier","1 a2111oi_0, 9 a211oi_1, 1 a21bo_1, 1 a21boi_0, 8 a21o_1, 49 a21oi_1, 5 a221oi_1, 1 a22o_1, 4 a22oi_1, 1 a311o_1, 1 a311oi_1, 1 a31o_1, 15 a31oi_1, 3 a32oi_1, 1 a41oi_1, 14 and2_0, 2 and3_1, 7 clkinv_1, 16 dfxtp_1, 31 maj3_1, 49 nand2_1, 2 nand2b_1, 4 nand3_1, 2 nand4_1, 60 nor2_1, 1 nor2b_1, 11 nor3_1, 1 nor4_1, 1 o2111ai_1, 2 o211a_1, 2 o21a_1, 42 o21ai_0, 4 o21bai_1, 1 o22a_1, 1 o22ai_1, 7 o31ai_1, 3 or2_0, 2 or3_1, 48 xnor2_1, 36 xor2_1","1*8.76 + 9*7.51 + 1*10.01 + 1*7.51 + 8*7.51 + 49*5.0 + 5*8.76 + 1*8.76 + 4*7.51 + 1*10.01 + 1*8.76 + 1*8.76 + 15*6.26 + 3*8.76 + 1*8.76 + 14*6.26 + 2*6.26 + 7*3.75 + 16*20.02 + 31*10.01 + 49*3.75 + 2*6.26 + 4*5.0 + 2*6.26 + 60*3.75 + 1*6.26 + 11*5.0 + 1*6.26 + 1*8.76 + 2*10.01 + 2*7.51 + 42*5.0 + 4*7.51 + 1*8.76 + 1*6.26 + 7*7.51 + 3*6.26 + 2*6.26 + 48*8.76 + 36*8.76",3034.94,"0.33 + 0.1 + 0.11 + 0.4 + 0.39 + 0.39 + 0.39 + 0.39 + 0.4 + 0.31 + 0.21 + 0.19 + 0.05 + 0.29 + 0.08 + 0.22 + 0.09",4.34,"1*0.42 + 9*0.98 + 1*7.27 + 1*2.48 + 8*5.9 + 49*1.65 + 5*1.78 + 1*4.06 + 4*2.58 + 1*1.57 + 1*0.97 + 1*2.37 + 15*1.48 + 3*1.25 + 1*1.36 + 14*1.92 + 2*5.59 + 7*1.57 + 16*8.44 + 31*2.09 + 49*2.12 + 2*2.25 + 4*1.03 + 2*0.53 + 60*1.97 + 1*2.18 + 11*0.93 + 1*0.5 + 1*0.58 + 2*10.66 + 2*2.21 + 42*1.04 + 4*2.87 + 1*2.76 + 1*1.31 + 7*1.7 + 3*1.26 + 2*1.28 + 48*2.07 + 36*4.28",1053.32
"th33r_ref","1 and4_1","1*8.76",8.76,"0.15",0.15,"1*3.4",3.4
"fixed_point_multiplier_adder","1 a21oi_1, 1 a221oi_1, 1 a311oi_1, 1 a31oi_1, 3 and2_0, 1 conb_1, 7 maj3_1, 9 nand2_1, 7 nor2_1, 1 nor2b_1, 2 nor3_1, 1 o21a_1, 2 o21ai_0, 1 o311ai_0, 2 o31ai_1, 2 or2_0, 22 xnor2_1, 3 xor2_1","1*5.0 + 1*8.76 + 1*8.76 + 1*6.26 + 3*6.26 + 1*3.75 + 7*10.01 + 9*3.75 + 7*3.75 + 1*6.26 + 2*5.0 + 1*7.51 + 2*5.0 + 1*8.76 + 2*7.51 + 2*6.26 + 22*8.76 + 3*8.76",470.45,"0.07 + 0.13 + 0.4 + 0.39 + 0.39 + 0.39 + 0.39 + 0.4 + 0.38 + 0.22 + 0.41 + 0.15 + 0.33",4.05,"1*1.65 + 1*1.78 + 1*0.97 + 1*1.48 + 3*1.92 + 1*3.24 + 7*2.09 + 9*2.12 + 7*1.97 + 1*2.18 + 2*0.93 + 1*2.21 + 2*1.04 + 1*0.64 + 2*1.7 + 2*1.26 + 22*2.07 + 3*4.28",135.65
"VCO_interface","6 a21oi_1, 1 a311o_1, 2 and2_0, 2 and3_1, 1 and4_1, 3 clkinv_1, 1 conb_1, 33 dfxtp_1, 2 nand2_1, 1 nand3_1, 2 nand4_1, 1 nand4b_1, 13 nor2_1, 9 nor3_1, 4 nor3b_1, 5 nor4_1, 2 o21ai_0, 1 or3_1, 1 or4_1, 4 xnor2_1, 1 xor2_1","6*5.0 + 1*10.01 + 2*6.26 + 2*6.26 + 1*8.76 + 3*3.75 + 1*3.75 + 33*20.02 + 2*3.75 + 1*5.0 + 2*6.26 + 1*8.76 + 13*3.75 + 9*5.0 + 4*7.51 + 5*6.26 + 2*5.0 + 1*6.26 + 1*7.51 + 4*8.76 + 1*8.76",1005.91,"0.35 + 0.26 + 0.17 + 0.42 + 0.2 + 0.33 + 0.13",1.86,"6*1.65 + 1*1.57 + 2*1.92 + 2*5.59 + 1*3.4 + 3*1.57 + 1*3.24 + 33*8.44 + 2*2.12 + 1*1.03 + 2*0.53 + 1*1.03 + 13*1.97 + 9*0.93 + 4*1.3 + 5*0.5 + 2*1.04 + 1*1.28 + 1*0.85 + 4*2.07 + 1*4.28",382.17
"splitter36","2 a211oi_1, 1 a21boi_0, 3 a31oi_1, 39 dfxtp_1, 74 mux2_1, 2 nand2_1, 1 nand3_1, 1 o211ai_1, 1 o21a_1, 1 or2_0","2*7.51 + 1*7.51 + 3*6.26 + 39*20.02 + 74*11.26 + 2*3.75 + 1*5.0 + 1*7.51 + 1*7.51 + 1*6.26",1689.11,"1.2 + 0.4 + 0.16 + 0.12",1.88,"2*0.98 + 1*2.48 + 3*1.48 + 39*8.44 + 74*4.03 + 2*2.12 + 1*1.03 + 1*0.7 + 1*2.21 + 1*1.26",645.7
"shift_register","8 dfxtp_1, 7 nor2b_1","8*20.02 + 7*6.26",203.98,"0.27 + 0.11",0.38,"8*8.44 + 7*2.18",82.78
"four_bit_adder","4 maj3_1, 8 xnor2_1","4*10.01 + 8*8.76",110.12,"0.37 + 0.39 + 0.39 + 0.33",1.48,"4*2.09 + 8*2.07",24.92
"sky130_fd_sc_hdll__bufinv","1 clkinv_1","1*3.75",3.75,"0.02",0.02,"1*1.57",1.57
"mux2","32 dfxtp_1, 32 mux2_1","32*20.02 + 32*11.26",1000.96,"0.28",0.28,"32*8.44 + 32*4.03",399.04
"top_module","2 a21oi_1, 1 a41oi_1, 4 and2_0, 1 and3_1, 2 conb_1, 8 dfxtp_1, 1 nor2_1, 1 nor3_1, 1 o21a_1, 1 o21bai_1","2*5.0 + 1*8.76 + 4*6.26 + 1*6.26 + 2*3.75 + 8*20.02 + 1*3.75 + 1*5.0 + 1*7.51 + 1*7.51",241.49,"0.31 + 0.18 + 0.15",0.64,"2*1.65 + 1*1.36 + 4*1.92 + 1*5.59 + 2*3.24 + 8*8.44 + 1*1.97 + 1*0.93 + 1*2.21 + 1*2.87",99.91
"sky130_fd_sc_ms__nand4","1 a22o_1","1*8.76",8.76,"0.18",0.18,"1*4.06",4.06
"ripple_carry_adder","2 maj3_1, 2 nand2_1, 1 nor2_1, 1 o21ai_0, 5 xnor2_1, 2 xor2_1","2*10.01 + 2*3.75 + 1*3.75 + 1*5.0 + 5*8.76 + 2*8.76",97.59,"0.07 + 0.13 + 0.4 + 0.33",0.93,"2*2.09 + 2*2.12 + 1*1.97 + 1*1.04 + 5*2.07 + 2*4.28",30.34
"CONTROL","1 a2111oi_0, 1 a211o_1, 3 a211oi_1, 1 a21bo_1, 1 a21boi_0, 1 a21o_1, 8 a21oi_1, 2 a22oi_1, 2 a2bb2oi_1, 2 a31oi_1, 2 a41oi_1, 1 and2_0, 2 and3_1, 1 and4_1, 2 and4b_1, 4 clkinv_1, 4 dfrtp_1, 2 dfstp_2, 19 nand2_1, 3 nand2b_1, 8 nand3_1, 2 nand4_1, 1 nand4bb_1, 9 nor2_1, 4 nor2b_1, 2 nor3_1, 2 nor3b_1, 3 nor4_1, 1 nor4b_1, 4 nor4bb_1, 1 o2111ai_1, 1 o211ai_1, 5 o21ai_0, 1 o21ba_1, 1 o22a_1, 2 o31ai_1, 1 or2_0, 1 or3_1, 3 or4_1, 1 xnor2_1","1*8.76 + 1*8.76 + 3*7.51 + 1*10.01 + 1*7.51 + 1*7.51 + 8*5.0 + 2*7.51 + 2*8.76 + 2*6.26 + 2*8.76 + 1*6.26 + 2*6.26 + 1*8.76 + 2*10.01 + 4*3.75 + 4*25.02 + 2*26.28 + 19*3.75 + 3*6.26 + 8*5.0 + 2*6.26 + 1*11.26 + 9*3.75 + 4*6.26 + 2*5.0 + 2*7.51 + 3*6.26 + 1*8.76 + 4*10.01 + 1*8.76 + 1*7.51 + 5*5.0 + 1*10.01 + 1*8.76 + 2*7.51 + 1*6.26 + 1*6.26 + 3*7.51 + 1*8.76",806.93,"0.53 + 0.57 + 0.19 + 0.12 + 0.05 + 0.49",1.95,"1*0.42 + 1*3.14 + 3*0.98 + 1*7.27 + 1*2.48 + 1*5.9 + 8*1.65 + 2*2.58 + 2*3.38 + 2*1.48 + 2*1.36 + 1*1.92 + 2*5.59 + 1*3.4 + 2*5.99 + 4*1.57 + 4*11.65 + 2*10.52 + 19*2.12 + 3*2.25 + 8*1.03 + 2*0.53 + 1*1.9 + 9*1.97 + 4*2.18 + 2*0.93 + 2*1.3 + 3*0.5 + 1*0.91 + 4*3.2 + 1*0.58 + 1*0.7 + 5*1.04 + 1*7.27 + 1*2.76 + 2*1.7 + 1*1.26 + 1*1.28 + 3*0.85 + 1*2.07",286.77
"signed_multiplier_32","1 clkinv_1, 1 dfrtp_1, 1 nor2b_1","1*3.75 + 1*25.02 + 1*6.26",35.03,"0.33 + 0.11",0.44,"1*1.57 + 1*11.65 + 1*2.18",15.4
"mojo_com_logic","11 a211o_1, 184 a211oi_1, 10 a21o_1, 1104 a21oi_1, 8 a221o_1, 82 a221oi_1, 285 a222oi_1, 7 a22o_1, 794 a22oi_1, 5 a2bb2oi_1, 6 a311o_1, 41 a311oi_1, 21 a31o_1, 73 a31oi_1, 108 a32oi_1, 2 a41o_1, 22 and2_0, 40 and3_1, 1 and3b_1, 2 and4_1, 7 clkinv_1, 2059 dfxtp_1, 158 mux2i_1, 148 mux4_2, 1636 nand2_1, 7 nand2b_1, 263 nand3_1, 8 nand3b_1, 596 nand4_1, 1441 nor2_1, 4 nor2b_1, 465 nor3_1, 2 nor3b_1, 37 nor4_1, 3 o211a_1, 5 o211ai_1, 93 o21ai_0, 14 o221ai_1, 1 o22ai_1, 1 o311a_1, 20 o311ai_0, 19 o31ai_1, 2 o32ai_1, 6 or2_0, 17 or3_1, 4 or3b_1, 1 or4_1, 8 xnor2_1","11*8.76 + 184*7.51 + 10*7.51 + 1104*5.0 + 8*10.01 + 82*8.76 + 285*10.01 + 7*8.76 + 794*7.51 + 5*8.76 + 6*10.01 + 41*8.76 + 21*8.76 + 73*6.26 + 108*8.76 + 2*10.01 + 22*6.26 + 40*6.26 + 1*8.76 + 2*8.76 + 7*3.75 + 2059*20.02 + 158*10.01 + 148*22.52 + 1636*3.75 + 7*6.26 + 263*5.0 + 8*7.51 + 596*6.26 + 1441*3.75 + 4*6.26 + 465*5.0 + 2*7.51 + 37*6.26 + 3*10.01 + 5*7.51 + 93*5.0 + 14*8.76 + 1*6.26 + 1*10.01 + 20*8.76 + 19*7.51 + 2*8.76 + 6*6.26 + 17*6.26 + 4*8.76 + 1*7.51 + 8*8.76",85944.04,"0.56 + 0.56 + 0.15 + 22.56 + 5.82 + 1.09 + 0.06",30.8,"11*3.14 + 184*0.98 + 10*5.9 + 1104*1.65 + 8*2.66 + 82*1.78 + 285*2.43 + 7*4.06 + 794*2.58 + 5*3.38 + 6*1.57 + 41*0.97 + 21*2.37 + 73*1.48 + 108*1.25 + 2*6.61 + 22*1.92 + 40*5.59 + 1*7.06 + 2*3.4 + 7*1.57 + 2059*8.44 + 158*5.89 + 148*6.37 + 1636*2.12 + 7*2.25 + 263*1.03 + 8*1.4 + 596*0.53 + 1441*1.97 + 4*2.18 + 465*0.93 + 2*1.3 + 37*0.5 + 3*10.66 + 5*0.7 + 93*1.04 + 14*1.09 + 1*1.31 + 1*3.77 + 20*0.64 + 19*1.7 + 2*1.09 + 6*1.26 + 17*1.28 + 4*2.59 + 1*0.85 + 8*2.07",32586.33
"mux2to1","1 mux2_1","1*11.26",11.26,"0.26",0.26,"1*4.03",4.03
"apu_envelope_generator","1 a21o_1, 2 a21oi_1, 1 a22o_1, 3 a31oi_1, 1 a41oi_1, 1 and2_0, 5 clkinv_1, 4 dfrtp_1, 11 dfxtp_1, 4 mux2_1, 6 mux2i_1, 3 nand2_1, 1 nand2b_1, 9 nor2_1, 1 nor2b_1, 2 nor3_1, 2 nor4_1, 6 o21ai_0, 1 o21bai_1, 3 o31ai_1, 1 o32ai_1, 2 or2_0, 2 or3_1, 3 or4_1","1*7.51 + 2*5.0 + 1*8.76 + 3*6.26 + 1*8.76 + 1*6.26 + 5*3.75 + 4*25.02 + 11*20.02 + 4*11.26 + 6*10.01 + 3*3.75 + 1*6.26 + 9*3.75 + 1*6.26 + 2*5.0 + 2*6.26 + 6*5.0 + 1*7.51 + 3*7.51 + 1*8.76 + 2*6.26 + 2*6.26 + 3*7.51",700.63,"0.38 + 0.64 + 0.53 + 0.17",1.72,"1*5.9 + 2*1.65 + 1*4.06 + 3*1.48 + 1*1.36 + 1*1.92 + 5*1.57 + 4*11.65 + 11*8.44 + 4*4.03 + 6*5.89 + 3*2.12 + 1*2.25 + 9*1.97 + 1*2.18 + 2*0.93 + 2*0.5 + 6*1.04 + 1*2.87 + 3*1.7 + 1*1.09 + 2*1.26 + 2*1.28 + 3*0.85",274.04
"xor_gate","1 xor2_1","1*8.76",8.76,"0.12",0.12,"1*4.28",4.28
"memory_controller","5 a222oi_1, 7 a22oi_1, 1 a31oi_1, 3 a41oi_1, 4 and2_0, 1 and3_1, 3 and3b_1, 32 dfxtp_1, 32 mux2_1, 7 nand2_1, 1 nand2b_1, 1 nor2b_1, 1 nor3_1, 3 nor3b_1","5*10.01 + 7*7.51 + 1*6.26 + 3*8.76 + 4*6.26 + 1*6.26 + 3*8.76 + 32*20.02 + 32*11.26 + 7*3.75 + 1*6.26 + 1*6.26 + 1*5.0 + 3*7.51",1260.0,"0.37 + 0.2 + 0.34",0.91,"5*2.43 + 7*2.58 + 1*1.48 + 3*1.36 + 4*1.92 + 1*5.59 + 3*7.06 + 32*8.44 + 32*4.03 + 7*2.12 + 1*2.25 + 1*2.18 + 1*0.93 + 3*1.3",493.36
"sky130_fd_sc_hvl__lsbuflv2hv_isosrchvaon","1 and2_0","1*6.26",6.26,"0.1",0.1,"1*1.92",1.92
"bcd_cell","2 a21oi_1, 1 and3_1, 1 and4_1, 5 dfxtp_1, 1 mux2_1, 4 nor2_1, 2 nor3_1, 1 nor4_1, 3 xnor2_1, 2 xnor3_1, 1 xor2_1","2*5.0 + 1*6.26 + 1*8.76 + 5*20.02 + 1*11.26 + 4*3.75 + 2*5.0 + 1*6.26 + 3*8.76 + 2*22.52 + 1*8.76",247.72,"0.35 + 0.14 + 0.32 + 0.22 + 0.14",1.17,"2*1.65 + 1*5.59 + 1*3.4 + 5*8.44 + 1*4.03 + 4*1.97 + 2*0.93 + 1*0.5 + 3*2.07 + 2*15.62 + 1*4.28",110.49
"system_axi_uartlite_0_0_pselect_f","1 and3_1","1*6.26",6.26,"0.13",0.13,"1*5.59",5.59
"afi_mux_ddrx","32 dfxtp_1, 28 mux2_1, 2 nor2b_1","32*20.02 + 28*11.26 + 2*6.26",968.44,"0.27 + 0.25",0.52,"32*8.44 + 28*4.03 + 2*2.18",387.28
"memory_arbiter","1 a32o_1, 36 dfrtp_1, 32 mux2_1, 3 nor2b_1, 1 o21bai_1","1*10.01 + 36*25.02 + 32*11.26 + 3*6.26 + 1*7.51",1297.34,"0.35 + 1.62 + 0.39",2.36,"1*2.3 + 36*11.65 + 32*4.03 + 3*2.18 + 1*2.87",560.07
"Adder4","1 clkinv_1, 1 nand2_1, 1 nor4_1, 1 o21ai_0, 1 o31ai_1, 1 o41ai_1, 4 xnor2_1","1*3.75 + 1*3.75 + 1*6.26 + 1*5.0 + 1*7.51 + 1*8.76 + 4*8.76",70.07,"0.14 + 0.26",0.4,"1*1.57 + 1*2.12 + 1*0.5 + 1*1.04 + 1*1.7 + 1*1.39 + 4*2.07",16.6
"amiq_mux2_1","1 dfxtp_1, 1 mux2_1","1*20.02 + 1*11.26",31.28,"0.28",0.28,"1*8.44 + 1*4.03",12.47
"pipeline_module","2 a21oi_1, 19 clkinv_1, 18 dfrtp_1, 16 mux2_1, 1 nand2_1, 2 nand2b_1, 1 nand3_1","2*5.0 + 19*3.75 + 18*25.02 + 16*11.26 + 1*3.75 + 2*6.26 + 1*5.0",733.04,"0.51 + 0.36 + 0.29",1.16,"2*1.65 + 19*1.57 + 18*11.65 + 16*4.03 + 1*2.12 + 2*2.25 + 1*1.03",314.96
"add_sub_shift","2 a2111oi_0, 3 a21o_1, 1 a21oi_1, 1 a221o_1, 1 a311oi_1, 1 a31oi_1, 7 and2_0, 1 and3_1, 2 clkinv_1, 6 dfxtp_1, 9 maj3_1, 1 mux2_1, 2 mux2i_1, 1 mux4_2, 24 nand2_1, 5 nand2b_1, 3 nand3_1, 1 nand4_1, 14 nor2_1, 1 nor3_1, 2 o2111ai_1, 2 o211ai_1, 2 o21a_1, 6 o21ai_0, 1 o311ai_0, 1 o31ai_1, 2 o41a_1, 3 o41ai_1, 2 or2_0, 21 xnor2_1, 37 xor2_1","2*8.76 + 3*7.51 + 1*5.0 + 1*10.01 + 1*8.76 + 1*6.26 + 7*6.26 + 1*6.26 + 2*3.75 + 6*20.02 + 9*10.01 + 1*11.26 + 2*10.01 + 1*22.52 + 24*3.75 + 5*6.26 + 3*5.0 + 1*6.26 + 14*3.75 + 1*5.0 + 2*8.76 + 2*7.51 + 2*7.51 + 6*5.0 + 1*8.76 + 1*7.51 + 2*11.26 + 3*8.76 + 2*6.26 + 21*8.76 + 37*8.76",1254.96,"0.39 + 0.55 + 1.51 + 0.49 + 0.16 + 0.12 + 0.36 + 0.18 + 0.43 + 0.15 + 0.56 + 0.24 + 0.46 + 0.19 + 0.26 + 0.23 + 0.1",6.38,"2*0.42 + 3*5.9 + 1*1.65 + 1*2.66 + 1*0.97 + 1*1.48 + 7*1.92 + 1*5.59 + 2*1.57 + 6*8.44 + 9*2.09 + 1*4.03 + 2*5.89 + 1*6.37 + 24*2.12 + 5*2.25 + 3*1.03 + 1*0.53 + 14*1.97 + 1*0.93 + 2*0.58 + 2*0.7 + 2*2.21 + 6*1.04 + 1*0.64 + 1*1.7 + 2*1.37 + 3*1.39 + 2*1.26 + 21*2.07 + 37*4.28",460.18
"top_module","2 a21oi_1, 1 a41oi_1, 1 and3_1, 5 dfxtp_1, 1 nor2_1, 1 nor2b_1, 1 nor3_1, 1 o21a_1, 1 o21bai_1, 1 xor2_1","2*5.0 + 1*8.76 + 1*6.26 + 5*20.02 + 1*3.75 + 1*6.26 + 1*5.0 + 1*7.51 + 1*7.51 + 1*8.76",163.91,"0.33 + 0.17 + 0.15",0.65,"2*1.65 + 1*1.36 + 1*5.59 + 5*8.44 + 1*1.97 + 1*2.18 + 1*0.93 + 1*2.21 + 1*2.87 + 1*4.28",66.89
"nand2","1 a21bo_1","1*10.01",10.01,"0.15",0.15,"1*7.27",7.27
"Span12Mux_v11","1 and2_0","1*6.26",6.26,"0.1",0.1,"1*1.92",1.92
"mux_2to1","1 mux2_1","1*11.26",11.26,"0.26",0.26,"1*4.03",4.03
"led_scroll_display","2 a2111oi_0, 65 a21oi_1, 3 a221oi_1, 61 a22oi_1, 1 and3_1, 2 and3b_1, 2 clkinv_1, 68 dfxtp_1, 1 nand2b_1, 1 nand3b_1, 65 nor2_1, 1 nor2b_1, 63 nor3_1, 63 o21a_1, 1 o21ai_0, 9 or2_0, 1 xnor2_1","2*8.76 + 65*5.0 + 3*8.76 + 61*7.51 + 1*6.26 + 2*8.76 + 2*3.75 + 68*20.02 + 1*6.26 + 1*7.51 + 65*3.75 + 1*6.26 + 63*5.0 + 63*7.51 + 1*5.0 + 9*6.26 + 1*8.76",3341.56,"2.42 + 0.23 + 0.32 + 0.14",3.11,"2*0.42 + 65*1.65 + 3*1.78 + 61*2.58 + 1*5.59 + 2*7.06 + 2*1.57 + 68*8.44 + 1*2.25 + 1*1.4 + 65*1.97 + 1*2.18 + 63*0.93 + 63*2.21 + 1*1.04 + 9*1.26 + 1*2.07",1213.73
"four_to_one","1 a31oi_1, 2 nor2b_1, 1 o22ai_1, 1 or2_0","1*6.26 + 2*6.26 + 1*6.26 + 1*6.26",31.3,"0.11 + 0.2 + 0.12",0.43,"1*1.48 + 2*2.18 + 1*1.31 + 1*1.26",8.41
"signed_mag_to_twos_comp","15 buf_1","15*3.75",56.25,"0.05",0.05,"15*1.18",17.7
"scheduler1_commit_entry","1 a211o_1, 1 a211oi_1, 4 a21o_1, 11 a21oi_1, 3 a22o_1, 1 a31o_1, 5 a31oi_1, 8 a32o_1, 1 a41oi_1, 4 and2_0, 3 and3_1, 3 and4_1, 1 and4b_1, 2 clkinv_1, 53 dfrtp_1, 1 dfstp_2, 53 nand2_1, 4 nand2b_1, 15 nand3_1, 6 nand4_1, 33 nor2_1, 1 nor2b_1, 2 nor3_1, 1 nor3b_1, 8 nor4_1, 1 o211ai_1, 36 o21ai_0, 28 o31ai_1, 5 or2_0, 1 or3_1, 1 or4_1, 2 xnor2_1, 1 xor2_1","1*8.76 + 1*7.51 + 4*7.51 + 11*5.0 + 3*8.76 + 1*8.76 + 5*6.26 + 8*10.01 + 1*8.76 + 4*6.26 + 3*6.26 + 3*8.76 + 1*10.01 + 2*3.75 + 53*25.02 + 1*26.28 + 53*3.75 + 4*6.26 + 15*5.0 + 6*6.26 + 33*3.75 + 1*6.26 + 2*5.0 + 1*7.51 + 8*6.26 + 1*7.51 + 36*5.0 + 28*7.51 + 5*6.26 + 1*6.26 + 1*7.51 + 2*8.76 + 1*8.76",2699.53,"0.09",0.09,"1*3.14 + 1*0.98 + 4*5.9 + 11*1.65 + 3*4.06 + 1*2.37 + 5*1.48 + 8*2.3 + 1*1.36 + 4*1.92 + 3*5.59 + 3*3.4 + 1*5.99 + 2*1.57 + 53*11.65 + 1*10.52 + 53*2.12 + 4*2.25 + 15*1.03 + 6*0.53 + 33*1.97 + 1*2.18 + 2*0.93 + 1*1.3 + 8*0.5 + 1*0.7 + 36*1.04 + 28*1.7 + 5*1.26 + 1*1.28 + 1*0.85 + 2*2.07 + 1*4.28",1076.26
"fifo","1 a2111o_1, 2 a2111oi_0, 3 a21o_1, 5 a21oi_1, 1 a221oi_1, 252 a222oi_1, 2 a22o_1, 130 a22oi_1, 1 a2bb2oi_1, 2 and3_1, 4 and4_1, 10 clkinv_1, 12 dfrtp_1, 1024 dfxtp_1, 1027 mux2_1, 4 mux2i_1, 38 nand2_1, 9 nand2b_1, 47 nand3_1, 1 nand3b_1, 69 nand4_1, 25 nor2_1, 2 nor2b_1, 56 nor3_1, 10 nor4_1, 1 o2111a_1, 2 o21ai_0, 1 o21bai_1, 1 o311a_1, 1 o311ai_0, 5 or3_1, 3 or3b_1, 1 or4_1, 7 xnor2_1, 2 xnor3_1, 4 xor2_1","1*11.26 + 2*8.76 + 3*7.51 + 5*5.0 + 1*8.76 + 252*10.01 + 2*8.76 + 130*7.51 + 1*8.76 + 2*6.26 + 4*8.76 + 10*3.75 + 12*25.02 + 1024*20.02 + 1027*11.26 + 4*10.01 + 38*3.75 + 9*6.26 + 47*5.0 + 1*7.51 + 69*6.26 + 25*3.75 + 2*6.26 + 56*5.0 + 10*6.26 + 1*11.26 + 2*5.0 + 1*7.51 + 1*10.01 + 1*8.76 + 5*6.26 + 3*8.76 + 1*7.51 + 7*8.76 + 2*22.52 + 4*8.76",37676.2,"0.71 + 0.36 + 0.29 + 0.78 + 3.55 + 0.41",6.1,"1*1.68 + 2*0.42 + 3*5.9 + 5*1.65 + 1*1.78 + 252*2.43 + 2*4.06 + 130*2.58 + 1*3.38 + 2*5.59 + 4*3.4 + 10*1.57 + 12*11.65 + 1024*8.44 + 1027*4.03 + 4*5.89 + 38*2.12 + 9*2.25 + 47*1.03 + 1*1.4 + 69*0.53 + 25*1.97 + 2*2.18 + 56*0.93 + 10*0.5 + 1*3.75 + 2*1.04 + 1*2.87 + 1*3.77 + 1*0.64 + 5*1.28 + 3*2.59 + 1*0.85 + 7*2.07 + 2*15.62 + 4*4.28",14363.58
"ppu_bg","1 a2111oi_0, 1 a211o_1, 4 a211oi_1, 1 a21boi_0, 4 a21o_1, 75 a21oi_1, 1 a221o_1, 1 a221oi_1, 7 a22oi_1, 16 a311oi_1, 7 a31oi_1, 2 a41oi_1, 4 and2_0, 6 and3_1, 2 and4_1, 10 clkinv_1, 91 dfxtp_1, 1 mux2_1, 9 mux2i_1, 10 mux4_2, 152 nand2_1, 1 nand2b_1, 22 nand3_1, 1 nand3b_1, 4 nand4_1, 47 nor2_1, 2 nor2b_1, 8 nor3_1, 2 nor4_1, 1 nor4bb_1, 1 o2111a_1, 1 o211ai_1, 24 o21ai_0, 1 o21ba_1, 6 o21bai_1, 1 o221ai_1, 4 o22a_1, 1 o31ai_1, 1 o41a_1, 2 or2_0, 3 or3_1, 1 or3b_1, 1 or4_1, 14 xnor2_1, 4 xor2_1","1*8.76 + 1*8.76 + 4*7.51 + 1*7.51 + 4*7.51 + 75*5.0 + 1*10.01 + 1*8.76 + 7*7.51 + 16*8.76 + 7*6.26 + 2*8.76 + 4*6.26 + 6*6.26 + 2*8.76 + 10*3.75 + 91*20.02 + 1*11.26 + 9*10.01 + 10*22.52 + 152*3.75 + 1*6.26 + 22*5.0 + 1*7.51 + 4*6.26 + 47*3.75 + 2*6.26 + 8*5.0 + 2*6.26 + 1*10.01 + 1*11.26 + 1*7.51 + 24*5.0 + 1*10.01 + 6*7.51 + 1*8.76 + 4*8.76 + 1*7.51 + 1*11.26 + 2*6.26 + 3*6.26 + 1*8.76 + 1*7.51 + 14*8.76 + 4*8.76",4430.71,"0.28 + 0.12 + 0.64 + 1.58 + 0.05 + 0.28",2.95,"1*0.42 + 1*3.14 + 4*0.98 + 1*2.48 + 4*5.9 + 75*1.65 + 1*2.66 + 1*1.78 + 7*2.58 + 16*0.97 + 7*1.48 + 2*1.36 + 4*1.92 + 6*5.59 + 2*3.4 + 10*1.57 + 91*8.44 + 1*4.03 + 9*5.89 + 10*6.37 + 152*2.12 + 1*2.25 + 22*1.03 + 1*1.4 + 4*0.53 + 47*1.97 + 2*2.18 + 8*0.93 + 2*0.5 + 1*3.2 + 1*3.75 + 1*0.7 + 24*1.04 + 1*7.27 + 6*2.87 + 1*1.09 + 4*2.76 + 1*1.7 + 1*1.37 + 2*1.26 + 3*1.28 + 1*2.59 + 1*0.85 + 14*2.07 + 4*4.28",1745.17
"FB_VVI_VRP","1 a211oi_1, 3 a21oi_1, 1 a31oi_1, 1 clkinv_1, 2 conb_1, 6 dfxtp_1, 2 nand2b_1, 3 nor2_1, 2 nor2b_1, 2 nor3_1, 2 nor3b_1, 1 nor4b_1, 1 nor4bb_1, 2 o21a_1, 1 o31a_1, 1 o32ai_1, 1 or3_1, 1 or3b_1","1*7.51 + 3*5.0 + 1*6.26 + 1*3.75 + 2*3.75 + 6*20.02 + 2*6.26 + 3*3.75 + 2*6.26 + 2*5.0 + 2*7.51 + 1*8.76 + 1*10.01 + 2*7.51 + 1*8.76 + 1*8.76 + 1*6.26 + 1*8.76",287.78,"0.39 + 0.38 + 0.12 + 0.24 + 0.13",1.26,"1*0.98 + 3*1.65 + 1*1.48 + 1*1.57 + 2*3.24 + 6*8.44 + 2*2.25 + 3*1.97 + 2*2.18 + 2*0.93 + 2*1.3 + 1*0.91 + 1*3.2 + 2*2.21 + 1*2.07 + 1*1.09 + 1*1.28 + 1*2.59",100.89
"pipelined_and_gate","3 dfxtp_1, 2 xnor2_1","3*20.02 + 2*8.76",77.58,"0.29 + 0.11",0.4,"3*8.44 + 2*2.07",29.46
"comparator_4bit","1 a221oi_1, 1 a2bb2oi_1, 2 clkinv_1, 1 nand2b_1, 2 nor2b_1, 1 o221ai_1","1*8.76 + 1*8.76 + 2*3.75 + 1*6.26 + 2*6.26 + 1*8.76",52.56,"0.1 + 0.11 + 0.18",0.39,"1*1.78 + 1*3.38 + 2*1.57 + 1*2.25 + 2*2.18 + 1*1.09",16.0
"sync_reset","2 clkinv_1, 1 conb_1, 2 dfstp_2","2*3.75 + 1*3.75 + 2*26.28",63.81,"0.49",0.49,"2*1.57 + 1*3.24 + 2*10.52",27.42
"rgbmatrix","1 a21o_1, 5 a21oi_1, 3 a22o_1, 2 and2_0, 2 and3_1, 45 clkinv_1, 1 conb_1, 40 dfrtp_1, 2 dfstp_2, 7 mux2_1, 1 mux2i_1, 16 nand2_1, 2 nand2b_1, 2 nand3_1, 1 nand4_1, 9 nor2_1, 2 nor2b_1, 3 nor3_1, 1 nor3b_1, 2 nor4_1, 2 o211ai_1, 1 o21a_1, 4 o21ai_0, 2 o22a_1, 3 o2bb2ai_1, 1 o311a_1, 1 o311ai_0, 1 o31a_1, 2 o31ai_1, 1 or2_0, 1 or3b_1, 2 or4_1, 8 xnor2_1, 5 xor2_1","1*7.51 + 5*5.0 + 3*8.76 + 2*6.26 + 2*6.26 + 45*3.75 + 1*3.75 + 40*25.02 + 2*26.28 + 7*11.26 + 1*10.01 + 16*3.75 + 2*6.26 + 2*5.0 + 1*6.26 + 9*3.75 + 2*6.26 + 3*5.0 + 1*7.51 + 2*6.26 + 2*7.51 + 1*7.51 + 4*5.0 + 2*8.76 + 3*8.76 + 1*10.01 + 1*8.76 + 1*8.76 + 2*7.51 + 1*6.26 + 1*8.76 + 2*7.51 + 8*8.76 + 5*8.76",1841.4,"0.39 + 0.59 + 0.27 + 0.44 + 0.39 + 0.25 + 0.17",2.5,"1*5.9 + 5*1.65 + 3*4.06 + 2*1.92 + 2*5.59 + 45*1.57 + 1*3.24 + 40*11.65 + 2*10.52 + 7*4.03 + 1*5.89 + 16*2.12 + 2*2.25 + 2*1.03 + 1*0.53 + 9*1.97 + 2*2.18 + 3*0.93 + 1*1.3 + 2*0.5 + 2*0.7 + 1*2.21 + 4*1.04 + 2*2.76 + 3*1.85 + 1*3.77 + 1*0.64 + 1*2.07 + 2*1.7 + 1*1.26 + 1*2.59 + 2*0.85 + 8*2.07 + 5*4.28",776.8
"calculator","2 a2111oi_0, 5 a211o_1, 7 a21o_1, 24 a21oi_1, 1 a221o_1, 2 a22o_1, 7 a22oi_1, 2 a2bb2oi_1, 5 a31oi_1, 5 and2_0, 2 and3_1, 14 clkinv_1, 14 maj3_1, 2 mux2_1, 4 mux2i_1, 51 nand2_1, 11 nand2b_1, 14 nand3_1, 4 nand4_1, 40 nor2_1, 4 nor2b_1, 5 nor3_1, 1 nor4b_1, 6 o211ai_1, 7 o21a_1, 23 o21ai_0, 3 o21bai_1, 1 o221a_1, 2 o221ai_1, 2 o22a_1, 2 o22ai_1, 3 o31ai_1, 1 o41ai_1, 4 or2_0, 4 or3_1, 1 or4_1, 62 xnor2_1, 1 xnor3_1, 22 xor2_1","2*8.76 + 5*8.76 + 7*7.51 + 24*5.0 + 1*10.01 + 2*8.76 + 7*7.51 + 2*8.76 + 5*6.26 + 5*6.26 + 2*6.26 + 14*3.75 + 14*10.01 + 2*11.26 + 4*10.01 + 51*3.75 + 11*6.26 + 14*5.0 + 4*6.26 + 40*3.75 + 4*6.26 + 5*5.0 + 1*8.76 + 6*7.51 + 7*7.51 + 23*5.0 + 3*7.51 + 1*11.26 + 2*8.76 + 2*8.76 + 2*6.26 + 3*7.51 + 1*8.76 + 4*6.26 + 4*6.26 + 1*7.51 + 62*8.76 + 1*22.52 + 22*8.76",2367.0,"0.62 + 0.28 + 0.38 + 0.23 + 0.18 + 0.2 + 0.43 + 0.23 + 0.32 + 0.16 + 0.35 + 0.27 + 0.24 + 0.38 + 0.16 + 0.22 + 0.38 + 0.39 + 0.24 + 0.24 + 0.35 + 0.11 + 0.14 + 0.21 + 0.37 + 0.24 + 0.37 + 0.29 + 0.16 + 0.1 + 0.25 + 0.15 + 0.15 + 0.07",8.86,"2*0.42 + 5*3.14 + 7*5.9 + 24*1.65 + 1*2.66 + 2*4.06 + 7*2.58 + 2*3.38 + 5*1.48 + 5*1.92 + 2*5.59 + 14*1.57 + 14*2.09 + 2*4.03 + 4*5.89 + 51*2.12 + 11*2.25 + 14*1.03 + 4*0.53 + 40*1.97 + 4*2.18 + 5*0.93 + 1*0.91 + 6*0.7 + 7*2.21 + 23*1.04 + 3*2.87 + 1*2.73 + 2*1.09 + 2*2.76 + 2*1.31 + 3*1.7 + 1*1.39 + 4*1.26 + 4*1.28 + 1*0.85 + 62*2.07 + 1*15.62 + 22*4.28",807.44
"font_decoder","2 a21oi_1, 2 and2_0, 3 and3_1, 1 and3b_1, 2 and4_1, 1 conb_1, 2 nand2_1, 1 nand3_1, 1 nand4_1, 6 nor2_1, 1 nor2b_1, 6 nor3_1, 2 nor3b_1, 8 nor4_1, 2 o21ai_0, 1 o21bai_1, 1 o311a_1, 1 o31ai_1, 1 or2_0, 1 or3_1","2*5.0 + 2*6.26 + 3*6.26 + 1*8.76 + 2*8.76 + 1*3.75 + 2*3.75 + 1*5.0 + 1*6.26 + 6*3.75 + 1*6.26 + 6*5.0 + 2*7.51 + 8*6.26 + 2*5.0 + 1*7.51 + 1*10.01 + 1*7.51 + 1*6.26 + 1*6.26",261.5,"0.21 + 0.25 + 0.25 + 0.26",0.97,"2*1.65 + 2*1.92 + 3*5.59 + 1*7.06 + 2*3.4 + 1*3.24 + 2*2.12 + 1*1.03 + 1*0.53 + 6*1.97 + 1*2.18 + 6*0.93 + 2*1.3 + 8*0.5 + 2*1.04 + 1*2.87 + 1*3.77 + 1*1.7 + 1*1.26 + 1*1.28",85.95
"LIFO","4 a21oi_1, 6 a221oi_1, 8 a222oi_1, 6 a22o_1, 7 a22oi_1, 7 a31oi_1, 2 and3_1, 2 and3b_1, 5 clkinv_1, 68 dfxtp_1, 2 maj3_1, 64 mux2_1, 6 nand2_1, 2 nand2b_1, 1 nand3_1, 11 nor2_1, 2 nor3_1, 3 nor3b_1, 2 nor4_1, 1 o41a_1, 1 or3_1, 4 xnor2_1","4*5.0 + 6*8.76 + 8*10.01 + 6*8.76 + 7*7.51 + 7*6.26 + 2*6.26 + 2*8.76 + 5*3.75 + 68*20.02 + 2*10.01 + 64*11.26 + 6*3.75 + 2*6.26 + 1*5.0 + 11*3.75 + 2*5.0 + 3*7.51 + 2*6.26 + 1*11.26 + 1*6.26 + 4*8.76",2631.28,"0.38 + 0.48 + 0.43 + 0.89 + 0.38",2.56,"4*1.65 + 6*1.78 + 8*2.43 + 6*4.06 + 7*2.58 + 7*1.48 + 2*5.59 + 2*7.06 + 5*1.57 + 68*8.44 + 2*2.09 + 64*4.03 + 6*2.12 + 2*2.25 + 1*1.03 + 11*1.97 + 2*0.93 + 3*1.3 + 2*0.5 + 1*1.37 + 1*1.28 + 4*2.07",1016.28
"four_bit_adder","4 maj3_1, 8 xnor2_1","4*10.01 + 8*8.76",110.12,"0.37 + 0.39 + 0.39 + 0.33",1.48,"4*2.09 + 8*2.07",24.92
"calculator","1 a21oi_1, 1 a22oi_1, 6 clkinv_1, 5 dfrtp_1, 3 maj3_1, 1 nand2_1, 1 nand2b_1, 1 nor2_1, 1 nor3_1, 1 o21ba_1, 9 xnor2_1, 1 xor2_1","1*5.0 + 1*7.51 + 6*3.75 + 5*25.02 + 3*10.01 + 1*3.75 + 1*6.26 + 1*3.75 + 1*5.0 + 1*10.01 + 9*8.76 + 1*8.76",306.51,"0.22 + 0.1 + 0.39 + 0.37 + 0.35 + 0.13",1.56,"1*1.65 + 1*2.58 + 6*1.57 + 5*11.65 + 3*2.09 + 1*2.12 + 1*2.25 + 1*1.97 + 1*0.93 + 1*7.27 + 9*2.07 + 1*4.28",115.62
"shift_register","4 a211oi_1, 4 dfxtp_1, 4 mux2i_1, 4 nor2_1","4*7.51 + 4*20.02 + 4*10.01 + 4*3.75",165.16,"0.3 + 0.06 + 0.2",0.56,"4*0.98 + 4*8.44 + 4*5.89 + 4*1.97",69.12
"up_down_counter","8 a21oi_1, 1 a311oi_1, 1 and2_0, 1 clkinv_1, 18 dfxtp_1, 1 maj3_1, 2 mux2i_1, 3 nand2_1, 2 nand2b_1, 14 nor2_1, 3 nor2b_1, 1 nor4_1, 1 o21a_1, 3 o21ai_0, 1 o31ai_1, 1 or4_1, 6 xnor2_1, 4 xor2_1","8*5.0 + 1*8.76 + 1*6.26 + 1*3.75 + 18*20.02 + 1*10.01 + 2*10.01 + 3*3.75 + 2*6.26 + 14*3.75 + 3*6.26 + 1*6.26 + 1*7.51 + 3*5.0 + 1*7.51 + 1*7.51 + 6*8.76 + 4*8.76",675.6,"0.31 + 0.39 + 0.42 + 0.1 + 0.09 + 0.05 + 0.5 + 0.14",2.0,"8*1.65 + 1*0.97 + 1*1.92 + 1*1.57 + 18*8.44 + 1*2.09 + 2*5.89 + 3*2.12 + 2*2.25 + 14*1.97 + 3*2.18 + 1*0.5 + 1*2.21 + 3*1.04 + 1*1.7 + 1*0.85 + 6*2.07 + 4*4.28",266.35
"shift_register","1 a21oi_1, 5 clkinv_1, 4 dfrtp_1, 8 dfxtp_1, 1 nand3_1, 1 nor2b_1, 1 xnor2_1, 1 xor2_1","1*5.0 + 5*3.75 + 4*25.02 + 8*20.02 + 1*5.0 + 1*6.26 + 1*8.76 + 1*8.76",312.77,"0.36 + 0.11 + 0.14",0.61,"1*1.65 + 5*1.57 + 4*11.65 + 8*8.44 + 1*1.03 + 1*2.18 + 1*2.07 + 1*4.28",133.18
"opicorv32_pcpi_if","62 a211oi_1, 32 a21o_1, 67 a21oi_1, 33 a31oi_1, 33 and2_0, 1 and3_1, 1 and4_1, 36 clkinv_1, 302 dfrtp_1, 1 dfstp_2, 63 mux2_1, 190 nand2_1, 1 nand2b_1, 3 nand3_1, 1 nand4_1, 98 nor2_1, 1 nor3_1, 2 nor4_1, 3 nor4b_1, 2 nor4bb_1, 1 o211ai_1, 101 o21ai_0, 1 o41ai_1, 3 or3_1, 1 or4_1, 63 xnor2_1","62*7.51 + 32*7.51 + 67*5.0 + 33*6.26 + 33*6.26 + 1*6.26 + 1*8.76 + 36*3.75 + 302*25.02 + 1*26.28 + 63*11.26 + 190*3.75 + 1*6.26 + 3*5.0 + 1*6.26 + 98*3.75 + 1*5.0 + 2*6.26 + 3*8.76 + 2*10.01 + 1*7.51 + 101*5.0 + 1*8.76 + 3*6.26 + 1*7.51 + 63*8.76",12166.6,"2.04 + 1.95 + 0.55",4.54,"62*0.98 + 32*5.9 + 67*1.65 + 33*1.48 + 33*1.92 + 1*5.59 + 1*3.4 + 36*1.57 + 302*11.65 + 1*10.52 + 63*4.03 + 190*2.12 + 1*2.25 + 3*1.03 + 1*0.53 + 98*1.97 + 1*0.93 + 2*0.5 + 3*0.91 + 2*3.2 + 1*0.7 + 101*1.04 + 1*1.39 + 3*1.28 + 1*0.85 + 63*2.07",5175.55
"add_subtract_module","1 xor2_1","1*8.76",8.76,"0.12",0.12,"1*4.28",4.28
"counter","1 a21oi_1, 1 and3_1, 4 clkinv_1, 4 dfrtp_1, 3 nor2_1, 1 nor3_1, 1 nor4_1, 2 xnor2_1, 4 xor2_1","1*5.0 + 1*6.26 + 4*3.75 + 4*25.02 + 3*3.75 + 1*5.0 + 1*6.26 + 2*8.76 + 4*8.76",201.41,"0.37 + 0.14 + 0.46 + 0.11",1.08,"1*1.65 + 1*5.59 + 4*1.57 + 4*11.65 + 3*1.97 + 1*0.93 + 1*0.5 + 2*2.07 + 4*4.28",88.72
"mips_div_stage","2 a211o_1, 1 a211oi_1, 1 a21boi_0, 4 a21o_1, 57 a21oi_1, 2 a311o_1, 24 a311oi_1, 6 a31o_1, 16 a31oi_1, 35 and2_0, 1 and3_1, 65 clkinv_1, 10 maj3_1, 7 mux2_1, 30 mux2i_1, 107 nand2_1, 27 nand2b_1, 12 nand3_1, 3 nand3b_1, 1 nand4_1, 146 nor2_1, 46 nor2b_1, 7 nor3_1, 1 nor3b_1, 3 o211ai_1, 9 o21a_1, 56 o21ai_0, 1 o221a_1, 1 o221ai_1, 2 o311a_1, 22 o311ai_0, 5 o31ai_1, 24 or2_0, 5 or3_1, 1 or3b_1, 101 xnor2_1, 70 xor2_1, 1 xor3_1","2*8.76 + 1*7.51 + 1*7.51 + 4*7.51 + 57*5.0 + 2*10.01 + 24*8.76 + 6*8.76 + 16*6.26 + 35*6.26 + 1*6.26 + 65*3.75 + 10*10.01 + 7*11.26 + 30*10.01 + 107*3.75 + 27*6.26 + 12*5.0 + 3*7.51 + 1*6.26 + 146*3.75 + 46*6.26 + 7*5.0 + 1*7.51 + 3*7.51 + 9*7.51 + 56*5.0 + 1*11.26 + 1*8.76 + 2*10.01 + 22*8.76 + 5*7.51 + 24*6.26 + 5*6.26 + 1*8.76 + 101*8.76 + 70*8.76 + 1*23.77",5568.38,"0.13 + 0.38 + 0.39 + 0.39 + 0.39 + 0.4 + 0.19 + 0.2 + 0.22 + 0.16 + 0.2 + 0.1 + 0.32 + 0.29 + 0.08 + 0.44 + 0.2 + 0.45 + 0.2 + 0.45 + 0.18 + 0.2 + 1.83 + 0.34 + 0.25 + 0.2 + 0.2 + 0.09 + 0.44 + 0.19 + 0.43 + 0.17 + 0.45 + 0.19 + 0.45 + 0.2 + 0.45 + 0.19 + 0.45 + 0.17 + 0.19 + 1.84 + 0.45 + 0.1 + 0.24 + 0.43 + 0.18 + 0.34 + 0.16 + 0.45 + 0.17 + 0.28 + 0.12 + 0.27 + 0.14 + 0.28 + 0.14 + 0.44 + 0.18 + 0.2 + 1.45 + 0.43 + 0.15 + 0.24 + 0.15 + 0.34 + 0.15 + 0.34 + 0.15 + 0.28 + 0.15 + 0.31 + 0.3 + 0.43 + 0.18 + 0.45 + 0.2 + 0.37 + 0.39 + 1.14 + 0.36",27.21,"2*3.14 + 1*0.98 + 1*2.48 + 4*5.9 + 57*1.65 + 2*1.57 + 24*0.97 + 6*2.37 + 16*1.48 + 35*1.92 + 1*5.59 + 65*1.57 + 10*2.09 + 7*4.03 + 30*5.89 + 107*2.12 + 27*2.25 + 12*1.03 + 3*1.4 + 1*0.53 + 146*1.97 + 46*2.18 + 7*0.93 + 1*1.3 + 3*0.7 + 9*2.21 + 56*1.04 + 1*2.73 + 1*1.09 + 2*3.77 + 22*0.64 + 5*1.7 + 24*1.26 + 5*1.28 + 1*2.59 + 101*2.07 + 70*4.28 + 1*15.22",1970.04
"PLL_DLL","5 a21oi_1, 1 a31oi_1, 2 a41oi_1, 2 and2_0, 6 and3_1, 5 and4_1, 34 clkinv_1, 33 dfrtp_1, 4 nand2_1, 5 nand3_1, 5 nand4_1, 13 nor2_1, 3 nor3_1, 8 nor4_1, 1 or2_0, 10 xnor2_1, 12 xor2_1","5*5.0 + 1*6.26 + 2*8.76 + 2*6.26 + 6*6.26 + 5*8.76 + 34*3.75 + 33*25.02 + 4*3.75 + 5*5.0 + 5*6.26 + 13*3.75 + 3*5.0 + 8*6.26 + 1*6.26 + 10*8.76 + 12*8.76",1479.93,"0.39 + 0.15 + 0.43 + 0.32 + 0.28 + 0.26 + 0.27 + 0.26 + 0.23 + 0.13",2.72,"5*1.65 + 1*1.48 + 2*1.36 + 2*1.92 + 6*5.59 + 5*3.4 + 34*1.57 + 33*11.65 + 4*2.12 + 5*1.03 + 5*0.53 + 13*1.97 + 3*0.93 + 8*0.5 + 1*1.26 + 10*2.07 + 12*4.28",626.66
"PeakCurrentHB","1 a2111o_1, 1 a2111oi_0, 1 a21boi_0, 1 a21o_1, 8 a21oi_1, 2 a221oi_1, 1 a22oi_1, 2 a2bb2oi_1, 2 a31oi_1, 1 and2_0, 3 and3_1, 22 clkinv_1, 27 dfxtp_1, 10 maj3_1, 9 nand2_1, 5 nand2b_1, 3 nand3_1, 12 nor2_1, 11 nor2b_1, 6 nor3_1, 2 nor3b_1, 4 nor4_1, 1 nor4b_1, 1 o211ai_1, 2 o21a_1, 3 o21ai_0, 1 o221ai_1, 4 o22ai_1, 1 o31a_1, 1 o31ai_1, 1 or2_0, 1 or4_1, 21 xnor2_1, 10 xor2_1","1*11.26 + 1*8.76 + 1*7.51 + 1*7.51 + 8*5.0 + 2*8.76 + 1*7.51 + 2*8.76 + 2*6.26 + 1*6.26 + 3*6.26 + 22*3.75 + 27*20.02 + 10*10.01 + 9*3.75 + 5*6.26 + 3*5.0 + 12*3.75 + 11*6.26 + 6*5.0 + 2*7.51 + 4*6.26 + 1*8.76 + 1*7.51 + 2*7.51 + 3*5.0 + 1*8.76 + 4*6.26 + 1*8.76 + 1*7.51 + 1*6.26 + 1*7.51 + 21*8.76 + 10*8.76",1523.95,"0.51 + 0.17 + 0.25 + 0.12 + 0.36 + 0.35 + 0.11 + 0.06",1.93,"1*1.68 + 1*0.42 + 1*2.48 + 1*5.9 + 8*1.65 + 2*1.78 + 1*2.58 + 2*3.38 + 2*1.48 + 1*1.92 + 3*5.59 + 22*1.57 + 27*8.44 + 10*2.09 + 9*2.12 + 5*2.25 + 3*1.03 + 12*1.97 + 11*2.18 + 6*0.93 + 2*1.3 + 4*0.5 + 1*0.91 + 1*0.7 + 2*2.21 + 3*1.04 + 1*1.09 + 4*1.31 + 1*2.07 + 1*1.7 + 1*1.26 + 1*0.85 + 21*2.07 + 10*4.28",540.4
"pipelined_xor_gate","3 dfxtp_1, 1 xor2_1","3*20.02 + 1*8.76",68.82,"0.28 + 0.14",0.42,"3*8.44 + 1*4.28",29.6
"and4","1 and4_1","1*8.76",8.76,"0.15",0.15,"1*3.4",3.4
"priority_encoder","2 clkinv_1, 1 dfxtp_1, 1 nand2b_1, 1 nor2_1, 1 nor4bb_1, 1 o2111a_1, 1 o21ai_0","2*3.75 + 1*20.02 + 1*6.26 + 1*3.75 + 1*10.01 + 1*11.26 + 1*5.0",63.8,"0.29 + 0.24 + 0.2 + 0.06",0.79,"2*1.57 + 1*8.44 + 1*2.25 + 1*1.97 + 1*3.2 + 1*3.75 + 1*1.04",23.79
"my_dff","3 a21oi_1, 3 a222oi_1, 6 a22oi_1, 1 and3b_1, 3 dfxtp_1, 4 nand3_1, 1 nor3_1, 3 nor3b_1, 1 o21a_1","3*5.0 + 3*10.01 + 6*7.51 + 1*8.76 + 3*20.02 + 4*5.0 + 1*5.0 + 3*7.51 + 1*7.51",213.95,"0.19 + 0.32 + 0.08",0.59,"3*1.65 + 3*2.43 + 6*2.58 + 1*7.06 + 3*8.44 + 4*1.03 + 1*0.93 + 3*1.3 + 1*2.21",71.26
"mux_2to1","8 and2_0, 8 nor2b_1","8*6.26 + 8*6.26",100.16,"0.1",0.1,"8*1.92 + 8*2.18",32.8
"sirv_qspi_flashmap","1 a2111o_1, 1 a2111oi_0, 1 a211oi_1, 3 a21o_1, 12 a21oi_1, 1 a221o_1, 8 a222oi_1, 3 a22o_1, 1 a22oi_1, 11 and2_0, 3 and3_1, 5 and4_1, 22 clkinv_1, 2 conb_1, 9 dfrtp_1, 1 dfstp_2, 3 mux2i_1, 38 nand2_1, 3 nand2b_1, 15 nand3_1, 7 nand4_1, 6 nor2_1, 2 nor2b_1, 3 nor3_1, 8 nor4_1, 1 o211ai_1, 2 o21a_1, 19 o21ai_0, 1 o22ai_1, 1 or3_1, 17 xnor2_1, 17 xnor3_1, 3 xor2_1, 3 xor3_1","1*11.26 + 1*8.76 + 1*7.51 + 3*7.51 + 12*5.0 + 1*10.01 + 8*10.01 + 3*8.76 + 1*7.51 + 11*6.26 + 3*6.26 + 5*8.76 + 22*3.75 + 2*3.75 + 9*25.02 + 1*26.28 + 3*10.01 + 38*3.75 + 3*6.26 + 15*5.0 + 7*6.26 + 6*3.75 + 2*6.26 + 3*5.0 + 8*6.26 + 1*7.51 + 2*7.51 + 19*5.0 + 1*6.26 + 1*6.26 + 17*8.76 + 17*22.52 + 3*8.76 + 3*23.77",1876.47,"0.23 + 0.26 + 0.26 + 0.26 + 0.17 + 0.4 + 0.32 + 0.18 + 0.45 + 0.12 + 0.18 + 0.33 + 0.13",3.29,"1*1.68 + 1*0.42 + 1*0.98 + 3*5.9 + 12*1.65 + 1*2.66 + 8*2.43 + 3*4.06 + 1*2.58 + 11*1.92 + 3*5.59 + 5*3.4 + 22*1.57 + 2*3.24 + 9*11.65 + 1*10.52 + 3*5.89 + 38*2.12 + 3*2.25 + 15*1.03 + 7*0.53 + 6*1.97 + 2*2.18 + 3*0.93 + 8*0.5 + 1*0.7 + 2*2.21 + 19*1.04 + 1*1.31 + 1*1.28 + 17*2.07 + 17*15.62 + 3*4.28 + 3*15.22",822.53
"four_bit_adder","1 conb_1, 3 maj3_1, 8 xnor2_1","1*3.75 + 3*10.01 + 8*8.76",103.86,"0.37 + 0.39 + 0.37 + 0.11",1.24,"1*3.24 + 3*2.09 + 8*2.07",26.07
"debouncer","1 a211oi_1, 1 a21o_1, 9 a21oi_1, 9 a22o_1, 1 a31oi_1, 1 a32o_1, 2 and2_0, 5 clkinv_1, 36 dfxtp_1, 1 mux2_1, 19 nand2_1, 3 nand2b_1, 2 nand3_1, 1 nand4_1, 1 nand4b_1, 8 nor2_1, 3 nor2b_1, 3 nor3_1, 6 nor4_1, 2 nor4b_1, 1 o211ai_1, 1 o21a_1, 33 o21ai_0, 1 o22ai_1, 1 o2bb2ai_1, 2 o31ai_1, 1 o41a_1, 4 or2_0, 2 or3_1, 2 or4_1, 1 or4b_1, 3 xnor2_1, 4 xor2_1","1*7.51 + 1*7.51 + 9*5.0 + 9*8.76 + 1*6.26 + 1*10.01 + 2*6.26 + 5*3.75 + 36*20.02 + 1*11.26 + 19*3.75 + 3*6.26 + 2*5.0 + 1*6.26 + 1*8.76 + 8*3.75 + 3*6.26 + 3*5.0 + 6*6.26 + 2*8.76 + 1*7.51 + 1*7.51 + 33*5.0 + 1*6.26 + 1*8.76 + 2*7.51 + 1*11.26 + 4*6.26 + 2*6.26 + 2*7.51 + 1*10.01 + 3*8.76 + 4*8.76",1497.52,"0.31 + 0.55 + 0.43 + 0.24 + 0.45 + 0.53 + 1.13 + 0.09 + 0.2",3.93,"1*0.98 + 1*5.9 + 9*1.65 + 9*4.06 + 1*1.48 + 1*2.3 + 2*1.92 + 5*1.57 + 36*8.44 + 1*4.03 + 19*2.12 + 3*2.25 + 2*1.03 + 1*0.53 + 1*1.03 + 8*1.97 + 3*2.18 + 3*0.93 + 6*0.5 + 2*0.91 + 1*0.7 + 1*2.21 + 33*1.04 + 1*1.31 + 1*1.85 + 2*1.7 + 1*1.37 + 4*1.26 + 2*1.28 + 2*0.85 + 1*2.14 + 3*2.07 + 4*4.28",542.1
"Controller","2 a21boi_0, 4 a21oi_1, 1 a22o_1, 2 a22oi_1, 3 and2_0, 1 and3_1, 1 and4b_1, 9 clkinv_1, 1 conb_1, 15 nand2_1, 5 nand2b_1, 8 nand3_1, 3 nand4_1, 1 nand4b_1, 1 nand4bb_1, 16 nor2_1, 6 nor2b_1, 4 nor3_1, 2 nor3b_1, 2 nor4_1, 4 nor4b_1, 1 nor4bb_1, 3 o2111ai_1, 1 o211ai_1, 4 o21ai_0, 1 o21bai_1, 1 o22ai_1, 1 o31a_1, 1 o31ai_1, 1 or2_0, 1 or4b_1","2*7.51 + 4*5.0 + 1*8.76 + 2*7.51 + 3*6.26 + 1*6.26 + 1*10.01 + 9*3.75 + 1*3.75 + 15*3.75 + 5*6.26 + 8*5.0 + 3*6.26 + 1*8.76 + 1*11.26 + 16*3.75 + 6*6.26 + 4*5.0 + 2*7.51 + 2*6.26 + 4*8.76 + 1*10.01 + 3*8.76 + 1*7.51 + 4*5.0 + 1*7.51 + 1*6.26 + 1*8.76 + 1*7.51 + 1*6.26 + 1*10.01",587.95,"0.48 + 0.31 + 0.2 + 0.06 + 0.07",1.12,"2*2.48 + 4*1.65 + 1*4.06 + 2*2.58 + 3*1.92 + 1*5.59 + 1*5.99 + 9*1.57 + 1*3.24 + 15*2.12 + 5*2.25 + 8*1.03 + 3*0.53 + 1*1.03 + 1*1.9 + 16*1.97 + 6*2.18 + 4*0.93 + 2*1.3 + 2*0.5 + 4*0.91 + 1*3.2 + 3*0.58 + 1*0.7 + 4*1.04 + 1*2.87 + 1*1.31 + 1*2.07 + 1*1.7 + 1*1.26 + 1*2.14",188.01
"top_module","1 and2_0, 1 conb_1, 1 nor2_1, 2 nor2b_1","1*6.26 + 1*3.75 + 1*3.75 + 2*6.26",26.28,"0.1",0.1,"1*1.92 + 1*3.24 + 1*1.97 + 2*2.18",11.49
"binary_adder","3 a21oi_1, 1 a222oi_1, 3 maj3_1, 1 nand3_1, 1 nor2_1, 1 nor3_1, 1 o221ai_1, 1 o22ai_1, 6 xnor2_1","3*5.0 + 1*10.01 + 3*10.01 + 1*5.0 + 1*3.75 + 1*5.0 + 1*8.76 + 1*6.26 + 6*8.76",136.37,"0.38 + 0.4 + 0.37 + 0.11",1.26,"3*1.65 + 1*2.43 + 3*2.09 + 1*1.03 + 1*1.97 + 1*0.93 + 1*1.09 + 1*1.31 + 6*2.07",32.4
"top_module","1 a21o_1, 6 a21oi_1, 1 a22o_1, 2 a22oi_1, 2 a32oi_1, 3 and2_0, 3 clkinv_1, 6 maj3_1, 17 nand2_1, 1 nand3_1, 9 nor2_1, 2 nor2b_1, 1 nor3_1, 1 nor3b_1, 3 o21a_1, 1 o21ai_0, 1 o21bai_1, 2 or2_0, 1 or3_1, 13 xnor2_1, 3 xnor3_1, 3 xor2_1, 1 xor3_1","1*7.51 + 6*5.0 + 1*8.76 + 2*7.51 + 2*8.76 + 3*6.26 + 3*3.75 + 6*10.01 + 17*3.75 + 1*5.0 + 9*3.75 + 2*6.26 + 1*5.0 + 1*7.51 + 3*7.51 + 1*5.0 + 1*7.51 + 2*6.26 + 1*6.26 + 13*8.76 + 3*22.52 + 3*8.76 + 1*23.77",581.74,"0.06 + 0.43 + 0.37 + 0.36 + 0.12 + 0.1 + 0.4 + 0.39 + 0.37 + 0.11",2.71,"1*5.9 + 6*1.65 + 1*4.06 + 2*2.58 + 2*1.25 + 3*1.92 + 3*1.57 + 6*2.09 + 17*2.12 + 1*1.03 + 9*1.97 + 2*2.18 + 1*0.93 + 1*1.3 + 3*2.21 + 1*1.04 + 1*2.87 + 2*1.26 + 1*1.28 + 13*2.07 + 3*15.62 + 3*4.28 + 1*15.22",228.09
"final_module","8 dfxtp_1, 8 nor2b_1","8*20.02 + 8*6.26",210.24,"0.26",0.26,"8*8.44 + 8*2.18",84.96
"i2c_control","1 a21oi_1, 18 and2_0, 5 clkinv_1, 2 dfrtp_1, 1 maj3_1, 12 mux2_1, 2 mux2i_1, 12 nand2b_1, 1 nor2_1, 1 nor3b_1, 1 nor4b_1, 1 o31ai_1, 2 xnor2_1","1*5.0 + 18*6.26 + 5*3.75 + 2*25.02 + 1*10.01 + 12*11.26 + 2*10.01 + 12*6.26 + 1*3.75 + 1*7.51 + 1*8.76 + 1*7.51 + 2*8.76",471.79,"1.6 + 0.37",1.97,"1*1.65 + 18*1.92 + 5*1.57 + 2*11.65 + 1*2.09 + 12*4.03 + 2*5.89 + 12*2.25 + 1*1.97 + 1*1.3 + 1*0.91 + 1*1.7 + 2*2.07",166.61
"note_mono","1 a2111oi_0, 2 a211oi_1, 3 a21o_1, 73 a21oi_1, 1 a221o_1, 41 a221oi_1, 1 a222oi_1, 2 a22o_1, 10 a22oi_1, 2 a311oi_1, 3 a31oi_1, 13 and2_0, 5 and3_1, 1 and3b_1, 17 clkinv_1, 266 dfxtp_1, 1 maj3_1, 228 mux2_1, 65 mux2i_1, 59 mux4_2, 53 nand2_1, 4 nand2b_1, 7 nand3_1, 5 nand4_1, 80 nor2_1, 6 nor2b_1, 25 nor3_1, 7 nor4_1, 2 o2111ai_1, 14 o211ai_1, 10 o21a_1, 82 o21ai_0, 2 o21ba_1, 1 o221a_1, 7 o221ai_1, 10 o22ai_1, 9 o2bb2ai_1, 2 o311a_1, 1 o311ai_0, 2 o31a_1, 2 o31ai_1, 4 o32ai_1, 2 or2_0, 4 or3_1, 10 xnor2_1, 4 xor2_1","1*8.76 + 2*7.51 + 3*7.51 + 73*5.0 + 1*10.01 + 41*8.76 + 1*10.01 + 2*8.76 + 10*7.51 + 2*8.76 + 3*6.26 + 13*6.26 + 5*6.26 + 1*8.76 + 17*3.75 + 266*20.02 + 1*10.01 + 228*11.26 + 65*10.01 + 59*22.52 + 53*3.75 + 4*6.26 + 7*5.0 + 5*6.26 + 80*3.75 + 6*6.26 + 25*5.0 + 7*6.26 + 2*8.76 + 14*7.51 + 10*7.51 + 82*5.0 + 2*10.01 + 1*11.26 + 7*8.76 + 10*6.26 + 9*8.76 + 2*10.01 + 1*8.76 + 2*8.76 + 2*7.51 + 4*8.76 + 2*6.26 + 4*6.26 + 10*8.76 + 4*8.76",12881.37,"2.4 + 0.7 + 0.15 + 0.09 + 0.36 + 0.16 + 0.11 + 1.47 + 0.58 + 0.91 + 0.37",7.3,"1*0.42 + 2*0.98 + 3*5.9 + 73*1.65 + 1*2.66 + 41*1.78 + 1*2.43 + 2*4.06 + 10*2.58 + 2*0.97 + 3*1.48 + 13*1.92 + 5*5.59 + 1*7.06 + 17*1.57 + 266*8.44 + 1*2.09 + 228*4.03 + 65*5.89 + 59*6.37 + 53*2.12 + 4*2.25 + 7*1.03 + 5*0.53 + 80*1.97 + 6*2.18 + 25*0.93 + 7*0.5 + 2*0.58 + 14*0.7 + 10*2.21 + 82*1.04 + 2*7.27 + 1*2.73 + 7*1.09 + 10*1.31 + 9*1.85 + 2*3.77 + 1*0.64 + 2*2.07 + 2*1.7 + 4*1.09 + 2*1.26 + 4*1.28 + 10*2.07 + 4*4.28",4837.39
"feedforward_AXILiteS_s_axi","4 a21oi_1, 2 a22oi_1, 7 a31oi_1, 4 a32oi_1, 3 and3_1, 1 and3b_1, 1 and4_1, 1 and4b_1, 1 clkinv_1, 1 conb_1, 82 dfxtp_1, 5 mux2_1, 35 mux2i_1, 71 nand2_1, 1 nand2b_1, 15 nand3_1, 2 nand3b_1, 3 nand4_1, 40 nor2_1, 2 nor2b_1, 5 nor3_1, 1 nor3b_1, 1 nor4_1, 1 nor4b_1, 1 nor4bb_1, 2 o21a_1, 30 o21ai_0, 1 o31ai_1, 1 xor2_1","4*5.0 + 2*7.51 + 7*6.26 + 4*8.76 + 3*6.26 + 1*8.76 + 1*8.76 + 1*10.01 + 1*3.75 + 1*3.75 + 82*20.02 + 5*11.26 + 35*10.01 + 71*3.75 + 1*6.26 + 15*5.0 + 2*7.51 + 3*6.26 + 40*3.75 + 2*6.26 + 5*5.0 + 1*7.51 + 1*6.26 + 1*8.76 + 1*10.01 + 2*7.51 + 30*5.0 + 1*7.51 + 1*8.76",2998.64,"0.31 + 0.67 + 0.49 + 0.26 + 0.05",1.78,"4*1.65 + 2*2.58 + 7*1.48 + 4*1.25 + 3*5.59 + 1*7.06 + 1*3.4 + 1*5.99 + 1*1.57 + 1*3.24 + 82*8.44 + 5*4.03 + 35*5.89 + 71*2.12 + 1*2.25 + 15*1.03 + 2*1.4 + 3*0.53 + 40*1.97 + 2*2.18 + 5*0.93 + 1*1.3 + 1*0.5 + 1*0.91 + 1*3.2 + 2*2.21 + 30*1.04 + 1*1.7 + 1*4.28",1291.46
"adder16","1 a211oi_1, 3 a21o_1, 6 a21oi_1, 1 a22o_1, 2 a311oi_1, 3 a31oi_1, 5 and2_0, 1 clkinv_1, 4 maj3_1, 16 nand2_1, 1 nand2b_1, 2 nand3_1, 14 nor2_1, 8 nor3_1, 2 o21a_1, 7 o21ai_0, 1 o21bai_1, 2 o311ai_0, 1 o31ai_1, 2 or2_0, 3 or4_1, 1 or4b_1, 15 xnor2_1, 5 xor2_1","1*7.51 + 3*7.51 + 6*5.0 + 1*8.76 + 2*8.76 + 3*6.26 + 5*6.26 + 1*3.75 + 4*10.01 + 16*3.75 + 1*6.26 + 2*5.0 + 14*3.75 + 8*5.0 + 2*7.51 + 7*5.0 + 1*7.51 + 2*8.76 + 1*7.51 + 2*6.26 + 3*7.51 + 1*10.01 + 15*8.76 + 5*8.76",651.77,"0.18 + 0.15 + 0.4 + 0.39 + 0.39 + 0.4 + 0.32 + 0.2 + 0.45 + 0.16 + 0.04 + 0.14 + 0.5 + 0.08",3.8,"1*0.98 + 3*5.9 + 6*1.65 + 1*4.06 + 2*0.97 + 3*1.48 + 5*1.92 + 1*1.57 + 4*2.09 + 16*2.12 + 1*2.25 + 2*1.03 + 14*1.97 + 8*0.93 + 2*2.21 + 7*1.04 + 1*2.87 + 2*0.64 + 1*1.7 + 2*1.26 + 3*0.85 + 1*2.14 + 15*2.07 + 5*4.28",209.01
"memory_system","2 dfxtp_1, 2 mux2_1, 1 nand2_1, 1 nand2b_1","2*20.02 + 2*11.26 + 1*3.75 + 1*6.26",72.57,"0.28 + 0.27",0.55,"2*8.44 + 2*4.03 + 1*2.12 + 1*2.25",29.31
"fifo","5 a2111oi_0, 1 a211oi_1, 2 a21o_1, 17 a21oi_1, 1 a221oi_1, 97 a222oi_1, 94 a22oi_1, 19 a31oi_1, 1 a41oi_1, 1 and2_0, 3 and3_1, 1 and4_1, 4 and4b_1, 15 clkinv_1, 13 dfrtp_1, 544 dfxtp_1, 1 maj3_1, 512 mux2_1, 74 nand2_1, 15 nand3_1, 23 nand4_1, 62 nor2_1, 1 nor2b_1, 7 nor3_1, 2 nor3b_1, 2 nor4_1, 4 nor4b_1, 6 nor4bb_1, 1 o21a_1, 3 o21ai_0, 2 o22a_1, 1 o32a_1, 1 or3b_1, 7 xnor2_1, 4 xor2_1","5*8.76 + 1*7.51 + 2*7.51 + 17*5.0 + 1*8.76 + 97*10.01 + 94*7.51 + 19*6.26 + 1*8.76 + 1*6.26 + 3*6.26 + 1*8.76 + 4*10.01 + 15*3.75 + 13*25.02 + 544*20.02 + 1*10.01 + 512*11.26 + 74*3.75 + 15*5.0 + 23*6.26 + 62*3.75 + 1*6.26 + 7*5.0 + 2*7.51 + 2*6.26 + 4*8.76 + 6*10.01 + 1*7.51 + 3*5.0 + 2*8.76 + 1*10.01 + 1*8.76 + 7*8.76 + 4*8.76",20134.1,"0.38 + 0.05 + 0.07 + 3.23 + 0.41",4.14,"5*0.42 + 1*0.98 + 2*5.9 + 17*1.65 + 1*1.78 + 97*2.43 + 94*2.58 + 19*1.48 + 1*1.36 + 1*1.92 + 3*5.59 + 1*3.4 + 4*5.99 + 15*1.57 + 13*11.65 + 544*8.44 + 1*2.09 + 512*4.03 + 74*2.12 + 15*1.03 + 23*0.53 + 62*1.97 + 1*2.18 + 7*0.93 + 2*1.3 + 2*0.5 + 4*0.91 + 6*3.2 + 1*2.21 + 3*1.04 + 2*2.76 + 1*1.66 + 1*2.59 + 7*2.07 + 4*4.28",7818.78
"sky130_fd_sc_hd__a32o","1 a32o_1","1*10.01",10.01,"0.21",0.21,"1*2.3",2.3
"FSM_C_CORDIC","6 a21o_1, 3 and2_0, 1 and3_1, 2 buf_1, 26 clkinv_1, 1 conb_1, 19 dfrtp_1, 1 dfstp_2, 4 nand2_1, 1 nand2b_1, 1 nand3_1, 1 nand4_1, 2 nor2_1, 2 nor2b_1, 1 nor4_1, 3 o21ai_0, 1 o21bai_1, 1 or2_0, 2 or3_1","6*7.51 + 3*6.26 + 1*6.26 + 2*3.75 + 26*3.75 + 1*3.75 + 19*25.02 + 1*26.28 + 4*3.75 + 1*6.26 + 1*5.0 + 1*6.26 + 2*3.75 + 2*6.26 + 1*6.26 + 3*5.0 + 1*7.51 + 1*6.26 + 2*6.26",780.6,"0.28 + 0.07 + 0.27",0.62,"6*5.9 + 3*1.92 + 1*5.59 + 2*1.18 + 26*1.57 + 1*3.24 + 19*11.65 + 1*10.52 + 4*2.12 + 1*2.25 + 1*1.03 + 1*0.53 + 2*1.97 + 2*2.18 + 1*0.5 + 3*1.04 + 1*2.87 + 1*1.26 + 2*1.28",355.94
"FF_8","32 a221o_1, 32 and3b_1, 32 dfxtp_1, 1 nor2_1","32*10.01 + 32*8.76 + 32*20.02 + 1*3.75",1245.03,"1.03 + 0.27",1.3,"32*2.66 + 32*7.06 + 32*8.44 + 1*1.97",583.09
"bank_compare","1 a21o_1, 5 a21oi_1, 3 and2_0, 1 and3b_1, 2 clkinv_1, 2 conb_1, 51 dfxtp_1, 39 mux2_1, 2 mux2i_1, 1 nand2_1, 1 nand2b_1, 1 nand3_1, 2 nand4_1, 7 nor2_1, 2 nor2b_1, 1 nor3_1, 3 nor4_1, 1 o2111a_1, 3 o21ai_0, 12 xnor2_1, 9 xor2_1","1*7.51 + 5*5.0 + 3*6.26 + 1*8.76 + 2*3.75 + 2*3.75 + 51*20.02 + 39*11.26 + 2*10.01 + 1*3.75 + 1*6.26 + 1*5.0 + 2*6.26 + 7*3.75 + 2*6.26 + 1*5.0 + 3*6.26 + 1*11.26 + 3*5.0 + 12*8.76 + 9*8.76",1855.53,"0.29 + 0.13 + 0.25 + 0.11 + 0.19",0.97,"1*5.9 + 5*1.65 + 3*1.92 + 1*7.06 + 2*1.57 + 2*3.24 + 51*8.44 + 39*4.03 + 2*5.89 + 1*2.12 + 1*2.25 + 1*1.03 + 2*0.53 + 7*1.97 + 2*2.18 + 1*0.93 + 3*0.5 + 1*3.75 + 3*1.04 + 12*2.07 + 9*4.28",733.25
"carry_save_multiplier","8 a21oi_1, 1 a221oi_1, 3 a22o_1, 1 a22oi_1, 1 a31oi_1, 3 and2_0, 1 and4_1, 3 clkinv_1, 1 conb_1, 34 maj3_1, 53 nand2_1, 3 nand2b_1, 2 nand3_1, 4 nand4_1, 11 nor2_1, 6 nor2b_1, 1 nor3_1, 1 nor3b_1, 1 o2111ai_1, 1 o21a_1, 6 o21ai_0, 1 o21ba_1, 1 or2_0, 45 xnor2_1, 7 xnor3_1, 33 xor2_1, 11 xor3_1","8*5.0 + 1*8.76 + 3*8.76 + 1*7.51 + 1*6.26 + 3*6.26 + 1*8.76 + 3*3.75 + 1*3.75 + 34*10.01 + 53*3.75 + 3*6.26 + 2*5.0 + 4*6.26 + 11*3.75 + 6*6.26 + 1*5.0 + 1*7.51 + 1*8.76 + 1*7.51 + 6*5.0 + 1*10.01 + 1*6.26 + 45*8.76 + 7*22.52 + 33*8.76 + 11*23.77",1980.51,"0.06 + 0.42 + 0.39 + 0.39 + 0.24 + 0.38 + 0.2 + 0.12 + 0.38 + 0.25 + 0.13 + 0.35 + 0.11",3.42,"8*1.65 + 1*1.78 + 3*4.06 + 1*2.58 + 1*1.48 + 3*1.92 + 1*3.4 + 3*1.57 + 1*3.24 + 34*2.09 + 53*2.12 + 3*2.25 + 2*1.03 + 4*0.53 + 11*1.97 + 6*2.18 + 1*0.93 + 1*1.3 + 1*0.58 + 1*2.21 + 6*1.04 + 1*7.27 + 1*1.26 + 45*2.07 + 7*15.62 + 33*4.28 + 11*15.22",808.37
"edge_detect","2 clkinv_1, 2 dfrtp_1, 2 nor2b_1","2*3.75 + 2*25.02 + 2*6.26",70.06,"0.35",0.35,"2*1.57 + 2*11.65 + 2*2.18",30.8
"adder_8bit","1 a21o_1, 1 a221oi_1, 1 and2_0, 1 clkinv_1, 8 dfxtp_1, 5 nand2_1, 4 nor2_1, 1 nor2b_1, 2 nor3_1, 1 o21a_1, 2 o21ai_0, 1 o311a_1, 1 o31a_1, 1 o31ai_1, 10 xnor2_1, 3 xor2_1","1*7.51 + 1*8.76 + 1*6.26 + 1*3.75 + 8*20.02 + 5*3.75 + 4*3.75 + 1*6.26 + 2*5.0 + 1*7.51 + 2*5.0 + 1*10.01 + 1*8.76 + 1*7.51 + 10*8.76 + 3*8.76",394.12,"0.05 + 0.3 + 0.17 + 0.34 + 0.25 + 0.12",1.23,"1*5.9 + 1*1.78 + 1*1.92 + 1*1.57 + 8*8.44 + 5*2.12 + 4*1.97 + 1*2.18 + 2*0.93 + 1*2.21 + 2*1.04 + 1*3.77 + 1*2.07 + 1*1.7 + 10*2.07 + 3*4.28",146.58
"digital_circuit","1 a21boi_0","1*7.51",7.51,"0.09",0.09,"1*2.48",2.48
"difficult_multi","1 a2111oi_0, 3 a211o_1, 3 a211oi_1, 6 a21boi_0, 1 a21o_1, 33 a21oi_1, 2 a221oi_1, 3 a22o_1, 5 a22oi_1, 1 a2bb2oi_1, 1 a311oi_1, 2 a31o_1, 9 a31oi_1, 2 a32oi_1, 19 and2_0, 4 and3_1, 25 clkinv_1, 35 maj3_1, 1 mux2_1, 3 mux2i_1, 74 nand2_1, 20 nand2b_1, 18 nand3_1, 3 nand3b_1, 73 nor2_1, 26 nor2b_1, 12 nor3_1, 3 nor3b_1, 1 nor4_1, 1 nor4b_1, 1 nor4bb_1, 2 o2111ai_1, 1 o211a_1, 2 o211ai_1, 4 o21a_1, 47 o21ai_0, 1 o21ba_1, 1 o22ai_1, 2 o311ai_0, 3 o31a_1, 8 o31ai_1, 7 or2_0, 4 or3_1, 1 or4_1, 138 xnor2_1, 44 xnor3_1, 87 xor2_1, 11 xor3_1","1*8.76 + 3*8.76 + 3*7.51 + 6*7.51 + 1*7.51 + 33*5.0 + 2*8.76 + 3*8.76 + 5*7.51 + 1*8.76 + 1*8.76 + 2*8.76 + 9*6.26 + 2*8.76 + 19*6.26 + 4*6.26 + 25*3.75 + 35*10.01 + 1*11.26 + 3*10.01 + 74*3.75 + 20*6.26 + 18*5.0 + 3*7.51 + 73*3.75 + 26*6.26 + 12*5.0 + 3*7.51 + 1*6.26 + 1*8.76 + 1*10.01 + 2*8.76 + 1*10.01 + 2*7.51 + 4*7.51 + 47*5.0 + 1*10.01 + 1*6.26 + 2*8.76 + 3*8.76 + 8*7.51 + 7*6.26 + 4*6.26 + 1*7.51 + 138*8.76 + 44*22.52 + 87*8.76 + 11*23.77",5881.52,"0.26 + 0.21 + 0.19 + 0.3 + 0.33 + 0.42 + 0.39 + 0.28 + 0.26 + 0.28 + 0.24 + 0.29 + 0.42 + 0.26 + 0.22 + 0.31 + 0.19 + 0.52 + 0.27 + 0.18 + 0.09 + 0.13 + 0.08 + 0.2",6.32,"1*0.42 + 3*3.14 + 3*0.98 + 6*2.48 + 1*5.9 + 33*1.65 + 2*1.78 + 3*4.06 + 5*2.58 + 1*3.38 + 1*0.97 + 2*2.37 + 9*1.48 + 2*1.25 + 19*1.92 + 4*5.59 + 25*1.57 + 35*2.09 + 1*4.03 + 3*5.89 + 74*2.12 + 20*2.25 + 18*1.03 + 3*1.4 + 73*1.97 + 26*2.18 + 12*0.93 + 3*1.3 + 1*0.5 + 1*0.91 + 1*3.2 + 2*0.58 + 1*10.66 + 2*0.7 + 4*2.21 + 47*1.04 + 1*7.27 + 1*1.31 + 2*0.64 + 3*2.07 + 8*1.7 + 7*1.26 + 4*1.28 + 1*0.85 + 138*2.07 + 44*15.62 + 87*4.28 + 11*15.22",2407.4
"axis_infrastructure_v1_1_util_aclken_converter","4 a21oi_1, 1 a22o_1, 2 a311oi_1, 2 and2_0, 2 clkinv_1, 68 dfxtp_1, 32 mux2i_1, 133 nand2_1, 4 nand2b_1, 2 nand3_1, 1 nand3b_1, 4 nor2b_1, 1 nor3_1, 1 nor3b_1, 1 o211ai_1, 34 o21ai_0, 1 o221a_1, 1 o221ai_1, 1 o41ai_1, 1 or3_1","4*5.0 + 1*8.76 + 2*8.76 + 2*6.26 + 2*3.75 + 68*20.02 + 32*10.01 + 133*3.75 + 4*6.26 + 2*5.0 + 1*7.51 + 4*6.26 + 1*5.0 + 1*7.51 + 1*7.51 + 34*5.0 + 1*11.26 + 1*8.76 + 1*8.76 + 1*6.26",2539.38,"0.37 + 2.15 + 2.11 + 0.32 + 0.1",5.05,"4*1.65 + 1*4.06 + 2*0.97 + 2*1.92 + 2*1.57 + 68*8.44 + 32*5.89 + 133*2.12 + 4*2.25 + 2*1.03 + 1*1.4 + 4*2.18 + 1*0.93 + 1*1.3 + 1*0.7 + 34*1.04 + 1*2.73 + 1*1.09 + 1*1.39 + 1*1.28",1129.9
"dff_async_reset_ce","1 dfrtp_1, 1 mux2_1","1*25.02 + 1*11.26",36.28,"0.33 + 0.27",0.6,"1*11.65 + 1*4.03",15.68
"mux4to1","4 mux4_2","4*22.52",90.08,"0.43",0.43,"4*6.37",25.48
"module1","1 nand2_1, 1 nand4_1, 1 nor2b_1, 1 o211ai_1, 1 o21ai_0","1*3.75 + 1*6.26 + 1*6.26 + 1*7.51 + 1*5.0",28.78,"0.1 + 0.12 + 0.08",0.3,"1*2.12 + 1*0.53 + 1*2.18 + 1*0.7 + 1*1.04",6.57
"four_bit_adder","4 maj3_1, 8 xnor2_1","4*10.01 + 8*8.76",110.12,"0.37 + 0.39 + 0.39 + 0.33",1.48,"4*2.09 + 8*2.07",24.92
"my_nand4","1 a22o_1","1*8.76",8.76,"0.18",0.18,"1*4.06",4.06
"axi_timer","1 a21oi_1, 6 a222oi_1, 1 a22oi_1, 9 dfxtp_1, 1 mux2i_1, 2 nand2_1, 1 nand2b_1, 10 nor2_1, 1 nor2b_1, 2 nor3_1, 1 nor3b_1, 1 o21a_1, 2 o31ai_1, 2 or4_1, 2 xnor2_1, 2 xor2_1","1*5.0 + 6*10.01 + 1*7.51 + 9*20.02 + 1*10.01 + 2*3.75 + 1*6.26 + 10*3.75 + 1*6.26 + 2*5.0 + 1*7.51 + 1*7.51 + 2*7.51 + 2*7.51 + 2*8.76 + 2*8.76",410.38,"0.3 + 0.58 + 0.46 + 0.25 + 0.28 + 0.06",1.93,"1*1.65 + 6*2.43 + 1*2.58 + 9*8.44 + 1*5.89 + 2*2.12 + 1*2.25 + 10*1.97 + 1*2.18 + 2*0.93 + 1*1.3 + 1*2.21 + 2*1.7 + 2*0.85 + 2*2.07 + 2*4.28",152.2
"binary_counter","6 a21oi_1, 1 and2_0, 2 and3_1, 2 and4_1, 8 dfxtp_1, 2 nor2_1, 5 nor3_1, 1 o21a_1, 2 o21bai_1","6*5.0 + 1*6.26 + 2*6.26 + 2*8.76 + 8*20.02 + 2*3.75 + 5*5.0 + 1*7.51 + 2*7.51",281.49,"0.34 + 0.24 + 0.26 + 0.16 + 0.04",1.04,"6*1.65 + 1*1.92 + 2*5.59 + 2*3.4 + 8*8.44 + 2*1.97 + 5*0.93 + 1*2.21 + 2*2.87",113.86
"top_module","1 a211o_1, 1 a21oi_1, 1 a22o_1, 3 a22oi_1, 1 a32oi_1, 1 and3_1, 1 and3b_1, 1 and4_1, 1 maj3_1, 7 nand2_1, 2 nand4_1, 2 nor2_1, 2 nor2b_1, 1 nor3_1, 1 o211ai_1, 1 o21ai_0, 1 o22a_1, 1 o41ai_1, 1 or2_0, 1 xor2_1, 1 xor3_1","1*8.76 + 1*5.0 + 1*8.76 + 3*7.51 + 1*8.76 + 1*6.26 + 1*8.76 + 1*8.76 + 1*10.01 + 7*3.75 + 2*6.26 + 2*3.75 + 2*6.26 + 1*5.0 + 1*7.51 + 1*5.0 + 1*8.76 + 1*8.76 + 1*6.26 + 1*8.76 + 1*23.77",220.21,"0.21 + 0.26 + 0.19 + 0.2 + 0.07",0.93,"1*3.14 + 1*1.65 + 1*4.06 + 3*2.58 + 1*1.25 + 1*5.59 + 1*7.06 + 1*3.4 + 1*2.09 + 7*2.12 + 2*0.53 + 2*1.97 + 2*2.18 + 1*0.93 + 1*0.7 + 1*1.04 + 1*2.76 + 1*1.39 + 1*1.26 + 1*4.28 + 1*15.22",87.76
"UART","2 a21boi_0, 2 a21o_1, 8 a21oi_1, 8 a22o_1, 5 a31oi_1, 1 a32o_1, 1 a32oi_1, 4 and2_0, 2 clkinv_1, 28 dfxtp_1, 3 mux2i_1, 2 mux4_2, 9 nand2_1, 8 nand2b_1, 3 nand3_1, 1 nand3b_1, 1 nand4_1, 2 nand4b_1, 13 nor2_1, 1 nor2b_1, 3 nor3_1, 3 nor4_1, 1 nor4b_1, 7 o21ai_0, 1 o22ai_1, 1 o31a_1, 1 o31ai_1, 1 o41ai_1, 1 or2_0, 1 or3_1, 2 or4_1, 1 or4b_1, 2 xnor2_1","2*7.51 + 2*7.51 + 8*5.0 + 8*8.76 + 5*6.26 + 1*10.01 + 1*8.76 + 4*6.26 + 2*3.75 + 28*20.02 + 3*10.01 + 2*22.52 + 9*3.75 + 8*6.26 + 3*5.0 + 1*7.51 + 1*6.26 + 2*8.76 + 13*3.75 + 1*6.26 + 3*5.0 + 3*6.26 + 1*8.76 + 7*5.0 + 1*6.26 + 1*8.76 + 1*7.51 + 1*8.76 + 1*6.26 + 1*6.26 + 2*7.51 + 1*10.01 + 2*8.76",1207.39,"0.31 + 0.57 + 0.37 + 0.47 + 0.19 + 0.53 + 0.19 + 0.15",2.78,"2*2.48 + 2*5.9 + 8*1.65 + 8*4.06 + 5*1.48 + 1*2.3 + 1*1.25 + 4*1.92 + 2*1.57 + 28*8.44 + 3*5.89 + 2*6.37 + 9*2.12 + 8*2.25 + 3*1.03 + 1*1.4 + 1*0.53 + 2*1.03 + 13*1.97 + 1*2.18 + 3*0.93 + 3*0.5 + 1*0.91 + 7*1.04 + 1*1.31 + 1*2.07 + 1*1.7 + 1*1.39 + 1*1.26 + 1*1.28 + 2*0.85 + 1*2.14 + 2*2.07",452.36
"shift_register","1 and2_0, 4 dfxtp_1, 3 mux2_1","1*6.26 + 4*20.02 + 3*11.26",120.12,"0.27 + 0.26",0.53,"1*1.92 + 4*8.44 + 3*4.03",47.77
"bd_clk_wiz_0_0","1 clkinv_1, 1 conb_1, 4 dfrtp_1, 1 nand2_1, 1 nand2b_1, 2 xnor2_1, 1 xor2_1","1*3.75 + 1*3.75 + 4*25.02 + 1*3.75 + 1*6.26 + 2*8.76 + 1*8.76",143.87,"0.36 + 0.15 + 0.12",0.63,"1*1.57 + 1*3.24 + 4*11.65 + 1*2.12 + 1*2.25 + 2*2.07 + 1*4.28",64.2
"vga_driver","1 a211o_1, 1 a211oi_1, 3 a21oi_1, 19 a22o_1, 4 a31oi_1, 7 and2_0, 6 and3_1, 2 and4_1, 52 clkinv_1, 1 conb_1, 47 dfrtp_1, 6 nand2_1, 2 nand3_1, 2 nand3b_1, 2 nand4_1, 15 nor2_1, 2 nor2b_1, 8 nor3_1, 1 nor3b_1, 2 nor4_1, 1 nor4bb_1, 2 o21ai_0, 1 o41ai_1, 2 or3_1, 1 or4_1, 6 xnor2_1, 4 xor2_1","1*8.76 + 1*7.51 + 3*5.0 + 19*8.76 + 4*6.26 + 7*6.26 + 6*6.26 + 2*8.76 + 52*3.75 + 1*3.75 + 47*25.02 + 6*3.75 + 2*5.0 + 2*7.51 + 2*6.26 + 15*3.75 + 2*6.26 + 8*5.0 + 1*7.51 + 2*6.26 + 1*10.01 + 2*5.0 + 1*8.76 + 2*6.26 + 1*7.51 + 6*8.76 + 4*8.76",2021.58,"0.39 + 0.38 + 0.32 + 0.29 + 0.27 + 0.6 + 0.24",2.49,"1*3.14 + 1*0.98 + 3*1.65 + 19*4.06 + 4*1.48 + 7*1.92 + 6*5.59 + 2*3.4 + 52*1.57 + 1*3.24 + 47*11.65 + 6*2.12 + 2*1.03 + 2*1.4 + 2*0.53 + 15*1.97 + 2*2.18 + 8*0.93 + 1*1.3 + 2*0.5 + 1*3.2 + 2*1.04 + 1*1.39 + 2*1.28 + 1*0.85 + 6*2.07 + 4*4.28",880.25
"ripple_carry_adder","1 maj3_1, 2 nand2_1, 1 nor2_1, 1 o21ai_0, 5 xnor2_1, 2 xor2_1","1*10.01 + 2*3.75 + 1*3.75 + 1*5.0 + 5*8.76 + 2*8.76",87.58,"0.07 + 0.13 + 0.38 + 0.11",0.69,"1*2.09 + 2*2.12 + 1*1.97 + 1*1.04 + 5*2.07 + 2*4.28",28.25
"vga_sync","1 a211oi_1, 18 a21oi_1, 1 a221o_1, 10 a22oi_1, 9 a311oi_1, 10 a31oi_1, 1 a41oi_1, 1 and2_0, 1 and3_1, 1 and3b_1, 2 and4_1, 5 clkinv_1, 1 conb_1, 46 dfxtp_1, 19 nand2_1, 1 nand3_1, 2 nand3b_1, 3 nand4_1, 17 nor2_1, 15 nor3_1, 1 nor3b_1, 3 nor4_1, 3 nor4b_1, 1 o211ai_1, 1 o21a_1, 7 o21ai_0, 1 o31ai_1, 2 or4_1, 3 xnor2_1, 3 xor2_1","1*7.51 + 18*5.0 + 1*10.01 + 10*7.51 + 9*8.76 + 10*6.26 + 1*8.76 + 1*6.26 + 1*6.26 + 1*8.76 + 2*8.76 + 5*3.75 + 1*3.75 + 46*20.02 + 19*3.75 + 1*5.0 + 2*7.51 + 3*6.26 + 17*3.75 + 15*5.0 + 1*7.51 + 3*6.26 + 3*8.76 + 1*7.51 + 1*7.51 + 7*5.0 + 1*7.51 + 2*7.51 + 3*8.76 + 3*8.76",1741.52,"0.02",0.02,"1*0.98 + 18*1.65 + 1*2.66 + 10*2.58 + 9*0.97 + 10*1.48 + 1*1.36 + 1*1.92 + 1*5.59 + 1*7.06 + 2*3.4 + 5*1.57 + 1*3.24 + 46*8.44 + 19*2.12 + 1*1.03 + 2*1.4 + 3*0.53 + 17*1.97 + 15*0.93 + 1*1.3 + 3*0.5 + 3*0.91 + 1*0.7 + 1*2.21 + 7*1.04 + 1*1.7 + 2*0.85 + 3*2.07 + 3*4.28",636.04
"mux2to1","1 mux2_1","1*11.26",11.26,"0.26",0.26,"1*4.03",4.03
"binary_counter","2 a21oi_1, 1 a41oi_1, 1 and3_1, 4 dfxtp_1, 1 nor2_1, 1 nor3_1, 1 o21a_1, 1 o21bai_1","2*5.0 + 1*8.76 + 1*6.26 + 4*20.02 + 1*3.75 + 1*5.0 + 1*7.51 + 1*7.51",128.87,"0.31 + 0.17 + 0.15",0.63,"2*1.65 + 1*1.36 + 1*5.59 + 4*8.44 + 1*1.97 + 1*0.93 + 1*2.21 + 1*2.87",51.99
"DecodeUnit","2 a211oi_1, 1 a21oi_1, 1 a31oi_1, 1 a32oi_1, 1 and3_1, 2 clkinv_1, 4 dlxtn_1, 3 mux2_1, 5 nand2_1, 4 nand2b_1, 4 nand3_1, 2 nand3b_1, 5 nor2_1, 3 nor3_1, 3 nor3b_1, 1 nor4_1, 1 nor4b_1, 1 o211a_1, 1 o211ai_1, 3 o21ai_0, 1 o21bai_1, 4 o22ai_1, 2 or2_0, 1 or3_1, 1 or3b_1, 2 or4_1","2*7.51 + 1*5.0 + 1*6.26 + 1*8.76 + 1*6.26 + 2*3.75 + 4*15.01 + 3*11.26 + 5*3.75 + 4*6.26 + 4*5.0 + 2*7.51 + 5*3.75 + 3*5.0 + 3*7.51 + 1*6.26 + 1*8.76 + 1*10.01 + 1*7.51 + 3*5.0 + 1*7.51 + 4*6.26 + 2*6.26 + 1*6.26 + 1*8.76 + 2*7.51",400.36,"0.21 + 0.54 + 0.07",0.82,"2*0.98 + 1*1.65 + 1*1.48 + 1*1.25 + 1*5.59 + 2*1.57 + 4*8.12 + 3*4.03 + 5*2.12 + 4*2.25 + 4*1.03 + 2*1.4 + 5*1.97 + 3*0.93 + 3*1.3 + 1*0.5 + 1*0.91 + 1*10.66 + 1*0.7 + 3*1.04 + 1*2.87 + 4*1.31 + 2*1.26 + 1*1.28 + 1*2.59 + 2*0.85",134.79
"FSM","1 a22o_1, 6 a22oi_1, 10 dfxtp_1, 2 mux2_1, 15 nand2_1, 1 nand3_1, 2 nor2b_1, 2 nor4_1, 1 o21ai_0, 1 xnor2_1","1*8.76 + 6*7.51 + 10*20.02 + 2*11.26 + 15*3.75 + 1*5.0 + 2*6.26 + 2*6.26 + 1*5.0 + 1*8.76",376.59,"0.3 + 0.25 + 0.11 + 0.31",0.97,"1*4.06 + 6*2.58 + 10*8.44 + 2*4.03 + 15*2.12 + 1*1.03 + 2*2.18 + 2*0.5 + 1*1.04 + 1*2.07",153.3
"up_down_counter","6 dfxtp_1, 2 mux2_1, 3 nand2_1, 1 nand2b_1, 1 nand4_1, 1 o21ai_0, 1 or4b_1, 3 xnor2_1, 1 xor2_1","6*20.02 + 2*11.26 + 3*3.75 + 1*6.26 + 1*6.26 + 1*5.0 + 1*10.01 + 3*8.76 + 1*8.76",216.46,"0.3 + 0.49 + 0.08 + 0.05 + 0.26",1.18,"6*8.44 + 2*4.03 + 3*2.12 + 1*2.25 + 1*0.53 + 1*1.04 + 1*2.14 + 3*2.07 + 1*4.28",81.51
"multiplier_block","1 a211oi_1, 2 a21o_1, 8 a21oi_1, 1 a221o_1, 1 a2bb2oi_1, 1 a311oi_1, 1 a31oi_1, 7 and2_0, 1 and3_1, 25 clkinv_1, 1 conb_1, 36 maj3_1, 8 nand2_1, 5 nand2b_1, 28 nor2_1, 8 nor2b_1, 4 nor3_1, 1 o21a_1, 8 o21ai_0, 1 o21bai_1, 1 o221ai_1, 2 o31ai_1, 1 or4_1, 102 xnor2_1, 26 xor2_1","1*7.51 + 2*7.51 + 8*5.0 + 1*10.01 + 1*8.76 + 1*8.76 + 1*6.26 + 7*6.26 + 1*6.26 + 25*3.75 + 1*3.75 + 36*10.01 + 8*3.75 + 5*6.26 + 28*3.75 + 8*6.26 + 4*5.0 + 1*7.51 + 8*5.0 + 1*7.51 + 1*8.76 + 2*7.51 + 1*7.51 + 102*8.76 + 26*8.76",2048.23,"0.57 + 0.36 + 0.27 + 0.1 + 0.2 + 0.24 + 0.12 + 0.39 + 0.38 + 0.2 + 0.22 + 0.1 + 0.38 + 0.4 + 0.26 + 0.13 + 0.39 + 0.39 + 0.39 + 0.39 + 0.39 + 0.39 + 0.39 + 0.39 + 0.39 + 0.37 + 0.11",8.31,"1*0.98 + 2*5.9 + 8*1.65 + 1*2.66 + 1*3.38 + 1*0.97 + 1*1.48 + 7*1.92 + 1*5.59 + 25*1.57 + 1*3.24 + 36*2.09 + 8*2.12 + 5*2.25 + 28*1.97 + 8*2.18 + 4*0.93 + 1*2.21 + 8*1.04 + 1*2.87 + 1*1.09 + 2*1.7 + 1*0.85 + 102*2.07 + 26*4.28",616.92
"shift_register_parallel_load","1 and2_0, 8 clkinv_1, 8 dfrtp_1, 7 mux2_1","1*6.26 + 8*3.75 + 8*25.02 + 7*11.26",315.24,"0.33 + 0.27",0.6,"1*1.92 + 8*1.57 + 8*11.65 + 7*4.03",135.89
"bitwise_operations","1 a22o_1, 1 and2_0, 1 and4_1, 1 clkinv_1, 1 nand2_1, 1 nor2_1, 1 or2_0, 1 xnor2_1, 1 xor2_1","1*8.76 + 1*6.26 + 1*8.76 + 1*3.75 + 1*3.75 + 1*3.75 + 1*6.26 + 1*8.76 + 1*8.76",58.81,"0.18",0.18,"1*4.06 + 1*1.92 + 1*3.4 + 1*1.57 + 1*2.12 + 1*1.97 + 1*1.26 + 1*2.07 + 1*4.28",22.65
"axi_dwidth_converter_v2_1_axi4lite_upsizer","1 a211o_1, 3 a21boi_0, 3 a21oi_1, 1 a31oi_1, 8 and2_0, 2 and3_1, 4 clkinv_1, 13 dfxtp_1, 32 mux2_1, 4 nand2_1, 1 nand2b_1, 1 nand4_1, 1 nand4b_1, 1 nand4bb_1, 4 nor2_1, 4 nor2b_1, 3 nor3b_1, 1 nor4_1, 1 o211a_1, 1 o211ai_1, 3 o21ai_0, 2 o221ai_1","1*8.76 + 3*7.51 + 3*5.0 + 1*6.26 + 8*6.26 + 2*6.26 + 4*3.75 + 13*20.02 + 32*11.26 + 4*3.75 + 1*6.26 + 1*6.26 + 1*8.76 + 1*11.26 + 4*3.75 + 4*6.26 + 3*7.51 + 1*6.26 + 1*10.01 + 1*7.51 + 3*5.0 + 2*8.76",917.14,"0.25",0.25,"1*3.14 + 3*2.48 + 3*1.65 + 1*1.48 + 8*1.92 + 2*5.59 + 4*1.57 + 13*8.44 + 32*4.03 + 4*2.12 + 1*2.25 + 1*0.53 + 1*1.03 + 1*1.9 + 4*1.97 + 4*2.18 + 3*1.3 + 1*0.5 + 1*10.66 + 1*0.7 + 3*1.04 + 2*1.09",340.36
"top_module","1 a21o_1, 1 a21oi_1, 1 and2_0, 2 clkinv_1, 5 maj3_1, 3 nand2_1, 1 nand2b_1, 1 nand3_1, 1 nand4_1, 3 nor2_1, 1 o2111a_1, 1 o21a_1, 1 o21ai_0, 1 or2_0, 14 xnor2_1, 6 xor2_1","1*7.51 + 1*5.0 + 1*6.26 + 2*3.75 + 5*10.01 + 3*3.75 + 1*6.26 + 1*5.0 + 1*6.26 + 3*3.75 + 1*11.26 + 1*7.51 + 1*5.0 + 1*6.26 + 14*8.76 + 6*8.76",321.57,"0.07 + 0.13 + 0.4 + 0.39 + 0.39 + 0.39 + 0.4 + 0.3 + 0.11 + 0.08 + 0.14",2.8,"1*5.9 + 1*1.65 + 1*1.92 + 2*1.57 + 5*2.09 + 3*2.12 + 1*2.25 + 1*1.03 + 1*0.53 + 3*1.97 + 1*3.75 + 1*2.21 + 1*1.04 + 1*1.26 + 14*2.07 + 6*4.28",102.06
"padder","1 a21o_1, 1 a21oi_1, 14 and2_0, 1 conb_1, 2 nor2_1, 9 nor2b_1, 1 or2_0, 1 xor2_1","1*7.51 + 1*5.0 + 14*6.26 + 1*3.75 + 2*3.75 + 9*6.26 + 1*6.26 + 1*8.76",182.76,"0.31 + 0.13",0.44,"1*5.9 + 1*1.65 + 14*1.92 + 1*3.24 + 2*1.97 + 9*2.18 + 1*1.26 + 1*4.28",66.77
"calculator","10 a21oi_1, 2 a22oi_1, 1 a311oi_1, 1 a31oi_1, 1 a41oi_1, 1 and3_1, 1 and4_1, 5 clkinv_1, 16 dfxtp_1, 3 maj3_1, 6 mux2_1, 17 nand2_1, 3 nand2b_1, 1 nand4_1, 12 nor2_1, 3 nor2b_1, 1 nor3_1, 1 nor4_1, 1 o211ai_1, 1 o21a_1, 7 o21ai_0, 2 o221ai_1, 1 o311a_1, 1 o31a_1, 3 o31ai_1, 1 or2_0, 1 or3_1, 16 xnor2_1, 2 xor2_1","10*5.0 + 2*7.51 + 1*8.76 + 1*6.26 + 1*8.76 + 1*6.26 + 1*8.76 + 5*3.75 + 16*20.02 + 3*10.01 + 6*11.26 + 17*3.75 + 3*6.26 + 1*6.26 + 12*3.75 + 3*6.26 + 1*5.0 + 1*6.26 + 1*7.51 + 1*7.51 + 7*5.0 + 2*8.76 + 1*10.01 + 1*8.76 + 3*7.51 + 1*6.26 + 1*6.26 + 16*8.76 + 2*8.76",983.35,"0.47 + 0.24 + 0.31 + 0.11 + 0.37 + 0.32 + 0.23 + 0.04 + 0.18 + 0.08 + 0.26",2.61,"10*1.65 + 2*2.58 + 1*0.97 + 1*1.48 + 1*1.36 + 1*5.59 + 1*3.4 + 5*1.57 + 16*8.44 + 3*2.09 + 6*4.03 + 17*2.12 + 3*2.25 + 1*0.53 + 12*1.97 + 3*2.18 + 1*0.93 + 1*0.5 + 1*0.7 + 1*2.21 + 7*1.04 + 2*1.09 + 1*3.77 + 1*2.07 + 3*1.7 + 1*1.26 + 1*1.28 + 16*2.07 + 2*4.28",350.26
"multiplier_block","1 a211o_1, 1 a211oi_1, 1 a21boi_0, 1 a21o_1, 18 a21oi_1, 2 a221oi_1, 1 a2bb2oi_1, 2 a31oi_1, 2 and2_0, 26 clkinv_1, 58 maj3_1, 1 mux2_1, 17 nand2_1, 9 nand2b_1, 24 nor2_1, 9 nor2b_1, 2 nor3_1, 1 nor4_1, 2 o211ai_1, 4 o21a_1, 6 o21ai_0, 2 o311ai_0, 1 o31a_1, 3 o31ai_1, 2 or2_0, 2 or3_1, 1 or4_1, 122 xnor2_1, 8 xnor3_1, 53 xor2_1","1*8.76 + 1*7.51 + 1*7.51 + 1*7.51 + 18*5.0 + 2*8.76 + 1*8.76 + 2*6.26 + 2*6.26 + 26*3.75 + 58*10.01 + 1*11.26 + 17*3.75 + 9*6.26 + 24*3.75 + 9*6.26 + 2*5.0 + 1*6.26 + 2*7.51 + 4*7.51 + 6*5.0 + 2*8.76 + 1*8.76 + 3*7.51 + 2*6.26 + 2*6.26 + 1*7.51 + 122*8.76 + 8*22.52 + 53*8.76",3014.22,"0.59 + 0.22 + 0.37 + 0.37 + 0.37 + 0.39 + 0.39 + 0.39 + 0.39 + 0.37 + 0.37 + 0.38 + 0.4 + 0.22 + 0.14 + 0.39 + 0.39 + 0.39 + 0.39 + 0.39 + 0.39 + 0.4 + 0.22 + 0.14 + 0.39 + 0.37 + 0.11",9.33,"1*3.14 + 1*0.98 + 1*2.48 + 1*5.9 + 18*1.65 + 2*1.78 + 1*3.38 + 2*1.48 + 2*1.92 + 26*1.57 + 58*2.09 + 1*4.03 + 17*2.12 + 9*2.25 + 24*1.97 + 9*2.18 + 2*0.93 + 1*0.5 + 2*0.7 + 4*2.21 + 6*1.04 + 2*0.64 + 1*2.07 + 3*1.7 + 2*1.26 + 2*1.28 + 1*0.85 + 122*2.07 + 8*15.62 + 53*4.28",982.76
"multiplier","1 a211o_1, 2 a211oi_1, 3 a21o_1, 19 a21oi_1, 1 a221o_1, 7 a221oi_1, 8 a22oi_1, 2 a31o_1, 3 a31oi_1, 1 a32oi_1, 3 and2_0, 1 and3_1, 12 clkinv_1, 10 maj3_1, 3 mux2_1, 3 mux2i_1, 33 nand2_1, 5 nand2b_1, 4 nand3_1, 2 nand4_1, 20 nor2_1, 9 nor2b_1, 5 nor3_1, 1 o2111ai_1, 3 o211ai_1, 1 o21a_1, 22 o21ai_0, 4 o221ai_1, 7 o22ai_1, 1 o311ai_0, 1 o31a_1, 1 o32a_1, 2 o32ai_1, 1 or2_0, 1 or3_1, 1 or4_1, 17 xnor2_1, 10 xnor3_1, 5 xor2_1","1*8.76 + 2*7.51 + 3*7.51 + 19*5.0 + 1*10.01 + 7*8.76 + 8*7.51 + 2*8.76 + 3*6.26 + 1*8.76 + 3*6.26 + 1*6.26 + 12*3.75 + 10*10.01 + 3*11.26 + 3*10.01 + 33*3.75 + 5*6.26 + 4*5.0 + 2*6.26 + 20*3.75 + 9*6.26 + 5*5.0 + 1*8.76 + 3*7.51 + 1*7.51 + 22*5.0 + 4*8.76 + 7*6.26 + 1*8.76 + 1*8.76 + 1*10.01 + 2*8.76 + 1*6.26 + 1*6.26 + 1*7.51 + 17*8.76 + 10*22.52 + 5*8.76",1606.3,"0.16 + 0.48 + 0.18 + 0.22 + 0.29 + 0.23 + 0.26 + 0.29 + 0.33 + 0.39 + 0.33 + 0.33 + 0.2 + 0.19 + 0.29 + 0.29 + 0.09",4.55,"1*3.14 + 2*0.98 + 3*5.9 + 19*1.65 + 1*2.66 + 7*1.78 + 8*2.58 + 2*2.37 + 3*1.48 + 1*1.25 + 3*1.92 + 1*5.59 + 12*1.57 + 10*2.09 + 3*4.03 + 3*5.89 + 33*2.12 + 5*2.25 + 4*1.03 + 2*0.53 + 20*1.97 + 9*2.18 + 5*0.93 + 1*0.58 + 3*0.7 + 1*2.21 + 22*1.04 + 4*1.09 + 7*1.31 + 1*0.64 + 1*2.07 + 1*1.66 + 2*1.09 + 1*1.26 + 1*1.28 + 1*0.85 + 17*2.07 + 10*15.62 + 5*4.28",595.28
"shift_register_incrementer_xor","3 a21oi_1, 1 a41oi_1, 1 and3_1, 1 clkinv_1, 1 conb_1, 16 dfxtp_1, 3 mux2_1, 8 mux2i_1, 9 nor2_1, 1 nor3_1, 2 o21a_1, 8 xor2_1","3*5.0 + 1*8.76 + 1*6.26 + 1*3.75 + 1*3.75 + 16*20.02 + 3*11.26 + 8*10.01 + 9*3.75 + 1*5.0 + 2*7.51 + 8*8.76",595.55,"0.34 + 0.19 + 0.15",0.68,"3*1.65 + 1*1.36 + 1*5.59 + 1*1.57 + 1*3.24 + 16*8.44 + 3*4.03 + 8*5.89 + 9*1.97 + 1*0.93 + 2*2.21 + 8*4.28",268.28
"d_ff_ms","2 dfxtp_1, 1 nor2b_1","2*20.02 + 1*6.26",46.3,"0.27",0.27,"2*8.44 + 1*2.18",19.06
"stepgen","1 a2111oi_0, 2 a211oi_1, 4 a21o_1, 27 a21oi_1, 3 a31oi_1, 1 a32oi_1, 5 and2_0, 2 clkinv_1, 33 dfxtp_1, 3 maj3_1, 5 mux2_1, 1 mux2i_1, 1 mux4_2, 25 nand2_1, 2 nand2b_1, 1 nand4_1, 36 nor2_1, 2 nor2b_1, 3 nor3_1, 1 nor4_1, 1 o211ai_1, 22 o21ai_0, 1 o221ai_1, 1 o2bb2ai_1, 1 o31a_1, 2 o31ai_1, 1 o41ai_1, 3 or2_0, 5 or3_1, 21 xnor2_1, 15 xor2_1","1*8.76 + 2*7.51 + 4*7.51 + 27*5.0 + 3*6.26 + 1*8.76 + 5*6.26 + 2*3.75 + 33*20.02 + 3*10.01 + 5*11.26 + 1*10.01 + 1*22.52 + 25*3.75 + 2*6.26 + 1*6.26 + 36*3.75 + 2*6.26 + 3*5.0 + 1*6.26 + 1*7.51 + 22*5.0 + 1*8.76 + 1*8.76 + 1*8.76 + 2*7.51 + 1*8.76 + 3*6.26 + 5*6.26 + 21*8.76 + 15*8.76",1849.0,"0.3 + 0.14 + 0.29 + 0.14 + 0.32 + 0.29 + 0.09 + 0.25 + 0.16 + 0.33 + 0.2 + 0.39 + 0.11 + 0.45 + 0.1",3.56,"1*0.42 + 2*0.98 + 4*5.9 + 27*1.65 + 3*1.48 + 1*1.25 + 5*1.92 + 2*1.57 + 33*8.44 + 3*2.09 + 5*4.03 + 1*5.89 + 1*6.37 + 25*2.12 + 2*2.25 + 1*0.53 + 36*1.97 + 2*2.18 + 3*0.93 + 1*0.5 + 1*0.7 + 22*1.04 + 1*1.09 + 1*1.85 + 1*2.07 + 2*1.7 + 1*1.39 + 3*1.26 + 5*1.28 + 21*2.07 + 15*4.28",693.99
"simple_calc","5 a21oi_1, 1 a221oi_1, 2 a31oi_1, 4 clkinv_1, 7 maj3_1, 5 nand2_1, 1 nand2b_1, 7 nor2_1, 1 nor2b_1, 1 o211ai_1, 2 o21ai_0, 1 o21bai_1, 11 xnor2_1, 4 xor2_1","5*5.0 + 1*8.76 + 2*6.26 + 4*3.75 + 7*10.01 + 5*3.75 + 1*6.26 + 7*3.75 + 1*6.26 + 1*7.51 + 2*5.0 + 1*7.51 + 11*8.76 + 4*8.76",345.29,"0.13 + 0.37 + 0.37 + 0.37 + 0.37 + 0.19 + 0.12 + 0.12",2.04,"5*1.65 + 1*1.78 + 2*1.48 + 4*1.57 + 7*2.09 + 5*2.12 + 1*2.25 + 7*1.97 + 1*2.18 + 1*0.7 + 2*1.04 + 1*2.87 + 11*2.07 + 4*4.28",108.26
"barrel_shifter","1 a2111oi_0, 1 a211oi_1, 1 a21o_1, 1 a21oi_1, 1 a22o_1, 1 a31o_1, 1 a31oi_1, 1 a32oi_1, 1 and2_0, 3 clkinv_1, 2 mux2i_1, 4 nand2_1, 3 nand2b_1, 2 nor2_1, 1 nor2b_1, 1 nor3b_1, 2 o211ai_1, 1 o21ai_0, 1 o31ai_1, 1 o32ai_1, 1 o41ai_1, 1 or3_1","1*8.76 + 1*7.51 + 1*7.51 + 1*5.0 + 1*8.76 + 1*8.76 + 1*6.26 + 1*8.76 + 1*6.26 + 3*3.75 + 2*10.01 + 4*3.75 + 3*6.26 + 2*3.75 + 1*6.26 + 1*7.51 + 2*7.51 + 1*5.0 + 1*7.51 + 1*8.76 + 1*8.76 + 1*6.26",205.21,"0.15 + 0.32 + 0.19 + 0.08",0.74,"1*0.42 + 1*0.98 + 1*5.9 + 1*1.65 + 1*4.06 + 1*2.37 + 1*1.48 + 1*1.25 + 1*1.92 + 3*1.57 + 2*5.89 + 4*2.12 + 3*2.25 + 2*1.97 + 1*2.18 + 1*1.3 + 2*0.7 + 1*1.04 + 1*1.7 + 1*1.09 + 1*1.39 + 1*1.28",67.07
"ShiftRegister","6 dfxtp_1, 5 mux2_1","6*20.02 + 5*11.26",176.42,"0.27 + 0.26",0.53,"6*8.44 + 5*4.03",70.79
"checksum","1 a2111oi_0, 12 a211oi_1, 2 a21o_1, 14 a21oi_1, 1 a31oi_1, 3 and2_0, 2 and3_1, 1 and4_1, 3 clkinv_1, 25 dfxtp_1, 5 maj3_1, 7 nand2_1, 1 nand2b_1, 1 nand4_1, 23 nor2_1, 4 nor2b_1, 7 nor3_1, 2 o21ai_0, 5 o21bai_1, 2 o31ai_1, 1 or4_1, 21 xnor2_1, 2 xor2_1","1*8.76 + 12*7.51 + 2*7.51 + 14*5.0 + 1*6.26 + 3*6.26 + 2*6.26 + 1*8.76 + 3*3.75 + 25*20.02 + 5*10.01 + 7*3.75 + 1*6.26 + 1*6.26 + 23*3.75 + 4*6.26 + 7*5.0 + 2*5.0 + 5*7.51 + 2*7.51 + 1*7.51 + 21*8.76 + 2*8.76",1248.64,"0.37 + 0.11 + 0.29 + 0.14 + 0.32 + 0.27 + 0.1 + 1.04 + 0.27 + 0.45 + 0.13",3.49,"1*0.42 + 12*0.98 + 2*5.9 + 14*1.65 + 1*1.48 + 3*1.92 + 2*5.59 + 1*3.4 + 3*1.57 + 25*8.44 + 5*2.09 + 7*2.12 + 1*2.25 + 1*0.53 + 23*1.97 + 4*2.18 + 7*0.93 + 2*1.04 + 5*2.87 + 2*1.7 + 1*0.85 + 21*2.07 + 2*4.28",445.93
"adder","8 a211oi_1, 1 a21oi_1, 1 and2_0, 1 conb_1, 9 dfxtp_1, 5 maj3_1, 2 nand2_1, 1 nand2b_1, 10 nor2_1, 1 nor2b_1, 2 o21ai_0, 9 xnor2_1, 5 xor2_1","8*7.51 + 1*5.0 + 1*6.26 + 1*3.75 + 9*20.02 + 5*10.01 + 2*3.75 + 1*6.26 + 10*3.75 + 1*6.26 + 2*5.0 + 9*8.76 + 5*8.76",495.48,"0.18 + 0.15 + 0.4 + 0.39 + 0.39 + 0.39 + 0.38 + 0.13 + 0.2",2.61,"8*0.98 + 1*1.65 + 1*1.92 + 1*3.24 + 9*8.44 + 5*2.09 + 2*2.12 + 1*2.25 + 10*1.97 + 1*2.18 + 2*1.04 + 9*2.07 + 5*4.28",171.54
"logic_circuit","1 clkinv_1, 1 mux2i_1, 1 o21ai_0","1*3.75 + 1*10.01 + 1*5.0",18.76,"0.13 + 0.06",0.19,"1*1.57 + 1*5.89 + 1*1.04",8.5
"timer","6 a21oi_1, 1 a31oi_1, 18 and2_0, 21 and3_1, 21 and4_1, 1 conb_1, 64 dfrtp_1, 57 nor2_1, 60 nor3_1, 3 o21a_1","6*5.0 + 1*6.26 + 18*6.26 + 21*6.26 + 21*8.76 + 1*3.75 + 64*25.02 + 57*3.75 + 60*5.0 + 3*7.51",2605.67,"0.37 + 0.27 + 0.26 + 0.25 + 0.25 + 0.25 + 0.25 + 0.25 + 0.25 + 0.25 + 0.25 + 0.25 + 0.25 + 0.25 + 0.25 + 0.25 + 0.25 + 0.25 + 0.25 + 0.25 + 0.29 + 0.2 + 0.04",5.68,"6*1.65 + 1*1.48 + 18*1.92 + 21*5.59 + 21*3.4 + 1*3.24 + 64*11.65 + 57*1.97 + 60*0.93 + 3*2.21",1158.29
"auto_instance","1 dfrtp_1, 1 mux2_1","1*25.02 + 1*11.26",36.28,"0.33 + 0.27",0.6,"1*11.65 + 1*4.03",15.68
"four_bit_multiplier","1 conb_1, 9 dfxtp_1, 3 nand2_1, 1 nor2_1, 1 o21ai_0, 4 xnor2_1, 4 xor2_1","1*3.75 + 9*20.02 + 3*3.75 + 1*3.75 + 1*5.0 + 4*8.76 + 4*8.76",274.01,"0.29 + 0.16 + 0.11",0.56,"1*3.24 + 9*8.44 + 3*2.12 + 1*1.97 + 1*1.04 + 4*2.07 + 4*4.28",113.97
"diff_module","2 a21oi_1, 2 clkinv_1, 1 maj3_1, 3 nand2_1, 2 nand2b_1, 1 nand3_1, 1 nor2_1, 2 nor2b_1, 1 o211ai_1, 1 o21ai_0, 1 o22ai_1, 9 xnor2_1","2*5.0 + 2*3.75 + 1*10.01 + 3*3.75 + 2*6.26 + 1*5.0 + 1*3.75 + 2*6.26 + 1*7.51 + 1*5.0 + 1*6.26 + 9*8.76",170.16,"0.26 + 0.15 + 0.39 + 0.16 + 0.15 + 0.07",1.18,"2*1.65 + 2*1.57 + 1*2.09 + 3*2.12 + 2*2.25 + 1*1.03 + 1*1.97 + 2*2.18 + 1*0.7 + 1*1.04 + 1*1.31 + 9*2.07",48.43
"synchronizer","1 clkinv_1, 1 dfrtp_1, 1 dfxtp_1","1*3.75 + 1*25.02 + 1*20.02",48.79,"0.33",0.33,"1*1.57 + 1*11.65 + 1*8.44",21.66
"full_adder_4bit","2 a21oi_1, 1 and2_0, 2 maj3_1, 3 nand2_1, 1 nand3_1, 1 nor2_1, 1 nor2b_1, 1 nor3_1, 1 o21ai_0, 1 or2_0, 4 xnor2_1","2*5.0 + 1*6.26 + 2*10.01 + 3*3.75 + 1*5.0 + 1*3.75 + 1*6.26 + 1*5.0 + 1*5.0 + 1*6.26 + 4*8.76",113.84,"0.38 + 0.26 + 0.14 + 0.33",1.11,"2*1.65 + 1*1.92 + 2*2.09 + 3*2.12 + 1*1.03 + 1*1.97 + 1*2.18 + 1*0.93 + 1*1.04 + 1*1.26 + 4*2.07",32.45
"johnson_counter","4 dfxtp_1","4*20.02",80.08,"0.27",0.27,"4*8.44",33.76
"bin_to_dec","3 nor2b_1","3*6.26",18.78,"0.09",0.09,"3*2.18",6.54
"pointer_basic_pointer_basic_io_s_axi","1 a2111o_1, 1 a211o_1, 3 a211oi_1, 1 a21o_1, 98 a21oi_1, 2 a222oi_1, 31 a22oi_1, 3 a31oi_1, 1 a32oi_1, 1 a41oi_1, 7 and2_0, 3 and3_1, 2 and4b_1, 2 clkinv_1, 1 conb_1, 116 dfxtp_1, 5 mux2_1, 4 mux2i_1, 146 nand2_1, 4 nand3_1, 1 nand4_1, 1 nand4b_1, 44 nor2_1, 5 nor2b_1, 1 nor3_1, 2 nor3b_1, 1 nor4_1, 2 nor4b_1, 1 nor4bb_1, 1 o21a_1, 2 o21ai_0, 1 o22a_1, 1 o311ai_0, 1 or3_1, 2 xnor2_1","1*11.26 + 1*8.76 + 3*7.51 + 1*7.51 + 98*5.0 + 2*10.01 + 31*7.51 + 3*6.26 + 1*8.76 + 1*8.76 + 7*6.26 + 3*6.26 + 2*10.01 + 2*3.75 + 1*3.75 + 116*20.02 + 5*11.26 + 4*10.01 + 146*3.75 + 4*5.0 + 1*6.26 + 1*8.76 + 44*3.75 + 5*6.26 + 1*5.0 + 2*7.51 + 1*6.26 + 2*8.76 + 1*10.01 + 1*7.51 + 2*5.0 + 1*8.76 + 1*8.76 + 1*6.26 + 2*8.76",4233.16,"0.38 + 1.8 + 0.24 + 0.31",2.73,"1*1.68 + 1*3.14 + 3*0.98 + 1*5.9 + 98*1.65 + 2*2.43 + 31*2.58 + 3*1.48 + 1*1.25 + 1*1.36 + 7*1.92 + 3*5.59 + 2*5.99 + 2*1.57 + 1*3.24 + 116*8.44 + 5*4.03 + 4*5.89 + 146*2.12 + 4*1.03 + 1*0.53 + 1*1.03 + 44*1.97 + 5*2.18 + 1*0.93 + 2*1.3 + 1*0.5 + 2*0.91 + 1*3.2 + 1*2.21 + 2*1.04 + 1*2.76 + 1*0.64 + 1*1.28 + 2*2.07",1773.51
"binary_to_bcd","2 a21oi_1, 1 a22o_1, 1 and2_0, 2 clkinv_1, 1 conb_1, 14 dfxtp_1, 1 nand2b_1, 3 nor2_1, 2 o21a_1, 2 o21ai_0, 1 o31ai_1, 1 xor2_1","2*5.0 + 1*8.76 + 1*6.26 + 2*3.75 + 1*3.75 + 14*20.02 + 1*6.26 + 3*3.75 + 2*7.51 + 2*5.0 + 1*7.51 + 1*8.76",375.35,"0.29 + 0.18 + 0.08 + 0.04",0.59,"2*1.65 + 1*4.06 + 1*1.92 + 2*1.57 + 1*3.24 + 14*8.44 + 1*2.25 + 3*1.97 + 2*2.21 + 2*1.04 + 1*1.7 + 1*4.28",154.46
"mux_if_unbal_4_1","1 mux2i_1, 1 nor2_1, 1 nor2b_1, 1 nor3_1, 1 nor4_1, 1 nor4b_1, 1 o21a_1","1*10.01 + 1*3.75 + 1*6.26 + 1*5.0 + 1*6.26 + 1*8.76 + 1*7.51",47.55,"0.1 + 0.15 + 0.16",0.41,"1*5.89 + 1*1.97 + 1*2.18 + 1*0.93 + 1*0.5 + 1*0.91 + 1*2.21",14.59
"sky130_fd_sc_hs__a222o","1 a22oi_1, 1 o21ai_0","1*7.51 + 1*5.0",12.51,"0.14 + 0.07",0.21,"1*2.58 + 1*1.04",3.62
"DFF_SR","1 dfxtp_1, 1 nor2b_1","1*20.02 + 1*6.26",26.28,"0.26",0.26,"1*8.44 + 1*2.18",10.62
"my_module","1 dfxtp_1, 2 nor3_1, 1 o21ba_1","1*20.02 + 2*5.0 + 1*10.01",40.03,"0.27 + 0.16 + 0.05",0.48,"1*8.44 + 2*0.93 + 1*7.27",17.57
"regfile","17 a211o_1, 33 a21oi_1, 1 a221o_1, 6 a221oi_1, 972 a22o_1, 7 a22oi_1, 1 a31o_1, 32 a32o_1, 65 and2_0, 11 clkinv_1, 1024 dfxtp_1, 10 mux2_1, 69 mux2i_1, 805 mux4_2, 11 nand2_1, 1 nand3_1, 3 nand3b_1, 1 nand4b_1, 2 nand4bb_1, 319 nor2_1, 17 nor2b_1, 1 nor3_1, 1 nor3b_1, 1 nor4bb_1, 63 o21a_1, 200 o21ai_0, 63 o221ai_1, 3 o22a_1, 50 o22ai_1, 5 o32ai_1, 2 or3_1, 3 or3b_1, 1 or4b_1","17*8.76 + 33*5.0 + 1*10.01 + 6*8.76 + 972*8.76 + 7*7.51 + 1*8.76 + 32*10.01 + 65*6.26 + 11*3.75 + 1024*20.02 + 10*11.26 + 69*10.01 + 805*22.52 + 11*3.75 + 1*5.0 + 3*7.51 + 1*8.76 + 2*11.26 + 319*3.75 + 17*6.26 + 1*5.0 + 1*7.51 + 1*10.01 + 63*7.51 + 200*5.0 + 63*8.76 + 3*8.76 + 50*6.26 + 5*8.76 + 2*6.26 + 3*8.76 + 1*10.01",53035.53,"2.38 + 1.25 + 0.49",4.12,"17*3.14 + 33*1.65 + 1*2.66 + 6*1.78 + 972*4.06 + 7*2.58 + 1*2.37 + 32*2.3 + 65*1.92 + 11*1.57 + 1024*8.44 + 10*4.03 + 69*5.89 + 805*6.37 + 11*2.12 + 1*1.03 + 3*1.4 + 1*1.03 + 2*1.9 + 319*1.97 + 17*2.18 + 1*0.93 + 1*1.3 + 1*3.2 + 63*2.21 + 200*1.04 + 63*1.09 + 3*2.76 + 50*1.31 + 5*1.09 + 2*1.28 + 3*2.59 + 1*2.14",19732.61
"sparc_exu_rml_inc3","1 a22o_1, 1 clkinv_1, 1 nand2_1, 1 or2_0, 2 xnor2_1, 1 xor2_1","1*8.76 + 1*3.75 + 1*3.75 + 1*6.26 + 2*8.76 + 1*8.76",48.8,"0.19 + 0.2 + 0.1",0.49,"1*4.06 + 1*1.57 + 1*2.12 + 1*1.26 + 2*2.07 + 1*4.28",17.43
"GTX_DRP_CHANALIGN_FIX_3752_V6","1 a21boi_0, 6 a21oi_1, 2 a31oi_1, 4 and2_0, 2 and3_1, 2 and4_1, 1 and4b_1, 2 clkinv_1, 1 conb_1, 14 dfxtp_1, 15 nand2_1, 3 nand2b_1, 3 nand3_1, 1 nand3b_1, 1 nand4b_1, 1 nand4bb_1, 8 nor2_1, 1 nor2b_1, 7 nor3_1, 2 nor3b_1, 2 nor4b_1, 1 nor4bb_1, 1 o2111a_1, 1 o2111ai_1, 2 o211ai_1, 4 o21ai_0, 1 o2bb2ai_1, 1 or2_0, 2 or3_1, 1 or3b_1, 1 xnor2_1, 1 xor2_1","1*7.51 + 6*5.0 + 2*6.26 + 4*6.26 + 2*6.26 + 2*8.76 + 1*10.01 + 2*3.75 + 1*3.75 + 14*20.02 + 15*3.75 + 3*6.26 + 3*5.0 + 1*7.51 + 1*8.76 + 1*11.26 + 8*3.75 + 1*6.26 + 7*5.0 + 2*7.51 + 2*8.76 + 1*10.01 + 1*11.26 + 1*8.76 + 2*7.51 + 4*5.0 + 1*8.76 + 1*6.26 + 2*6.26 + 1*8.76 + 1*8.76 + 1*8.76",746.88,"0.39 + 0.38 + 0.31 + 0.21 + 0.27 + 0.21 + 0.14",1.91,"1*2.48 + 6*1.65 + 2*1.48 + 4*1.92 + 2*5.59 + 2*3.4 + 1*5.99 + 2*1.57 + 1*3.24 + 14*8.44 + 15*2.12 + 3*2.25 + 3*1.03 + 1*1.4 + 1*1.03 + 1*1.9 + 8*1.97 + 1*2.18 + 7*0.93 + 2*1.3 + 2*0.91 + 1*3.2 + 1*3.75 + 1*0.58 + 2*0.7 + 4*1.04 + 1*1.85 + 1*1.26 + 2*1.28 + 1*2.59 + 1*2.07 + 1*4.28",274.07
"multiplexer","1 and3_1, 1 conb_1, 1 xor2_1","1*6.26 + 1*3.75 + 1*8.76",18.77,"0.13",0.13,"1*5.59 + 1*3.24 + 1*4.28",13.11
"counter","1 a21o_1, 3 a21oi_1, 1 clkinv_1, 4 dfxtp_1, 1 nand3_1, 3 nor2_1, 2 nor2b_1, 2 nor3_1, 1 o21a_1, 1 xnor2_1, 1 xor2_1","1*7.51 + 3*5.0 + 1*3.75 + 4*20.02 + 1*5.0 + 3*3.75 + 2*6.26 + 2*5.0 + 1*7.51 + 1*8.76 + 1*8.76",170.14,"0.34 + 0.12 + 0.13 + 0.15",0.74,"1*5.9 + 3*1.65 + 1*1.57 + 4*8.44 + 1*1.03 + 3*1.97 + 2*2.18 + 2*0.93 + 1*2.21 + 1*2.07 + 1*4.28",67.9
"address","1 a2111oi_0, 1 a211o_1, 4 a211oi_1, 2 a21o_1, 32 a21oi_1, 1 a22oi_1, 2 a2bb2oi_1, 1 a311oi_1, 1 a31o_1, 26 a31oi_1, 2 a32o_1, 1 a41oi_1, 4 and2_0, 4 and3_1, 1 and4_1, 4 clkinv_1, 10 mux2i_1, 53 nand2_1, 7 nand2b_1, 24 nand3_1, 4 nand3b_1, 10 nand4_1, 1 nand4b_1, 1 nand4bb_1, 30 nor2_1, 1 nor2b_1, 10 nor3_1, 2 nor3b_1, 7 nor4_1, 1 o2111ai_1, 7 o211ai_1, 1 o21a_1, 31 o21ai_0, 2 o221ai_1, 2 o22a_1, 2 o22ai_1, 1 o311a_1, 11 o31a_1, 1 o31ai_1, 1 o41ai_1, 3 or2_0, 3 or3_1, 1 or3b_1, 5 or4_1, 1 or4b_1, 2 xnor2_1, 2 xor2_1","1*8.76 + 1*8.76 + 4*7.51 + 2*7.51 + 32*5.0 + 1*7.51 + 2*8.76 + 1*8.76 + 1*8.76 + 26*6.26 + 2*10.01 + 1*8.76 + 4*6.26 + 4*6.26 + 1*8.76 + 4*3.75 + 10*10.01 + 53*3.75 + 7*6.26 + 24*5.0 + 4*7.51 + 10*6.26 + 1*8.76 + 1*11.26 + 30*3.75 + 1*6.26 + 10*5.0 + 2*7.51 + 7*6.26 + 1*8.76 + 7*7.51 + 1*7.51 + 31*5.0 + 2*8.76 + 2*8.76 + 2*6.26 + 1*10.01 + 11*8.76 + 1*7.51 + 1*8.76 + 3*6.26 + 3*6.26 + 1*8.76 + 5*7.51 + 1*10.01 + 2*8.76 + 2*8.76",1856.4,"0.14 + 0.48 + 0.39 + 0.22 + 0.79 + 0.79 + 0.89 + 0.09 + 0.21",4.0,"1*0.42 + 1*3.14 + 4*0.98 + 2*5.9 + 32*1.65 + 1*2.58 + 2*3.38 + 1*0.97 + 1*2.37 + 26*1.48 + 2*2.3 + 1*1.36 + 4*1.92 + 4*5.59 + 1*3.4 + 4*1.57 + 10*5.89 + 53*2.12 + 7*2.25 + 24*1.03 + 4*1.4 + 10*0.53 + 1*1.03 + 1*1.9 + 30*1.97 + 1*2.18 + 10*0.93 + 2*1.3 + 7*0.5 + 1*0.58 + 7*0.7 + 1*2.21 + 31*1.04 + 2*1.09 + 2*2.76 + 2*1.31 + 1*3.77 + 11*2.07 + 1*1.7 + 1*1.39 + 3*1.26 + 3*1.28 + 1*2.59 + 5*0.85 + 1*2.14 + 2*2.07 + 2*4.28",580.34
"Week8Lab","1 a211oi_1, 2 a21oi_1, 5 a31oi_1, 2 and2_0, 2 and3_1, 6 and4_1, 1 and4b_1, 8 clkinv_1, 1 conb_1, 38 dfxtp_1, 9 nand2_1, 1 nand2b_1, 1 nand3_1, 4 nand4_1, 16 nor2_1, 1 nor2b_1, 8 nor3_1, 2 nor3b_1, 2 nor4_1, 1 or2_0, 2 or3_1, 2 or4_1, 8 xnor2_1, 5 xor2_1","1*7.51 + 2*5.0 + 5*6.26 + 2*6.26 + 2*6.26 + 6*8.76 + 1*10.01 + 8*3.75 + 1*3.75 + 38*20.02 + 9*3.75 + 1*6.26 + 1*5.0 + 4*6.26 + 16*3.75 + 1*6.26 + 8*5.0 + 2*7.51 + 2*6.26 + 1*6.26 + 2*6.26 + 2*7.51 + 8*8.76 + 5*8.76",1282.46,"0.35 + 0.25 + 0.21 + 0.25 + 0.27 + 0.15 + 0.48 + 0.35 + 0.29 + 0.14 + 0.15",2.89,"1*0.98 + 2*1.65 + 5*1.48 + 2*1.92 + 2*5.59 + 6*3.4 + 1*5.99 + 8*1.57 + 1*3.24 + 38*8.44 + 9*2.12 + 1*2.25 + 1*1.03 + 4*0.53 + 16*1.97 + 1*2.18 + 8*0.93 + 2*1.3 + 2*0.5 + 1*1.26 + 2*1.28 + 2*0.85 + 8*2.07 + 5*4.28",502.31
"multiplier_block","1 a211oi_1, 4 a21o_1, 21 a21oi_1, 2 a221oi_1, 1 a22oi_1, 1 a311oi_1, 1 a31oi_1, 5 and2_0, 3 and3_1, 15 clkinv_1, 1 conb_1, 27 maj3_1, 15 nand2_1, 8 nand2b_1, 6 nand3_1, 35 nor2_1, 2 nor2b_1, 1 nor3_1, 1 o211ai_1, 5 o21ai_0, 4 o31ai_1, 2 o32ai_1, 5 or2_0, 73 xnor2_1, 1 xnor3_1, 46 xor2_1","1*7.51 + 4*7.51 + 21*5.0 + 2*8.76 + 1*7.51 + 1*8.76 + 1*6.26 + 5*6.26 + 3*6.26 + 15*3.75 + 1*3.75 + 27*10.01 + 15*3.75 + 8*6.26 + 6*5.0 + 35*3.75 + 2*6.26 + 1*5.0 + 1*7.51 + 5*5.0 + 4*7.51 + 2*8.76 + 5*6.26 + 73*8.76 + 1*22.52 + 46*8.76",2024.38,"0.17 + 0.39 + 0.39 + 0.39 + 0.39 + 0.39 + 0.39 + 0.38 + 0.36 + 0.15 + 0.37 + 0.37 + 0.37 + 0.39 + 0.38 + 0.33 + 0.14 + 0.38 + 0.26 + 0.13 + 0.37 + 0.35 + 0.11",7.35,"1*0.98 + 4*5.9 + 21*1.65 + 2*1.78 + 1*2.58 + 1*0.97 + 1*1.48 + 5*1.92 + 3*5.59 + 15*1.57 + 1*3.24 + 27*2.09 + 15*2.12 + 8*2.25 + 6*1.03 + 35*1.97 + 2*2.18 + 1*0.93 + 1*0.7 + 5*1.04 + 4*1.7 + 2*1.09 + 5*1.26 + 73*2.07 + 1*15.62 + 46*4.28",692.42
"sky130_fd_sc_hvl__inv","1 clkinv_1","1*3.75",3.75,"0.02",0.02,"1*1.57",1.57
"shift_register_4bit","6 a21oi_1, 12 dfxtp_1, 5 mux2i_1, 7 nand2_1, 3 nand2b_1, 6 nor2_1","6*5.0 + 12*20.02 + 5*10.01 + 7*3.75 + 3*6.26 + 6*3.75",387.82,"0.28 + 0.11 + 0.04",0.43,"6*1.65 + 12*8.44 + 5*5.89 + 7*2.12 + 3*2.25 + 6*1.97",174.04
"mux_3to1_enable","4 a211oi_1, 1 clkinv_1, 4 mux2i_1, 4 nor2b_1, 1 o21ai_0","4*7.51 + 1*3.75 + 4*10.01 + 4*6.26 + 1*5.0",103.87,"0.29 + 0.06",0.35,"4*0.98 + 1*1.57 + 4*5.89 + 4*2.18 + 1*1.04",38.81
"FSM","1 a22oi_1, 2 and2_0, 1 buf_1, 1 conb_1, 5 dlxtn_1, 1 mux2_1, 5 nand2_1, 1 nand2b_1, 3 nand3_1, 1 nand4_1, 1 nor2_1, 2 nor2b_1, 1 nor3_1, 1 nor3b_1, 1 o21ai_0, 1 o22ai_1, 1 o311ai_0","1*7.51 + 2*6.26 + 1*3.75 + 1*3.75 + 5*15.01 + 1*11.26 + 5*3.75 + 1*6.26 + 3*5.0 + 1*6.26 + 1*3.75 + 2*6.26 + 1*5.0 + 1*7.51 + 1*5.0 + 1*6.26 + 1*8.76",208.91,"0.15 + 0.34 + 0.23",0.72,"1*2.58 + 2*1.92 + 1*1.18 + 1*3.24 + 5*8.12 + 1*4.03 + 5*2.12 + 1*2.25 + 3*1.03 + 1*0.53 + 1*1.97 + 2*2.18 + 1*0.93 + 1*1.3 + 1*1.04 + 1*1.31 + 1*0.64",83.49
"mux3","3 mux2_1","3*11.26",33.78,"0.26",0.26,"3*4.03",12.09
"shift_register","1 a221o_1, 1 a22o_1, 1 and3b_1, 1 conb_1, 3 dfxtp_1, 2 mux2_1, 1 nor2_1, 1 nor3_1","1*10.01 + 1*8.76 + 1*8.76 + 1*3.75 + 3*20.02 + 2*11.26 + 1*3.75 + 1*5.0",122.61,"0.29 + 0.26 + 0.27",0.82,"1*2.66 + 1*4.06 + 1*7.06 + 1*3.24 + 3*8.44 + 2*4.03 + 1*1.97 + 1*0.93",53.3
"top_module","2 a211oi_1, 5 a21o_1, 97 a21oi_1, 8 a221o_1, 15 a221oi_1, 2 a22o_1, 6 a22oi_1, 1 a2bb2oi_1, 1 a311o_1, 6 a311oi_1, 1 a31o_1, 21 a31oi_1, 1 a32oi_1, 4 and2_0, 3 and3_1, 15 clkinv_1, 2064 dfxtp_1, 2044 mux2_1, 65 mux2i_1, 494 mux4_2, 208 nand2_1, 15 nand2b_1, 29 nand3_1, 2 nand4_1, 356 nor2_1, 14 nor2b_1, 9 nor3_1, 1 nor3b_1, 4 nor4_1, 2 o211a_1, 14 o211ai_1, 2 o21a_1, 186 o21ai_0, 1 o21bai_1, 2 o221a_1, 69 o221ai_1, 1 o22a_1, 14 o22ai_1, 4 o311a_1, 5 o311ai_0, 3 o31ai_1, 1 or2_0, 2 or3_1, 8 xnor2_1, 1 xor2_1","2*7.51 + 5*7.51 + 97*5.0 + 8*10.01 + 15*8.76 + 2*8.76 + 6*7.51 + 1*8.76 + 1*10.01 + 6*8.76 + 1*8.76 + 21*6.26 + 1*8.76 + 4*6.26 + 3*6.26 + 15*3.75 + 2064*20.02 + 2044*11.26 + 65*10.01 + 494*22.52 + 208*3.75 + 15*6.26 + 29*5.0 + 2*6.26 + 356*3.75 + 14*6.26 + 9*5.0 + 1*7.51 + 4*6.26 + 2*10.01 + 14*7.51 + 2*7.51 + 186*5.0 + 1*7.51 + 2*11.26 + 69*8.76 + 1*8.76 + 14*6.26 + 4*10.01 + 5*8.76 + 3*7.51 + 1*6.26 + 2*6.26 + 8*8.76 + 1*8.76",81780.91,"2.24 + 1.56 + 0.2 + 0.14 + 0.08 + 0.04 + 0.12",4.38,"2*0.98 + 5*5.9 + 97*1.65 + 8*2.66 + 15*1.78 + 2*4.06 + 6*2.58 + 1*3.38 + 1*1.57 + 6*0.97 + 1*2.37 + 21*1.48 + 1*1.25 + 4*1.92 + 3*5.59 + 15*1.57 + 2064*8.44 + 2044*4.03 + 65*5.89 + 494*6.37 + 208*2.12 + 15*2.25 + 29*1.03 + 2*0.53 + 356*1.97 + 14*2.18 + 9*0.93 + 1*1.3 + 4*0.5 + 2*10.66 + 14*0.7 + 2*2.21 + 186*1.04 + 1*2.87 + 2*2.73 + 69*1.09 + 1*2.76 + 14*1.31 + 4*3.77 + 5*0.64 + 3*1.7 + 1*1.26 + 2*1.28 + 8*2.07 + 1*4.28",31174.48
"ClockInverter","1 clkinv_1, 1 conb_1","1*3.75 + 1*3.75",7.5,"0.02",0.02,"1*1.57 + 1*3.24",4.81
"eth_rxcounters","3 a2111oi_0, 3 a211oi_1, 3 a21o_1, 8 a21oi_1, 2 a221oi_1, 3 a22o_1, 2 a2bb2oi_1, 2 a311oi_1, 1 a31o_1, 5 a31oi_1, 1 a32o_1, 1 a41o_1, 4 a41oi_1, 3 and2_0, 5 and3_1, 3 and4_1, 1 and4b_1, 36 clkinv_1, 25 dfrtp_1, 18 nand2_1, 3 nand2b_1, 6 nand3_1, 5 nand4_1, 1 nand4b_1, 29 nor2_1, 9 nor2b_1, 12 nor3_1, 2 nor3b_1, 3 nor4_1, 1 o2111ai_1, 1 o211a_1, 1 o21a_1, 1 o21ai_0, 1 o21ba_1, 1 o21bai_1, 2 o221a_1, 1 o311ai_0, 1 o31ai_1, 1 o41a_1, 3 or2_0, 13 xnor2_1, 6 xor2_1","3*8.76 + 3*7.51 + 3*7.51 + 8*5.0 + 2*8.76 + 3*8.76 + 2*8.76 + 2*8.76 + 1*8.76 + 5*6.26 + 1*10.01 + 1*10.01 + 4*8.76 + 3*6.26 + 5*6.26 + 3*8.76 + 1*10.01 + 36*3.75 + 25*25.02 + 18*3.75 + 3*6.26 + 6*5.0 + 5*6.26 + 1*8.76 + 29*3.75 + 9*6.26 + 12*5.0 + 2*7.51 + 3*6.26 + 1*8.76 + 1*10.01 + 1*7.51 + 1*5.0 + 1*10.01 + 1*7.51 + 2*11.26 + 1*8.76 + 1*7.51 + 1*11.26 + 3*6.26 + 13*8.76 + 6*8.76",1831.47,"0.11 + 0.29 + 0.15 + 0.28 + 0.11 + 0.11",1.05,"3*0.42 + 3*0.98 + 3*5.9 + 8*1.65 + 2*1.78 + 3*4.06 + 2*3.38 + 2*0.97 + 1*2.37 + 5*1.48 + 1*2.3 + 1*6.61 + 4*1.36 + 3*1.92 + 5*5.59 + 3*3.4 + 1*5.99 + 36*1.57 + 25*11.65 + 18*2.12 + 3*2.25 + 6*1.03 + 5*0.53 + 1*1.03 + 29*1.97 + 9*2.18 + 12*0.93 + 2*1.3 + 3*0.5 + 1*0.58 + 1*10.66 + 1*2.21 + 1*1.04 + 1*7.27 + 1*2.87 + 2*2.73 + 1*0.64 + 1*1.7 + 1*1.37 + 3*1.26 + 13*2.07 + 6*4.28",718.28
"clk_adapter","1 clkinv_1, 4 dfxtp_1, 1 nand2_1, 1 nand2b_1, 2 nor2_1, 1 o21ai_0","1*3.75 + 4*20.02 + 1*3.75 + 1*6.26 + 2*3.75 + 1*5.0",106.34,"0.32 + 0.06",0.38,"1*1.57 + 4*8.44 + 1*2.12 + 1*2.25 + 2*1.97 + 1*1.04",44.68
"even_consecutive_ones_detection","1 a21oi_1, 1 and3_1, 2 clkinv_1, 5 dfxtp_1, 1 nand2b_1, 4 nor2_1, 1 nor3_1","1*5.0 + 1*6.26 + 2*3.75 + 5*20.02 + 1*6.26 + 4*3.75 + 1*5.0",145.12,"0.29 + 0.15 + 0.1",0.54,"1*1.65 + 1*5.59 + 2*1.57 + 5*8.44 + 1*2.25 + 4*1.97 + 1*0.93",63.64
"Output_Reg","1 a2111oi_0, 1 a21boi_0, 2 a21o_1, 4 a21oi_1, 3 a221o_1, 2 a22oi_1, 1 a311oi_1, 1 and2_0, 1 and3_1, 1 clkinv_1, 8 dfxtp_1, 1 maj3_1, 15 nand2_1, 3 nand2b_1, 2 nand3_1, 4 nor2_1, 2 nor3_1, 10 o21ai_0, 2 o31ai_1, 2 or2_0, 4 xnor2_1, 12 xor2_1","1*8.76 + 1*7.51 + 2*7.51 + 4*5.0 + 3*10.01 + 2*7.51 + 1*8.76 + 1*6.26 + 1*6.26 + 1*3.75 + 8*20.02 + 1*10.01 + 15*3.75 + 3*6.26 + 2*5.0 + 4*3.75 + 2*5.0 + 10*5.0 + 2*7.51 + 2*6.26 + 4*8.76 + 12*8.76",619.27,"0.32 + 0.2 + 0.22 + 0.18 + 0.09 + 0.2 + 0.19 + 0.19 + 0.07 + 0.14 + 0.05 + 0.26",2.11,"1*0.42 + 1*2.48 + 2*5.9 + 4*1.65 + 3*2.66 + 2*2.58 + 1*0.97 + 1*1.92 + 1*5.59 + 1*1.57 + 8*8.44 + 1*2.09 + 15*2.12 + 3*2.25 + 2*1.03 + 4*1.97 + 2*0.93 + 10*1.04 + 2*1.7 + 2*1.26 + 4*2.07 + 12*4.28",240.41
"sky130_fd_sc_hd__lpflow_inputiso1p","1 or2_0","1*6.26",6.26,"0.17",0.17,"1*1.26",1.26
"dp_transmitter","1 a21o_1, 2 a21oi_1, 2 a22o_1, 1 a31oi_1, 31 and2_0, 3 clkinv_1, 39 dfrtp_1, 1 dfstp_2, 8 nand2_1, 1 nand3_1, 1 nand4_1, 4 nor2_1, 2 nor3_1, 1 nor3b_1, 7 nor4_1, 1 nor4bb_1, 3 o21ai_0, 1 o22a_1, 1 o2bb2ai_1, 1 o31ai_1, 1 or3_1","1*7.51 + 2*5.0 + 2*8.76 + 1*6.26 + 31*6.26 + 3*3.75 + 39*25.02 + 1*26.28 + 8*3.75 + 1*5.0 + 1*6.26 + 4*3.75 + 2*5.0 + 1*7.51 + 7*6.26 + 1*10.01 + 3*5.0 + 1*8.76 + 1*8.76 + 1*7.51 + 1*6.26",1422.55,"0.39 + 1.17 + 0.32 + 0.09 + 0.2",2.17,"1*5.9 + 2*1.65 + 2*4.06 + 1*1.48 + 31*1.92 + 3*1.57 + 39*11.65 + 1*10.52 + 8*2.12 + 1*1.03 + 1*0.53 + 4*1.97 + 2*0.93 + 1*1.3 + 7*0.5 + 1*3.2 + 3*1.04 + 1*2.76 + 1*1.85 + 1*1.7 + 1*1.28",594.87
"altera_avalon_st_pipeline_base","2 a21oi_1, 19 clkinv_1, 18 dfrtp_1, 16 mux2_1, 1 nand2_1, 2 nand2b_1, 1 nand3_1","2*5.0 + 19*3.75 + 18*25.02 + 16*11.26 + 1*3.75 + 2*6.26 + 1*5.0",733.04,"0.51 + 0.36 + 0.29",1.16,"2*1.65 + 19*1.57 + 18*11.65 + 16*4.03 + 1*2.12 + 2*2.25 + 1*1.03",314.96
"data_module","1 dfxtp_1, 1 nor2_1, 1 o21ai_0","1*20.02 + 1*3.75 + 1*5.0",28.77,"0.13 + 0.05",0.18,"1*8.44 + 1*1.97 + 1*1.04",11.45
"sky130_fd_sc_ls__and3","1 and3_1","1*6.26",6.26,"0.13",0.13,"1*5.59",5.59
"shift_reg","5 clkinv_1, 5 dfrtp_1, 1 nor4_1, 4 xor2_1","5*3.75 + 5*25.02 + 1*6.26 + 4*8.76",185.15,"0.36 + 0.14 + 0.24",0.74,"5*1.57 + 5*11.65 + 1*0.5 + 4*4.28",83.72
"ls_station","1 a2111o_1, 1 a2111oi_0, 6 a21o_1, 6 a21oi_1, 43 a222oi_1, 10 a22o_1, 3 a311oi_1, 1 a31oi_1, 1 a41o_1, 3 a41oi_1, 5 and2_0, 8 clkinv_1, 183 dfrtp_1, 2 dfstp_2, 76 mux2_1, 2 mux4_2, 323 nand2_1, 2 nand2b_1, 3 nand3_1, 7 nand4_1, 1 nand4b_1, 2 nor2_1, 4 nor2b_1, 6 nor3_1, 5 nor3b_1, 8 nor4_1, 1 o21a_1, 12 o21ai_0, 4 o22ai_1, 1 o311ai_0, 1 o41ai_1, 1 or2_0, 1 or3_1, 1 or3b_1, 33 xnor2_1, 24 xor2_1","1*11.26 + 1*8.76 + 6*7.51 + 6*5.0 + 43*10.01 + 10*8.76 + 3*8.76 + 1*6.26 + 1*10.01 + 3*8.76 + 5*6.26 + 8*3.75 + 183*25.02 + 2*26.28 + 76*11.26 + 2*22.52 + 323*3.75 + 2*6.26 + 3*5.0 + 7*6.26 + 1*8.76 + 2*3.75 + 4*6.26 + 6*5.0 + 5*7.51 + 8*6.26 + 1*7.51 + 12*5.0 + 4*6.26 + 1*8.76 + 1*8.76 + 1*6.26 + 1*6.26 + 1*8.76 + 33*8.76 + 24*8.76",8347.45,"0.35 + 0.15 + 0.55 + 1.67 + 0.12 + 0.28",3.12,"1*1.68 + 1*0.42 + 6*5.9 + 6*1.65 + 43*2.43 + 10*4.06 + 3*0.97 + 1*1.48 + 1*6.61 + 3*1.36 + 5*1.92 + 8*1.57 + 183*11.65 + 2*10.52 + 76*4.03 + 2*6.37 + 323*2.12 + 2*2.25 + 3*1.03 + 7*0.53 + 1*1.03 + 2*1.97 + 4*2.18 + 6*0.93 + 5*1.3 + 8*0.5 + 1*2.21 + 12*1.04 + 4*1.31 + 1*0.64 + 1*1.39 + 1*1.26 + 1*1.28 + 1*2.59 + 33*2.07 + 24*4.28",3625.69
"mux4to1","1 mux4_2","1*22.52",22.52,"0.43",0.43,"1*6.37",6.37
"FourBitAdder","2 a21oi_1, 1 and2_0, 2 maj3_1, 3 nand2_1, 1 nand3_1, 1 nor2_1, 1 nor2b_1, 1 nor3_1, 1 o21ai_0, 1 or2_0, 4 xnor2_1","2*5.0 + 1*6.26 + 2*10.01 + 3*3.75 + 1*5.0 + 1*3.75 + 1*6.26 + 1*5.0 + 1*5.0 + 1*6.26 + 4*8.76",113.84,"0.38 + 0.25 + 0.14 + 0.33",1.1,"2*1.65 + 1*1.92 + 2*2.09 + 3*2.12 + 1*1.03 + 1*1.97 + 1*2.18 + 1*0.93 + 1*1.04 + 1*1.26 + 4*2.07",32.45
"math_block","1 a21boi_0, 1 a21o_1, 31 a21oi_1, 2 and2_0, 18 clkinv_1, 62 maj3_1, 13 nand2_1, 4 nand2b_1, 2 nand3_1, 16 nor2_1, 9 nor2b_1, 5 nor3_1, 1 nor3b_1, 2 nor4_1, 1 o211a_1, 4 o21a_1, 4 o21ai_0, 1 o21bai_1, 1 o31a_1, 1 o31ai_1, 1 or2_0, 1 or4_1, 134 xnor2_1, 5 xnor3_1, 50 xor2_1","1*7.51 + 1*7.51 + 31*5.0 + 2*6.26 + 18*3.75 + 62*10.01 + 13*3.75 + 4*6.26 + 2*5.0 + 16*3.75 + 9*6.26 + 5*5.0 + 1*7.51 + 2*6.26 + 1*10.01 + 4*7.51 + 4*5.0 + 1*7.51 + 1*8.76 + 1*7.51 + 1*6.26 + 1*7.51 + 134*8.76 + 5*22.52 + 50*8.76",2937.86,"0.56 + 0.16 + 0.36 + 0.37 + 0.39 + 0.39 + 0.39 + 0.39 + 0.39 + 0.39 + 0.39 + 0.39 + 0.39 + 0.39 + 0.39 + 0.39 + 0.37 + 0.38 + 0.39 + 0.39 + 0.39 + 0.39 + 0.39 + 0.39 + 0.39 + 0.39 + 0.37 + 0.38 + 0.37 + 0.11",11.23,"1*2.48 + 1*5.9 + 31*1.65 + 2*1.92 + 18*1.57 + 62*2.09 + 13*2.12 + 4*2.25 + 2*1.03 + 16*1.97 + 9*2.18 + 5*0.93 + 1*1.3 + 2*0.5 + 1*10.66 + 4*2.21 + 4*1.04 + 1*2.87 + 1*2.07 + 1*1.7 + 1*1.26 + 1*0.85 + 134*2.07 + 5*15.62 + 50*4.28",919.81
"decoder","1 conb_1, 1 nand3_1, 2 nand3b_1, 1 or3b_1","1*3.75 + 1*5.0 + 2*7.51 + 1*8.76",32.53,"0.32",0.32,"1*3.24 + 1*1.03 + 2*1.4 + 1*2.59",9.66
"ArithmeticOp","1 a211o_1, 10 a21oi_1, 3 a22o_1, 5 a22oi_1, 1 a311o_1, 1 a31oi_1, 4 and2_0, 8 clkinv_1, 34 maj3_1, 1 mux2i_1, 55 nand2_1, 9 nand2b_1, 6 nand3_1, 8 nand4_1, 17 nor2_1, 17 nor2b_1, 2 nor3_1, 1 o211ai_1, 2 o21a_1, 7 o21ai_0, 2 o21ba_1, 2 o22ai_1, 1 o2bb2ai_1, 1 o31ai_1, 1 o32ai_1, 2 or2_0, 50 xnor2_1, 11 xnor3_1, 32 xor2_1, 9 xor3_1","1*8.76 + 10*5.0 + 3*8.76 + 5*7.51 + 1*10.01 + 1*6.26 + 4*6.26 + 8*3.75 + 34*10.01 + 1*10.01 + 55*3.75 + 9*6.26 + 6*5.0 + 8*6.26 + 17*3.75 + 17*6.26 + 2*5.0 + 1*7.51 + 2*7.51 + 7*5.0 + 2*10.01 + 2*6.26 + 1*8.76 + 1*7.51 + 1*8.76 + 2*6.26 + 50*8.76 + 11*22.52 + 32*8.76 + 9*23.77",2374.68,"0.06 + 0.43 + 0.37 + 0.37 + 0.37 + 0.35 + 0.11 + 0.07 + 0.36 + 0.25 + 0.24 + 0.1 + 0.3 + 0.31 + 0.06",3.75,"1*3.14 + 10*1.65 + 3*4.06 + 5*2.58 + 1*1.57 + 1*1.48 + 4*1.92 + 8*1.57 + 34*2.09 + 1*5.89 + 55*2.12 + 9*2.25 + 6*1.03 + 8*0.53 + 17*1.97 + 17*2.18 + 2*0.93 + 1*0.7 + 2*2.21 + 7*1.04 + 2*7.27 + 2*1.31 + 1*1.85 + 1*1.7 + 1*1.09 + 2*1.26 + 50*2.07 + 11*15.62 + 32*4.28 + 9*15.22",950.62
"HallwayRight","1 a31o_1, 1 a41oi_1, 1 and2_0, 1 and3_1, 8 dfxtp_1, 1 nand2_1, 1 nand3_1, 1 nand4_1, 2 nor2_1, 1 nor3_1, 4 o21a_1, 5 o21bai_1, 2 o41ai_1","1*8.76 + 1*8.76 + 1*6.26 + 1*6.26 + 8*20.02 + 1*3.75 + 1*5.0 + 1*6.26 + 2*3.75 + 1*5.0 + 4*7.51 + 5*7.51 + 2*8.76",302.82,"0.16 + 0.74 + 0.09",0.99,"1*2.37 + 1*1.36 + 1*1.92 + 1*5.59 + 8*8.44 + 1*2.12 + 1*1.03 + 1*0.53 + 2*1.97 + 1*0.93 + 4*2.21 + 5*2.87 + 2*1.39",113.28
"led_Dev_IO","36 clkinv_1, 6 dfrtn_1, 4 dfstp_2, 22 dfxtp_1, 32 mux2_1, 1 nor2b_1","36*3.75 + 6*25.02 + 4*26.28 + 22*20.02 + 32*11.26 + 1*6.26",1197.26,"1.05 + 0.38",1.43,"36*1.57 + 6*11.65 + 4*10.52 + 22*8.44 + 32*4.03 + 1*2.18",485.32
"up_down_counter","2 a21oi_1, 1 and4b_1, 4 dfxtp_1, 1 maj3_1, 1 nor2_1, 1 nor3_1, 1 nor3b_1, 1 nor4b_1, 1 o21ai_0, 2 o21bai_1, 2 xor2_1","2*5.0 + 1*10.01 + 4*20.02 + 1*10.01 + 1*3.75 + 1*5.0 + 1*7.51 + 1*8.76 + 1*5.0 + 2*7.51 + 2*8.76",172.66,"0.32 + 0.34 + 0.12 + 0.14",0.92,"2*1.65 + 1*5.99 + 4*8.44 + 1*2.09 + 1*1.97 + 1*0.93 + 1*1.3 + 1*0.91 + 1*1.04 + 2*2.87 + 2*4.28",65.59
"SerialReceiver","1 a21oi_1, 2 a22o_1, 2 and3_1, 1 clkinv_1, 12 dfrtp_1, 1 dfstp_2, 8 dfxtp_1, 16 mux2_1, 1 nand2_1, 2 nor2_1, 2 nor2b_1, 1 o21ba_1","1*5.0 + 2*8.76 + 2*6.26 + 1*3.75 + 12*25.02 + 1*26.28 + 8*20.02 + 16*11.26 + 1*3.75 + 2*3.75 + 2*6.26 + 1*10.01",739.41,"0.37 + 0.51 + 0.37",1.25,"1*1.65 + 2*4.06 + 2*5.59 + 1*1.57 + 12*11.65 + 1*10.52 + 8*8.44 + 16*4.03 + 1*2.12 + 2*1.97 + 2*2.18 + 1*7.27",322.53
"pipeline_register","96 dfxtp_1, 96 mux2_1","96*20.02 + 96*11.26",3002.88,"0.28 + 0.27",0.55,"96*8.44 + 96*4.03",1197.12
"GB_IO","1 conb_1, 1 dfxtp_1, 1 mux2_1","1*3.75 + 1*20.02 + 1*11.26",35.03,"0.27 + 0.26",0.53,"1*3.24 + 1*8.44 + 1*4.03",15.71
"multi_port_RAM","1 a31o_1, 6 a31oi_1, 2 clkinv_1, 6 dfxtp_1, 10 nand2_1, 6 nand2b_1, 2 nand3_1, 2 nand3b_1, 5 nor2_1, 2 o21ai_0, 1 o22a_1, 1 o22ai_1","1*8.76 + 6*6.26 + 2*3.75 + 6*20.02 + 10*3.75 + 6*6.26 + 2*5.0 + 2*7.51 + 5*3.75 + 2*5.0 + 1*8.76 + 1*6.26",317.79,"0.34 + 0.06 + 0.19 + 0.13",0.72,"1*2.37 + 6*1.48 + 2*1.57 + 6*8.44 + 10*2.12 + 6*2.25 + 2*1.03 + 2*1.4 + 5*1.97 + 2*1.04 + 1*2.76 + 1*1.31",120.59
"butterfly_unit","2 nand2_1, 2 xnor2_1, 4 xor2_1","2*3.75 + 2*8.76 + 4*8.76",60.06,"0.15 + 0.11",0.26,"2*2.12 + 2*2.07 + 4*4.28",25.5
"axis_decimator","1 a2111o_1, 7 a211oi_1, 2 a21boi_0, 4 a21o_1, 19 a21oi_1, 3 a22o_1, 1 a22oi_1, 5 a31oi_1, 1 a32o_1, 3 and2_0, 10 and3_1, 1 and3b_1, 7 and4_1, 29 clkinv_1, 66 dfxtp_1, 3 maj3_1, 9 nand2_1, 15 nand2b_1, 9 nand3_1, 1 nand3b_1, 5 nand4_1, 80 nor2_1, 8 nor2b_1, 13 nor3_1, 5 nor3b_1, 3 nor4_1, 1 nor4bb_1, 1 o2111ai_1, 2 o211a_1, 6 o211ai_1, 3 o21a_1, 41 o21ai_0, 1 o21ba_1, 5 o21bai_1, 1 o221ai_1, 3 o22ai_1, 1 o2bb2ai_1, 1 o31ai_1, 1 or2_0, 1 or4_1, 8 xnor2_1","1*11.26 + 7*7.51 + 2*7.51 + 4*7.51 + 19*5.0 + 3*8.76 + 1*7.51 + 5*6.26 + 1*10.01 + 3*6.26 + 10*6.26 + 1*8.76 + 7*8.76 + 29*3.75 + 66*20.02 + 3*10.01 + 9*3.75 + 15*6.26 + 9*5.0 + 1*7.51 + 5*6.26 + 80*3.75 + 8*6.26 + 13*5.0 + 5*7.51 + 3*6.26 + 1*10.01 + 1*8.76 + 2*10.01 + 6*7.51 + 3*7.51 + 41*5.0 + 1*10.01 + 5*7.51 + 1*8.76 + 3*6.26 + 1*8.76 + 1*7.51 + 1*6.26 + 1*7.51 + 8*8.76",3060.02,"0.33 + 0.11 + 0.17 + 0.29 + 0.21 + 0.08 + 0.18 + 0.17 + 0.85 + 0.61 + 0.31 + 0.09",3.4,"1*1.68 + 7*0.98 + 2*2.48 + 4*5.9 + 19*1.65 + 3*4.06 + 1*2.58 + 5*1.48 + 1*2.3 + 3*1.92 + 10*5.59 + 1*7.06 + 7*3.4 + 29*1.57 + 66*8.44 + 3*2.09 + 9*2.12 + 15*2.25 + 9*1.03 + 1*1.4 + 5*0.53 + 80*1.97 + 8*2.18 + 13*0.93 + 5*1.3 + 3*0.5 + 1*3.2 + 1*0.58 + 2*10.66 + 6*0.7 + 3*2.21 + 41*1.04 + 1*7.27 + 5*2.87 + 1*1.09 + 3*1.31 + 1*1.85 + 1*1.7 + 1*1.26 + 1*0.85 + 8*2.07",1182.98
"mux_2to1_enable","1 mux2_1","1*11.26",11.26,"0.26",0.26,"1*4.03",4.03
"MarioFontRom","2 a211oi_1, 1 a21boi_0, 5 a21o_1, 39 a21oi_1, 1 a221o_1, 5 a221oi_1, 1 a2bb2oi_1, 1 a311oi_1, 2 a31o_1, 8 a31oi_1, 2 a32oi_1, 1 and2_0, 6 and3_1, 1 and3b_1, 1 and4b_1, 7 clkinv_1, 1 mux2i_1, 34 nand2_1, 6 nand2b_1, 14 nand3_1, 1 nand3b_1, 1 nand4_1, 1 nand4b_1, 18 nor2_1, 4 nor2b_1, 8 nor3_1, 2 nor3b_1, 1 o211a_1, 8 o211ai_1, 38 o21ai_0, 2 o21bai_1, 4 o221ai_1, 1 o22ai_1, 1 o311a_1, 1 o311ai_0, 3 o31ai_1, 1 o32ai_1, 2 or2_0, 1 or3_1, 1 or3b_1, 1 or4b_1, 1 xor2_1","2*7.51 + 1*7.51 + 5*7.51 + 39*5.0 + 1*10.01 + 5*8.76 + 1*8.76 + 1*8.76 + 2*8.76 + 8*6.26 + 2*8.76 + 1*6.26 + 6*6.26 + 1*8.76 + 1*10.01 + 7*3.75 + 1*10.01 + 34*3.75 + 6*6.26 + 14*5.0 + 1*7.51 + 1*6.26 + 1*8.76 + 18*3.75 + 4*6.26 + 8*5.0 + 2*7.51 + 1*10.01 + 8*7.51 + 38*5.0 + 2*7.51 + 4*8.76 + 1*6.26 + 1*10.01 + 1*8.76 + 3*7.51 + 1*8.76 + 2*6.26 + 1*6.26 + 1*8.76 + 1*10.01 + 1*8.76",1328.31,"0.4 + 0.17 + 0.35 + 0.1 + 0.13 + 0.07 + 0.14",1.36,"2*0.98 + 1*2.48 + 5*5.9 + 39*1.65 + 1*2.66 + 5*1.78 + 1*3.38 + 1*0.97 + 2*2.37 + 8*1.48 + 2*1.25 + 1*1.92 + 6*5.59 + 1*7.06 + 1*5.99 + 7*1.57 + 1*5.89 + 34*2.12 + 6*2.25 + 14*1.03 + 1*1.4 + 1*0.53 + 1*1.03 + 18*1.97 + 4*2.18 + 8*0.93 + 2*1.3 + 1*10.66 + 8*0.7 + 38*1.04 + 2*2.87 + 4*1.09 + 1*1.31 + 1*3.77 + 1*0.64 + 3*1.7 + 1*1.09 + 2*1.26 + 1*1.28 + 1*2.59 + 1*2.14 + 1*4.28",446.45
"conversor_num_16b","1 a211oi_1, 3 a21o_1, 13 a21oi_1, 1 a22oi_1, 1 a31o_1, 2 a31oi_1, 2 and2_0, 4 clkinv_1, 14 maj3_1, 1 mux2_1, 22 nand2_1, 7 nand2b_1, 4 nand3_1, 16 nor2_1, 2 nor2b_1, 2 nor3_1, 2 o21a_1, 11 o21ai_0, 1 o22a_1, 1 o22ai_1, 1 o2bb2ai_1, 1 o31ai_1, 1 or2_0, 43 xnor2_1, 3 xnor3_1, 26 xor2_1","1*7.51 + 3*7.51 + 13*5.0 + 1*7.51 + 1*8.76 + 2*6.26 + 2*6.26 + 4*3.75 + 14*10.01 + 1*11.26 + 22*3.75 + 7*6.26 + 4*5.0 + 16*3.75 + 2*6.26 + 2*5.0 + 2*7.51 + 11*5.0 + 1*8.76 + 1*6.26 + 1*8.76 + 1*7.51 + 1*6.26 + 43*8.76 + 3*22.52 + 26*8.76",1311.16,"0.14 + 0.34 + 0.16 + 0.26 + 0.39 + 0.15 + 0.21 + 0.24 + 0.09 + 0.36 + 0.37 + 0.37 + 0.38 + 0.21 + 0.07 + 0.11",3.85,"1*0.98 + 3*5.9 + 13*1.65 + 1*2.58 + 1*2.37 + 2*1.48 + 2*1.92 + 4*1.57 + 14*2.09 + 1*4.03 + 22*2.12 + 7*2.25 + 4*1.03 + 16*1.97 + 2*2.18 + 2*0.93 + 2*2.21 + 11*1.04 + 1*2.76 + 1*1.31 + 1*1.85 + 1*1.7 + 1*1.26 + 43*2.07 + 3*15.62 + 26*4.28",467.59
"GlitchFreeClockMux","1 dfxtp_1, 1 maj3_1, 1 mux2i_1","1*20.02 + 1*10.01 + 1*10.01",40.04,"0.27 + 0.31",0.58,"1*8.44 + 1*2.09 + 1*5.89",16.42
"small_fifo","5 a211o_1, 4 a211oi_1, 1 a21o_1, 23 a21oi_1, 1 a221o_1, 4 a221oi_1, 4 a22o_1, 7 a31oi_1, 5 and2_0, 1 and4b_1, 2 clkinv_1, 556 dfxtp_1, 519 mux2_1, 58 mux2i_1, 102 mux4_2, 33 nand2_1, 3 nand2b_1, 3 nand3_1, 2 nand3b_1, 1 nand4_1, 1 nand4b_1, 1 nand4bb_1, 44 nor2_1, 10 nor2b_1, 4 nor3_1, 2 nor3b_1, 1 nor4_1, 1 o211ai_1, 6 o21a_1, 43 o21ai_0, 2 o221ai_1, 21 o22a_1, 9 o22ai_1, 2 o2bb2ai_1, 4 o31ai_1, 1 or2_0, 1 or3_1, 11 xnor2_1, 3 xor2_1","5*8.76 + 4*7.51 + 1*7.51 + 23*5.0 + 1*10.01 + 4*8.76 + 4*8.76 + 7*6.26 + 5*6.26 + 1*10.01 + 2*3.75 + 556*20.02 + 519*11.26 + 58*10.01 + 102*22.52 + 33*3.75 + 3*6.26 + 3*5.0 + 2*7.51 + 1*6.26 + 1*8.76 + 1*11.26 + 44*3.75 + 10*6.26 + 4*5.0 + 2*7.51 + 1*6.26 + 1*7.51 + 6*7.51 + 43*5.0 + 2*8.76 + 21*8.76 + 9*6.26 + 2*8.76 + 4*7.51 + 1*6.26 + 1*6.26 + 11*8.76 + 3*8.76",21397.57,"4.13 + 1.58 + 0.51 + 0.06 + 0.24",6.52,"5*3.14 + 4*0.98 + 1*5.9 + 23*1.65 + 1*2.66 + 4*1.78 + 4*4.06 + 7*1.48 + 5*1.92 + 1*5.99 + 2*1.57 + 556*8.44 + 519*4.03 + 58*5.89 + 102*6.37 + 33*2.12 + 3*2.25 + 3*1.03 + 2*1.4 + 1*0.53 + 1*1.03 + 1*1.9 + 44*1.97 + 10*2.18 + 4*0.93 + 2*1.3 + 1*0.5 + 1*0.7 + 6*2.21 + 43*1.04 + 2*1.09 + 21*2.76 + 9*1.31 + 2*1.85 + 4*1.7 + 1*1.26 + 1*1.28 + 11*2.07 + 3*4.28",8274.77
"top_module","2 clkinv_1, 1 conb_1, 1 nand2_1, 1 xor2_1","2*3.75 + 1*3.75 + 1*3.75 + 1*8.76",23.76,"0.12",0.12,"2*1.57 + 1*3.24 + 1*2.12 + 1*4.28",12.78
"four_bit_adder","2 maj3_1, 2 nand2_1, 1 nor2_1, 1 o21ai_0, 5 xnor2_1, 2 xor2_1","2*10.01 + 2*3.75 + 1*3.75 + 1*5.0 + 5*8.76 + 2*8.76",97.59,"0.07 + 0.13 + 0.4 + 0.33",0.93,"2*2.09 + 2*2.12 + 1*1.97 + 1*1.04 + 5*2.07 + 2*4.28",30.34
"binary_to_gray","1 a21oi_1, 1 and3_1, 3 dfxtp_1, 1 nor2_1, 1 nor2b_1, 1 nor3_1, 2 xor2_1","1*5.0 + 1*6.26 + 3*20.02 + 1*3.75 + 1*6.26 + 1*5.0 + 2*8.76",103.85,"0.3 + 0.15 + 0.12",0.57,"1*1.65 + 1*5.59 + 3*8.44 + 1*1.97 + 1*2.18 + 1*0.93 + 2*4.28",46.2
"nukv_Read","2 a2111oi_0, 2 a211o_1, 2 a211oi_1, 1 a21o_1, 21 a21oi_1, 2 a31oi_1, 1 a41oi_1, 2 and2_0, 1 and3b_1, 27 clkinv_1, 1 conb_1, 336 dfxtp_1, 243 mux2_1, 49 mux2i_1, 28 mux4_2, 109 nand2_1, 1 nand2b_1, 11 nand3_1, 1 nand3b_1, 7 nand4_1, 43 nor2_1, 3 nor2b_1, 101 nor3_1, 9 nor4_1, 1 nor4bb_1, 1 o211ai_1, 10 o21a_1, 57 o21ai_0, 1 o221ai_1, 1 o22a_1, 43 o22ai_1, 2 o31ai_1, 20 o41ai_1, 1 or2_0, 2 or3_1, 2 or4b_1, 11 xnor2_1, 22 xor2_1","2*8.76 + 2*8.76 + 2*7.51 + 1*7.51 + 21*5.0 + 2*6.26 + 1*8.76 + 2*6.26 + 1*8.76 + 27*3.75 + 1*3.75 + 336*20.02 + 243*11.26 + 49*10.01 + 28*22.52 + 109*3.75 + 1*6.26 + 11*5.0 + 1*7.51 + 7*6.26 + 43*3.75 + 3*6.26 + 101*5.0 + 9*6.26 + 1*10.01 + 1*7.51 + 10*7.51 + 57*5.0 + 1*8.76 + 1*8.76 + 43*6.26 + 2*7.51 + 20*8.76 + 1*6.26 + 2*6.26 + 2*10.01 + 11*8.76 + 22*8.76",13339.21,"1.22 + 0.44 + 3.93 + 1.32 + 0.39 + 0.14 + 0.12 + 0.06 + 0.34 + 0.18 + 4.58 + 0.26",12.98,"2*0.42 + 2*3.14 + 2*0.98 + 1*5.9 + 21*1.65 + 2*1.48 + 1*1.36 + 2*1.92 + 1*7.06 + 27*1.57 + 1*3.24 + 336*8.44 + 243*4.03 + 49*5.89 + 28*6.37 + 109*2.12 + 1*2.25 + 11*1.03 + 1*1.4 + 7*0.53 + 43*1.97 + 3*2.18 + 101*0.93 + 9*0.5 + 1*3.2 + 1*0.7 + 10*2.21 + 57*1.04 + 1*1.09 + 1*2.76 + 43*1.31 + 2*1.7 + 20*1.39 + 1*1.26 + 2*1.28 + 2*2.14 + 11*2.07 + 22*4.28",5133.72
"FSM","1 a2111o_1, 8 a2111oi_0, 1 a211o_1, 10 a211oi_1, 3 a21boi_0, 4 a21o_1, 73 a21oi_1, 2 a221o_1, 5 a221oi_1, 7 a222oi_1, 1 a22o_1, 18 a22oi_1, 1 a311o_1, 9 a31oi_1, 5 a32o_1, 12 a32oi_1, 3 a41oi_1, 27 and2_0, 12 and3_1, 1 and3b_1, 32 clkinv_1, 29 dfxtp_1, 139 dlxtn_1, 29 maj3_1, 1 mux2i_1, 202 nand2_1, 39 nand2b_1, 79 nand3_1, 64 nand4_1, 2 nand4b_1, 170 nor2_1, 42 nor2b_1, 90 nor3_1, 2 nor3b_1, 28 nor4_1, 6 nor4b_1, 9 o2111ai_1, 12 o211ai_1, 8 o21a_1, 73 o21ai_0, 1 o21ba_1, 2 o21bai_1, 3 o221ai_1, 19 o22ai_1, 1 o2bb2ai_1, 2 o311ai_0, 4 o31ai_1, 1 o32a_1, 2 o32ai_1, 1 o41ai_1, 13 or2_0, 14 or3_1, 3 or4_1, 78 xnor2_1, 5 xnor3_1, 55 xor2_1, 3 xor3_1","1*11.26 + 8*8.76 + 1*8.76 + 10*7.51 + 3*7.51 + 4*7.51 + 73*5.0 + 2*10.01 + 5*8.76 + 7*10.01 + 1*8.76 + 18*7.51 + 1*10.01 + 9*6.26 + 5*10.01 + 12*8.76 + 3*8.76 + 27*6.26 + 12*6.26 + 1*8.76 + 32*3.75 + 29*20.02 + 139*15.01 + 29*10.01 + 1*10.01 + 202*3.75 + 39*6.26 + 79*5.0 + 64*6.26 + 2*8.76 + 170*3.75 + 42*6.26 + 90*5.0 + 2*7.51 + 28*6.26 + 6*8.76 + 9*8.76 + 12*7.51 + 8*7.51 + 73*5.0 + 1*10.01 + 2*7.51 + 3*8.76 + 19*6.26 + 1*8.76 + 2*8.76 + 4*7.51 + 1*10.01 + 2*8.76 + 1*8.76 + 13*6.26 + 14*6.26 + 3*7.51 + 78*8.76 + 5*22.52 + 55*8.76 + 3*23.77",10254.09,"0.47",0.47,"1*1.68 + 8*0.42 + 1*3.14 + 10*0.98 + 3*2.48 + 4*5.9 + 73*1.65 + 2*2.66 + 5*1.78 + 7*2.43 + 1*4.06 + 18*2.58 + 1*1.57 + 9*1.48 + 5*2.3 + 12*1.25 + 3*1.36 + 27*1.92 + 12*5.59 + 1*7.06 + 32*1.57 + 29*8.44 + 139*8.12 + 29*2.09 + 1*5.89 + 202*2.12 + 39*2.25 + 79*1.03 + 64*0.53 + 2*1.03 + 170*1.97 + 42*2.18 + 90*0.93 + 2*1.3 + 28*0.5 + 6*0.91 + 9*0.58 + 12*0.7 + 8*2.21 + 73*1.04 + 1*7.27 + 2*2.87 + 3*1.09 + 19*1.31 + 1*1.85 + 2*0.64 + 4*1.7 + 1*1.66 + 2*1.09 + 1*1.39 + 13*1.26 + 14*1.28 + 3*0.85 + 78*2.07 + 5*15.62 + 55*4.28 + 3*15.22",3799.41
"logic_function","1 conb_1, 1 xor3_1","1*3.75 + 1*23.77",27.52,"0.33",0.33,"1*3.24 + 1*15.22",18.46
"sync_bits","2 and2_0, 2 dfxtp_1","2*6.26 + 2*20.02",52.56,"0.27 + 0.11",0.38,"2*1.92 + 2*8.44",20.72
"synchronous_reset","1 dfrtp_1","1*25.02",25.02,"0.31",0.31,"1*11.65",11.65
"shift_register","2 a221o_1, 1 a22o_1, 2 and3b_1, 4 clkinv_1, 4 dfrtp_1, 2 mux2_1, 1 nor2_1","2*10.01 + 1*8.76 + 2*8.76 + 4*3.75 + 4*25.02 + 2*11.26 + 1*3.75",187.65,"0.34 + 0.28 + 0.27",0.89,"2*2.66 + 1*4.06 + 2*7.06 + 4*1.57 + 4*11.65 + 2*4.03 + 1*1.97",86.41
"multiplier","1 a21bo_1, 3 a21boi_0, 18 a21oi_1, 1 a221oi_1, 1 a222oi_1, 2 a22o_1, 6 a22oi_1, 4 a311oi_1, 2 a31o_1, 2 a31oi_1, 1 a32oi_1, 15 and2_0, 11 clkinv_1, 21 maj3_1, 64 nand2_1, 2 nand2b_1, 2 nand3_1, 4 nand4_1, 25 nor2_1, 7 nor2b_1, 3 nor3_1, 6 o21a_1, 13 o21ai_0, 1 o21bai_1, 1 o221ai_1, 3 o22ai_1, 1 o311a_1, 2 o31ai_1, 1 o32a_1, 2 or2_0, 37 xnor2_1, 8 xnor3_1, 25 xor2_1, 6 xor3_1","1*10.01 + 3*7.51 + 18*5.0 + 1*8.76 + 1*10.01 + 2*8.76 + 6*7.51 + 4*8.76 + 2*8.76 + 2*6.26 + 1*8.76 + 15*6.26 + 11*3.75 + 21*10.01 + 64*3.75 + 2*6.26 + 2*5.0 + 4*6.26 + 25*3.75 + 7*6.26 + 3*5.0 + 6*7.51 + 13*5.0 + 1*7.51 + 1*8.76 + 3*6.26 + 1*10.01 + 2*7.51 + 1*10.01 + 2*6.26 + 37*8.76 + 8*22.52 + 25*8.76 + 6*23.77",2121.79,"0.13 + 0.46 + 0.16 + 0.26 + 0.4 + 0.22 + 0.21 + 0.13 + 0.37 + 0.24 + 0.18 + 0.08 + 0.17 + 0.35 + 0.1 + 0.08 + 0.17",3.71,"1*7.27 + 3*2.48 + 18*1.65 + 1*1.78 + 1*2.43 + 2*4.06 + 6*2.58 + 4*0.97 + 2*2.37 + 2*1.48 + 1*1.25 + 15*1.92 + 11*1.57 + 21*2.09 + 64*2.12 + 2*2.25 + 2*1.03 + 4*0.53 + 25*1.97 + 7*2.18 + 3*0.93 + 6*2.21 + 13*1.04 + 1*2.87 + 1*1.09 + 3*1.31 + 1*3.77 + 2*1.7 + 1*1.66 + 2*1.26 + 37*2.07 + 8*15.62 + 25*4.28 + 6*15.22",832.56
"counter","14 clkinv_1, 1 conb_1, 12 dfrtp_1, 1 maj3_1, 4 mux2_1, 2 nand2_1, 1 nand2b_1, 1 nand3_1, 2 nor2b_1, 1 nor4_1, 1 o311ai_0, 1 or3b_1, 2 xnor2_1, 2 xor2_1","14*3.75 + 1*3.75 + 12*25.02 + 1*10.01 + 4*11.26 + 2*3.75 + 1*6.26 + 1*5.0 + 2*6.26 + 1*6.26 + 1*8.76 + 1*8.76 + 2*8.76 + 2*8.76",501.64,"0.34 + 0.12 + 0.34 + 0.31 + 0.17 + 0.33",1.61,"14*1.57 + 1*3.24 + 12*11.65 + 1*2.09 + 4*4.03 + 2*2.12 + 1*2.25 + 1*1.03 + 2*2.18 + 1*0.5 + 1*0.64 + 1*2.59 + 2*2.07 + 2*4.28",211.54
"dff","1 dfxtp_1, 1 mux2i_1, 1 nor2b_1","1*20.02 + 1*10.01 + 1*6.26",36.29,"0.27 + 0.11 + 0.05",0.43,"1*8.44 + 1*5.89 + 1*2.18",16.51
"shift_register","3 dfxtp_1","3*20.02",60.06,"0.27",0.27,"3*8.44",25.32
"watchdog_timer","2 a2111oi_0, 17 a21oi_1, 1 a221oi_1, 4 a222oi_1, 1 a22oi_1, 1 a2bb2oi_1, 8 and2_0, 6 and3_1, 7 and4_1, 23 clkinv_1, 33 dfxtp_1, 6 nand4_1, 19 nor2_1, 24 nor3_1, 2 nor4_1, 1 o211ai_1, 9 o21bai_1, 3 o221ai_1, 5 o22ai_1, 9 xnor2_1, 3 xor2_1","2*8.76 + 17*5.0 + 1*8.76 + 4*10.01 + 1*7.51 + 1*8.76 + 8*6.26 + 6*6.26 + 7*8.76 + 23*3.75 + 33*20.02 + 6*6.26 + 19*3.75 + 24*5.0 + 2*6.26 + 1*7.51 + 9*7.51 + 3*8.76 + 5*6.26 + 9*8.76 + 3*8.76",1542.59,"0.38 + 0.24 + 0.24 + 0.25 + 0.25 + 0.25 + 0.24 + 0.26 + 0.12 + 0.35 + 0.27 + 0.17 + 0.04",3.06,"2*0.42 + 17*1.65 + 1*1.78 + 4*2.43 + 1*2.58 + 1*3.38 + 8*1.92 + 6*5.59 + 7*3.4 + 23*1.57 + 33*8.44 + 6*0.53 + 19*1.97 + 24*0.93 + 2*0.5 + 1*0.7 + 9*2.87 + 3*1.09 + 5*1.31 + 9*2.07 + 3*4.28",565.43
"fifo","5 a211o_1, 24 a211oi_1, 3 a21o_1, 231 a21oi_1, 27 a221o_1, 345 a221oi_1, 5 a22o_1, 22 a22oi_1, 1 a2bb2oi_1, 6 a311o_1, 29 a311oi_1, 4 a31o_1, 32 a31oi_1, 12 a32o_1, 24 a32oi_1, 1 a41o_1, 3 and2_0, 13 and3_1, 61 clkinv_1, 2081 dfxtp_1, 4 maj3_1, 2038 mux2_1, 323 mux2i_1, 95 mux4_2, 230 nand2_1, 31 nand2b_1, 67 nand3_1, 2 nand4_1, 242 nor2_1, 6 nor2b_1, 30 nor3_1, 2 nor3b_1, 3 nor4_1, 1 o211a_1, 55 o211ai_1, 429 o21ai_0, 4 o21bai_1, 3 o221ai_1, 4 o22ai_1, 6 o311a_1, 15 o311ai_0, 4 o31ai_1, 4 o32ai_1, 1 o41a_1, 1 o41ai_1, 1 or2_0, 6 or3_1, 1 or4_1, 11 xnor2_1, 1 xor2_1","5*8.76 + 24*7.51 + 3*7.51 + 231*5.0 + 27*10.01 + 345*8.76 + 5*8.76 + 22*7.51 + 1*8.76 + 6*10.01 + 29*8.76 + 4*8.76 + 32*6.26 + 12*10.01 + 24*8.76 + 1*10.01 + 3*6.26 + 13*6.26 + 61*3.75 + 2081*20.02 + 4*10.01 + 2038*11.26 + 323*10.01 + 95*22.52 + 230*3.75 + 31*6.26 + 67*5.0 + 2*6.26 + 242*3.75 + 6*6.26 + 30*5.0 + 2*7.51 + 3*6.26 + 1*10.01 + 55*7.51 + 429*5.0 + 4*7.51 + 3*8.76 + 4*6.26 + 6*10.01 + 15*8.76 + 4*7.51 + 4*8.76 + 1*11.26 + 1*8.76 + 1*6.26 + 6*6.26 + 1*7.51 + 11*8.76 + 1*8.76",81768.1,"16.45 + 57.49 + 7.29 + 0.21 + 0.13 + 0.28 + 0.06 + 0.3 + 0.11",82.32,"5*3.14 + 24*0.98 + 3*5.9 + 231*1.65 + 27*2.66 + 345*1.78 + 5*4.06 + 22*2.58 + 1*3.38 + 6*1.57 + 29*0.97 + 4*2.37 + 32*1.48 + 12*2.3 + 24*1.25 + 1*6.61 + 3*1.92 + 13*5.59 + 61*1.57 + 2081*8.44 + 4*2.09 + 2038*4.03 + 323*5.89 + 95*6.37 + 230*2.12 + 31*2.25 + 67*1.03 + 2*0.53 + 242*1.97 + 6*2.18 + 30*0.93 + 2*1.3 + 3*0.5 + 1*10.66 + 55*0.7 + 429*1.04 + 4*2.87 + 3*1.09 + 4*1.31 + 6*3.77 + 15*0.64 + 4*1.7 + 4*1.09 + 1*1.37 + 1*1.39 + 1*1.26 + 6*1.28 + 1*0.85 + 11*2.07 + 1*4.28",31577.52
"PointerRegister","2 a211o_1, 3 a21o_1, 92 a21oi_1, 3 a221o_1, 16 a221oi_1, 391 a222oi_1, 2 a22o_1, 226 a22oi_1, 1 a311o_1, 8 a311oi_1, 1 a31o_1, 209 a31oi_1, 25 a32oi_1, 27 a41oi_1, 1 and3_1, 2 and4_1, 70 clkinv_1, 1848 dfxtp_1, 1760 mux2_1, 47 mux2i_1, 471 mux4_2, 190 nand2_1, 1 nand2b_1, 19 nand3_1, 93 nand4_1, 177 nor2_1, 11 nor2b_1, 38 nor3_1, 29 nor4_1, 28 o2111a_1, 4 o211a_1, 4 o211ai_1, 3 o21a_1, 124 o21ai_0, 1 o21bai_1, 27 o221ai_1, 14 o22ai_1, 3 o311ai_0, 3 o31ai_1, 1 or2_0, 1 or3_1","2*8.76 + 3*7.51 + 92*5.0 + 3*10.01 + 16*8.76 + 391*10.01 + 2*8.76 + 226*7.51 + 1*10.01 + 8*8.76 + 1*8.76 + 209*6.26 + 25*8.76 + 27*8.76 + 1*6.26 + 2*8.76 + 70*3.75 + 1848*20.02 + 1760*11.26 + 47*10.01 + 471*22.52 + 190*3.75 + 1*6.26 + 19*5.0 + 93*6.26 + 177*3.75 + 11*6.26 + 38*5.0 + 29*6.26 + 28*11.26 + 4*10.01 + 4*7.51 + 3*7.51 + 124*5.0 + 1*7.51 + 27*8.76 + 14*6.26 + 3*8.76 + 3*7.51 + 1*6.26 + 1*6.26",80250.85,"0.93 + 11.0 + 4.79 + 1.23",17.95,"2*3.14 + 3*5.9 + 92*1.65 + 3*2.66 + 16*1.78 + 391*2.43 + 2*4.06 + 226*2.58 + 1*1.57 + 8*0.97 + 1*2.37 + 209*1.48 + 25*1.25 + 27*1.36 + 1*5.59 + 2*3.4 + 70*1.57 + 1848*8.44 + 1760*4.03 + 47*5.89 + 471*6.37 + 190*2.12 + 1*2.25 + 19*1.03 + 93*0.53 + 177*1.97 + 11*2.18 + 38*0.93 + 29*0.5 + 28*3.75 + 4*10.66 + 4*0.7 + 3*2.21 + 124*1.04 + 1*2.87 + 27*1.09 + 14*1.31 + 3*0.64 + 3*1.7 + 1*1.26 + 1*1.28",29474.52
"bw_r_scm","15 a2111oi_0, 46 a211o_1, 500 a211oi_1, 15 a21boi_0, 1429 a21o_1, 3348 a21oi_1, 5 a221o_1, 297 a221oi_1, 75 a222oi_1, 76 a22o_1, 115 a22oi_1, 15 a2bb2oi_1, 1 a311o_1, 14 a31o_1, 168 a31oi_1, 86 and2_0, 32 and3_1, 5 and4_1, 1 and4b_1, 1809 clkinv_1, 1693 dfxtp_1, 30 mux2_1, 90 mux2i_1, 2128 nand2_1, 74 nand2b_1, 57 nand3_1, 94 nand4_1, 7 nand4b_1, 344 nor2_1, 9 nor2b_1, 80 nor3_1, 1 nor3b_1, 108 nor4_1, 1 nor4b_1, 22 o2111ai_1, 75 o211ai_1, 10 o21a_1, 1030 o21ai_0, 128 o21bai_1, 25 o221a_1, 90 o221ai_1, 437 o22ai_1, 100 o2bb2ai_1, 11 o31a_1, 18 o31ai_1, 5 or2_0, 6 or3_1, 4 or3b_1, 6 or4_1, 1 or4b_1, 105 xnor2_1, 158 xor2_1","15*8.76 + 46*8.76 + 500*7.51 + 15*7.51 + 1429*7.51 + 3348*5.0 + 5*10.01 + 297*8.76 + 75*10.01 + 76*8.76 + 115*7.51 + 15*8.76 + 1*10.01 + 14*8.76 + 168*6.26 + 86*6.26 + 32*6.26 + 5*8.76 + 1*10.01 + 1809*3.75 + 1693*20.02 + 30*11.26 + 90*10.01 + 2128*3.75 + 74*6.26 + 57*5.0 + 94*6.26 + 7*8.76 + 344*3.75 + 9*6.26 + 80*5.0 + 1*7.51 + 108*6.26 + 1*8.76 + 22*8.76 + 75*7.51 + 10*7.51 + 1030*5.0 + 128*7.51 + 25*11.26 + 90*8.76 + 437*6.26 + 100*8.76 + 11*8.76 + 18*7.51 + 5*6.26 + 6*6.26 + 4*8.76 + 6*7.51 + 1*10.01 + 105*8.76 + 158*8.76",106965.21,"0.02 + 0.12 + 0.18 + 0.07 + 0.27",0.66,"15*0.42 + 46*3.14 + 500*0.98 + 15*2.48 + 1429*5.9 + 3348*1.65 + 5*2.66 + 297*1.78 + 75*2.43 + 76*4.06 + 115*2.58 + 15*3.38 + 1*1.57 + 14*2.37 + 168*1.48 + 86*1.92 + 32*5.59 + 5*3.4 + 1*5.99 + 1809*1.57 + 1693*8.44 + 30*4.03 + 90*5.89 + 2128*2.12 + 74*2.25 + 57*1.03 + 94*0.53 + 7*1.03 + 344*1.97 + 9*2.18 + 80*0.93 + 1*1.3 + 108*0.5 + 1*0.91 + 22*0.58 + 75*0.7 + 10*2.21 + 1030*1.04 + 128*2.87 + 25*2.73 + 90*1.09 + 437*1.31 + 100*1.85 + 11*2.07 + 18*1.7 + 5*1.26 + 6*1.28 + 4*2.59 + 6*0.85 + 1*2.14 + 105*2.07 + 158*4.28",43493.63
"adder","6 maj3_1, 2 nand2_1, 1 nor2_1, 1 o21ai_0, 13 xnor2_1, 2 xor2_1","6*10.01 + 2*3.75 + 1*3.75 + 1*5.0 + 13*8.76 + 2*8.76",207.71,"0.07 + 0.13 + 0.4 + 0.39 + 0.39 + 0.39 + 0.39 + 0.33",2.49,"6*2.09 + 2*2.12 + 1*1.97 + 1*1.04 + 13*2.07 + 2*4.28",55.26
"PS3spiControl","1 a21bo_1, 3 a21oi_1, 2 and2_0, 1 and3_1, 1 and3b_1, 2 clkinv_1, 1 conb_1, 31 dfxtp_1, 15 mux2_1, 1 mux2i_1, 1 nand2_1, 1 nand2b_1, 1 nand3_1, 1 nor2_1, 4 nor3_1, 1 nor3b_1, 1 nor4b_1, 1 o211ai_1, 1 o21a_1, 2 o21ai_0, 1 or3b_1","1*10.01 + 3*5.0 + 2*6.26 + 1*6.26 + 1*8.76 + 2*3.75 + 1*3.75 + 31*20.02 + 15*11.26 + 1*10.01 + 1*3.75 + 1*6.26 + 1*5.0 + 1*3.75 + 4*5.0 + 1*7.51 + 1*8.76 + 1*7.51 + 1*7.51 + 2*5.0 + 1*8.76",952.14,"0.31 + 0.72 + 0.37",1.4,"1*7.27 + 3*1.65 + 2*1.92 + 1*5.59 + 1*7.06 + 2*1.57 + 1*3.24 + 31*8.44 + 15*4.03 + 1*5.89 + 1*2.12 + 1*2.25 + 1*1.03 + 1*1.97 + 4*0.93 + 1*1.3 + 1*0.91 + 1*0.7 + 1*2.21 + 2*1.04 + 1*2.59",383.95
"dual_edge_triggered_ff","1 dfxtp_1","1*20.02",20.02,"0.26",0.26,"1*8.44",8.44
"mux_6to1","6 a222oi_1, 3 a22oi_1, 2 and3b_1, 3 nand2_1, 1 nand3_1, 1 nor3_1, 3 nor3b_1","6*10.01 + 3*7.51 + 2*8.76 + 3*3.75 + 1*5.0 + 1*5.0 + 3*7.51",143.89,"0.18 + 0.32 + 0.05",0.55,"6*2.43 + 3*2.58 + 2*7.06 + 3*2.12 + 1*1.03 + 1*0.93 + 3*1.3",48.66
"bitwise_or","6 clkinv_1, 3 or2_0, 1 or3_1","6*3.75 + 3*6.26 + 1*6.26",47.54,"0.19 + 0.33",0.52,"6*1.57 + 3*1.26 + 1*1.28",14.48
"square_wave","5 clkinv_1, 3 dfrtp_1, 1 xor2_1","5*3.75 + 3*25.02 + 1*8.76",102.57,"0.36 + 0.15",0.51,"5*1.57 + 3*11.65 + 1*4.28",47.08
"sky130_fd_sc_hd__a2bb2o","1 o2bb2ai_1","1*8.76",8.76,"0.08",0.08,"1*1.85",1.85
"crc16","17 clkinv_1, 1 dfrtp_1, 16 dfstp_2, 1 mux2i_1, 16 nand2_1, 1 nand3_1, 2 nand4_1, 2 nor2_1, 1 nor4_1, 16 o21ai_0, 1 o32ai_1, 1 or3_1, 1 xnor2_1, 2 xnor3_1","17*3.75 + 1*25.02 + 16*26.28 + 1*10.01 + 16*3.75 + 1*5.0 + 2*6.26 + 2*3.75 + 1*6.26 + 16*5.0 + 1*8.76 + 1*6.26 + 1*8.76 + 2*22.52",759.36,"0.5 + 0.05 + 0.35 + 0.25",1.15,"17*1.57 + 1*11.65 + 16*10.52 + 1*5.89 + 16*2.12 + 1*1.03 + 2*0.53 + 2*1.97 + 1*0.5 + 16*1.04 + 1*1.09 + 1*1.28 + 1*2.07 + 2*15.62",305.32
"four_bit_adder","2 a21oi_1, 1 and2_0, 2 maj3_1, 3 nand2_1, 1 nand3_1, 1 nor2_1, 1 nor2b_1, 1 nor3_1, 1 o21ai_0, 1 or2_0, 4 xnor2_1","2*5.0 + 1*6.26 + 2*10.01 + 3*3.75 + 1*5.0 + 1*3.75 + 1*6.26 + 1*5.0 + 1*5.0 + 1*6.26 + 4*8.76",113.84,"0.38 + 0.25 + 0.14 + 0.33",1.1,"2*1.65 + 1*1.92 + 2*2.09 + 3*2.12 + 1*1.03 + 1*1.97 + 1*2.18 + 1*0.93 + 1*1.04 + 1*1.26 + 4*2.07",32.45
"binary_to_gray","3 xor2_1","3*8.76",26.28,"0.12",0.12,"3*4.28",12.84
"DelayLine","4 dfxtp_1","4*20.02",80.08,"0.27",0.27,"4*8.44",33.76
"calculator","6 a211oi_1, 1 a21bo_1, 2 a21boi_0, 7 a21o_1, 38 a21oi_1, 2 a221o_1, 3 a221oi_1, 5 a22o_1, 3 a22oi_1, 1 a311o_1, 1 a311oi_1, 7 a31oi_1, 9 and2_0, 3 and3_1, 33 clkinv_1, 32 dfxtp_1, 21 maj3_1, 2 mux2_1, 5 mux2i_1, 53 nand2_1, 12 nand2b_1, 16 nand3_1, 5 nand4_1, 36 nor2_1, 5 nor2b_1, 9 nor3_1, 2 nor4_1, 3 o211a_1, 2 o211ai_1, 4 o21a_1, 37 o21ai_0, 4 o21bai_1, 1 o221a_1, 6 o221ai_1, 3 o22a_1, 2 o22ai_1, 1 o2bb2ai_1, 1 o31a_1, 4 o31ai_1, 6 or2_0, 3 or3_1, 2 or4_1, 1 or4b_1, 71 xnor2_1, 1 xnor3_1, 27 xor2_1","6*7.51 + 1*10.01 + 2*7.51 + 7*7.51 + 38*5.0 + 2*10.01 + 3*8.76 + 5*8.76 + 3*7.51 + 1*10.01 + 1*8.76 + 7*6.26 + 9*6.26 + 3*6.26 + 33*3.75 + 32*20.02 + 21*10.01 + 2*11.26 + 5*10.01 + 53*3.75 + 12*6.26 + 16*5.0 + 5*6.26 + 36*3.75 + 5*6.26 + 9*5.0 + 2*6.26 + 3*10.01 + 2*7.51 + 4*7.51 + 37*5.0 + 4*7.51 + 1*11.26 + 6*8.76 + 3*8.76 + 2*6.26 + 1*8.76 + 1*8.76 + 4*7.51 + 6*6.26 + 3*6.26 + 2*7.51 + 1*10.01 + 71*8.76 + 1*22.52 + 27*8.76",3621.84,"0.38 + 0.46 + 0.27 + 0.2 + 0.19 + 0.17 + 0.12 + 0.41 + 0.26 + 0.11 + 0.17 + 0.38 + 0.23 + 0.18 + 0.53 + 0.28 + 0.07 + 0.36 + 0.41 + 0.3 + 0.21 + 0.16 + 0.19 + 0.32 + 0.15 + 0.42 + 0.26 + 0.13 + 0.22 + 0.08 + 0.5 + 0.52 + 0.13 + 0.1 + 0.14",9.01,"6*0.98 + 1*7.27 + 2*2.48 + 7*5.9 + 38*1.65 + 2*2.66 + 3*1.78 + 5*4.06 + 3*2.58 + 1*1.57 + 1*0.97 + 7*1.48 + 9*1.92 + 3*5.59 + 33*1.57 + 32*8.44 + 21*2.09 + 2*4.03 + 5*5.89 + 53*2.12 + 12*2.25 + 16*1.03 + 5*0.53 + 36*1.97 + 5*2.18 + 9*0.93 + 2*0.5 + 3*10.66 + 2*0.7 + 4*2.21 + 37*1.04 + 4*2.87 + 1*2.73 + 6*1.09 + 3*2.76 + 2*1.31 + 1*1.85 + 1*2.07 + 4*1.7 + 6*1.26 + 3*1.28 + 2*0.85 + 1*2.14 + 71*2.07 + 1*15.62 + 27*4.28",1277.19
"SNPS_CLOCK_GATE_HIGH_RegisterAdd_W6_87","1 o21a_1","1*7.51",7.51,"0.14",0.14,"1*2.21",2.21
"sky130_fd_sc_hd__o22a","1 o22a_1","1*8.76",8.76,"0.16",0.16,"1*2.76",2.76
"tmu2_pixout","1 a211oi_1, 2 a21oi_1, 25 a222oi_1, 43 a22oi_1, 1 a31o_1, 43 a32oi_1, 1 and2_0, 2 clkinv_1, 1 conb_1, 365 dfxtp_1, 293 mux2_1, 70 nand2_1, 1 nand2b_1, 25 nand3_1, 2 nor2_1, 1 nor2b_1, 1 nor3_1, 1 nor4bb_1, 1 o21ai_0, 1 or3_1","1*7.51 + 2*5.0 + 25*10.01 + 43*7.51 + 1*8.76 + 43*8.76 + 1*6.26 + 2*3.75 + 1*3.75 + 365*20.02 + 293*11.26 + 70*3.75 + 1*6.26 + 25*5.0 + 2*3.75 + 1*6.26 + 1*5.0 + 1*10.01 + 1*5.0 + 1*6.26",12033.91,"0.82 + 0.56 + 0.05 + 9.91 + 0.9",12.24,"1*0.98 + 2*1.65 + 25*2.43 + 43*2.58 + 1*2.37 + 43*1.25 + 1*1.92 + 2*1.57 + 1*3.24 + 365*8.44 + 293*4.03 + 70*2.12 + 1*2.25 + 25*1.03 + 2*1.97 + 1*2.18 + 1*0.93 + 1*3.2 + 1*1.04 + 1*1.28",4690.75
"nand_gate","1 and2_0","1*6.26",6.26,"0.1",0.1,"1*1.92",1.92
"LED7SEG","6 a211oi_1, 3 a21o_1, 5 a21oi_1, 1 a221oi_1, 3 and2_0, 3 clkinv_1, 2 dfxtp_1, 2 maj3_1, 6 nand2_1, 2 nand2b_1, 3 nand3_1, 3 nand4_1, 5 nor2_1, 2 nor2b_1, 1 nor3_1, 1 nor3b_1, 3 nor4_1, 2 o211ai_1, 2 o21ai_0, 1 o21bai_1, 1 or2_0, 2 or3b_1, 2 xnor2_1, 1 xor2_1","6*7.51 + 3*7.51 + 5*5.0 + 1*8.76 + 3*6.26 + 3*3.75 + 2*20.02 + 2*10.01 + 6*3.75 + 2*6.26 + 3*5.0 + 3*6.26 + 5*3.75 + 2*6.26 + 1*5.0 + 1*7.51 + 3*6.26 + 2*7.51 + 2*5.0 + 1*7.51 + 1*6.26 + 2*8.76 + 2*8.76 + 1*8.76",405.39,"0.52 + 0.14 + 0.38 + 0.38 + 0.13 + 0.2",1.75,"6*0.98 + 3*5.9 + 5*1.65 + 1*1.78 + 3*1.92 + 3*1.57 + 2*8.44 + 2*2.09 + 6*2.12 + 2*2.25 + 3*1.03 + 3*0.53 + 5*1.97 + 2*2.18 + 1*0.93 + 1*1.3 + 3*0.5 + 2*0.7 + 2*1.04 + 1*2.87 + 1*1.26 + 2*2.59 + 2*2.07 + 1*4.28",126.19
"conmutacion","1 a21boi_0, 4 a221o_1, 4 and3_1, 1 buf_1, 1 clkinv_1, 8 dfxtp_1, 2 nor2b_1, 1 o211a_1","1*7.51 + 4*10.01 + 4*6.26 + 1*3.75 + 1*3.75 + 8*20.02 + 2*6.26 + 1*10.01",262.78,"0.31 + 0.18 + 0.34",0.83,"1*2.48 + 4*2.66 + 4*5.59 + 1*1.18 + 1*1.57 + 8*8.44 + 2*2.18 + 1*10.66",120.77
"sky130_fd_sc_hdll__and3","1 and3_1","1*6.26",6.26,"0.13",0.13,"1*5.59",5.59
"four_bit_adder","2 maj3_1, 2 nand2_1, 1 nor2_1, 1 o21ai_0, 5 xnor2_1, 2 xor2_1","2*10.01 + 2*3.75 + 1*3.75 + 1*5.0 + 5*8.76 + 2*8.76",97.59,"0.07 + 0.13 + 0.4 + 0.33",0.93,"2*2.09 + 2*2.12 + 1*1.97 + 1*1.04 + 5*2.07 + 2*4.28",30.34
"ripple_shift_adder","2 a21oi_1, 1 a221o_1, 2 a2bb2oi_1, 1 and2_0, 1 and3_1, 1 maj3_1, 2 mux2_1, 7 nand2_1, 1 nand3b_1, 5 nor2_1, 1 nor2b_1, 1 o21ai_0, 1 o221ai_1, 2 o22ai_1, 1 o31ai_1, 2 or2_0, 1 or3b_1, 3 xnor2_1, 1 xor2_1","2*5.0 + 1*10.01 + 2*8.76 + 1*6.26 + 1*6.26 + 1*10.01 + 2*11.26 + 7*3.75 + 1*7.51 + 5*3.75 + 1*6.26 + 1*5.0 + 1*8.76 + 2*6.26 + 1*7.51 + 2*6.26 + 1*8.76 + 3*8.76 + 1*8.76",231.46,"0.38 + 0.35 + 0.17 + 0.12",1.02,"2*1.65 + 1*2.66 + 2*3.38 + 1*1.92 + 1*5.59 + 1*2.09 + 2*4.03 + 7*2.12 + 1*1.4 + 5*1.97 + 1*2.18 + 1*1.04 + 1*1.09 + 2*1.31 + 1*1.7 + 2*1.26 + 1*2.59 + 3*2.07 + 1*4.28",80.7
"LED_driver","8 dfxtp_1","8*20.02",160.16,"0.27",0.27,"8*8.44",67.52
"progmem","1 a2111o_1, 4 a2111oi_0, 7 a211o_1, 35 a211oi_1, 2 a21bo_1, 7 a21boi_0, 6 a21o_1, 264 a21oi_1, 6 a221o_1, 16 a221oi_1, 2 a22o_1, 14 a22oi_1, 6 a2bb2oi_1, 4 a311o_1, 20 a311oi_1, 7 a31o_1, 137 a31oi_1, 3 a32o_1, 16 a32oi_1, 8 a41o_1, 17 a41oi_1, 13 and2_0, 9 and3_1, 9 and3b_1, 1 and4_1, 2 and4b_1, 10 clkinv_1, 1 dfrtp_1, 32 dfxtp_1, 275 nand2_1, 14 nand2b_1, 95 nand3_1, 7 nand3b_1, 33 nand4_1, 1 nand4b_1, 278 nor2_1, 14 nor2b_1, 123 nor3_1, 9 nor3b_1, 26 nor4_1, 2 nor4b_1, 3 nor4bb_1, 1 o2111a_1, 15 o2111ai_1, 3 o211a_1, 45 o211ai_1, 12 o21a_1, 382 o21ai_0, 1 o21ba_1, 3 o21bai_1, 1 o221a_1, 28 o221ai_1, 5 o22a_1, 24 o22ai_1, 4 o2bb2ai_1, 5 o311a_1, 37 o311ai_0, 5 o31a_1, 59 o31ai_1, 11 o32a_1, 22 o32ai_1, 15 o41ai_1, 8 or2_0, 20 or3_1, 1 or3b_1, 8 or4_1, 3 or4b_1, 4 xnor2_1, 1 xnor3_1, 4 xor2_1","1*11.26 + 4*8.76 + 7*8.76 + 35*7.51 + 2*10.01 + 7*7.51 + 6*7.51 + 264*5.0 + 6*10.01 + 16*8.76 + 2*8.76 + 14*7.51 + 6*8.76 + 4*10.01 + 20*8.76 + 7*8.76 + 137*6.26 + 3*10.01 + 16*8.76 + 8*10.01 + 17*8.76 + 13*6.26 + 9*6.26 + 9*8.76 + 1*8.76 + 2*10.01 + 10*3.75 + 1*25.02 + 32*20.02 + 275*3.75 + 14*6.26 + 95*5.0 + 7*7.51 + 33*6.26 + 1*8.76 + 278*3.75 + 14*6.26 + 123*5.0 + 9*7.51 + 26*6.26 + 2*8.76 + 3*10.01 + 1*11.26 + 15*8.76 + 3*10.01 + 45*7.51 + 12*7.51 + 382*5.0 + 1*10.01 + 3*7.51 + 1*11.26 + 28*8.76 + 5*8.76 + 24*6.26 + 4*8.76 + 5*10.01 + 37*8.76 + 5*8.76 + 59*7.51 + 11*10.01 + 22*8.76 + 15*8.76 + 8*6.26 + 20*6.26 + 1*8.76 + 8*7.51 + 3*10.01 + 4*8.76 + 1*22.52 + 4*8.76",13241.23,"2.12 + 0.37 + 0.27 + 0.09 + 0.46 + 0.18",3.49,"1*1.68 + 4*0.42 + 7*3.14 + 35*0.98 + 2*7.27 + 7*2.48 + 6*5.9 + 264*1.65 + 6*2.66 + 16*1.78 + 2*4.06 + 14*2.58 + 6*3.38 + 4*1.57 + 20*0.97 + 7*2.37 + 137*1.48 + 3*2.3 + 16*1.25 + 8*6.61 + 17*1.36 + 13*1.92 + 9*5.59 + 9*7.06 + 1*3.4 + 2*5.99 + 10*1.57 + 1*11.65 + 32*8.44 + 275*2.12 + 14*2.25 + 95*1.03 + 7*1.4 + 33*0.53 + 1*1.03 + 278*1.97 + 14*2.18 + 123*0.93 + 9*1.3 + 26*0.5 + 2*0.91 + 3*3.2 + 1*3.75 + 15*0.58 + 3*10.66 + 45*0.7 + 12*2.21 + 382*1.04 + 1*7.27 + 3*2.87 + 1*2.73 + 28*1.09 + 5*2.76 + 24*1.31 + 4*1.85 + 5*3.77 + 37*0.64 + 5*2.07 + 59*1.7 + 11*1.66 + 22*1.09 + 15*1.39 + 8*1.26 + 20*1.28 + 1*2.59 + 8*0.85 + 3*2.14 + 4*2.07 + 1*15.62 + 4*4.28",3850.69
"RAM512x16_1R1W","1 a21oi_1, 1 and2_0, 1 clkinv_1, 1 conb_1, 17 dfxtp_1, 6 mux2_1, 5 mux4_2, 5 nand2_1, 1 nand2b_1, 4 nand3_1, 1 nand3b_1, 2 nand4_1, 1 nand4b_1, 1 nor2_1, 1 nor2b_1, 5 nor3_1, 1 nor4_1, 1 nor4b_1, 10 o21ai_0, 10 o31ai_1, 3 or2_0, 2 or3_1, 1 or4_1, 1 xnor2_1","1*5.0 + 1*6.26 + 1*3.75 + 1*3.75 + 17*20.02 + 6*11.26 + 5*22.52 + 5*3.75 + 1*6.26 + 4*5.0 + 1*7.51 + 2*6.26 + 1*8.76 + 1*3.75 + 1*6.26 + 5*5.0 + 1*6.26 + 1*8.76 + 10*5.0 + 10*7.51 + 3*6.26 + 2*6.26 + 1*7.51 + 1*8.76",835.76,"0.55 + 0.18 + 0.6 + 0.19 + 0.34 + 0.3",2.16,"1*1.65 + 1*1.92 + 1*1.57 + 1*3.24 + 17*8.44 + 6*4.03 + 5*6.37 + 5*2.12 + 1*2.25 + 4*1.03 + 1*1.4 + 2*0.53 + 1*1.03 + 1*1.97 + 1*2.18 + 5*0.93 + 1*0.5 + 1*0.91 + 10*1.04 + 10*1.7 + 3*1.26 + 2*1.28 + 1*0.85 + 1*2.07",275.22
"mig_7series_v4_0_tg_status","105 a211oi_1, 1 a21oi_1, 106 clkinv_1, 1 conb_1, 107 dfxtp_1, 1 nand2b_1, 105 nor4b_1, 1 or2_0, 1 or3b_1","105*7.51 + 1*5.0 + 106*3.75 + 1*3.75 + 107*20.02 + 1*6.26 + 105*8.76 + 1*6.26 + 1*8.76",4278.02,"1.99 + 1.88 + 0.2",4.07,"105*0.98 + 1*1.65 + 106*1.57 + 1*3.24 + 107*8.44 + 1*2.25 + 105*0.91 + 1*1.26 + 1*2.59",1278.94
"adder_shifter","1 a211o_1, 3 a211oi_1, 1 a21boi_0, 1 a21o_1, 10 a21oi_1, 1 a22oi_1, 2 a311oi_1, 2 a31o_1, 3 a31oi_1, 2 a32o_1, 5 and2_0, 7 clkinv_1, 7 maj3_1, 5 mux2i_1, 16 nand2_1, 4 nand2b_1, 1 nand4_1, 15 nor2_1, 4 nor2b_1, 3 nor3b_1, 1 o211ai_1, 4 o21ai_0, 1 o21bai_1, 3 o22ai_1, 1 o311a_1, 1 o31a_1, 1 o31ai_1, 2 o32ai_1, 1 or2_0, 12 xnor2_1, 11 xor2_1","1*8.76 + 3*7.51 + 1*7.51 + 1*7.51 + 10*5.0 + 1*7.51 + 2*8.76 + 2*8.76 + 3*6.26 + 2*10.01 + 5*6.26 + 7*3.75 + 7*10.01 + 5*10.01 + 16*3.75 + 4*6.26 + 1*6.26 + 15*3.75 + 4*6.26 + 3*7.51 + 1*7.51 + 4*5.0 + 1*7.51 + 3*6.26 + 1*10.01 + 1*8.76 + 1*7.51 + 2*8.76 + 1*6.26 + 12*8.76 + 11*8.76",855.79,"0.19 + 0.27 + 0.38 + 0.39 + 0.39 + 0.37 + 0.2 + 0.26 + 0.22 + 0.09",2.76,"1*3.14 + 3*0.98 + 1*2.48 + 1*5.9 + 10*1.65 + 1*2.58 + 2*0.97 + 2*2.37 + 3*1.48 + 2*2.3 + 5*1.92 + 7*1.57 + 7*2.09 + 5*5.89 + 16*2.12 + 4*2.25 + 1*0.53 + 15*1.97 + 4*2.18 + 3*1.3 + 1*0.7 + 4*1.04 + 1*2.87 + 3*1.31 + 1*3.77 + 1*2.07 + 1*1.7 + 2*1.09 + 1*1.26 + 12*2.07 + 11*4.28",294.11
"ripple_carry_adder","1 a211oi_1, 3 a21oi_1, 1 a31oi_1, 4 and2_0, 1 and3_1, 2 maj3_1, 7 nand2_1, 1 nand2b_1, 1 nand3_1, 4 nor2_1, 1 nor2b_1, 2 nor3_1, 2 o21ai_0, 1 o2bb2ai_1, 1 o311ai_0, 4 or2_0, 6 xnor2_1","1*7.51 + 3*5.0 + 1*6.26 + 4*6.26 + 1*6.26 + 2*10.01 + 7*3.75 + 1*6.26 + 1*5.0 + 4*3.75 + 1*6.26 + 2*5.0 + 2*5.0 + 1*8.76 + 1*8.76 + 4*6.26 + 6*8.76",253.98,"0.38 + 0.3 + 0.13 + 0.45 + 0.19 + 0.34",1.79,"1*0.98 + 3*1.65 + 1*1.48 + 4*1.92 + 1*5.59 + 2*2.09 + 7*2.12 + 1*2.25 + 1*1.03 + 4*1.97 + 1*2.18 + 2*0.93 + 2*1.04 + 1*1.85 + 1*0.64 + 4*1.26 + 6*2.07",76.93
"state_machine","1 a211oi_1, 1 a21bo_1, 2 a21o_1, 1 a221o_1, 1 a22o_1, 1 a2bb2o_1, 1 and4_1, 2 and4b_1, 13 clkinv_1, 11 dfrtp_1, 1 dfstp_2, 1 mux2_1, 1 mux2i_1, 2 nand2_1, 2 nand3_1, 3 nand4_1, 2 nand4b_1, 7 nor2_1, 2 nor3_1, 5 nor4_1, 1 o211ai_1, 1 o21ai_0, 3 o2bb2ai_1, 1 or4_1, 1 xor2_1","1*7.51 + 1*10.01 + 2*7.51 + 1*10.01 + 1*8.76 + 1*10.01 + 1*8.76 + 2*10.01 + 13*3.75 + 11*25.02 + 1*26.28 + 1*11.26 + 1*10.01 + 2*3.75 + 2*5.0 + 3*6.26 + 2*8.76 + 7*3.75 + 2*5.0 + 5*6.26 + 1*7.51 + 1*5.0 + 3*8.76 + 1*7.51 + 1*8.76",638.03,"0.06 + 0.1 + 0.09 + 0.56 + 0.4 + 0.36",1.57,"1*0.98 + 1*7.27 + 2*5.9 + 1*2.66 + 1*4.06 + 1*5.07 + 1*3.4 + 2*5.99 + 13*1.57 + 11*11.65 + 1*10.52 + 1*4.03 + 1*5.89 + 2*2.12 + 2*1.03 + 3*0.53 + 2*1.03 + 7*1.97 + 2*0.93 + 5*0.5 + 1*0.7 + 1*1.04 + 3*1.85 + 1*0.85 + 1*4.28",256.74
"five_input_gate","1 a221o_1","1*10.01",10.01,"0.29",0.29,"1*2.66",2.66
"ripple_carry_adder","2 a21o_1, 8 a21oi_1, 2 a22oi_1, 6 a311oi_1, 1 a31oi_1, 18 and2_0, 4 clkinv_1, 1 conb_1, 1 maj3_1, 34 nand2_1, 5 nand2b_1, 4 nand3_1, 39 nor2_1, 2 nor2b_1, 3 nor3_1, 3 o21ai_0, 2 o311a_1, 6 o311ai_0, 8 o31ai_1, 13 or2_0, 18 xnor2_1, 6 xor2_1","2*7.51 + 8*5.0 + 2*7.51 + 6*8.76 + 1*6.26 + 18*6.26 + 4*3.75 + 1*3.75 + 1*10.01 + 34*3.75 + 5*6.26 + 4*5.0 + 39*3.75 + 2*6.26 + 3*5.0 + 3*5.0 + 2*10.01 + 6*8.76 + 8*7.51 + 13*6.26 + 18*8.76 + 6*8.76",1062.15,"0.08 + 0.36 + 0.18 + 0.38 + 0.18 + 0.38 + 0.19 + 0.38 + 0.33 + 0.36 + 0.18 + 0.38 + 0.18 + 0.47 + 0.18 + 0.36 + 0.21",4.78,"2*5.9 + 8*1.65 + 2*2.58 + 6*0.97 + 1*1.48 + 18*1.92 + 4*1.57 + 1*3.24 + 1*2.09 + 34*2.12 + 5*2.25 + 4*1.03 + 39*1.97 + 2*2.18 + 3*0.93 + 3*1.04 + 2*3.77 + 6*0.64 + 8*1.7 + 13*1.26 + 18*2.07 + 6*4.28",362.48
"nios2_avalon_reg_control","4 a21o_1, 2 and2_0, 1 and3_1, 2 clkinv_1, 2 dfrtp_1, 1 dfstp_2, 3 dfxtp_1, 1 dlxtn_1, 4 mux2_1, 1 nand2_1, 1 nand3_1, 1 nand4_1, 1 nor3_1, 1 nor4_1, 1 o21ai_0, 1 or2_0, 1 or3_1, 1 or4_1","4*7.51 + 2*6.26 + 1*6.26 + 2*3.75 + 2*25.02 + 1*26.28 + 3*20.02 + 1*15.01 + 4*11.26 + 1*3.75 + 1*5.0 + 1*6.26 + 1*5.0 + 1*6.26 + 1*5.0 + 1*6.26 + 1*6.26 + 1*7.51",304.05,"0.52 + 0.55 + 0.24 + 0.34",1.65,"4*5.9 + 2*1.92 + 1*5.59 + 2*1.57 + 2*11.65 + 1*10.52 + 3*8.44 + 1*8.12 + 4*4.03 + 1*2.12 + 1*1.03 + 1*0.53 + 1*0.93 + 1*0.5 + 1*1.04 + 1*1.26 + 1*1.28 + 1*0.85",129.09
"control","2 and3_1, 4 dfxtp_1, 2 nand2_1, 1 nand2b_1, 1 nand3b_1, 1 o21ai_0","2*6.26 + 4*20.02 + 2*3.75 + 1*6.26 + 1*7.51 + 1*5.0",118.87,"0.28 + 0.16",0.44,"2*5.59 + 4*8.44 + 2*2.12 + 1*2.25 + 1*1.4 + 1*1.04",53.87
"multiplier_block","1 a211oi_1, 2 a21o_1, 9 a21oi_1, 1 a221oi_1, 5 and2_0, 2 clkinv_1, 44 maj3_1, 34 nand2_1, 7 nand2b_1, 1 nand3_1, 1 nand3b_1, 41 nor2_1, 22 nor2b_1, 3 nor3_1, 1 nor3b_1, 2 nor4_1, 1 nor4b_1, 5 o21a_1, 31 o21ai_0, 2 o31a_1, 2 o31ai_1, 4 or3_1, 127 xnor2_1, 8 xnor3_1, 34 xor2_1, 3 xor3_1","1*7.51 + 2*7.51 + 9*5.0 + 1*8.76 + 5*6.26 + 2*3.75 + 44*10.01 + 34*3.75 + 7*6.26 + 1*5.0 + 1*7.51 + 41*3.75 + 22*6.26 + 3*5.0 + 1*7.51 + 2*6.26 + 1*8.76 + 5*7.51 + 31*5.0 + 2*8.76 + 2*7.51 + 4*6.26 + 127*8.76 + 8*22.52 + 34*8.76 + 3*23.77",2986.58,"0.08 + 0.14 + 0.43 + 0.42 + 0.27 + 0.25 + 0.34 + 0.08 + 0.24 + 0.46 + 0.08 + 0.11 + 0.38 + 0.39 + 0.39 + 0.39 + 0.39 + 0.39 + 0.39 + 0.39 + 0.39 + 0.39 + 0.39 + 0.39 + 0.39 + 0.39 + 0.37 + 0.38 + 0.37 + 0.11",9.58,"1*0.98 + 2*5.9 + 9*1.65 + 1*1.78 + 5*1.92 + 2*1.57 + 44*2.09 + 34*2.12 + 7*2.25 + 1*1.03 + 1*1.4 + 41*1.97 + 22*2.18 + 3*0.93 + 1*1.3 + 2*0.5 + 1*0.91 + 5*2.21 + 31*1.04 + 2*2.07 + 2*1.7 + 4*1.28 + 127*2.07 + 8*15.62 + 34*4.28 + 3*15.22",994.08
"PS2control","1 a2111oi_0, 1 a211o_1, 1 a211oi_1, 6 a21o_1, 15 a21oi_1, 2 a221o_1, 1 a221oi_1, 1 a22o_1, 2 a2bb2oi_1, 1 a311o_1, 1 a311oi_1, 4 a31oi_1, 1 a32o_1, 1 a32oi_1, 1 and2_0, 8 and3_1, 2 and3b_1, 1 and4_1, 8 clkinv_1, 50 dfxtp_1, 6 mux2_1, 1 mux2i_1, 1 mux4_2, 21 nand2_1, 2 nand2b_1, 10 nand3_1, 3 nand4_1, 1 nand4bb_1, 25 nor2_1, 3 nor2b_1, 11 nor3_1, 1 nor3b_1, 3 nor4_1, 2 nor4b_1, 1 o211a_1, 12 o21ai_0, 2 o21ba_1, 1 o22a_1, 2 o22ai_1, 2 o31ai_1, 1 o41ai_1, 1 or2_0, 1 or3_1, 2 or4_1, 1 or4b_1, 7 xnor2_1, 3 xor2_1","1*8.76 + 1*8.76 + 1*7.51 + 6*7.51 + 15*5.0 + 2*10.01 + 1*8.76 + 1*8.76 + 2*8.76 + 1*10.01 + 1*8.76 + 4*6.26 + 1*10.01 + 1*8.76 + 1*6.26 + 8*6.26 + 2*8.76 + 1*8.76 + 8*3.75 + 50*20.02 + 6*11.26 + 1*10.01 + 1*22.52 + 21*3.75 + 2*6.26 + 10*5.0 + 3*6.26 + 1*11.26 + 25*3.75 + 3*6.26 + 11*5.0 + 1*7.51 + 3*6.26 + 2*8.76 + 1*10.01 + 12*5.0 + 2*10.01 + 1*8.76 + 2*6.26 + 2*7.51 + 1*8.76 + 1*6.26 + 1*6.26 + 2*7.51 + 1*10.01 + 7*8.76 + 3*8.76",2119.33,"0.41 + 0.51 + 0.15 + 0.23 + 0.16 + 0.24 + 0.32",2.02,"1*0.42 + 1*3.14 + 1*0.98 + 6*5.9 + 15*1.65 + 2*2.66 + 1*1.78 + 1*4.06 + 2*3.38 + 1*1.57 + 1*0.97 + 4*1.48 + 1*2.3 + 1*1.25 + 1*1.92 + 8*5.59 + 2*7.06 + 1*3.4 + 8*1.57 + 50*8.44 + 6*4.03 + 1*5.89 + 1*6.37 + 21*2.12 + 2*2.25 + 10*1.03 + 3*0.53 + 1*1.9 + 25*1.97 + 3*2.18 + 11*0.93 + 1*1.3 + 3*0.5 + 2*0.91 + 1*10.66 + 12*1.04 + 2*7.27 + 1*2.76 + 2*1.31 + 2*1.7 + 1*1.39 + 1*1.26 + 1*1.28 + 2*0.85 + 1*2.14 + 7*2.07 + 3*4.28",844.79
"sky130_fd_sc_ls__o21ai_2","1 nor2_1, 1 xnor2_1","1*3.75 + 1*8.76",12.51,"0.1 + 0.1",0.2,"1*1.97 + 1*2.07",4.04
"mux4to1","1 mux4_2","1*22.52",22.52,"0.43",0.43,"1*6.37",6.37
"test","16 a31oi_1, 33 clkinv_1, 33 dfrtp_1, 32 dfxtp_1, 16 nand2_1, 16 nor2_1, 16 o22ai_1, 1 or3b_1","16*6.26 + 33*3.75 + 33*25.02 + 32*20.02 + 16*3.75 + 16*3.75 + 16*6.26 + 1*8.76",1919.13,"0.54 + 0.27 + 0.11",0.92,"16*1.48 + 33*1.57 + 33*11.65 + 32*8.44 + 16*2.12 + 16*1.97 + 16*1.31 + 1*2.59",819.01
"registros_salida","3 a211oi_1, 21 a21oi_1, 1 and2_0, 1 and3_1, 1 and4_1, 1 and4b_1, 1 clkinv_1, 1 conb_1, 24 dfxtp_1, 40 nand2_1, 1 nand2b_1, 2 nand3_1, 1 nand3b_1, 5 nand4_1, 10 nor2_1, 6 nor3_1, 2 nor3b_1, 1 nor4bb_1, 2 o21a_1, 2 o21ai_0, 1 o311ai_0, 1 or4_1, 1 or4b_1, 1 xnor2_1","3*7.51 + 21*5.0 + 1*6.26 + 1*6.26 + 1*8.76 + 1*10.01 + 1*3.75 + 1*3.75 + 24*20.02 + 40*3.75 + 1*6.26 + 2*5.0 + 1*7.51 + 5*6.26 + 10*3.75 + 6*5.0 + 2*7.51 + 1*10.01 + 2*7.51 + 2*5.0 + 1*8.76 + 1*7.51 + 1*10.01 + 1*8.76",1004.46,"0.56 + 0.47 + 0.08 + 0.27 + 0.09",1.47,"3*0.98 + 21*1.65 + 1*1.92 + 1*5.59 + 1*3.4 + 1*5.99 + 1*1.57 + 1*3.24 + 24*8.44 + 40*2.12 + 1*2.25 + 2*1.03 + 1*1.4 + 5*0.53 + 10*1.97 + 6*0.93 + 2*1.3 + 1*3.2 + 2*2.21 + 2*1.04 + 1*0.64 + 1*0.85 + 1*2.14 + 1*2.07",398.3
"radio_controller_TxTiming","4 a21o_1, 26 a21oi_1, 3 a221oi_1, 3 a22oi_1, 2 a2bb2oi_1, 5 and2_0, 9 and3_1, 2 and4_1, 30 clkinv_1, 39 dfxtp_1, 12 maj3_1, 1 mux2i_1, 15 nand2_1, 5 nand2b_1, 4 nand4_1, 1 nand4b_1, 20 nor2_1, 4 nor2b_1, 9 nor3_1, 3 nor4_1, 1 o211a_1, 4 o21a_1, 24 o21ai_0, 1 o221a_1, 10 o22ai_1, 2 o2bb2ai_1, 1 o31ai_1, 1 or3_1, 14 xnor2_1, 5 xor2_1","4*7.51 + 26*5.0 + 3*8.76 + 3*7.51 + 2*8.76 + 5*6.26 + 9*6.26 + 2*8.76 + 30*3.75 + 39*20.02 + 12*10.01 + 1*10.01 + 15*3.75 + 5*6.26 + 4*6.26 + 1*8.76 + 20*3.75 + 4*6.26 + 9*5.0 + 3*6.26 + 1*10.01 + 4*7.51 + 24*5.0 + 1*11.26 + 10*6.26 + 2*8.76 + 1*7.51 + 1*6.26 + 14*8.76 + 5*8.76",2071.75,"0.3 + 0.2 + 0.1 + 0.33 + 0.35 + 0.35 + 0.35 + 0.31 + 0.2 + 0.11",2.6,"4*5.9 + 26*1.65 + 3*1.78 + 3*2.58 + 2*3.38 + 5*1.92 + 9*5.59 + 2*3.4 + 30*1.57 + 39*8.44 + 12*2.09 + 1*5.89 + 15*2.12 + 5*2.25 + 4*0.53 + 1*1.03 + 20*1.97 + 4*2.18 + 9*0.93 + 3*0.5 + 1*10.66 + 4*2.21 + 24*1.04 + 1*2.73 + 10*1.31 + 2*1.85 + 1*1.7 + 1*1.28 + 14*2.07 + 5*4.28",781.82
"i2c_master","3 a211o_1, 4 a211oi_1, 1 a21boi_0, 40 a21oi_1, 1 a221o_1, 3 a221oi_1, 1 a22o_1, 10 a22oi_1, 1 a31o_1, 6 a31oi_1, 3 a32oi_1, 4 and2_0, 3 and3_1, 1 and3b_1, 1 and4_1, 8 clkinv_1, 72 dfxtp_1, 17 mux2_1, 4 mux2i_1, 1 mux4_2, 71 nand2_1, 8 nand2b_1, 29 nand3_1, 6 nand3b_1, 5 nand4_1, 48 nor2_1, 15 nor2b_1, 26 nor3_1, 1 nor3b_1, 9 nor4_1, 1 nor4b_1, 1 nor4bb_1, 1 o211a_1, 5 o211ai_1, 4 o21a_1, 38 o21ai_0, 2 o221ai_1, 2 o22ai_1, 1 o2bb2ai_1, 3 o31ai_1, 1 o32a_1, 1 o41ai_1, 3 or2_0, 3 or3_1, 1 or3b_1, 2 or4_1, 6 xnor2_1, 4 xor2_1","3*8.76 + 4*7.51 + 1*7.51 + 40*5.0 + 1*10.01 + 3*8.76 + 1*8.76 + 10*7.51 + 1*8.76 + 6*6.26 + 3*8.76 + 4*6.26 + 3*6.26 + 1*8.76 + 1*8.76 + 8*3.75 + 72*20.02 + 17*11.26 + 4*10.01 + 1*22.52 + 71*3.75 + 8*6.26 + 29*5.0 + 6*7.51 + 5*6.26 + 48*3.75 + 15*6.26 + 26*5.0 + 1*7.51 + 9*6.26 + 1*8.76 + 1*10.01 + 1*10.01 + 5*7.51 + 4*7.51 + 38*5.0 + 2*8.76 + 2*6.26 + 1*8.76 + 3*7.51 + 1*10.01 + 1*8.76 + 3*6.26 + 3*6.26 + 1*8.76 + 2*7.51 + 6*8.76 + 4*8.76",3764.19,"0.31 + 0.58 + 0.35 + 0.46 + 0.42 + 0.19 + 0.59 + 0.3 + 0.41 + 0.26 + 0.05",3.92,"3*3.14 + 4*0.98 + 1*2.48 + 40*1.65 + 1*2.66 + 3*1.78 + 1*4.06 + 10*2.58 + 1*2.37 + 6*1.48 + 3*1.25 + 4*1.92 + 3*5.59 + 1*7.06 + 1*3.4 + 8*1.57 + 72*8.44 + 17*4.03 + 4*5.89 + 1*6.37 + 71*2.12 + 8*2.25 + 29*1.03 + 6*1.4 + 5*0.53 + 48*1.97 + 15*2.18 + 26*0.93 + 1*1.3 + 9*0.5 + 1*0.91 + 1*3.2 + 1*10.66 + 5*0.7 + 4*2.21 + 38*1.04 + 2*1.09 + 2*1.31 + 1*1.85 + 3*1.7 + 1*1.66 + 1*1.39 + 3*1.26 + 3*1.28 + 1*2.59 + 2*0.85 + 6*2.07 + 4*4.28",1377.83
"led_matrix_display","8 a22o_1, 1 conb_1, 25 dfxtp_1, 17 mux2i_1, 17 nor2_1, 2 nor2b_1","8*8.76 + 1*3.75 + 25*20.02 + 17*10.01 + 17*3.75 + 2*6.26",820.77,"0.28 + 0.19",0.47,"8*4.06 + 1*3.24 + 25*8.44 + 17*5.89 + 17*1.97 + 2*2.18",384.7
"signed_mag_comp","2 a21oi_1, 1 a31oi_1, 1 clkinv_1, 1 conb_1, 1 dlxtn_1, 1 nand2_1, 2 nand2b_1, 2 nor2b_1, 2 o221ai_1","2*5.0 + 1*6.26 + 1*3.75 + 1*3.75 + 1*15.01 + 1*3.75 + 2*6.26 + 2*6.26 + 2*8.76",85.08,"0.12 + 0.11 + 0.1 + 0.16 + 0.32",0.81,"2*1.65 + 1*1.48 + 1*1.57 + 1*3.24 + 1*8.12 + 1*2.12 + 2*2.25 + 2*2.18 + 2*1.09",30.87
"decoder_4to16","1 and4_1, 4 and4b_1, 36 dfxtp_1, 1 nor4_1, 4 nor4b_1, 6 nor4bb_1","1*8.76 + 4*10.01 + 36*20.02 + 1*6.26 + 4*8.76 + 6*10.01",870.88,"0.47 + 0.28",0.75,"1*3.4 + 4*5.99 + 36*8.44 + 1*0.5 + 4*0.91 + 6*3.2",354.54
"nfa_get_initials_1","2 a21oi_1, 4 clkinv_1, 2 conb_1, 79 dfxtp_1, 76 mux2_1, 1 nand2b_1, 1 nand3_1, 1 nand3b_1, 3 nor2_1, 1 nor2b_1, 1 nor4_1, 1 o21a_1, 2 o21ai_0","2*5.0 + 4*3.75 + 2*3.75 + 79*20.02 + 76*11.26 + 1*6.26 + 1*5.0 + 1*7.51 + 3*3.75 + 1*6.26 + 1*6.26 + 1*7.51 + 2*5.0",2529.89,"0.3 + 0.08 + 1.25 + 0.79",2.42,"2*1.65 + 4*1.57 + 2*3.24 + 79*8.44 + 76*4.03 + 1*2.25 + 1*1.03 + 1*1.4 + 3*1.97 + 1*2.18 + 1*0.5 + 1*2.21 + 2*1.04",1006.66
"ll_axis_bridge","3 clkinv_1","3*3.75",11.25,"0.02",0.02,"3*1.57",4.71
"cog_alu","4 a2111oi_0, 2 a211o_1, 7 a211oi_1, 1 a21boi_0, 30 a21o_1, 223 a21oi_1, 2 a221o_1, 21 a221oi_1, 6 a222oi_1, 1 a22o_1, 17 a22oi_1, 2 a311oi_1, 1 a31o_1, 29 a31oi_1, 5 a32oi_1, 1 a41o_1, 1 a41oi_1, 4 and2_0, 25 and3_1, 26 clkinv_1, 3 maj3_1, 20 mux2_1, 49 mux2i_1, 4 mux4_2, 176 nand2_1, 12 nand2b_1, 38 nand3_1, 3 nand3b_1, 1 nand4_1, 157 nor2_1, 12 nor2b_1, 15 nor3_1, 1 nor3b_1, 6 nor4_1, 1 nor4b_1, 21 o211ai_1, 12 o21a_1, 237 o21ai_0, 2 o21ba_1, 1 o21bai_1, 4 o221ai_1, 3 o22a_1, 9 o22ai_1, 8 o311ai_0, 3 o31a_1, 7 o31ai_1, 1 o41ai_1, 6 or2_0, 3 or3_1, 13 or3b_1, 4 or4_1, 44 xnor2_1, 2 xnor3_1, 21 xor2_1","4*8.76 + 2*8.76 + 7*7.51 + 1*7.51 + 30*7.51 + 223*5.0 + 2*10.01 + 21*8.76 + 6*10.01 + 1*8.76 + 17*7.51 + 2*8.76 + 1*8.76 + 29*6.26 + 5*8.76 + 1*10.01 + 1*8.76 + 4*6.26 + 25*6.26 + 26*3.75 + 3*10.01 + 20*11.26 + 49*10.01 + 4*22.52 + 176*3.75 + 12*6.26 + 38*5.0 + 3*7.51 + 1*6.26 + 157*3.75 + 12*6.26 + 15*5.0 + 1*7.51 + 6*6.26 + 1*8.76 + 21*7.51 + 12*7.51 + 237*5.0 + 2*10.01 + 1*7.51 + 4*8.76 + 3*8.76 + 9*6.26 + 8*8.76 + 3*8.76 + 7*7.51 + 1*8.76 + 6*6.26 + 3*6.26 + 13*8.76 + 4*7.51 + 44*8.76 + 2*22.52 + 21*8.76",7535.66,"0.05 + 1.64 + 0.22 + 0.47 + 0.21 + 0.2 + 0.2 + 0.2 + 0.2 + 0.39 + 0.56 + 0.18 + 0.46 + 0.2 + 0.3 + 0.26 + 0.13 + 0.31 + 0.17 + 0.34 + 0.24 + 0.22 + 0.36 + 0.09 + 0.18 + 0.09 + 0.13 + 0.12 + 0.22",8.34,"4*0.42 + 2*3.14 + 7*0.98 + 1*2.48 + 30*5.9 + 223*1.65 + 2*2.66 + 21*1.78 + 6*2.43 + 1*4.06 + 17*2.58 + 2*0.97 + 1*2.37 + 29*1.48 + 5*1.25 + 1*6.61 + 1*1.36 + 4*1.92 + 25*5.59 + 26*1.57 + 3*2.09 + 20*4.03 + 49*5.89 + 4*6.37 + 176*2.12 + 12*2.25 + 38*1.03 + 3*1.4 + 1*0.53 + 157*1.97 + 12*2.18 + 15*0.93 + 1*1.3 + 6*0.5 + 1*0.91 + 21*0.7 + 12*2.21 + 237*1.04 + 2*7.27 + 1*2.87 + 4*1.09 + 3*2.76 + 9*1.31 + 8*0.64 + 3*2.07 + 7*1.7 + 1*1.39 + 6*1.26 + 3*1.28 + 13*2.59 + 4*0.85 + 44*2.07 + 2*15.62 + 21*4.28",2731.54
"top_module","1 a21oi_1, 6 clkinv_1, 4 dfrtp_1, 2 maj3_1, 1 nand2b_1, 1 nor2_1, 5 nor2b_1, 1 nor4_1, 2 o211a_1, 1 o21ai_0, 1 o21ba_1, 1 or2_0, 6 xnor2_1, 1 xor2_1","1*5.0 + 6*3.75 + 4*25.02 + 2*10.01 + 1*6.26 + 1*3.75 + 5*6.26 + 1*6.26 + 2*10.01 + 1*5.0 + 1*10.01 + 1*6.26 + 6*8.76 + 1*8.76",297.78,"0.38 + 0.15 + 0.37 + 0.1 + 0.31 + 0.41 + 0.37 + 0.13",2.22,"1*1.65 + 6*1.57 + 4*11.65 + 2*2.09 + 1*2.25 + 1*1.97 + 5*2.18 + 1*0.5 + 2*10.66 + 1*1.04 + 1*7.27 + 1*1.26 + 6*2.07 + 1*4.28",125.06
"sum_prod","1 a21boi_0, 2 a21o_1, 1 a22o_1, 3 a22oi_1, 1 a31oi_1, 3 and2_0, 2 and4_1, 2 clkinv_1, 1 conb_1, 14 maj3_1, 31 nand2_1, 1 nand3_1, 3 nand4_1, 9 nor2_1, 2 nor2b_1, 3 o21ai_0, 2 o21bai_1, 32 xnor2_1, 5 xnor3_1, 15 xor2_1, 3 xor3_1","1*7.51 + 2*7.51 + 1*8.76 + 3*7.51 + 1*6.26 + 3*6.26 + 2*8.76 + 2*3.75 + 1*3.75 + 14*10.01 + 31*3.75 + 1*5.0 + 3*6.26 + 9*3.75 + 2*6.26 + 3*5.0 + 2*7.51 + 32*8.76 + 5*22.52 + 15*8.76 + 3*23.77",1059.72,"0.13 + 0.41 + 0.37 + 0.37 + 0.24 + 0.22 + 0.14 + 0.38 + 0.11",2.37,"1*2.48 + 2*5.9 + 1*4.06 + 3*2.58 + 1*1.48 + 3*1.92 + 2*3.4 + 2*1.57 + 1*3.24 + 14*2.09 + 31*2.12 + 1*1.03 + 3*0.53 + 9*1.97 + 2*2.18 + 3*1.04 + 2*2.87 + 32*2.07 + 5*15.62 + 15*4.28 + 3*15.22",429.25
"BottleneckSequencer","1 a2111oi_0, 1 and2_0, 1 and3_1, 2 clkinv_1, 6 nand2_1, 1 nand4b_1, 4 nor2_1, 1 nor2b_1, 2 nor3_1, 4 nor4_1, 2 o211ai_1, 2 o21ai_0, 1 o22ai_1, 1 or2_0, 1 or3_1, 1 or4_1, 1 or4b_1","1*8.76 + 1*6.26 + 1*6.26 + 2*3.75 + 6*3.75 + 1*8.76 + 4*3.75 + 1*6.26 + 2*5.0 + 4*6.26 + 2*7.51 + 2*5.0 + 1*6.26 + 1*6.26 + 1*6.26 + 1*7.51 + 1*10.01",177.66,"0.56 + 0.32 + 0.14 + 0.11",1.13,"1*0.42 + 1*1.92 + 1*5.59 + 2*1.57 + 6*2.12 + 1*1.03 + 4*1.97 + 1*2.18 + 2*0.93 + 4*0.5 + 2*0.7 + 2*1.04 + 1*1.31 + 1*1.26 + 1*1.28 + 1*0.85 + 1*2.14",49.06
"EX_MEM","107 dfxtp_1","107*20.02",2142.14,"0.26",0.26,"107*8.44",903.08
"MUX4X1","2 mux2i_1, 1 nand2_1","2*10.01 + 1*3.75",23.77,"0.15 + 0.04",0.19,"2*5.89 + 1*2.12",13.9
"Span12Mux_s4_h","1 a2111oi_0, 1 mux2_1, 1 mux2i_1, 1 nor2_1","1*8.76 + 1*11.26 + 1*10.01 + 1*3.75",33.78,"0.17 + 0.03 + 0.23",0.43,"1*0.42 + 1*4.03 + 1*5.89 + 1*1.97",12.31
"flipflop_preset_clear","1 a21o_1, 2 clkinv_1, 1 dfxtp_1","1*7.51 + 2*3.75 + 1*20.02",35.03,"0.29 + 0.03",0.32,"1*5.9 + 2*1.57 + 1*8.44",17.48
"split_16bit_to_8bit","1 conb_1, 1 mux4_2","1*3.75 + 1*22.52",26.27,"0.43",0.43,"1*3.24 + 1*6.37",9.61
"dffc_6","6 dfrtp_1","6*25.02",150.12,"0.31",0.31,"6*11.65",69.9
"SPIFSM","1 a211o_1, 1 a21o_1, 2 and2_0, 1 and3_1, 2 clkinv_1, 1 conb_1, 3 dfrtp_1, 1 nor2_1, 1 nor2b_1, 1 nor3b_1, 1 o21bai_1","1*8.76 + 1*7.51 + 2*6.26 + 1*6.26 + 2*3.75 + 1*3.75 + 3*25.02 + 1*3.75 + 1*6.26 + 1*7.51 + 1*7.51",146.39,"0.38 + 0.18 + 0.21",0.77,"1*3.14 + 1*5.9 + 2*1.92 + 1*5.59 + 2*1.57 + 1*3.24 + 3*11.65 + 1*1.97 + 1*2.18 + 1*1.3 + 1*2.87",68.12
"counter","2 a21oi_1, 1 and3_1, 1 and4_1, 4 dfxtp_1, 2 nor2_1, 2 nor3_1, 1 o21a_1, 1 xnor2_1","2*5.0 + 1*6.26 + 1*8.76 + 4*20.02 + 2*3.75 + 2*5.0 + 1*7.51 + 1*8.76",138.87,"0.34 + 0.23 + 0.12 + 0.04",0.73,"2*1.65 + 1*5.59 + 1*3.4 + 4*8.44 + 2*1.97 + 2*0.93 + 1*2.21 + 1*2.07",56.13
"signed_mag_comp","1 conb_1, 1 dfxtp_1","1*3.75 + 1*20.02",23.77,"0.26",0.26,"1*3.24 + 1*8.44",11.68
"data_processor","1 a211oi_1, 3 a21oi_1, 1 a221oi_1, 4 clkinv_1, 1 conb_1, 8 dfxtp_1, 2 mux2i_1, 2 nand2_1, 1 nand3_1, 4 nor2_1, 1 nor3_1, 1 nor4_1, 2 o21a_1, 4 o21ai_0, 1 o22ai_1, 1 o31ai_1","1*7.51 + 3*5.0 + 1*8.76 + 4*3.75 + 1*3.75 + 8*20.02 + 2*10.01 + 2*3.75 + 1*5.0 + 4*3.75 + 1*5.0 + 1*6.26 + 2*7.51 + 4*5.0 + 1*6.26 + 1*7.51",317.75,"0.05 + 0.64 + 0.17 + 0.27",1.13,"1*0.98 + 3*1.65 + 1*1.78 + 4*1.57 + 1*3.24 + 8*8.44 + 2*5.89 + 2*2.12 + 1*1.03 + 4*1.97 + 1*0.93 + 1*0.5 + 2*2.21 + 4*1.04 + 1*1.31 + 1*1.7",122.7
"dual_port_ram","4 a211o_1, 2 a211oi_1, 26 a21oi_1, 5 a221o_1, 1 a221oi_1, 1 a22o_1, 1 a31oi_1, 1 and2_0, 1 and3_1, 3 clkinv_1, 1320 dfxtp_1, 1290 mux2_1, 42 mux2i_1, 315 mux4_2, 26 nand2_1, 1 nand2b_1, 3 nand3_1, 3 nand3b_1, 138 nor2_1, 4 nor2b_1, 3 nor3_1, 3 nor3b_1, 23 o211a_1, 3 o211ai_1, 118 o21ai_0, 4 o221a_1, 26 o221ai_1, 30 o22ai_1, 2 o311a_1, 2 or2_0","4*8.76 + 2*7.51 + 26*5.0 + 5*10.01 + 1*8.76 + 1*8.76 + 1*6.26 + 1*6.26 + 1*6.26 + 3*3.75 + 1320*20.02 + 1290*11.26 + 42*10.01 + 315*22.52 + 26*3.75 + 1*6.26 + 3*5.0 + 3*7.51 + 138*3.75 + 4*6.26 + 3*5.0 + 3*7.51 + 23*10.01 + 3*7.51 + 118*5.0 + 4*11.26 + 26*8.76 + 30*6.26 + 2*10.01 + 2*6.26",50800.94,"0.04 + 0.24 + 1.79 + 0.39",2.46,"4*3.14 + 2*0.98 + 26*1.65 + 5*2.66 + 1*1.78 + 1*4.06 + 1*1.48 + 1*1.92 + 1*5.59 + 3*1.57 + 1320*8.44 + 1290*4.03 + 42*5.89 + 315*6.37 + 26*2.12 + 1*2.25 + 3*1.03 + 3*1.4 + 138*1.97 + 4*2.18 + 3*0.93 + 3*1.3 + 23*10.66 + 3*0.7 + 118*1.04 + 4*2.73 + 26*1.09 + 30*1.31 + 2*3.77 + 2*1.26",19494.24
"add_sub_pipeline","1 a21o_1, 1 a21oi_1, 1 a221oi_1, 1 a31o_1, 1 a41o_1, 4 and2_0, 2 clkinv_1, 20 maj3_1, 1 mux2_1, 10 nand2_1, 1 nand2b_1, 4 nor2_1, 2 o211ai_1, 1 o21a_1, 1 o21ai_0, 1 o311ai_0, 1 o31ai_1, 3 or2_0, 52 xnor2_1, 36 xor2_1, 1 xor3_1","1*7.51 + 1*5.0 + 1*8.76 + 1*8.76 + 1*10.01 + 4*6.26 + 2*3.75 + 20*10.01 + 1*11.26 + 10*3.75 + 1*6.26 + 4*3.75 + 2*7.51 + 1*7.51 + 1*5.0 + 1*8.76 + 1*7.51 + 3*6.26 + 52*8.76 + 36*8.76 + 1*23.77",1200.03,"0.32 + 0.36 + 0.37 + 0.37 + 0.37 + 0.37 + 0.19 + 0.19 + 0.11 + 0.27 + 0.35 + 0.18 + 0.27 + 0.36 + 0.37 + 0.37 + 0.37 + 0.37 + 0.37 + 0.37 + 0.37 + 0.37 + 0.37 + 0.37 + 0.37 + 0.37 + 0.35 + 0.11",8.98,"1*5.9 + 1*1.65 + 1*1.78 + 1*2.37 + 1*6.61 + 4*1.92 + 2*1.57 + 20*2.09 + 1*4.03 + 10*2.12 + 1*2.25 + 4*1.97 + 2*0.7 + 1*2.21 + 1*1.04 + 1*0.64 + 1*1.7 + 3*1.26 + 52*2.07 + 36*4.28 + 1*15.22",394.0
"shift_register","1 a211oi_1, 4 a21oi_1, 8 and2_0, 1 and3_1, 25 clkinv_1, 24 dfrtp_1, 9 mux2_1, 2 nand2_1, 2 nor4_1, 2 xnor2_1, 5 xor2_1","1*7.51 + 4*5.0 + 8*6.26 + 1*6.26 + 25*3.75 + 24*25.02 + 9*11.26 + 2*3.75 + 2*6.26 + 2*8.76 + 5*8.76",960.76,"0.39 + 0.17 + 0.51 + 0.33 + 0.38",1.78,"1*0.98 + 4*1.65 + 8*1.92 + 1*5.59 + 25*1.57 + 24*11.65 + 9*4.03 + 2*2.12 + 2*0.5 + 2*2.07 + 5*4.28",414.43
"spi_receiver","2 a21boi_0, 1 a21o_1, 4 a21oi_1, 8 a22o_1, 2 a32o_1, 6 clkinv_1, 4 dfrtp_1, 54 dfxtp_1, 39 mux2_1, 6 nand2_1, 3 nand2b_1, 1 nand3_1, 2 nor2_1, 1 nor3_1, 2 o21ai_0, 1 or2_0, 1 xor2_1","2*7.51 + 1*7.51 + 4*5.0 + 8*8.76 + 2*10.01 + 6*3.75 + 4*25.02 + 54*20.02 + 39*11.26 + 6*3.75 + 3*6.26 + 1*5.0 + 2*3.75 + 1*5.0 + 2*5.0 + 1*6.26 + 1*8.76",1859.23,"0.39 + 0.76 + 0.37",1.52,"2*2.48 + 1*5.9 + 4*1.65 + 8*4.06 + 2*2.3 + 6*1.57 + 4*11.65 + 54*8.44 + 39*4.03 + 6*2.12 + 3*2.25 + 1*1.03 + 2*1.97 + 1*0.93 + 2*1.04 + 1*1.26 + 1*4.28",756.48
"async_reset_release","1 clkinv_1, 1 dfrtp_1","1*3.75 + 1*25.02",28.77,"0.31",0.31,"1*1.57 + 1*11.65",13.22
"memory_module","15 a211o_1, 70 a211oi_1, 18 a21boi_0, 37 a21o_1, 1250 a21oi_1, 80 a221o_1, 253 a221oi_1, 19 a22o_1, 64 a22oi_1, 3 a2bb2oi_1, 21 a311o_1, 117 a311oi_1, 12 a31o_1, 197 a31oi_1, 11 a32o_1, 42 a32oi_1, 5 and2_0, 29 and3_1, 32768 buf_1, 147 clkinv_1, 32768 dfxtp_1, 64 mux2_1, 835 mux2i_1, 7838 mux4_2, 920 nand2_1, 109 nand2b_1, 314 nand3_1, 2949 nor2_1, 101 nor2b_1, 52 nor3_1, 26 o211a_1, 192 o211ai_1, 47 o21a_1, 3260 o21ai_0, 7 o21bai_1, 109 o221a_1, 1226 o221ai_1, 7 o22a_1, 271 o22ai_1, 1 o2bb2ai_1, 27 o311a_1, 61 o311ai_0, 16 o31a_1, 86 o31ai_1, 4 o32a_1, 36 o32ai_1, 44 or2_0, 6 or3_1","15*8.76 + 70*7.51 + 18*7.51 + 37*7.51 + 1250*5.0 + 80*10.01 + 253*8.76 + 19*8.76 + 64*7.51 + 3*8.76 + 21*10.01 + 117*8.76 + 12*8.76 + 197*6.26 + 11*10.01 + 42*8.76 + 5*6.26 + 29*6.26 + 32768*3.75 + 147*3.75 + 32768*20.02 + 64*11.26 + 835*10.01 + 7838*22.52 + 920*3.75 + 109*6.26 + 314*5.0 + 2949*3.75 + 101*6.26 + 52*5.0 + 26*10.01 + 192*7.51 + 47*7.51 + 3260*5.0 + 7*7.51 + 109*11.26 + 1226*8.76 + 7*8.76 + 271*6.26 + 1*8.76 + 27*10.01 + 61*8.76 + 16*8.76 + 86*7.51 + 4*10.01 + 36*8.76 + 44*6.26 + 6*6.26",1031366.05,"41.14 + 21.67 + 0.6 + 0.19 + 0.33 + 0.23 + 0.08 + 0.24 + 0.24 + 0.41",65.13,"15*3.14 + 70*0.98 + 18*2.48 + 37*5.9 + 1250*1.65 + 80*2.66 + 253*1.78 + 19*4.06 + 64*2.58 + 3*3.38 + 21*1.57 + 117*0.97 + 12*2.37 + 197*1.48 + 11*2.3 + 42*1.25 + 5*1.92 + 29*5.59 + 32768*1.18 + 147*1.57 + 32768*8.44 + 64*4.03 + 835*5.89 + 7838*6.37 + 920*2.12 + 109*2.25 + 314*1.03 + 2949*1.97 + 101*2.18 + 52*0.93 + 26*10.66 + 192*0.7 + 47*2.21 + 3260*1.04 + 7*2.87 + 109*2.73 + 1226*1.09 + 7*2.76 + 271*1.31 + 1*1.85 + 27*3.77 + 61*0.64 + 16*2.07 + 86*1.7 + 4*1.66 + 36*1.09 + 44*1.26 + 6*1.28",389598.03
"input_to_output","1 clkinv_1, 1 conb_1, 4 dfxtp_1, 3 xnor2_1, 1 xnor3_1","1*3.75 + 1*3.75 + 4*20.02 + 3*8.76 + 1*22.52",136.38,"0.32 + 0.26",0.58,"1*1.57 + 1*3.24 + 4*8.44 + 3*2.07 + 1*15.62",60.4
"HLS_accel_a_ram","6 a2111o_1, 66 a2111oi_0, 33 a211o_1, 72 a211oi_1, 3 a21boi_0, 34 a21o_1, 4003 a21oi_1, 52 a221o_1, 229 a221oi_1, 907 a222oi_1, 2553 a22o_1, 7355 a22oi_1, 4 a2bb2oi_1, 24 a311o_1, 121 a311oi_1, 19 a31o_1, 454 a31oi_1, 10 a32o_1, 24 a32oi_1, 9 a41o_1, 38 a41oi_1, 7 and2_0, 57 and3_1, 7 and3b_1, 26 and4_1, 20 and4b_1, 152 clkinv_1, 32832 dfxtp_1, 32671 mux2_1, 829 mux2i_1, 11566 mux4_2, 2149 nand2_1, 49 nand2b_1, 628 nand3_1, 7 nand3b_1, 161 nand4_1, 44 nand4b_1, 1 nand4bb_1, 4232 nor2_1, 59 nor2b_1, 141 nor3_1, 8 nor3b_1, 330 nor4_1, 27 nor4b_1, 8 nor4bb_1, 2 o2111a_1, 18 o2111ai_1, 19 o211a_1, 200 o211ai_1, 54 o21a_1, 4969 o21ai_0, 13 o21bai_1, 109 o221a_1, 1296 o221ai_1, 13 o22a_1, 289 o22ai_1, 20 o2bb2ai_1, 23 o311a_1, 67 o311ai_0, 57 o31a_1, 136 o31ai_1, 23 o32ai_1, 12 o41a_1, 49 o41ai_1, 67 or2_0, 52 or3_1, 14 or3b_1, 107 or4_1, 22 or4b_1","6*11.26 + 66*8.76 + 33*8.76 + 72*7.51 + 3*7.51 + 34*7.51 + 4003*5.0 + 52*10.01 + 229*8.76 + 907*10.01 + 2553*8.76 + 7355*7.51 + 4*8.76 + 24*10.01 + 121*8.76 + 19*8.76 + 454*6.26 + 10*10.01 + 24*8.76 + 9*10.01 + 38*8.76 + 7*6.26 + 57*6.26 + 7*8.76 + 26*8.76 + 20*10.01 + 152*3.75 + 32832*20.02 + 32671*11.26 + 829*10.01 + 11566*22.52 + 2149*3.75 + 49*6.26 + 628*5.0 + 7*7.51 + 161*6.26 + 44*8.76 + 1*11.26 + 4232*3.75 + 59*6.26 + 141*5.0 + 8*7.51 + 330*6.26 + 27*8.76 + 8*10.01 + 2*11.26 + 18*8.76 + 19*10.01 + 200*7.51 + 54*7.51 + 4969*5.0 + 13*7.51 + 109*11.26 + 1296*8.76 + 13*8.76 + 289*6.26 + 20*8.76 + 23*10.01 + 67*8.76 + 57*8.76 + 136*7.51 + 23*8.76 + 12*11.26 + 49*8.76 + 67*6.26 + 52*6.26 + 14*8.76 + 107*7.51 + 22*10.01",1490691.57,"146.07 + 52.97 + 13.37 + 0.39",212.8,"6*1.68 + 66*0.42 + 33*3.14 + 72*0.98 + 3*2.48 + 34*5.9 + 4003*1.65 + 52*2.66 + 229*1.78 + 907*2.43 + 2553*4.06 + 7355*2.58 + 4*3.38 + 24*1.57 + 121*0.97 + 19*2.37 + 454*1.48 + 10*2.3 + 24*1.25 + 9*6.61 + 38*1.36 + 7*1.92 + 57*5.59 + 7*7.06 + 26*3.4 + 20*5.99 + 152*1.57 + 32832*8.44 + 32671*4.03 + 829*5.89 + 11566*6.37 + 2149*2.12 + 49*2.25 + 628*1.03 + 7*1.4 + 161*0.53 + 44*1.03 + 1*1.9 + 4232*1.97 + 59*2.18 + 141*0.93 + 8*1.3 + 330*0.5 + 27*0.91 + 8*3.2 + 2*3.75 + 18*0.58 + 19*10.66 + 200*0.7 + 54*2.21 + 4969*1.04 + 13*2.87 + 109*2.73 + 1296*1.09 + 13*2.76 + 289*1.31 + 20*1.85 + 23*3.77 + 67*0.64 + 57*2.07 + 136*1.7 + 23*1.09 + 12*1.37 + 49*1.39 + 67*1.26 + 52*1.28 + 14*2.59 + 107*0.85 + 22*2.14",551356.38
"synth_arb","1 a2111o_1, 2 a2111oi_0, 1 a211o_1, 2 a211oi_1, 1 a21bo_1, 1 a21boi_0, 1 a21o_1, 1 a21oi_1, 2 a22o_1, 2 a31oi_1, 1 a32oi_1, 2 and3_1, 6 clkinv_1, 1 conb_1, 27 dfrtp_1, 28 nand2_1, 1 nand2b_1, 1 nand3_1, 1 nand3b_1, 2 nor2b_1, 4 nor3_1, 1 nor3b_1, 4 nor4_1, 3 nor4b_1, 1 o211ai_1, 1 o21a_1, 2 o21ai_0, 2 or2_0, 1 or3_1, 3 or4_1, 1 or4b_1, 2 xnor2_1","1*11.26 + 2*8.76 + 1*8.76 + 2*7.51 + 1*10.01 + 1*7.51 + 1*7.51 + 1*5.0 + 2*8.76 + 2*6.26 + 1*8.76 + 2*6.26 + 6*3.75 + 1*3.75 + 27*25.02 + 28*3.75 + 1*6.26 + 1*5.0 + 1*7.51 + 2*6.26 + 4*5.0 + 1*7.51 + 4*6.26 + 3*8.76 + 1*7.51 + 1*7.51 + 2*5.0 + 2*6.26 + 1*6.26 + 3*7.51 + 1*10.01 + 2*8.76",1144.68,"0.33 + 0.65 + 0.59 + 0.42 + 0.17",2.16,"1*1.68 + 2*0.42 + 1*3.14 + 2*0.98 + 1*7.27 + 1*2.48 + 1*5.9 + 1*1.65 + 2*4.06 + 2*1.48 + 1*1.25 + 2*5.59 + 6*1.57 + 1*3.24 + 27*11.65 + 28*2.12 + 1*2.25 + 1*1.03 + 1*1.4 + 2*2.18 + 4*0.93 + 1*1.3 + 4*0.5 + 3*0.91 + 1*0.7 + 1*2.21 + 2*1.04 + 2*1.26 + 1*1.28 + 3*0.85 + 1*2.14 + 2*2.07",471.41
"even_parity","4 a21oi_1, 1 a31oi_1, 4 and3_1, 5 dfxtp_1, 4 nor3_1, 1 o21bai_1, 1 or4_1","4*5.0 + 1*6.26 + 4*6.26 + 5*20.02 + 4*5.0 + 1*7.51 + 1*7.51",186.42,"0.28 + 0.5 + 0.15",0.93,"4*1.65 + 1*1.48 + 4*5.59 + 5*8.44 + 4*0.93 + 1*2.87 + 1*0.85",80.08
"clk_phase_shifter","18 dfxtp_1, 1 mux2_1, 1 nand2_1, 2 nor4_1","18*20.02 + 1*11.26 + 1*3.75 + 2*6.26",387.89,"0.24 + 0.08 + 0.3",0.62,"18*8.44 + 1*4.03 + 1*2.12 + 2*0.5",159.07
"var6_multi","1 a211oi_1, 1 a21boi_0, 4 a21oi_1, 1 a2bb2oi_1, 2 clkinv_1, 4 nor2_1, 2 nor2b_1, 2 nor3_1, 1 nor4_1, 1 o2111a_1, 2 o21a_1, 3 o21ai_0, 1 o31a_1, 1 or2_0, 1 or4_1, 2 xnor2_1","1*7.51 + 1*7.51 + 4*5.0 + 1*8.76 + 2*3.75 + 4*3.75 + 2*6.26 + 2*5.0 + 1*6.26 + 1*11.26 + 2*7.51 + 3*5.0 + 1*8.76 + 1*6.26 + 1*7.51 + 2*8.76",176.39,"0.29 + 0.13 + 0.39 + 0.14 + 0.13 + 0.15",1.23,"1*0.98 + 1*2.48 + 4*1.65 + 1*3.38 + 2*1.57 + 4*1.97 + 2*2.18 + 2*0.93 + 1*0.5 + 1*3.75 + 2*2.21 + 3*1.04 + 1*2.07 + 1*1.26 + 1*0.85 + 2*2.07",50.79
"shift_reg_serial","4 dfxtp_1, 3 mux2_1","4*20.02 + 3*11.26",113.86,"0.28 + 0.27",0.55,"4*8.44 + 3*4.03",45.85
"Encoder","4 and2_0, 1 conb_1, 1 xor2_1","4*6.26 + 1*3.75 + 1*8.76",37.55,"0.12",0.12,"4*1.92 + 1*3.24 + 1*4.28",15.2
"SensorFSM","2 a211o_1, 1 a211oi_1, 3 a21o_1, 20 a21oi_1, 8 a221o_1, 1 a22o_1, 2 a22oi_1, 3 a31oi_1, 2 and2_0, 1 and4b_1, 3 clkinv_1, 70 dfrtp_1, 1 dfstp_2, 122 nand2_1, 5 nand2b_1, 1 nand3_1, 1 nand3b_1, 1 nand4_1, 32 nor2_1, 2 nor2b_1, 6 nor3_1, 4 nor3b_1, 5 nor4_1, 1 nor4b_1, 1 nor4bb_1, 5 o211ai_1, 21 o21ai_0, 2 o221ai_1, 1 o22a_1, 4 o22ai_1, 1 o2bb2ai_1, 1 o31a_1, 3 o31ai_1, 1 o41ai_1, 2 or2_0, 2 or3_1, 2 or4_1, 1 or4b_1, 2 xnor2_1, 2 xor2_1","2*8.76 + 1*7.51 + 3*7.51 + 20*5.0 + 8*10.01 + 1*8.76 + 2*7.51 + 3*6.26 + 2*6.26 + 1*10.01 + 3*3.75 + 70*25.02 + 1*26.28 + 122*3.75 + 5*6.26 + 1*5.0 + 1*7.51 + 1*6.26 + 32*3.75 + 2*6.26 + 6*5.0 + 4*7.51 + 5*6.26 + 1*8.76 + 1*10.01 + 5*7.51 + 21*5.0 + 2*8.76 + 1*8.76 + 4*6.26 + 1*8.76 + 1*8.76 + 3*7.51 + 1*8.76 + 2*6.26 + 2*6.26 + 2*7.51 + 1*10.01 + 2*8.76 + 2*8.76",3159.65,"0.07 + 0.06",0.13,"2*3.14 + 1*0.98 + 3*5.9 + 20*1.65 + 8*2.66 + 1*4.06 + 2*2.58 + 3*1.48 + 2*1.92 + 1*5.99 + 3*1.57 + 70*11.65 + 1*10.52 + 122*2.12 + 5*2.25 + 1*1.03 + 1*1.4 + 1*0.53 + 32*1.97 + 2*2.18 + 6*0.93 + 4*1.3 + 5*0.5 + 1*0.91 + 1*3.2 + 5*0.7 + 21*1.04 + 2*1.09 + 1*2.76 + 4*1.31 + 1*1.85 + 1*2.07 + 3*1.7 + 1*1.39 + 2*1.26 + 2*1.28 + 2*0.85 + 1*2.14 + 2*2.07 + 2*4.28",1358.65
"Modulo","4 a211o_1, 1 a21bo_1, 1 a21boi_0, 1 a21o_1, 21 a21oi_1, 2 a222oi_1, 1 a22o_1, 1 a22oi_1, 1 a2bb2oi_1, 2 a31o_1, 6 a31oi_1, 1 a32oi_1, 5 and2_0, 2 and3_1, 1 and4_1, 17 clkinv_1, 13 maj3_1, 3 mux2_1, 5 mux2i_1, 42 nand2_1, 5 nand2b_1, 6 nand3_1, 1 nand4_1, 35 nor2_1, 8 nor2b_1, 7 nor3_1, 3 nor4_1, 1 o2111ai_1, 1 o211a_1, 1 o211ai_1, 5 o21a_1, 12 o21ai_0, 1 o21bai_1, 4 o221ai_1, 1 o22ai_1, 1 o311a_1, 1 o32ai_1, 4 or2_0, 3 or3_1, 1 or3b_1, 1 or4_1, 1 or4b_1, 40 xnor2_1, 4 xnor3_1, 19 xor2_1, 2 xor3_1","4*8.76 + 1*10.01 + 1*7.51 + 1*7.51 + 21*5.0 + 2*10.01 + 1*8.76 + 1*7.51 + 1*8.76 + 2*8.76 + 6*6.26 + 1*8.76 + 5*6.26 + 2*6.26 + 1*8.76 + 17*3.75 + 13*10.01 + 3*11.26 + 5*10.01 + 42*3.75 + 5*6.26 + 6*5.0 + 1*6.26 + 35*3.75 + 8*6.26 + 7*5.0 + 3*6.26 + 1*8.76 + 1*10.01 + 1*7.51 + 5*7.51 + 12*5.0 + 1*7.51 + 4*8.76 + 1*6.26 + 1*10.01 + 1*8.76 + 4*6.26 + 3*6.26 + 1*8.76 + 1*7.51 + 1*10.01 + 40*8.76 + 4*22.52 + 19*8.76 + 2*23.77",1980.39,"0.59 + 0.36 + 0.27 + 0.23 + 0.15 + 0.17 + 0.12 + 0.37 + 0.4 + 0.34 + 0.14 + 0.36 + 0.22 + 0.33 + 0.17 + 0.37 + 0.39 + 0.39 + 0.39 + 0.93 + 0.3 + 0.27 + 0.22 + 0.14 + 0.22 + 0.28 + 0.5 + 0.15 + 0.24 + 0.15 + 0.19 + 0.14 + 0.38 + 0.17 + 0.43 + 0.16 + 0.52 + 0.38 + 0.13 + 0.05",11.71,"4*3.14 + 1*7.27 + 1*2.48 + 1*5.9 + 21*1.65 + 2*2.43 + 1*4.06 + 1*2.58 + 1*3.38 + 2*2.37 + 6*1.48 + 1*1.25 + 5*1.92 + 2*5.59 + 1*3.4 + 17*1.57 + 13*2.09 + 3*4.03 + 5*5.89 + 42*2.12 + 5*2.25 + 6*1.03 + 1*0.53 + 35*1.97 + 8*2.18 + 7*0.93 + 3*0.5 + 1*0.58 + 1*10.66 + 1*0.7 + 5*2.21 + 12*1.04 + 1*2.87 + 4*1.09 + 1*1.31 + 1*3.77 + 1*1.09 + 4*1.26 + 3*1.28 + 1*2.59 + 1*0.85 + 1*2.14 + 40*2.07 + 4*15.62 + 19*4.28 + 2*15.22",733.96
"karnaugh_map","1 a221oi_1, 1 nand2_1, 1 nor2b_1, 1 o21ba_1, 1 xnor2_1","1*8.76 + 1*3.75 + 1*6.26 + 1*10.01 + 1*8.76",37.54,"0.1 + 0.19",0.29,"1*1.78 + 1*2.12 + 1*2.18 + 1*7.27 + 1*2.07",15.42
"ANN_AXILiteS_s_axi","1 a211oi_1, 2 a21o_1, 170 a21oi_1, 17 a221oi_1, 21 a222oi_1, 4 a22o_1, 62 a22oi_1, 20 a31oi_1, 1 a32o_1, 1 a41o_1, 20 and2_0, 9 and3_1, 4 and3b_1, 1 and4_1, 2 clkinv_1, 1 conb_1, 243 dfxtp_1, 5 mux2_1, 4 mux2i_1, 283 nand2_1, 1 nand2b_1, 45 nand3_1, 1 nand4_1, 111 nor2_1, 1 nor2b_1, 36 nor3_1, 2 nor3b_1, 2 nor4_1, 3 nor4b_1, 11 o21a_1, 2 o21ai_0, 1 o22a_1, 2 o22ai_1, 1 xor2_1","1*7.51 + 2*7.51 + 170*5.0 + 17*8.76 + 21*10.01 + 4*8.76 + 62*7.51 + 20*6.26 + 1*10.01 + 1*10.01 + 20*6.26 + 9*6.26 + 4*8.76 + 1*8.76 + 2*3.75 + 1*3.75 + 243*20.02 + 5*11.26 + 4*10.01 + 283*3.75 + 1*6.26 + 45*5.0 + 1*6.26 + 111*3.75 + 1*6.26 + 36*5.0 + 2*7.51 + 2*6.26 + 3*8.76 + 11*7.51 + 2*5.0 + 1*8.76 + 2*6.26 + 1*8.76",9153.08,"0.31 + 0.56 + 2.08 + 0.61 + 0.29 + 0.05",3.9,"1*0.98 + 2*5.9 + 170*1.65 + 17*1.78 + 21*2.43 + 4*4.06 + 62*2.58 + 20*1.48 + 1*2.3 + 1*6.61 + 20*1.92 + 9*5.59 + 4*7.06 + 1*3.4 + 2*1.57 + 1*3.24 + 243*8.44 + 5*4.03 + 4*5.89 + 283*2.12 + 1*2.25 + 45*1.03 + 1*0.53 + 111*1.97 + 1*2.18 + 36*0.93 + 2*1.3 + 2*0.5 + 3*0.91 + 11*2.21 + 2*1.04 + 1*2.76 + 2*1.31 + 1*4.28",3756.44
"four_bit_multiplier","1 a211o_1, 1 a21oi_1, 1 a22oi_1, 1 a311oi_1, 1 and3_1, 1 clkinv_1, 1 conb_1, 4 maj3_1, 9 nand2_1, 2 nand2b_1, 1 nor2_1, 1 o211ai_1, 1 o21a_1, 3 o21ai_0, 1 o21bai_1, 1 o22ai_1, 5 xnor2_1, 1 xnor3_1, 1 xor2_1, 2 xor3_1","1*8.76 + 1*5.0 + 1*7.51 + 1*8.76 + 1*6.26 + 1*3.75 + 1*3.75 + 4*10.01 + 9*3.75 + 2*6.26 + 1*3.75 + 1*7.51 + 1*7.51 + 3*5.0 + 1*7.51 + 1*6.26 + 5*8.76 + 1*22.52 + 1*8.76 + 2*23.77",300.26,"0.23 + 0.11 + 0.27 + 0.35 + 0.15 + 0.12",1.23,"1*3.14 + 1*1.65 + 1*2.58 + 1*0.97 + 1*5.59 + 1*1.57 + 1*3.24 + 4*2.09 + 9*2.12 + 2*2.25 + 1*1.97 + 1*0.7 + 1*2.21 + 3*1.04 + 1*2.87 + 1*1.31 + 5*2.07 + 1*15.62 + 1*4.28 + 2*15.22",123.55
"calculator","3 a21o_1, 9 a21oi_1, 1 a22oi_1, 1 clkinv_1, 8 dfxtp_1, 5 maj3_1, 1 nand2_1, 2 nand2b_1, 3 nor2_1, 1 nor2b_1, 1 nor3_1, 1 o21ba_1, 7 o21bai_1, 7 xnor2_1, 6 xor2_1","3*7.51 + 9*5.0 + 1*7.51 + 1*3.75 + 8*20.02 + 5*10.01 + 1*3.75 + 2*6.26 + 3*3.75 + 1*6.26 + 1*5.0 + 1*10.01 + 7*7.51 + 7*8.76 + 6*8.76",504.24,"0.22 + 0.09 + 0.39 + 0.37 + 0.37 + 0.19 + 0.36 + 0.35 + 0.14 + 0.04",2.52,"3*5.9 + 9*1.65 + 1*2.58 + 1*1.57 + 8*8.44 + 5*2.09 + 1*2.12 + 2*2.25 + 3*1.97 + 1*2.18 + 1*0.93 + 1*7.27 + 7*2.87 + 7*2.07 + 6*4.28",197.84
"sky130_fd_sc_hd__lpflow_inputiso1n","1 nand2b_1","1*6.26",6.26,"0.1",0.1,"1*2.25",2.25
"top_ALU","4 a21oi_1, 2 a22oi_1, 4 clkinv_1, 28 maj3_1, 2 nand2_1, 6 nand2b_1, 26 nor2_1, 4 nor2b_1, 6 nor3_1, 4 nor4_1, 2 o21ba_1, 84 xnor2_1, 6 xor2_1","4*5.0 + 2*7.51 + 4*3.75 + 28*10.01 + 2*3.75 + 6*6.26 + 26*3.75 + 4*6.26 + 6*5.0 + 4*6.26 + 2*10.01 + 84*8.76 + 6*8.76",1361.36,"0.22 + 0.1 + 0.39 + 0.37 + 0.37 + 0.37 + 0.37 + 0.37 + 0.37 + 0.37 + 0.37 + 0.37 + 0.37 + 0.37 + 0.37 + 0.35 + 0.11",5.61,"4*1.65 + 2*2.58 + 4*1.57 + 28*2.09 + 2*2.12 + 6*2.25 + 26*1.97 + 4*2.18 + 6*0.93 + 4*0.5 + 2*7.27 + 84*2.07 + 6*4.28",375.92
"d_ff_async_rtl","2 dfxtp_1, 1 o21ba_1, 1 o21bai_1","2*20.02 + 1*10.01 + 1*7.51",57.56,"0.15",0.15,"2*8.44 + 1*7.27 + 1*2.87",27.02
"uparc_fwdu","1 a2111o_1, 1 a211o_1, 64 a31oi_1, 2 and2_0, 2 and3_1, 2 clkinv_1, 3 nand2_1, 1 nand2b_1, 67 nand3_1, 3 nor2b_1, 32 nor3_1, 32 nor4_1, 64 o21ai_0, 1 o221ai_1, 1 or2_0, 1 or3_1, 15 xnor2_1, 1 xor2_1","1*11.26 + 1*8.76 + 64*6.26 + 2*6.26 + 2*6.26 + 2*3.75 + 3*3.75 + 1*6.26 + 67*5.0 + 3*6.26 + 32*5.0 + 32*6.26 + 64*5.0 + 1*8.76 + 1*6.26 + 1*6.26 + 15*8.76 + 1*8.76",1666.25,"0.05 + 1.33 + 0.7 + 0.1",2.18,"1*1.68 + 1*3.14 + 64*1.48 + 2*1.92 + 2*5.59 + 2*1.57 + 3*2.12 + 1*2.25 + 67*1.03 + 3*2.18 + 32*0.93 + 32*0.5 + 64*1.04 + 1*1.09 + 1*1.26 + 1*1.28 + 15*2.07 + 1*4.28",353.14
"controllerHdl_Detect_Change","1 a2111o_1, 2 a211o_1, 4 a211oi_1, 3 a21oi_1, 1 a222oi_1, 1 a2bb2oi_1, 1 a311o_1, 2 a31oi_1, 1 and2_0, 10 clkinv_1, 18 dfxtp_1, 4 maj3_1, 16 mux2i_1, 6 nand2_1, 10 nand2b_1, 1 nand4_1, 25 nor2_1, 10 nor2b_1, 1 nor4b_1, 2 o21ai_0, 2 o22ai_1, 2 o311ai_0, 1 o31a_1, 1 or2_0, 1 or4_1, 5 xnor2_1, 3 xor2_1","1*11.26 + 2*8.76 + 4*7.51 + 3*5.0 + 1*10.01 + 1*8.76 + 1*10.01 + 2*6.26 + 1*6.26 + 10*3.75 + 18*20.02 + 4*10.01 + 16*10.01 + 6*3.75 + 10*6.26 + 1*6.26 + 25*3.75 + 10*6.26 + 1*8.76 + 2*5.0 + 2*6.26 + 2*8.76 + 1*8.76 + 1*6.26 + 1*7.51 + 5*8.76 + 3*8.76",1108.56,"0.31 + 0.07 + 0.2 + 0.15 + 0.21 + 0.13 + 0.4 + 0.38 + 0.19 + 0.11 + 0.29 + 0.19",2.63,"1*1.68 + 2*3.14 + 4*0.98 + 3*1.65 + 1*2.43 + 1*3.38 + 1*1.57 + 2*1.48 + 1*1.92 + 10*1.57 + 18*8.44 + 4*2.09 + 16*5.89 + 6*2.12 + 10*2.25 + 1*0.53 + 25*1.97 + 10*2.18 + 1*0.91 + 2*1.04 + 2*1.31 + 2*0.64 + 1*2.07 + 1*1.26 + 1*0.85 + 5*2.07 + 3*4.28",440.37
"priority_encoder","1 conb_1, 1 nor2b_1","1*3.75 + 1*6.26",10.01,"0.09",0.09,"1*3.24 + 1*2.18",5.42
"msg_in","1 a21oi_1, 518 dfrtp_1, 512 mux2_1, 2 nand2b_1, 1 nand3_1, 1 nand4_1, 2 nor2_1, 1 nor2b_1, 1 nor3b_1, 1 nor4bb_1, 1 xnor2_1, 1 xor2_1","1*5.0 + 518*25.02 + 512*11.26 + 2*6.26 + 1*5.0 + 1*6.26 + 2*3.75 + 1*6.26 + 1*7.51 + 1*10.01 + 1*8.76 + 1*8.76",18803.06,"0.35 + 37.98 + 2.82",41.15,"1*1.65 + 518*11.65 + 512*4.03 + 2*2.25 + 1*1.03 + 1*0.53 + 2*1.97 + 1*2.18 + 1*1.3 + 1*3.2 + 1*2.07 + 1*4.28",8122.74
"checksum","1 nor2_1, 2 or4_1","1*3.75 + 2*7.51",18.77,"0.5 + 0.07",0.57,"1*1.97 + 2*0.85",3.67
"sum_diff","2 a21oi_1, 1 and2_0, 6 clkinv_1, 9 maj3_1, 3 nand2_1, 1 nand2b_1, 2 nor2_1, 1 nor2b_1, 1 o21ai_0, 1 or2_0, 17 xnor2_1, 4 xor2_1","2*5.0 + 1*6.26 + 6*3.75 + 9*10.01 + 3*3.75 + 1*6.26 + 2*3.75 + 1*6.26 + 1*5.0 + 1*6.26 + 17*8.76 + 4*8.76",355.34,"0.13 + 0.38 + 0.39 + 0.39 + 0.39 + 0.39 + 0.37 + 0.11",2.55,"2*1.65 + 1*1.92 + 6*1.57 + 9*2.09 + 3*2.12 + 1*2.25 + 2*1.97 + 1*2.18 + 1*1.04 + 1*1.26 + 17*2.07 + 4*4.28",102.79
"binary_adder","4 nand2_1, 1 xnor2_1, 1 xnor3_1, 5 xor2_1","4*3.75 + 1*8.76 + 1*22.52 + 5*8.76",90.08,"0.04 + 0.38 + 0.11",0.53,"4*2.12 + 1*2.07 + 1*15.62 + 5*4.28",47.57
"image_filter_arithm_pro","1 a2111oi_0, 1 a211o_1, 1 a211oi_1, 2 a21boi_0, 14 a21oi_1, 1 a221oi_1, 2 a222oi_1, 7 a22o_1, 1 a31o_1, 2 a31oi_1, 1 a32o_1, 3 and2_0, 4 and3_1, 1 and3b_1, 2 and4_1, 17 clkinv_1, 40 dfxtp_1, 2 mux2_1, 11 mux2i_1, 8 nand2_1, 3 nand3_1, 4 nand4_1, 34 nor2_1, 5 nor2b_1, 2 nor3_1, 1 nor3b_1, 2 nor4_1, 1 nor4b_1, 1 o211a_1, 3 o21a_1, 4 o21ai_0, 2 o21ba_1, 1 o21bai_1, 4 o22ai_1, 2 o2bb2ai_1, 1 o31a_1, 1 o31ai_1, 22 or2_0, 1 or3_1, 1 or3b_1, 2 or4_1, 7 xnor2_1, 12 xor2_1","1*8.76 + 1*8.76 + 1*7.51 + 2*7.51 + 14*5.0 + 1*8.76 + 2*10.01 + 7*8.76 + 1*8.76 + 2*6.26 + 1*10.01 + 3*6.26 + 4*6.26 + 1*8.76 + 2*8.76 + 17*3.75 + 40*20.02 + 2*11.26 + 11*10.01 + 8*3.75 + 3*5.0 + 4*6.26 + 34*3.75 + 5*6.26 + 2*5.0 + 1*7.51 + 2*6.26 + 1*8.76 + 1*10.01 + 3*7.51 + 4*5.0 + 2*10.01 + 1*7.51 + 4*6.26 + 2*8.76 + 1*8.76 + 1*7.51 + 22*6.26 + 1*6.26 + 1*8.76 + 2*7.51 + 7*8.76 + 12*8.76",2039.45,"0.33 + 0.11 + 0.13 + 0.48 + 0.34 + 0.41 + 0.18",1.98,"1*0.42 + 1*3.14 + 1*0.98 + 2*2.48 + 14*1.65 + 1*1.78 + 2*2.43 + 7*4.06 + 1*2.37 + 2*1.48 + 1*2.3 + 3*1.92 + 4*5.59 + 1*7.06 + 2*3.4 + 17*1.57 + 40*8.44 + 2*4.03 + 11*5.89 + 8*2.12 + 3*1.03 + 4*0.53 + 34*1.97 + 5*2.18 + 2*0.93 + 1*1.3 + 2*0.5 + 1*0.91 + 1*10.66 + 3*2.21 + 4*1.04 + 2*7.27 + 1*2.87 + 4*1.31 + 2*1.85 + 1*2.07 + 1*1.7 + 22*1.26 + 1*1.28 + 1*2.59 + 2*0.85 + 7*2.07 + 12*4.28",810.24
"sky130_fd_sc_hdll__nor4b","1 nor4b_1","1*8.76",8.76,"0.19",0.19,"1*0.91",0.91
"OpenRISC_Interface","3 a2111oi_0, 1 a211o_1, 3 a211oi_1, 2 a21o_1, 44 a21oi_1, 9 a221o_1, 4 a221oi_1, 1 a222oi_1, 50 a22o_1, 12 a22oi_1, 1 a311oi_1, 1 a31oi_1, 1 a41oi_1, 12 and2_0, 15 and3_1, 1 and4_1, 19 clkinv_1, 1 conb_1, 185 dfrtp_1, 16 dfstp_2, 4 maj3_1, 127 nand2_1, 10 nand2b_1, 9 nand3_1, 1 nand3b_1, 28 nand4_1, 1 nand4bb_1, 77 nor2_1, 10 nor2b_1, 43 nor3_1, 3 nor3b_1, 70 nor4_1, 3 nor4b_1, 1 nor4bb_1, 2 o2111ai_1, 1 o211a_1, 2 o211ai_1, 2 o21a_1, 79 o21ai_0, 8 o22a_1, 4 o22ai_1, 1 o2bb2ai_1, 1 o311a_1, 1 o311ai_0, 3 o31ai_1, 5 or2_0, 6 or3_1, 1 or3b_1, 1 or4_1, 20 xnor2_1, 13 xor2_1","3*8.76 + 1*8.76 + 3*7.51 + 2*7.51 + 44*5.0 + 9*10.01 + 4*8.76 + 1*10.01 + 50*8.76 + 12*7.51 + 1*8.76 + 1*6.26 + 1*8.76 + 12*6.26 + 15*6.26 + 1*8.76 + 19*3.75 + 1*3.75 + 185*25.02 + 16*26.28 + 4*10.01 + 127*3.75 + 10*6.26 + 9*5.0 + 1*7.51 + 28*6.26 + 1*11.26 + 77*3.75 + 10*6.26 + 43*5.0 + 3*7.51 + 70*6.26 + 3*8.76 + 1*10.01 + 2*8.76 + 1*10.01 + 2*7.51 + 2*7.51 + 79*5.0 + 8*8.76 + 4*6.26 + 1*8.76 + 1*10.01 + 1*8.76 + 3*7.51 + 5*6.26 + 6*6.26 + 1*8.76 + 1*7.51 + 20*8.76 + 13*8.76",9134.86,"0.41 + 0.3 + 1.42 + 0.39 + 0.23 + 0.2 + 0.16 + 0.22 + 0.18 + 0.07 + 0.12",3.7,"3*0.42 + 1*3.14 + 3*0.98 + 2*5.9 + 44*1.65 + 9*2.66 + 4*1.78 + 1*2.43 + 50*4.06 + 12*2.58 + 1*0.97 + 1*1.48 + 1*1.36 + 12*1.92 + 15*5.59 + 1*3.4 + 19*1.57 + 1*3.24 + 185*11.65 + 16*10.52 + 4*2.09 + 127*2.12 + 10*2.25 + 9*1.03 + 1*1.4 + 28*0.53 + 1*1.9 + 77*1.97 + 10*2.18 + 43*0.93 + 3*1.3 + 70*0.5 + 3*0.91 + 1*3.2 + 2*0.58 + 1*10.66 + 2*0.7 + 2*2.21 + 79*1.04 + 8*2.76 + 4*1.31 + 1*1.85 + 1*3.77 + 1*0.64 + 3*1.7 + 5*1.26 + 6*1.28 + 1*2.59 + 1*0.85 + 20*2.07 + 13*4.28",3668.69
"custom_or","1 or3_1","1*6.26",6.26,"0.32",0.32,"1*1.28",1.28
"and_module","1 nand2_1, 3 nand3_1, 1 nand3b_1, 2 o21ai_0","1*3.75 + 3*5.0 + 1*7.51 + 2*5.0",36.26,"0.13 + 0.07 + 0.05",0.25,"1*2.12 + 3*1.03 + 1*1.4 + 2*1.04",8.69
"l1_inst_cache_64entry_4way_line64b_bus_8b_disable_cache","1 conb_1, 1 dfrtp_1, 1 nor3b_1","1*3.75 + 1*25.02 + 1*7.51",36.28,"0.31",0.31,"1*3.24 + 1*11.65 + 1*1.3",16.19
"anteconmutador","1 a2111oi_0, 1 a211oi_1, 14 a21oi_1, 2 a22oi_1, 1 a31o_1, 1 a31oi_1, 1 a41oi_1, 1 and2_0, 3 and3_1, 1 and4b_1, 3 clkinv_1, 24 dfxtp_1, 1 mux2_1, 8 mux2i_1, 6 nand2_1, 1 nand2b_1, 1 nand4_1, 1 nand4b_1, 12 nor2_1, 4 nor3_1, 1 nor3b_1, 1 nor4_1, 1 o21a_1, 9 o21ai_0, 1 o22ai_1, 1 or3_1, 2 or4_1, 2 xnor2_1, 4 xor2_1","1*8.76 + 1*7.51 + 14*5.0 + 2*7.51 + 1*8.76 + 1*6.26 + 1*8.76 + 1*6.26 + 3*6.26 + 1*10.01 + 3*3.75 + 24*20.02 + 1*11.26 + 8*10.01 + 6*3.75 + 1*6.26 + 1*6.26 + 1*8.76 + 12*3.75 + 4*5.0 + 1*7.51 + 1*6.26 + 1*7.51 + 9*5.0 + 1*6.26 + 1*6.26 + 2*7.51 + 2*8.76 + 4*8.76",998.35,"0.54 + 0.53 + 0.27 + 0.22 + 0.8 + 0.25 + 0.04",2.65,"1*0.42 + 1*0.98 + 14*1.65 + 2*2.58 + 1*2.37 + 1*1.48 + 1*1.36 + 1*1.92 + 3*5.59 + 1*5.99 + 3*1.57 + 24*8.44 + 1*4.03 + 8*5.89 + 6*2.12 + 1*2.25 + 1*0.53 + 1*1.03 + 12*1.97 + 4*0.93 + 1*1.3 + 1*0.5 + 1*2.21 + 9*1.04 + 1*1.31 + 1*1.28 + 2*0.85 + 2*2.07 + 4*4.28",400.78
"axis_adapter","1 a211oi_1, 2 a21boi_0, 1 a21oi_1, 10 a221oi_1, 1 a22oi_1, 2 a31oi_1, 8 a32oi_1, 1 and2_0, 12 clkinv_1, 2 conb_1, 37 dfxtp_1, 10 mux2_1, 1 mux2i_1, 14 nand2_1, 4 nand2b_1, 2 nand3b_1, 1 nand4b_1, 15 nor2_1, 3 nor2b_1, 1 o211ai_1, 12 o21ai_0, 1 o21ba_1, 1 o21bai_1, 1 or3b_1, 1 xnor2_1","1*7.51 + 2*7.51 + 1*5.0 + 10*8.76 + 1*7.51 + 2*6.26 + 8*8.76 + 1*6.26 + 12*3.75 + 2*3.75 + 37*20.02 + 10*11.26 + 1*10.01 + 14*3.75 + 4*6.26 + 2*7.51 + 1*8.76 + 15*3.75 + 3*6.26 + 1*7.51 + 12*5.0 + 1*10.01 + 1*7.51 + 1*8.76 + 1*8.76",1406.25,"0.37 + 0.31 + 0.67 + 0.19",1.54,"1*0.98 + 2*2.48 + 1*1.65 + 10*1.78 + 1*2.58 + 2*1.48 + 8*1.25 + 1*1.92 + 12*1.57 + 2*3.24 + 37*8.44 + 10*4.03 + 1*5.89 + 14*2.12 + 4*2.25 + 2*1.4 + 1*1.03 + 15*1.97 + 3*2.18 + 1*0.7 + 12*1.04 + 1*7.27 + 1*2.87 + 1*2.59 + 1*2.07",533.22
"DFFSSRX1","1 clkinv_1, 2 dfxtp_1, 1 o21a_1, 1 o21ai_0","1*3.75 + 2*20.02 + 1*7.51 + 1*5.0",56.3,"0.04 + 0.15",0.19,"1*1.57 + 2*8.44 + 1*2.21 + 1*1.04",21.7
"logic_circuit","1 a221o_1","1*10.01",10.01,"0.29",0.29,"1*2.66",2.66
"vending_machine","1 a211o_1, 1 a211oi_1, 26 a21oi_1, 2 a221oi_1, 3 a22o_1, 3 a22oi_1, 1 a311o_1, 1 a311oi_1, 3 a31oi_1, 1 a32o_1, 2 a32oi_1, 5 and2_0, 1 and3_1, 8 clkinv_1, 1 conb_1, 53 dfrtp_1, 1 dfstp_2, 5 maj3_1, 1 mux2_1, 46 nand2_1, 2 nand2b_1, 1 nand3_1, 1 nand3b_1, 24 nor2_1, 5 nor2b_1, 4 nor3_1, 22 o21ai_0, 1 o21bai_1, 1 o22a_1, 2 o22ai_1, 1 o2bb2ai_1, 1 o31a_1, 3 o31ai_1, 2 or3_1, 20 xnor2_1, 9 xor2_1","1*8.76 + 1*7.51 + 26*5.0 + 2*8.76 + 3*8.76 + 3*7.51 + 1*10.01 + 1*8.76 + 3*6.26 + 1*10.01 + 2*8.76 + 5*6.26 + 1*6.26 + 8*3.75 + 1*3.75 + 53*25.02 + 1*26.28 + 5*10.01 + 1*11.26 + 46*3.75 + 2*6.26 + 1*5.0 + 1*7.51 + 24*3.75 + 5*6.26 + 4*5.0 + 22*5.0 + 1*7.51 + 1*8.76 + 2*6.26 + 1*8.76 + 1*8.76 + 3*7.51 + 2*6.26 + 20*8.76 + 9*8.76",2546.87,"0.4 + 0.17 + 0.38 + 0.39 + 0.39 + 0.38 + 0.3 + 0.19 + 0.67 + 0.37",3.64,"1*3.14 + 1*0.98 + 26*1.65 + 2*1.78 + 3*4.06 + 3*2.58 + 1*1.57 + 1*0.97 + 3*1.48 + 1*2.3 + 2*1.25 + 5*1.92 + 1*5.59 + 8*1.57 + 1*3.24 + 53*11.65 + 1*10.52 + 5*2.09 + 1*4.03 + 46*2.12 + 2*2.25 + 1*1.03 + 1*1.4 + 24*1.97 + 5*2.18 + 4*0.93 + 22*1.04 + 1*2.87 + 1*2.76 + 2*1.31 + 1*1.85 + 1*2.07 + 3*1.7 + 2*1.28 + 20*2.07 + 9*4.28",1044.7
"AdlerChecksum","4 a2111oi_0, 34 a211oi_1, 3 a21o_1, 80 a21oi_1, 1 a221o_1, 2 a221oi_1, 3 a222oi_1, 1 a22o_1, 18 a22oi_1, 1 a2bb2oi_1, 3 a311oi_1, 6 a31oi_1, 17 a32oi_1, 1 a41oi_1, 14 and2_0, 6 and3_1, 9 and4_1, 1 and4b_1, 39 clkinv_1, 132 dfxtp_1, 2 maj3_1, 100 nand2_1, 3 nand2b_1, 10 nand3_1, 1 nand3b_1, 9 nand4_1, 1 nand4b_1, 121 nor2_1, 1 nor2b_1, 18 nor3_1, 5 nor4_1, 1 nor4b_1, 1 nor4bb_1, 2 o2111ai_1, 1 o211ai_1, 4 o21a_1, 14 o21ai_0, 1 o221ai_1, 7 o22ai_1, 1 o2bb2ai_1, 3 o311ai_0, 4 o31ai_1, 7 or2_0, 1 or4_1, 1 or4b_1, 32 xnor2_1, 17 xor2_1","4*8.76 + 34*7.51 + 3*7.51 + 80*5.0 + 1*10.01 + 2*8.76 + 3*10.01 + 1*8.76 + 18*7.51 + 1*8.76 + 3*8.76 + 6*6.26 + 17*8.76 + 1*8.76 + 14*6.26 + 6*6.26 + 9*8.76 + 1*10.01 + 39*3.75 + 132*20.02 + 2*10.01 + 100*3.75 + 3*6.26 + 10*5.0 + 1*7.51 + 9*6.26 + 1*8.76 + 121*3.75 + 1*6.26 + 18*5.0 + 5*6.26 + 1*8.76 + 1*10.01 + 2*8.76 + 1*7.51 + 4*7.51 + 14*5.0 + 1*8.76 + 7*6.26 + 1*8.76 + 3*8.76 + 4*7.51 + 7*6.26 + 1*7.51 + 1*10.01 + 32*8.76 + 17*8.76",6017.43,"0.38 + 0.1 + 0.3 + 0.15 + 0.44 + 0.2 + 0.45 + 0.2 + 0.43 + 0.16 + 0.24 + 0.39 + 0.32 + 0.06",3.82,"4*0.42 + 34*0.98 + 3*5.9 + 80*1.65 + 1*2.66 + 2*1.78 + 3*2.43 + 1*4.06 + 18*2.58 + 1*3.38 + 3*0.97 + 6*1.48 + 17*1.25 + 1*1.36 + 14*1.92 + 6*5.59 + 9*3.4 + 1*5.99 + 39*1.57 + 132*8.44 + 2*2.09 + 100*2.12 + 3*2.25 + 10*1.03 + 1*1.4 + 9*0.53 + 1*1.03 + 121*1.97 + 1*2.18 + 18*0.93 + 5*0.5 + 1*0.91 + 1*3.2 + 2*0.58 + 1*0.7 + 4*2.21 + 14*1.04 + 1*1.09 + 7*1.31 + 1*1.85 + 3*0.64 + 4*1.7 + 7*1.26 + 1*0.85 + 1*2.14 + 32*2.07 + 17*4.28",2260.04
"mux_xor","1 clkinv_1, 1 nor2b_1, 1 o21ai_0, 1 xnor2_1","1*3.75 + 1*6.26 + 1*5.0 + 1*8.76",23.77,"0.03 + 0.18 + 0.11",0.32,"1*1.57 + 1*2.18 + 1*1.04 + 1*2.07",6.86
"add_sub_alu","1 a211o_1, 2 a211oi_1, 1 a21boi_0, 12 a21oi_1, 1 a221oi_1, 2 a22oi_1, 3 a32oi_1, 1 and3_1, 2 and3b_1, 2 clkinv_1, 3 maj3_1, 15 nand2_1, 2 nand2b_1, 5 nand3_1, 1 nand3b_1, 2 nand4_1, 6 nor2_1, 1 nor3_1, 2 nor3b_1, 1 nor4_1, 1 o211a_1, 1 o21a_1, 8 o21ai_0, 1 o21ba_1, 2 o22ai_1, 1 o32ai_1, 1 o41ai_1, 2 or2_0, 1 or3_1, 24 xnor2_1, 5 xor2_1","1*8.76 + 2*7.51 + 1*7.51 + 12*5.0 + 1*8.76 + 2*7.51 + 3*8.76 + 1*6.26 + 2*8.76 + 2*3.75 + 3*10.01 + 15*3.75 + 2*6.26 + 5*5.0 + 1*7.51 + 2*6.26 + 6*3.75 + 1*5.0 + 2*7.51 + 1*6.26 + 1*10.01 + 1*7.51 + 8*5.0 + 1*10.01 + 2*6.26 + 1*8.76 + 1*8.76 + 2*6.26 + 1*6.26 + 24*8.76 + 5*8.76",735.63,"0.23 + 0.1 + 0.41 + 0.38 + 0.6 + 0.17 + 0.2 + 0.1 + 0.2 + 0.14 + 0.39 + 0.21 + 0.11",3.24,"1*3.14 + 2*0.98 + 1*2.48 + 12*1.65 + 1*1.78 + 2*2.58 + 3*1.25 + 1*5.59 + 2*7.06 + 2*1.57 + 3*2.09 + 15*2.12 + 2*2.25 + 5*1.03 + 1*1.4 + 2*0.53 + 6*1.97 + 1*0.93 + 2*1.3 + 1*0.5 + 1*10.66 + 1*2.21 + 8*1.04 + 1*7.27 + 2*1.31 + 1*1.09 + 1*1.39 + 2*1.26 + 1*1.28 + 24*2.07 + 5*4.28",235.39
"flip_flop","1 a21oi_1, 1 clkinv_1, 2 dfxtp_1, 1 nand2_1, 1 nor2_1, 1 o21ai_0, 1 xor2_1","1*5.0 + 1*3.75 + 2*20.02 + 1*3.75 + 1*3.75 + 1*5.0 + 1*8.76",70.05,"0.29 + 0.09 + 0.14",0.52,"1*1.65 + 1*1.57 + 2*8.44 + 1*2.12 + 1*1.97 + 1*1.04 + 1*4.28",29.51
"sample_multiplexer","2 a222oi_1, 21 a22oi_1, 1 a31oi_1, 2 a32o_1, 1 and3b_1, 2 clkinv_1, 5 dfxtp_1, 7 nand2_1, 7 nand3_1, 1 nand3b_1, 3 nor2_1, 1 nor2b_1, 1 nor3_1, 3 nor3b_1, 1 o21a_1, 1 o21ai_0, 1 o2bb2ai_1","2*10.01 + 21*7.51 + 1*6.26 + 2*10.01 + 1*8.76 + 2*3.75 + 5*20.02 + 7*3.75 + 7*5.0 + 1*7.51 + 3*3.75 + 1*6.26 + 1*5.0 + 3*7.51 + 1*7.51 + 1*5.0 + 1*8.76",455.44,"0.38 + 0.62 + 0.25",1.25,"2*2.43 + 21*2.58 + 1*1.48 + 2*2.3 + 1*7.06 + 2*1.57 + 5*8.44 + 7*2.12 + 7*1.03 + 1*1.4 + 3*1.97 + 1*2.18 + 1*0.93 + 3*1.3 + 1*2.21 + 1*1.04 + 1*1.85",158.99
"HilbertTransform","2 a21o_1, 2 a221oi_1, 2 and2_0, 10 clkinv_1, 16 dfxtp_1, 10 nand2_1, 7 nor2_1, 3 nor2b_1, 4 nor3_1, 1 o21a_1, 5 o21ai_0, 2 o311a_1, 2 o31a_1, 2 o31ai_1, 20 xnor2_1, 6 xor2_1","2*7.51 + 2*8.76 + 2*6.26 + 10*3.75 + 16*20.02 + 10*3.75 + 7*3.75 + 3*6.26 + 4*5.0 + 1*7.51 + 5*5.0 + 2*10.01 + 2*8.76 + 2*7.51 + 20*8.76 + 6*8.76",818.24,"0.36 + 0.09 + 0.3 + 0.17 + 0.34 + 0.25 + 0.1",1.61,"2*5.9 + 2*1.78 + 2*1.92 + 10*1.57 + 16*8.44 + 10*2.12 + 7*1.97 + 3*2.18 + 4*0.93 + 1*2.21 + 5*1.04 + 2*3.77 + 2*2.07 + 2*1.7 + 20*2.07 + 6*4.28",304.76
"encode_96bit_pattern","21 a21o_1, 16 and2_0, 2 and3b_1, 21 and4_1, 21 clkinv_1, 422 dfxtp_1, 52 mux2_1, 21 nand2_1, 5 nor2b_1, 42 nor3_1, 2 nor3b_1, 2 nor4_1, 1 o21ba_1, 40 or2_0, 6 or3_1, 96 xor2_1","21*7.51 + 16*6.26 + 2*8.76 + 21*8.76 + 21*3.75 + 422*20.02 + 52*11.26 + 21*3.75 + 5*6.26 + 42*5.0 + 2*7.51 + 2*6.26 + 1*10.01 + 40*6.26 + 6*6.26 + 96*8.76",11058.58,"0.27 + 0.14 + 0.33",0.74,"21*5.9 + 16*1.92 + 2*7.06 + 21*3.4 + 21*1.57 + 422*8.44 + 52*4.03 + 21*2.12 + 5*2.18 + 42*0.93 + 2*1.3 + 2*0.5 + 1*7.27 + 40*1.26 + 6*1.28 + 96*4.28",4618.66
"bitwise_and","1 and2_0","1*6.26",6.26,"0.1",0.1,"1*1.92",1.92
"dff_pos_edge_trigger","1 dfxtp_1","1*20.02",20.02,"0.26",0.26,"1*8.44",8.44
"add_subtract","2 a21o_1, 1 a21oi_1, 1 a22oi_1, 1 clkinv_1, 6 maj3_1, 1 nand2_1, 1 nand2b_1, 3 nor2_1, 1 nor3_1, 1 o21ba_1, 17 xnor2_1, 4 xor2_1","2*7.51 + 1*5.0 + 1*7.51 + 1*3.75 + 6*10.01 + 1*3.75 + 1*6.26 + 3*3.75 + 1*5.0 + 1*10.01 + 17*8.76 + 4*8.76",311.57,"0.22 + 0.1 + 0.39 + 0.37 + 0.37 + 0.37 + 0.37 + 0.35 + 0.11",2.65,"2*5.9 + 1*1.65 + 1*2.58 + 1*1.57 + 6*2.09 + 1*2.12 + 1*2.25 + 3*1.97 + 1*0.93 + 1*7.27 + 17*2.07 + 4*4.28",100.93
"PIO_64_TX_ENGINE","1 a211o_1, 1 a21bo_1, 2 a21o_1, 11 a21oi_1, 30 a221oi_1, 26 a22oi_1, 1 a2bb2oi_1, 2 and2_0, 1 clkinv_1, 1 conb_1, 71 dfxtp_1, 12 nand2_1, 1 nand2b_1, 3 nand3_1, 37 nor2_1, 27 nor2b_1, 1 nor4_1, 43 o21ai_0, 1 o22ai_1","1*8.76 + 1*10.01 + 2*7.51 + 11*5.0 + 30*8.76 + 26*7.51 + 1*8.76 + 2*6.26 + 1*3.75 + 1*3.75 + 71*20.02 + 12*3.75 + 1*6.26 + 3*5.0 + 37*3.75 + 27*6.26 + 1*6.26 + 43*5.0 + 1*6.26",2598.6,"0.91 + 1.55 + 0.24 + 0.2",2.9,"1*3.14 + 1*7.27 + 2*5.9 + 11*1.65 + 30*1.78 + 26*2.58 + 1*3.38 + 2*1.92 + 1*1.57 + 1*3.24 + 71*8.44 + 12*2.12 + 1*2.25 + 3*1.03 + 37*1.97 + 27*2.18 + 1*0.5 + 43*1.04 + 1*1.31",981.17
"up_counter_4bit_sync_reset","2 a21oi_1, 1 a41oi_1, 1 and3_1, 4 dfxtp_1, 1 nor2_1, 1 nor3_1, 1 o21a_1, 1 o21bai_1","2*5.0 + 1*8.76 + 1*6.26 + 4*20.02 + 1*3.75 + 1*5.0 + 1*7.51 + 1*7.51",128.87,"0.31 + 0.17 + 0.15",0.63,"2*1.65 + 1*1.36 + 1*5.59 + 4*8.44 + 1*1.97 + 1*0.93 + 1*2.21 + 1*2.87",51.99
"flt2int","1 a2111oi_0, 1 a21o_1, 7 a21oi_1, 1 a221o_1, 7 a221oi_1, 12 a222oi_1, 1 a22o_1, 19 a22oi_1, 1 a32oi_1, 3 and3_1, 2 and4_1, 4 clkinv_1, 16 dfxtp_1, 17 nand2_1, 4 nand2b_1, 6 nand3_1, 1 nand3b_1, 4 nand4_1, 2 nand4b_1, 9 nor2_1, 8 nor3_1, 6 nor4_1, 1 nor4b_1, 4 o21ai_0, 1 o31a_1, 2 o31ai_1, 1 o41a_1, 2 o41ai_1, 1 or2_0, 2 or3_1, 1 or4_1, 1 or4b_1, 9 xnor2_1, 5 xor2_1","1*8.76 + 1*7.51 + 7*5.0 + 1*10.01 + 7*8.76 + 12*10.01 + 1*8.76 + 19*7.51 + 1*8.76 + 3*6.26 + 2*8.76 + 4*3.75 + 16*20.02 + 17*3.75 + 4*6.26 + 6*5.0 + 1*7.51 + 4*6.26 + 2*8.76 + 9*3.75 + 8*5.0 + 6*6.26 + 1*8.76 + 4*5.0 + 1*8.76 + 2*7.51 + 1*11.26 + 2*8.76 + 1*6.26 + 2*6.26 + 1*7.51 + 1*10.01 + 9*8.76 + 5*8.76",1294.98,"0.34 + 0.26 + 0.37 + 0.1 + 0.36 + 0.43 + 0.21 + 0.56 + 0.47 + 0.14 + 0.25",3.49,"1*0.42 + 1*5.9 + 7*1.65 + 1*2.66 + 7*1.78 + 12*2.43 + 1*4.06 + 19*2.58 + 1*1.25 + 3*5.59 + 2*3.4 + 4*1.57 + 16*8.44 + 17*2.12 + 4*2.25 + 6*1.03 + 1*1.4 + 4*0.53 + 2*1.03 + 9*1.97 + 8*0.93 + 6*0.5 + 1*0.91 + 4*1.04 + 1*2.07 + 2*1.7 + 1*1.37 + 2*1.39 + 1*1.26 + 2*1.28 + 1*0.85 + 1*2.14 + 9*2.07 + 5*4.28",427.87
"button_switch_filter","24 dfxtp_1, 12 xor2_1","24*20.02 + 12*8.76",585.6,"0.29 + 0.13",0.42,"24*8.44 + 12*4.28",253.92
"priority_encoder","2 nor3_1, 1 nor3b_1, 1 xnor2_1, 3 xor2_1","2*5.0 + 1*7.51 + 1*8.76 + 3*8.76",52.55,"0.17 + 0.14",0.31,"2*0.93 + 1*1.3 + 1*2.07 + 3*4.28",18.07
"clock_multiplexer","1 dfxtp_1, 1 mux4_2","1*20.02 + 1*22.52",42.54,"0.47",0.47,"1*8.44 + 1*6.37",14.81
"nand_and","1 a22oi_1","1*7.51",7.51,"0.11",0.11,"1*2.58",2.58
"MULT_PEAK","1 a2111oi_0, 2 a211o_1, 7 a211oi_1, 2 a21bo_1, 53 a21boi_0, 33 a21o_1, 658 a21oi_1, 1 a221oi_1, 58 a22o_1, 46 a22oi_1, 10 a2bb2oi_1, 1 a311oi_1, 2 a31o_1, 19 a31oi_1, 51 a32o_1, 1 a32oi_1, 1 a41oi_1, 134 and2_0, 79 and3_1, 1 and4b_1, 406 clkinv_1, 1531 maj3_1, 3 mux2i_1, 3409 nand2_1, 291 nand2b_1, 180 nand3_1, 46 nand4_1, 815 nor2_1, 473 nor2b_1, 60 nor3_1, 2 nor3b_1, 2 nor4_1, 1 nor4b_1, 1 nor4bb_1, 3 o2111ai_1, 2 o211a_1, 11 o211ai_1, 114 o21a_1, 426 o21ai_0, 4 o21ba_1, 25 o21bai_1, 98 o22a_1, 5 o22ai_1, 1 o311a_1, 2 o311ai_0, 5 o31a_1, 4 o31ai_1, 2 o32a_1, 1 o32ai_1, 1 o41ai_1, 88 or2_0, 65 or3_1, 2989 xnor2_1, 107 xnor3_1, 2020 xor2_1, 70 xor3_1","1*8.76 + 2*8.76 + 7*7.51 + 2*10.01 + 53*7.51 + 33*7.51 + 658*5.0 + 1*8.76 + 58*8.76 + 46*7.51 + 10*8.76 + 1*8.76 + 2*8.76 + 19*6.26 + 51*10.01 + 1*8.76 + 1*8.76 + 134*6.26 + 79*6.26 + 1*10.01 + 406*3.75 + 1531*10.01 + 3*10.01 + 3409*3.75 + 291*6.26 + 180*5.0 + 46*6.26 + 815*3.75 + 473*6.26 + 60*5.0 + 2*7.51 + 2*6.26 + 1*8.76 + 1*10.01 + 3*8.76 + 2*10.01 + 11*7.51 + 114*7.51 + 426*5.0 + 4*10.01 + 25*7.51 + 98*8.76 + 5*6.26 + 1*10.01 + 2*8.76 + 5*8.76 + 4*7.51 + 2*10.01 + 1*8.76 + 1*8.76 + 88*6.26 + 65*6.26 + 2989*8.76 + 107*22.52 + 2020*8.76 + 70*23.77",99317.71,"0.13 + 0.41 + 0.39 + 0.37 + 0.37 + 0.39 + 0.21 + 0.35 + 0.14 + 0.21 + 0.43 + 0.16 + 0.38 + 0.37 + 0.38 + 0.28 + 0.12 + 0.32 + 0.16 + 0.2 + 0.23 + 0.12 + 0.39 + 0.19 + 0.25 + 0.16 + 0.32 + 0.16 + 0.4 + 0.34 + 0.36 + 0.26 + 0.14 + 0.16 + 0.12 + 0.15 + 0.12 + 0.43 + 0.23 + 0.15 + 0.19 + 0.13 + 0.17 + 0.14 + 0.27 + 0.14 + 0.24 + 0.14 + 0.23 + 0.18 + 0.23 + 0.18 + 0.14 + 0.11 + 0.14",13.08,"1*0.42 + 2*3.14 + 7*0.98 + 2*7.27 + 53*2.48 + 33*5.9 + 658*1.65 + 1*1.78 + 58*4.06 + 46*2.58 + 10*3.38 + 1*0.97 + 2*2.37 + 19*1.48 + 51*2.3 + 1*1.25 + 1*1.36 + 134*1.92 + 79*5.59 + 1*5.99 + 406*1.57 + 1531*2.09 + 3*5.89 + 3409*2.12 + 291*2.25 + 180*1.03 + 46*0.53 + 815*1.97 + 473*2.18 + 60*0.93 + 2*1.3 + 2*0.5 + 1*0.91 + 1*3.2 + 3*0.58 + 2*10.66 + 11*0.7 + 114*2.21 + 426*1.04 + 4*7.27 + 25*2.87 + 98*2.76 + 5*1.31 + 1*3.77 + 2*0.64 + 5*2.07 + 4*1.7 + 2*1.66 + 1*1.09 + 1*1.39 + 88*1.26 + 65*1.28 + 2989*2.07 + 107*15.62 + 2020*4.28 + 70*15.22",36230.24
"chatgpt_generate_JC_counter","16 dfrtp_1, 1 xor2_1","16*25.02 + 1*8.76",409.08,"0.36 + 0.15",0.51,"16*11.65 + 1*4.28",190.68
"clock_gate","1 and2_0, 1 dfxtp_1","1*6.26 + 1*20.02",26.28,"0.26",0.26,"1*1.92 + 1*8.44",10.36
"AL_MAP_SEQ","1 maj3_1, 1 xor3_1","1*10.01 + 1*23.77",33.78,"0.33",0.33,"1*2.09 + 1*15.22",17.31
"sky130_fd_sc_hdll__o21bai","1 o21bai_1","1*7.51",7.51,"0.11",0.11,"1*2.87",2.87
"decoder","1 and2_0, 1 conb_1, 1 nor2_1, 2 nor2b_1","1*6.26 + 1*3.75 + 1*3.75 + 2*6.26",26.28,"0.1",0.1,"1*1.92 + 1*3.24 + 1*1.97 + 2*2.18",11.49
"top_module","1 a211oi_1, 1 a21boi_0, 5 a21oi_1, 1 a221oi_1, 1 and3_1, 5 clkinv_1, 1 conb_1, 4 dfxtp_1, 4 mux2i_1, 65 mux4_2, 3 nand2_1, 6 nand3_1, 1 nand3b_1, 27 nor2_1, 1 nor3_1, 2 o211ai_1, 26 o21ai_0, 1 o21bai_1, 12 o221ai_1, 2 o22ai_1, 1 xnor2_1","1*7.51 + 1*7.51 + 5*5.0 + 1*8.76 + 1*6.26 + 5*3.75 + 1*3.75 + 4*20.02 + 4*10.01 + 65*22.52 + 3*3.75 + 6*5.0 + 1*7.51 + 27*3.75 + 1*5.0 + 2*7.51 + 26*5.0 + 1*7.51 + 12*8.76 + 2*6.26 + 1*8.76",2095.4,"0.45 + 0.46 + 0.21 + 0.09 + 0.07 + 0.05",1.33,"1*0.98 + 1*2.48 + 5*1.65 + 1*1.78 + 1*5.59 + 5*1.57 + 1*3.24 + 4*8.44 + 4*5.89 + 65*6.37 + 3*2.12 + 6*1.03 + 1*1.4 + 27*1.97 + 1*0.93 + 2*0.7 + 26*1.04 + 1*2.87 + 12*1.09 + 2*1.31 + 1*2.07",618.68
"bluetooth","2 a21o_1, 2 a21oi_1, 1 clkinv_1, 4 dfxtp_1, 2 nor2_1, 1 or2_0","2*7.51 + 2*5.0 + 1*3.75 + 4*20.02 + 2*3.75 + 1*6.26",122.61,"0.28 + 0.11 + 0.04",0.43,"2*5.9 + 2*1.65 + 1*1.57 + 4*8.44 + 2*1.97 + 1*1.26",55.63
"calculator","3 a21oi_1, 3 clkinv_1, 5 dfxtp_1, 3 maj3_1, 2 nand2_1, 2 nand2b_1, 7 nor2_1, 2 o21ai_0, 1 o22a_1, 6 xnor2_1, 3 xor2_1","3*5.0 + 3*3.75 + 5*20.02 + 3*10.01 + 2*3.75 + 2*6.26 + 7*3.75 + 2*5.0 + 1*8.76 + 6*8.76 + 3*8.76",300.25,"0.14 + 0.39 + 0.37 + 0.14 + 0.17 + 0.07",1.28,"3*1.65 + 3*1.57 + 5*8.44 + 3*2.09 + 2*2.12 + 2*2.25 + 7*1.97 + 2*1.04 + 1*2.76 + 6*2.07 + 3*4.28",110.76
"sky130_fd_sc_hs__fahcon","1 maj3_1, 1 xor3_1","1*10.01 + 1*23.77",33.78,"0.33",0.33,"1*2.09 + 1*15.22",17.31
"main","1 a21bo_1, 1 a21o_1, 5 a21oi_1, 1 a31o_1, 2 a31oi_1, 1 a41o_1, 2 and2_0, 5 and3_1, 1 and3b_1, 3 and4_1, 7 clkinv_1, 2 conb_1, 25 dfxtp_1, 5 nand2_1, 5 nand4_1, 14 nor2_1, 1 nor2b_1, 6 nor3_1, 3 nor4_1, 1 o21bai_1, 1 or4b_1, 6 xnor2_1, 3 xor2_1","1*10.01 + 1*7.51 + 5*5.0 + 1*8.76 + 2*6.26 + 1*10.01 + 2*6.26 + 5*6.26 + 1*8.76 + 3*8.76 + 7*3.75 + 2*3.75 + 25*20.02 + 5*3.75 + 5*6.26 + 14*3.75 + 1*6.26 + 6*5.0 + 3*6.26 + 1*7.51 + 1*10.01 + 6*8.76 + 3*8.76",940.87,"0.36 + 0.28 + 0.28 + 0.12 + 0.39 + 0.2 + 0.52 + 0.18 + 0.21",2.54,"1*7.27 + 1*5.9 + 5*1.65 + 1*2.37 + 2*1.48 + 1*6.61 + 2*1.92 + 5*5.59 + 1*7.06 + 3*3.4 + 7*1.57 + 2*3.24 + 25*8.44 + 5*2.12 + 5*0.53 + 14*1.97 + 1*2.18 + 6*0.93 + 3*0.5 + 1*2.87 + 1*2.14 + 6*2.07 + 3*4.28",391.24
"onewiremaster","1 a2111oi_0, 1 a211o_1, 8 a211oi_1, 1 a21bo_1, 2 a21boi_0, 4 a21o_1, 38 a21oi_1, 1 a221o_1, 7 a221oi_1, 3 a22o_1, 4 a22oi_1, 1 a311o_1, 2 a311oi_1, 1 a31o_1, 6 a31oi_1, 3 a32o_1, 1 a32oi_1, 1 a41o_1, 5 a41oi_1, 5 and2_0, 7 and3_1, 2 and3b_1, 2 and4_1, 1 and4b_1, 1 buf_1, 117 clkinv_1, 1 conb_1, 91 dfrtp_1, 4 dfstp_2, 2 dfxtp_1, 26 mux2_1, 52 nand2_1, 13 nand2b_1, 9 nand3_1, 1 nand3b_1, 10 nand4_1, 3 nand4b_1, 3 nand4bb_1, 53 nor2_1, 11 nor2b_1, 11 nor3_1, 5 nor3b_1, 6 nor4_1, 4 nor4b_1, 6 nor4bb_1, 3 o2111ai_1, 2 o211ai_1, 4 o21a_1, 29 o21ai_0, 3 o221ai_1, 1 o22a_1, 9 o22ai_1, 1 o31a_1, 1 o32a_1, 2 o32ai_1, 2 o41a_1, 3 o41ai_1, 4 or2_0, 7 or3_1, 1 or3b_1, 7 or4_1, 2 xnor2_1","1*8.76 + 1*8.76 + 8*7.51 + 1*10.01 + 2*7.51 + 4*7.51 + 38*5.0 + 1*10.01 + 7*8.76 + 3*8.76 + 4*7.51 + 1*10.01 + 2*8.76 + 1*8.76 + 6*6.26 + 3*10.01 + 1*8.76 + 1*10.01 + 5*8.76 + 5*6.26 + 7*6.26 + 2*8.76 + 2*8.76 + 1*10.01 + 1*3.75 + 117*3.75 + 1*3.75 + 91*25.02 + 4*26.28 + 2*20.02 + 26*11.26 + 52*3.75 + 13*6.26 + 9*5.0 + 1*7.51 + 10*6.26 + 3*8.76 + 3*11.26 + 53*3.75 + 11*6.26 + 11*5.0 + 5*7.51 + 6*6.26 + 4*8.76 + 6*10.01 + 3*8.76 + 2*7.51 + 4*7.51 + 29*5.0 + 3*8.76 + 1*8.76 + 9*6.26 + 1*8.76 + 1*10.01 + 2*8.76 + 2*11.26 + 3*8.76 + 4*6.26 + 7*6.26 + 1*8.76 + 7*7.51 + 2*8.76",5382.82,"0.47 + 0.27 + 0.29 + 0.22 + 0.69 + 0.14 + 0.2",2.28,"1*0.42 + 1*3.14 + 8*0.98 + 1*7.27 + 2*2.48 + 4*5.9 + 38*1.65 + 1*2.66 + 7*1.78 + 3*4.06 + 4*2.58 + 1*1.57 + 2*0.97 + 1*2.37 + 6*1.48 + 3*2.3 + 1*1.25 + 1*6.61 + 5*1.36 + 5*1.92 + 7*5.59 + 2*7.06 + 2*3.4 + 1*5.99 + 1*1.18 + 117*1.57 + 1*3.24 + 91*11.65 + 4*10.52 + 2*8.44 + 26*4.03 + 52*2.12 + 13*2.25 + 9*1.03 + 1*1.4 + 10*0.53 + 3*1.03 + 3*1.9 + 53*1.97 + 11*2.18 + 11*0.93 + 5*1.3 + 6*0.5 + 4*0.91 + 6*3.2 + 3*0.58 + 2*0.7 + 4*2.21 + 29*1.04 + 3*1.09 + 1*2.76 + 9*1.31 + 1*2.07 + 1*1.66 + 2*1.09 + 2*1.37 + 3*1.39 + 4*1.26 + 7*1.28 + 1*2.59 + 7*0.85 + 2*2.07",2106.18
"system_auto_cc_0_synchronizer_ff__parameterized4_25","1 and4_1, 1 conb_1, 9 dfrtp_1","1*8.76 + 1*3.75 + 9*25.02",237.69,"0.34 + 0.18",0.52,"1*3.4 + 1*3.24 + 9*11.65",111.49
"shift_register","8 dfxtp_1, 8 mux2i_1, 8 nor2_1","8*20.02 + 8*10.01 + 8*3.75",270.24,"0.27 + 0.11 + 0.04",0.42,"8*8.44 + 8*5.89 + 8*1.97",130.4
"altera_tse_gxb_aligned_rxsync","1 a211oi_1, 1 a21boi_0, 3 a21oi_1, 1 a221oi_1, 1 a31oi_1, 11 and2_0, 33 clkinv_1, 28 dfrtp_1, 3 dfstp_2, 5 nand2_1, 5 nand2b_1, 2 nand3_1, 1 nand4_1, 1 nor2_1, 2 nor2b_1, 2 nor3_1, 1 nor3b_1, 3 nor4_1, 1 nor4b_1, 1 o2111ai_1, 1 o211a_1, 2 o21ai_0, 1 o221a_1, 1 o22ai_1, 1 or3b_1, 1 or4b_1","1*7.51 + 1*7.51 + 3*5.0 + 1*8.76 + 1*6.26 + 11*6.26 + 33*3.75 + 28*25.02 + 3*26.28 + 5*3.75 + 5*6.26 + 2*5.0 + 1*6.26 + 1*3.75 + 2*6.26 + 2*5.0 + 1*7.51 + 3*6.26 + 1*8.76 + 1*8.76 + 1*10.01 + 2*5.0 + 1*11.26 + 1*6.26 + 1*8.76 + 1*10.01",1209.74,"0.39 + 0.52 + 0.2 + 0.13 + 0.05 + 0.23",1.52,"1*0.98 + 1*2.48 + 3*1.65 + 1*1.78 + 1*1.48 + 11*1.92 + 33*1.57 + 28*11.65 + 3*10.52 + 5*2.12 + 5*2.25 + 2*1.03 + 1*0.53 + 1*1.97 + 2*2.18 + 2*0.93 + 1*1.3 + 3*0.5 + 1*0.91 + 1*0.58 + 1*10.66 + 2*1.04 + 1*2.73 + 1*1.31 + 1*2.59 + 1*2.14",500.79
"Multiplexer","1 mux2_1","1*11.26",11.26,"0.26",0.26,"1*4.03",4.03
"wb_abrg","1 a211oi_1, 1 a21oi_1, 1 and2_0, 1 clkinv_1, 137 dfxtp_1, 16 mux2_1, 1 nand3_1, 2 nor2_1, 6 nor2b_1, 1 nor3b_1, 1 o21ai_0, 1 xnor2_1, 2 xor2_1","1*7.51 + 1*5.0 + 1*6.26 + 1*3.75 + 137*20.02 + 16*11.26 + 1*5.0 + 2*3.75 + 6*6.26 + 1*7.51 + 1*5.0 + 1*8.76 + 2*8.76",3034.27,"0.29 + 0.15 + 0.18 + 0.09 + 0.13",0.84,"1*0.98 + 1*1.65 + 1*1.92 + 1*1.57 + 137*8.44 + 16*4.03 + 1*1.03 + 2*1.97 + 6*2.18 + 1*1.3 + 1*1.04 + 1*2.07 + 2*4.28",1257.9
"traffic_light","1 a211oi_1, 1 a21o_1, 4 a21oi_1, 1 a31o_1, 2 a31oi_1, 1 a41o_1, 2 and3_1, 2 clkinv_1, 8 dfxtp_1, 7 nand2_1, 2 nor2_1, 4 nor3_1, 1 o2111ai_1, 1 o311a_1, 1 o31a_1, 1 o31ai_1, 1 or3_1, 1 or4_1, 1 xnor2_1, 1 xor2_1","1*7.51 + 1*7.51 + 4*5.0 + 1*8.76 + 2*6.26 + 1*10.01 + 2*6.26 + 2*3.75 + 8*20.02 + 7*3.75 + 2*3.75 + 4*5.0 + 1*8.76 + 1*10.01 + 1*8.76 + 1*7.51 + 1*6.26 + 1*7.51 + 1*8.76 + 1*8.76",366.57,"0.3 + 0.37 + 0.39 + 0.18 + 0.06",1.3,"1*0.98 + 1*5.9 + 4*1.65 + 1*2.37 + 2*1.48 + 1*6.61 + 2*5.59 + 2*1.57 + 8*8.44 + 7*2.12 + 2*1.97 + 4*0.93 + 1*0.58 + 1*3.77 + 1*2.07 + 1*1.7 + 1*1.28 + 1*0.85 + 1*2.07 + 1*4.28",146.36
"or4","1 or4_1","1*7.51",7.51,"0.46",0.46,"1*0.85",0.85
"altera_avalon_mm_bridge","1 a21o_1, 135 clkinv_1, 123 dfrtp_1, 12 dfstp_2, 50 mux2_1, 50 mux2i_1, 50 nand2_1, 1 nor2b_1, 1 o21a_1, 50 o21ai_0","1*7.51 + 135*3.75 + 123*25.02 + 12*26.28 + 50*11.26 + 50*10.01 + 50*3.75 + 1*6.26 + 1*7.51 + 50*5.0",5421.35,"0.31 + 1.48 + 2.48 + 0.4",4.67,"1*5.9 + 135*1.57 + 123*11.65 + 12*10.52 + 50*4.03 + 50*5.89 + 50*2.12 + 1*2.18 + 1*2.21 + 50*1.04",2435.43
"top_module","1 a211o_1, 1 a21boi_0, 1 a21o_1, 6 a21oi_1, 3 a222oi_1, 2 a22oi_1, 1 and3b_1, 2 maj3_1, 4 nand2_1, 1 nand2b_1, 6 nand3_1, 2 nand3b_1, 1 nand4_1, 1 nand4b_1, 7 nor2_1, 1 nor2b_1, 2 nor3b_1, 1 nor4_1, 2 nor4b_1, 1 nor4bb_1, 2 o21ai_0, 1 o221ai_1, 2 o22ai_1, 7 xnor2_1, 2 xor2_1","1*8.76 + 1*7.51 + 1*7.51 + 6*5.0 + 3*10.01 + 2*7.51 + 1*8.76 + 2*10.01 + 4*3.75 + 1*6.26 + 6*5.0 + 2*7.51 + 1*6.26 + 1*8.76 + 7*3.75 + 1*6.26 + 2*7.51 + 1*6.26 + 2*8.76 + 1*10.01 + 2*5.0 + 1*8.76 + 2*6.26 + 7*8.76 + 2*8.76",400.35,"0.27 + 0.1 + 0.16 + 0.38 + 0.35 + 0.13 + 0.26",1.65,"1*3.14 + 1*2.48 + 1*5.9 + 6*1.65 + 3*2.43 + 2*2.58 + 1*7.06 + 2*2.09 + 4*2.12 + 1*2.25 + 6*1.03 + 2*1.4 + 1*0.53 + 1*1.03 + 7*1.97 + 1*2.18 + 2*1.3 + 1*0.5 + 2*0.91 + 1*3.2 + 2*1.04 + 1*1.09 + 2*1.31 + 7*2.07 + 2*4.28",119.31
"add_sub_4bit","5 a21oi_1, 1 a22oi_1, 3 clkinv_1, 2 maj3_1, 1 nand2_1, 1 nand2b_1, 3 nor2_1, 1 o21ai_0, 4 xnor2_1, 3 xor2_1","5*5.0 + 1*7.51 + 3*3.75 + 2*10.01 + 1*3.75 + 1*6.26 + 3*3.75 + 1*5.0 + 4*8.76 + 3*8.76",151.36,"0.15 + 0.07 + 0.34 + 0.17 + 0.11",0.84,"5*1.65 + 1*2.58 + 3*1.57 + 2*2.09 + 1*2.12 + 1*2.25 + 3*1.97 + 1*1.04 + 4*2.07 + 3*4.28",52.16
"my_module","1 and3b_1","1*8.76",8.76,"0.15",0.15,"1*7.06",7.06
"uart","1 a21o_1, 21 a21oi_1, 1 a221o_1, 1 a22o_1, 1 a311oi_1, 8 a31oi_1, 3 and2_0, 5 and3_1, 1 and4_1, 6 clkinv_1, 64 dfxtp_1, 61 nand2_1, 6 nand2b_1, 5 nand3_1, 1 nand3b_1, 1 nand4_1, 1 nand4b_1, 35 nor2_1, 8 nor2b_1, 12 nor3_1, 1 nor3b_1, 3 nor4_1, 2 nor4b_1, 1 o211a_1, 1 o211ai_1, 4 o21a_1, 31 o21ai_0, 1 o21bai_1, 3 o22ai_1, 2 o311ai_0, 2 o31ai_1, 1 o32a_1, 2 o41ai_1, 2 or2_0, 4 or3_1, 4 or4_1, 11 xnor2_1, 7 xor2_1","1*7.51 + 21*5.0 + 1*10.01 + 1*8.76 + 1*8.76 + 8*6.26 + 3*6.26 + 5*6.26 + 1*8.76 + 6*3.75 + 64*20.02 + 61*3.75 + 6*6.26 + 5*5.0 + 1*7.51 + 1*6.26 + 1*8.76 + 35*3.75 + 8*6.26 + 12*5.0 + 1*7.51 + 3*6.26 + 2*8.76 + 1*10.01 + 1*7.51 + 4*7.51 + 31*5.0 + 1*7.51 + 3*6.26 + 2*8.76 + 2*7.51 + 1*10.01 + 2*8.76 + 2*6.26 + 4*6.26 + 4*7.51 + 11*8.76 + 7*8.76",2665.92,"0.3 + 0.6 + 0.36 + 0.42 + 0.45 + 1.06 + 0.37 + 0.22 + 0.16 + 0.04",3.98,"1*5.9 + 21*1.65 + 1*2.66 + 1*4.06 + 1*0.97 + 8*1.48 + 3*1.92 + 5*5.59 + 1*3.4 + 6*1.57 + 64*8.44 + 61*2.12 + 6*2.25 + 5*1.03 + 1*1.4 + 1*0.53 + 1*1.03 + 35*1.97 + 8*2.18 + 12*0.93 + 1*1.3 + 3*0.5 + 2*0.91 + 1*10.66 + 1*0.7 + 4*2.21 + 31*1.04 + 1*2.87 + 3*1.31 + 2*0.64 + 2*1.7 + 1*1.66 + 2*1.39 + 2*1.26 + 4*1.28 + 4*0.85 + 11*2.07 + 7*4.28",1032.0
"color_position","2 a2111oi_0, 2 a211o_1, 8 a211oi_1, 10 a21bo_1, 15 a21boi_0, 5 a21o_1, 21 a21oi_1, 1 a221o_1, 4 a221oi_1, 1 a222oi_1, 2 a22o_1, 1 a22oi_1, 1 a311o_1, 3 a311oi_1, 11 a31oi_1, 7 and2_0, 10 and3_1, 2 and4b_1, 22 clkinv_1, 30 dfrtp_1, 1 maj3_1, 1 mux2_1, 20 mux2i_1, 23 nand2_1, 50 nand2b_1, 1 nand3_1, 1 nand3b_1, 4 nand4_1, 31 nor2_1, 56 nor2b_1, 1 nor3_1, 3 nor4_1, 2 o2111a_1, 7 o2111ai_1, 2 o211a_1, 16 o211ai_1, 6 o21a_1, 26 o21ai_0, 1 o21ba_1, 1 o21bai_1, 2 o221a_1, 8 o221ai_1, 5 o22ai_1, 1 o2bb2ai_1, 1 o311ai_0, 1 o31a_1, 2 o31ai_1, 1 o41ai_1, 2 or2_0, 1 or4_1, 2 or4b_1, 14 xnor2_1, 11 xor2_1","2*8.76 + 2*8.76 + 8*7.51 + 10*10.01 + 15*7.51 + 5*7.51 + 21*5.0 + 1*10.01 + 4*8.76 + 1*10.01 + 2*8.76 + 1*7.51 + 1*10.01 + 3*8.76 + 11*6.26 + 7*6.26 + 10*6.26 + 2*10.01 + 22*3.75 + 30*25.02 + 1*10.01 + 1*11.26 + 20*10.01 + 23*3.75 + 50*6.26 + 1*5.0 + 1*7.51 + 4*6.26 + 31*3.75 + 56*6.26 + 1*5.0 + 3*6.26 + 2*11.26 + 7*8.76 + 2*10.01 + 16*7.51 + 6*7.51 + 26*5.0 + 1*10.01 + 1*7.51 + 2*11.26 + 8*8.76 + 5*6.26 + 1*8.76 + 1*8.76 + 1*8.76 + 2*7.51 + 1*8.76 + 2*6.26 + 1*7.51 + 2*10.01 + 14*8.76 + 11*8.76",3593.67,"0.14 + 0.24 + 0.21 + 0.08 + 0.46 + 0.71 + 0.29 + 0.07 + 0.49 + 0.77 + 0.28",3.74,"2*0.42 + 2*3.14 + 8*0.98 + 10*7.27 + 15*2.48 + 5*5.9 + 21*1.65 + 1*2.66 + 4*1.78 + 1*2.43 + 2*4.06 + 1*2.58 + 1*1.57 + 3*0.97 + 11*1.48 + 7*1.92 + 10*5.59 + 2*5.99 + 22*1.57 + 30*11.65 + 1*2.09 + 1*4.03 + 20*5.89 + 23*2.12 + 50*2.25 + 1*1.03 + 1*1.4 + 4*0.53 + 31*1.97 + 56*2.18 + 1*0.93 + 3*0.5 + 2*3.75 + 7*0.58 + 2*10.66 + 16*0.7 + 6*2.21 + 26*1.04 + 1*7.27 + 1*2.87 + 2*2.73 + 8*1.09 + 5*1.31 + 1*1.85 + 1*0.64 + 1*2.07 + 2*1.7 + 1*1.39 + 2*1.26 + 1*0.85 + 2*2.14 + 14*2.07 + 11*4.28",1381.66
"power_good_signal","1 a21o_1","1*7.51",7.51,"0.13",0.13,"1*5.9",5.9
"spi","2 a211oi_1, 3 a21o_1, 47 a21oi_1, 3 a222oi_1, 4 a22o_1, 2 a31oi_1, 1 a41oi_1, 11 and2_0, 20 and3_1, 7 and4_1, 1 and4b_1, 13 clkinv_1, 93 dfxtp_1, 1 mux2_1, 8 mux2i_1, 32 nand2_1, 1 nand2b_1, 8 nand3_1, 9 nand4_1, 1 nand4b_1, 1 nand4bb_1, 55 nor2_1, 1 nor2b_1, 27 nor3_1, 3 nor3b_1, 10 nor4_1, 2 nor4b_1, 1 nor4bb_1, 1 o211ai_1, 4 o21a_1, 32 o21ai_0, 1 or3_1, 2 or4_1, 2 xnor2_1","2*7.51 + 3*7.51 + 47*5.0 + 3*10.01 + 4*8.76 + 2*6.26 + 1*8.76 + 11*6.26 + 20*6.26 + 7*8.76 + 1*10.01 + 13*3.75 + 93*20.02 + 1*11.26 + 8*10.01 + 32*3.75 + 1*6.26 + 8*5.0 + 9*6.26 + 1*8.76 + 1*11.26 + 55*3.75 + 1*6.26 + 27*5.0 + 3*7.51 + 10*6.26 + 2*8.76 + 1*10.01 + 1*7.51 + 4*7.51 + 32*5.0 + 1*6.26 + 2*7.51 + 2*8.76",3565.38,"0.29 + 0.5 + 0.34 + 0.22 + 0.1 + 1.19 + 0.28 + 0.04",2.96,"2*0.98 + 3*5.9 + 47*1.65 + 3*2.43 + 4*4.06 + 2*1.48 + 1*1.36 + 11*1.92 + 20*5.59 + 7*3.4 + 1*5.99 + 13*1.57 + 93*8.44 + 1*4.03 + 8*5.89 + 32*2.12 + 1*2.25 + 8*1.03 + 9*0.53 + 1*1.03 + 1*1.9 + 55*1.97 + 1*2.18 + 27*0.93 + 3*1.3 + 10*0.5 + 2*0.91 + 1*3.2 + 1*0.7 + 4*2.21 + 32*1.04 + 1*1.28 + 2*0.85 + 2*2.07",1429.78
"latches","1 a21oi_1, 1 a311oi_1, 1 a31oi_1, 1 clkinv_1, 4 dfxtp_1, 1 mux4_2, 1 nand2_1, 1 nand3b_1, 2 nor2_1, 1 nor2b_1, 1 nor3_1, 1 xor2_1","1*5.0 + 1*8.76 + 1*6.26 + 1*3.75 + 4*20.02 + 1*22.52 + 1*3.75 + 1*7.51 + 2*3.75 + 1*6.26 + 1*5.0 + 1*8.76",165.15,"0.29 + 0.42",0.71,"1*1.65 + 1*0.97 + 1*1.48 + 1*1.57 + 4*8.44 + 1*6.37 + 1*2.12 + 1*1.4 + 2*1.97 + 1*2.18 + 1*0.93 + 1*4.28",60.65
"hpdmc_ctlif","15 a211oi_1, 1 a21o_1, 18 a21oi_1, 18 a22oi_1, 25 a31oi_1, 3 and3_1, 33 clkinv_1, 1 conb_1, 80 dfxtp_1, 9 nand2_1, 1 nand2b_1, 4 nand3_1, 1 nand4_1, 21 nor2_1, 2 nor2b_1, 5 nor3_1, 7 nor4_1, 6 o211ai_1, 8 o21ai_0, 1 o22ai_1, 7 o31ai_1, 15 o41ai_1, 1 or2_0, 1 or4_1","15*7.51 + 1*7.51 + 18*5.0 + 18*7.51 + 25*6.26 + 3*6.26 + 33*3.75 + 1*3.75 + 80*20.02 + 9*3.75 + 1*6.26 + 4*5.0 + 1*6.26 + 21*3.75 + 2*6.26 + 5*5.0 + 7*6.26 + 6*7.51 + 8*5.0 + 1*6.26 + 7*7.51 + 15*8.76 + 1*6.26 + 1*7.51",2765.14,"1.87 + 0.86 + 0.37",3.1,"15*0.98 + 1*5.9 + 18*1.65 + 18*2.58 + 25*1.48 + 3*5.59 + 33*1.57 + 1*3.24 + 80*8.44 + 9*2.12 + 1*2.25 + 4*1.03 + 1*0.53 + 21*1.97 + 2*2.18 + 5*0.93 + 7*0.5 + 6*0.7 + 8*1.04 + 1*1.31 + 7*1.7 + 15*1.39 + 1*1.26 + 1*0.85",1009.31
"adder_32bit_carry","9 a21oi_1, 1 a221oi_1, 6 a311oi_1, 3 a31oi_1, 18 and2_0, 1 clkinv_1, 2 maj3_1, 32 nand2_1, 25 nor2_1, 3 nor2b_1, 4 nor3_1, 1 o21a_1, 4 o21ai_0, 7 o311ai_0, 4 o31ai_1, 12 or2_0, 34 xnor2_1, 7 xor2_1","9*5.0 + 1*8.76 + 6*8.76 + 3*6.26 + 18*6.26 + 1*3.75 + 2*10.01 + 32*3.75 + 25*3.75 + 3*6.26 + 4*5.0 + 1*7.51 + 4*5.0 + 7*8.76 + 4*7.51 + 12*6.26 + 34*8.76 + 7*8.76",1067.23,"0.37 + 0.4 + 0.38 + 0.18 + 0.36 + 0.17 + 0.43 + 0.18 + 0.3 + 0.16 + 0.38 + 0.21 + 0.39 + 0.17 + 0.36 + 0.18 + 0.22 + 0.11",4.95,"9*1.65 + 1*1.78 + 6*0.97 + 3*1.48 + 18*1.92 + 1*1.57 + 2*2.09 + 32*2.12 + 25*1.97 + 3*2.18 + 4*0.93 + 1*2.21 + 4*1.04 + 7*0.64 + 4*1.7 + 12*1.26 + 34*2.07 + 7*4.28",327.66
"and4","1 and4_1","1*8.76",8.76,"0.15",0.15,"1*3.4",3.4
"top_module","8 mux2_1","8*11.26",90.08,"0.26",0.26,"8*4.03",32.24
"k580wm80a","3 a2111oi_0, 8 a211o_1, 20 a211oi_1, 2 a21boi_0, 11 a21o_1, 243 a21oi_1, 4 a221o_1, 21 a221oi_1, 20 a222oi_1, 9 a22o_1, 21 a22oi_1, 2 a2bb2oi_1, 5 a311o_1, 8 a311oi_1, 9 a31o_1, 56 a31oi_1, 3 a32o_1, 6 a32oi_1, 2 a41oi_1, 25 and2_0, 16 and3_1, 3 and4_1, 1 and4b_1, 121 clkinv_1, 79 dfrtp_1, 1 dfstp_2, 103 dfxtp_1, 8 maj3_1, 37 mux2_1, 23 mux2i_1, 8 mux4_2, 292 nand2_1, 34 nand2b_1, 56 nand3_1, 2 nand3b_1, 18 nand4_1, 3 nand4b_1, 285 nor2_1, 43 nor2b_1, 59 nor3_1, 3 nor3b_1, 8 nor4_1, 1 nor4b_1, 1 nor4bb_1, 3 o2111ai_1, 24 o211ai_1, 10 o21a_1, 236 o21ai_0, 4 o21bai_1, 2 o221a_1, 13 o221ai_1, 4 o22a_1, 28 o22ai_1, 1 o2bb2ai_1, 3 o311ai_0, 4 o31a_1, 35 o31ai_1, 4 o32a_1, 3 o32ai_1, 3 o41ai_1, 20 or2_0, 10 or3_1, 5 or4_1, 72 xnor2_1, 1 xnor3_1, 40 xor2_1","3*8.76 + 8*8.76 + 20*7.51 + 2*7.51 + 11*7.51 + 243*5.0 + 4*10.01 + 21*8.76 + 20*10.01 + 9*8.76 + 21*7.51 + 2*8.76 + 5*10.01 + 8*8.76 + 9*8.76 + 56*6.26 + 3*10.01 + 6*8.76 + 2*8.76 + 25*6.26 + 16*6.26 + 3*8.76 + 1*10.01 + 121*3.75 + 79*25.02 + 1*26.28 + 103*20.02 + 8*10.01 + 37*11.26 + 23*10.01 + 8*22.52 + 292*3.75 + 34*6.26 + 56*5.0 + 2*7.51 + 18*6.26 + 3*8.76 + 285*3.75 + 43*6.26 + 59*5.0 + 3*7.51 + 8*6.26 + 1*8.76 + 1*10.01 + 3*8.76 + 24*7.51 + 10*7.51 + 236*5.0 + 4*7.51 + 2*11.26 + 13*8.76 + 4*8.76 + 28*6.26 + 1*8.76 + 3*8.76 + 4*8.76 + 35*7.51 + 4*10.01 + 3*8.76 + 3*8.76 + 20*6.26 + 10*6.26 + 5*7.51 + 72*8.76 + 1*22.52 + 40*8.76",15564.84,"0.81 + 0.23 + 0.16 + 0.08 + 3.31 + 0.54 + 0.56 + 0.14 + 0.09 + 0.54 + 0.07 + 0.36",6.89,"3*0.42 + 8*3.14 + 20*0.98 + 2*2.48 + 11*5.9 + 243*1.65 + 4*2.66 + 21*1.78 + 20*2.43 + 9*4.06 + 21*2.58 + 2*3.38 + 5*1.57 + 8*0.97 + 9*2.37 + 56*1.48 + 3*2.3 + 6*1.25 + 2*1.36 + 25*1.92 + 16*5.59 + 3*3.4 + 1*5.99 + 121*1.57 + 79*11.65 + 1*10.52 + 103*8.44 + 8*2.09 + 37*4.03 + 23*5.89 + 8*6.37 + 292*2.12 + 34*2.25 + 56*1.03 + 2*1.4 + 18*0.53 + 3*1.03 + 285*1.97 + 43*2.18 + 59*0.93 + 3*1.3 + 8*0.5 + 1*0.91 + 1*3.2 + 3*0.58 + 24*0.7 + 10*2.21 + 236*1.04 + 4*2.87 + 2*2.73 + 13*1.09 + 4*2.76 + 28*1.31 + 1*1.85 + 3*0.64 + 4*2.07 + 35*1.7 + 4*1.66 + 3*1.09 + 3*1.39 + 20*1.26 + 10*1.28 + 5*0.85 + 72*2.07 + 1*15.62 + 40*4.28",5663.25
